{"UrlLocal": "italy_serie-a/2016-2017/2017-04-15 - 21-45 Napoli 3 - 0 Udinese/", "UrlYoutube": "", "annotations": [{"gameTime": "1 - 00:26", "label": "Kick-off", "position": "26324", "team": "away", "visibility": "visible"}, {"gameTime": "1 - 00:28", "label": "Foul", "position": "28973", "team": "away", "visibility": "visible"}, {"gameTime": "1 - 01:21", "label": "Yellow card", "position": "81130", "team": "home", "visibility": "visible"}, {"gameTime": "1 - 01:38", "label": "Direct free-kick", "position": "98161", "team": "home", "visibility": "visible"}, {"gameTime": "1 - 01:47", "label": "Shots on target", "position": "107133", "team": "not applicable", "visibility": "visible"}, {"gameTime": "1 - 02:14", "label": "Ball out of play", "position": "134919", "team": "away", "visibility": "visible"}, {"gameTime": "1 - 03:15", "label": "Throw-in", "position": "195586", "team": "not applicable", "visibility": "visible"}, {"gameTime": "1 - 03:38", "label": "Ball out of play", "position": "218984", "team": "away", "visibility": "not shown"}, {"gameTime": "1 - 04:22", "label": "Clearance", "position": "262360", "team": "home", "visibility": "visible"}, {"gameTime": "1 - 04:48", "label": "Foul", "position": "288175", "team": "away", "visibility": "visible"}, {"gameTime": "1 - 05:01", "label": "Clearance", "position": "301377", "team": "not applicable", "visibility": "visible"}, {"gameTime": "1 - 05:08", "label": "Ball out of play", "position": "308749", "team": "home", "visibility": "visible"}, {"gameTime": "1 - 05:41", "label": "Clearance", "position": "341602", "team": "not applicable", "visibility": "visible"}, {"gameTime": "1 - 05:58", "label": "Ball out of play", "position": "358767", "team": "away", "visibility": "visible"}, {"gameTime": "1 - 06:02", "label": "Throw-in", "position": "362157", "team": "not applicable", "visibility": "visible"}, {"gameTime": "1 - 06:07", "label": "Ball out of play", "position": "367780", "team": "home", "visibility": "not shown"}, {"gameTime": "1 - 06:52", "label": "Throw-in", "position": "412192", "team": "home", "visibility": "visible"}, {"gameTime": "1 - 06:53", "label": "Shots off target", "position": "413593", "team": "not applicable", "visibility": "visible"}, {"gameTime": "1 - 07:17", "label": "Ball out of play", "position": "437070", "team": "away", "visibility": "visible"}, {"gameTime": "1 - 08:11", "label": "Clearance", "position": "491754", "team": "home", "visibility": "visible"}, {"gameTime": "1 - 08:38", "label": "Offside", "position": "518977", "team": "away", "visibility": "visible"}, {"gameTime": "1 - 08:52", "label": "Indirect free-kick", "position": "532790", "team": "not applicable", "visibility": "visible"}, {"gameTime": "1 - 09:10", "label": "Ball out of play", "position": "550800", "team": "away", "visibility": "visible"}, {"gameTime": "1 - 10:47", "label": "Throw-in", "position": "647281", "team": "not applicable", "visibility": "visible"}, {"gameTime": "1 - 11:22", "label": "Ball out of play", "position": "682542", "team": "home", "visibility": "visible"}, {"gameTime": "1 - 11:27", "label": "Corner", "position": "687088", "team": "not applicable", "visibility": "visible"}, {"gameTime": "1 - 11:52", "label": "Ball out of play", "position": "712791", "team": "away", "visibility": "not shown"}, {"gameTime": "1 - 12:19", "label": "Clearance", "position": "739645", "team": "not applicable", "visibility": "visible"}, {"gameTime": "1 - 12:27", "label": "Ball out of play", "position": "747317", "team": "away", "visibility": "not shown"}, {"gameTime": "1 - 12:48", "label": "Throw-in", "position": "768372", "team": "home", "visibility": "visible"}, {"gameTime": "1 - 17:11", "label": "Shots on target", "position": "1031222", "team": "home", "visibility": "visible"}, {"gameTime": "1 - 17:32", "label": "Shots on target", "position": "1052171", "team": "home", "visibility": "visible"}, {"gameTime": "1 - 18:20", "label": "Foul", "position": "1100106", "team": "away", "visibility": "visible"}, {"gameTime": "1 - 18:43", "label": "Direct free-kick", "position": "1123845", "team": "not applicable", "visibility": "visible"}, {"gameTime": "1 - 18:49", "label": "Ball out of play", "position": "1129558", "team": "home", "visibility": "visible"}, {"gameTime": "1 - 19:41", "label": "Clearance", "position": "1181106", "team": "away", "visibility": "visible"}, {"gameTime": "1 - 19:51", "label": "Foul", "position": "1191834", "team": "home", "visibility": "not shown"}, {"gameTime": "1 - 21:25", "label": "Indirect free-kick", "position": "1285060", "team": "home", "visibility": "visible"}, {"gameTime": "1 - 21:26", "label": "Shots on target", "position": "1286367", "team": "home", "visibility": "visible"}, {"gameTime": "1 - 21:28", "label": "Shots on target", "position": "1288508", "team": "not applicable", "visibility": "visible"}, {"gameTime": "1 - 22:06", "label": "Ball out of play", "position": "1326443", "team": "home", "visibility": "visible"}, {"gameTime": "1 - 22:11", "label": "Corner", "position": "1331200", "team": "home", "visibility": "visible"}, {"gameTime": "1 - 22:11", "label": "Shots on target", "position": "1331932", "team": "home", "visibility": "visible"}, {"gameTime": "1 - 22:41", "label": "Offside", "position": "1361334", "team": "away", "visibility": "visible"}, {"gameTime": "1 - 24:03", "label": "Indirect free-kick", "position": "1443136", "team": "not applicable", "visibility": "visible"}, {"gameTime": "1 - 24:32", "label": "Ball out of play", "position": "1472817", "team": "away", "visibility": "visible"}, {"gameTime": "1 - 24:34", "label": "Corner", "position": "1474497", "team": "away", "visibility": "visible"}, {"gameTime": "1 - 25:46", "label": "Shots off target", "position": "1546820", "team": "not applicable", "visibility": "visible"}, {"gameTime": "1 - 26:10", "label": "Ball out of play", "position": "1570902", "team": "away", "visibility": "visible"}, {"gameTime": "1 - 27:17", "label": "Throw-in", "position": "1637107", "team": "not applicable", "visibility": "visible"}, {"gameTime": "1 - 27:47", "label": "Ball out of play", "position": "1667738", "team": "home", "visibility": "visible"}, {"gameTime": "1 - 28:08", "label": "Corner", "position": "1688545", "team": "away", "visibility": "visible"}, {"gameTime": "1 - 29:10", "label": "Foul", "position": "1750262", "team": "home", "visibility": "visible"}, {"gameTime": "1 - 29:10", "label": "Shots off target", "position": "1750262", "team": "home", "visibility": "visible"}, {"gameTime": "1 - 29:12", "label": "Direct free-kick", "position": "1752889", "team": "not applicable", "visibility": "visible"}, {"gameTime": "1 - 29:43", "label": "Ball out of play", "position": "1783592", "team": "home", "visibility": "visible"}, {"gameTime": "1 - 29:48", "label": "Corner", "position": "1788136", "team": "not applicable", "visibility": "visible"}, {"gameTime": "1 - 30:13", "label": "Ball out of play", "position": "1813249", "team": "home", "visibility": "visible"}, {"gameTime": "1 - 31:51", "label": "Corner", "position": "1911909", "team": "not applicable", "visibility": "visible"}, {"gameTime": "1 - 31:56", "label": "Ball out of play", "position": "1916404", "team": "home", "visibility": "visible"}, {"gameTime": "1 - 32:47", "label": "Throw-in", "position": "1967951", "team": "away", "visibility": "visible"}, {"gameTime": "1 - 32:53", "label": "Offside", "position": "1973582", "team": "home", "visibility": "not shown"}, {"gameTime": "1 - 33:14", "label": "Indirect free-kick", "position": "1994072", "team": "not applicable", "visibility": "visible"}, {"gameTime": "1 - 33:46", "label": "Ball out of play", "position": "2026588", "team": "home", "visibility": "not shown"}, {"gameTime": "1 - 33:57", "label": "Throw-in", "position": "2037941", "team": "not applicable", "visibility": "visible"}, {"gameTime": "1 - 34:10", "label": "Ball out of play", "position": "2050965", "team": "away", "visibility": "visible"}, {"gameTime": "1 - 34:41", "label": "Throw-in", "position": "2081391", "team": "not applicable", "visibility": "visible"}, {"gameTime": "1 - 35:01", "label": "Ball out of play", "position": "2101240", "team": "away", "visibility": "visible"}, {"gameTime": "1 - 35:18", "label": "Throw-in", "position": "2118076", "team": "away", "visibility": "visible"}, {"gameTime": "1 - 35:23", "label": "Foul", "position": "2123856", "team": "home", "visibility": "visible"}, {"gameTime": "1 - 35:43", "label": "Indirect free-kick", "position": "2143917", "team": "not applicable", "visibility": "visible"}, {"gameTime": "1 - 36:14", "label": "Ball out of play", "position": "2174855", "team": "home", "visibility": "visible"}, {"gameTime": "1 - 36:33", "label": "Corner", "position": "2193505", "team": "not applicable", "visibility": "visible"}, {"gameTime": "1 - 36:39", "label": "Ball out of play", "position": "2199879", "team": "home", "visibility": "visible"}, {"gameTime": "1 - 37:23", "label": "Throw-in", "position": "2243687", "team": "home", "visibility": "visible"}, {"gameTime": "1 - 37:55", "label": "Offside", "position": "2275221", "team": "away", "visibility": "visible"}, {"gameTime": "1 - 38:00", "label": "Indirect free-kick", "position": "2280085", "team": "not applicable", "visibility": "visible"}, {"gameTime": "1 - 38:18", "label": "Ball out of play", "position": "2298908", "team": "away", "visibility": "visible"}, {"gameTime": "1 - 38:24", "label": "Throw-in", "position": "2304801", "team": "away", "visibility": "visible"}, {"gameTime": "1 - 38:26", "label": "Shots off target", "position": "2306035", "team": "not applicable", "visibility": "visible"}, {"gameTime": "1 - 38:31", "label": "Ball out of play", "position": "2311471", "team": "home", "visibility": "not shown"}, {"gameTime": "1 - 39:47", "label": "Clearance", "position": "2387144", "team": "not applicable", "visibility": "visible"}, {"gameTime": "1 - 40:17", "label": "Ball out of play", "position": "2417531", "team": "home", "visibility": "visible"}, {"gameTime": "1 - 40:19", "label": "Corner", "position": "2419365", "team": "home", "visibility": "visible"}, {"gameTime": "1 - 40:20", "label": "Shots off target", "position": "2420393", "team": "not applicable", "visibility": "visible"}, {"gameTime": "1 - 40:43", "label": "Ball out of play", "position": "2443079", "team": "away", "visibility": "visible"}, {"gameTime": "1 - 42:00", "label": "Clearance", "position": "2520843", "team": "home", "visibility": "visible"}, {"gameTime": "1 - 42:02", "label": "Shots off target", "position": "2522045", "team": "not applicable", "visibility": "visible"}, {"gameTime": "1 - 42:25", "label": "Ball out of play", "position": "2545945", "team": "away", "visibility": "visible"}, {"gameTime": "1 - 43:14", "label": "Clearance", "position": "2594061", "team": "not applicable", "visibility": "visible"}, {"gameTime": "1 - 43:41", "label": "Ball out of play", "position": "2621829", "team": "home", "visibility": "visible"}, {"gameTime": "1 - 44:22", "label": "Corner", "position": "2662449", "team": "not applicable", "visibility": "visible"}, {"gameTime": "1 - 44:28", "label": "Ball out of play", "position": "2668182", "team": "home", "visibility": "not shown"}, {"gameTime": "1 - 44:35", "label": "Corner", "position": "2675318", "team": "not applicable", "visibility": "visible"}, {"gameTime": "2 - 00:20", "label": "Kick-off", "position": "20039", "team": "not applicable", "visibility": "visible"}, {"gameTime": "2 - 00:24", "label": "Ball out of play", "position": "24133", "team": "home", "visibility": "not shown"}, {"gameTime": "2 - 00:27", "label": "Throw-in", "position": "27202", "team": "away", "visibility": "visible"}, {"gameTime": "2 - 00:29", "label": "Foul", "position": "29044", "team": "home", "visibility": "visible"}, {"gameTime": "2 - 01:59", "label": "Indirect free-kick", "position": "119380", "team": "home", "visibility": "visible"}, {"gameTime": "2 - 02:00", "label": "Shots on target", "position": "120180", "team": "home", "visibility": "visible"}, {"gameTime": "2 - 02:41", "label": "Goal", "position": "161414", "team": "away", "visibility": "not shown"}, {"gameTime": "2 - 04:47", "label": "Kick-off", "position": "287118", "team": "home", "visibility": "visible"}, {"gameTime": "2 - 05:12", "label": "Shots on target", "position": "312312", "team": "not applicable", "visibility": "visible"}, {"gameTime": "2 - 05:30", "label": "Ball out of play", "position": "330288", "team": "away", "visibility": "not shown"}, {"gameTime": "2 - 05:36", "label": "Substitution", "position": "336757", "team": "away", "visibility": "not shown"}, {"gameTime": "2 - 06:00", "label": "Throw-in", "position": "360070", "team": "not applicable", "visibility": "visible"}, {"gameTime": "2 - 06:31", "label": "Ball out of play", "position": "391309", "team": "home", "visibility": "visible"}, {"gameTime": "2 - 06:42", "label": "Corner", "position": "402300", "team": "not applicable", "visibility": "visible"}, {"gameTime": "2 - 07:09", "label": "Ball out of play", "position": "429070", "team": "home", "visibility": "visible"}, {"gameTime": "2 - 07:15", "label": "Corner", "position": "435476", "team": "home", "visibility": "visible"}, {"gameTime": "2 - 07:16", "label": "Shots off target", "position": "436689", "team": "not applicable", "visibility": "visible"}, {"gameTime": "2 - 07:34", "label": "Ball out of play", "position": "454313", "team": "away", "visibility": "not shown"}, {"gameTime": "2 - 09:22", "label": "Clearance", "position": "562769", "team": "home", "visibility": "visible"}, {"gameTime": "2 - 10:47", "label": "Shots on target", "position": "647178", "team": "home", "visibility": "visible"}, {"gameTime": "2 - 10:48", "label": "Shots off target", "position": "648589", "team": "not applicable", "visibility": "visible"}, {"gameTime": "2 - 11:08", "label": "Ball out of play", "position": "668368", "team": "away", "visibility": "not shown"}, {"gameTime": "2 - 11:27", "label": "Clearance", "position": "687568", "team": "not applicable", "visibility": "visible"}, {"gameTime": "2 - 11:55", "label": "Ball out of play", "position": "715531", "team": "home", "visibility": "visible"}, {"gameTime": "2 - 14:20", "label": "Clearance", "position": "860952", "team": "home", "visibility": "visible"}, {"gameTime": "2 - 14:21", "label": "Shots off target", "position": "861887", "team": "not applicable", "visibility": "visible"}, {"gameTime": "2 - 14:45", "label": "Ball out of play", "position": "885673", "team": "away", "visibility": "not shown"}, {"gameTime": "2 - 14:58", "label": "Clearance", "position": "898203", "team": "home", "visibility": "visible"}, {"gameTime": "2 - 15:03", "label": "Foul", "position": "903087", "team": "away", "visibility": "visible"}, {"gameTime": "2 - 15:43", "label": "Indirect free-kick", "position": "943730", "team": "away", "visibility": "visible"}, {"gameTime": "2 - 15:59", "label": "Shots on target", "position": "959223", "team": "not applicable", "visibility": "visible"}, {"gameTime": "2 - 16:25", "label": "Ball out of play", "position": "985641", "team": "home", "visibility": "not shown"}, {"gameTime": "2 - 17:02", "label": "Throw-in", "position": "1022255", "team": "home", "visibility": "visible"}, {"gameTime": "2 - 17:02", "label": "Shots on target", "position": "1022867", "team": "home", "visibility": "visible"}, {"gameTime": "2 - 17:50", "label": "Goal", "position": "1070516", "team": "away", "visibility": "not shown"}, {"gameTime": "2 - 18:58", "label": "Kick-off", "position": "1138318", "team": "not applicable", "visibility": "visible"}, {"gameTime": "2 - 19:11", "label": "Ball out of play", "position": "1151456", "team": "home", "visibility": "visible"}, {"gameTime": "2 - 20:19", "label": "Throw-in", "position": "1219958", "team": "not applicable", "visibility": "visible"}, {"gameTime": "2 - 20:26", "label": "Ball out of play", "position": "1226777", "team": "away", "visibility": "visible"}, {"gameTime": "2 - 20:32", "label": "Throw-in", "position": "1232892", "team": "not applicable", "visibility": "visible"}, {"gameTime": "2 - 20:38", "label": "Ball out of play", "position": "1238316", "team": "away", "visibility": "visible"}, {"gameTime": "2 - 21:37", "label": "Throw-in", "position": "1297587", "team": "away", "visibility": "visible"}, {"gameTime": "2 - 22:09", "label": "Foul", "position": "1329008", "team": "home", "visibility": "visible"}, {"gameTime": "2 - 22:40", "label": "Indirect free-kick", "position": "1360260", "team": "home", "visibility": "visible"}, {"gameTime": "2 - 23:15", "label": "Foul", "position": "1395083", "team": "away", "visibility": "visible"}, {"gameTime": "2 - 24:08", "label": "Direct free-kick", "position": "1448084", "team": "not applicable", "visibility": "visible"}, {"gameTime": "2 - 24:29", "label": "Ball out of play", "position": "1469515", "team": "away", "visibility": "visible"}, {"gameTime": "2 - 24:39", "label": "Substitution", "position": "1479733", "team": "away", "visibility": "visible"}, {"gameTime": "2 - 24:53", "label": "Throw-in", "position": "1493038", "team": "home", "visibility": "visible"}, {"gameTime": "2 - 25:30", "label": "Foul", "position": "1530841", "team": "home", "visibility": "visible"}, {"gameTime": "2 - 25:44", "label": "Substitution", "position": "1544362", "team": "away", "visibility": "visible"}, {"gameTime": "2 - 25:48", "label": "Direct free-kick", "position": "1548583", "team": "away", "visibility": "visible"}, {"gameTime": "2 - 26:07", "label": "Shots off target", "position": "1567683", "team": "home", "visibility": "visible"}, {"gameTime": "2 - 26:09", "label": "Shots on target", "position": "1569517", "team": "home", "visibility": "visible"}, {"gameTime": "2 - 26:11", "label": "Shots on target", "position": "1571684", "team": "home", "visibility": "visible"}, {"gameTime": "2 - 26:12", "label": "Shots on target", "position": "1572818", "team": "home", "visibility": "visible"}, {"gameTime": "2 - 27:01", "label": "Goal", "position": "1621362", "team": "away", "visibility": "not shown"}, {"gameTime": "2 - 28:43", "label": "Kick-off", "position": "1723872", "team": "home", "visibility": "visible"}, {"gameTime": "2 - 29:05", "label": "Offside", "position": "1745751", "team": "away", "visibility": "not shown"}, {"gameTime": "2 - 29:21", "label": "Indirect free-kick", "position": "1761072", "team": "home", "visibility": "visible"}, {"gameTime": "2 - 29:45", "label": "Foul", "position": "1785278", "team": "away", "visibility": "visible"}, {"gameTime": "2 - 29:47", "label": "Direct free-kick", "position": "1787075", "team": "away", "visibility": "visible"}, {"gameTime": "2 - 31:50", "label": "Shots on target", "position": "1910768", "team": "not applicable", "visibility": "visible"}, {"gameTime": "2 - 32:29", "label": "Ball out of play", "position": "1949970", "team": "home", "visibility": "visible"}, {"gameTime": "2 - 32:48", "label": "Substitution", "position": "1968152", "team": "away", "visibility": "visible"}, {"gameTime": "2 - 33:00", "label": "Substitution", "position": "1980802", "team": "home", "visibility": "visible"}, {"gameTime": "2 - 33:23", "label": "Substitution", "position": "2003702", "team": "away", "visibility": "visible"}, {"gameTime": "2 - 33:42", "label": "Throw-in", "position": "2022003", "team": "not applicable", "visibility": "visible"}, {"gameTime": "2 - 33:52", "label": "Ball out of play", "position": "2032657", "team": "away", "visibility": "visible"}, {"gameTime": "2 - 34:11", "label": "Throw-in", "position": "2051978", "team": "not applicable", "visibility": "visible"}, {"gameTime": "2 - 34:15", "label": "Ball out of play", "position": "2055856", "team": "away", "visibility": "visible"}, {"gameTime": "2 - 34:27", "label": "Throw-in", "position": "2067741", "team": "away", "visibility": "visible"}, {"gameTime": "2 - 35:05", "label": "Shots on target", "position": "2105476", "team": "not applicable", "visibility": "visible"}, {"gameTime": "2 - 35:35", "label": "Ball out of play", "position": "2135809", "team": "home", "visibility": "visible"}, {"gameTime": "2 - 36:34", "label": "Corner", "position": "2194324", "team": "home", "visibility": "visible"}, {"gameTime": "2 - 36:52", "label": "Offside", "position": "2212079", "team": "away", "visibility": "visible"}, {"gameTime": "2 - 37:03", "label": "Indirect free-kick", "position": "2223071", "team": "not applicable", "visibility": "visible"}, {"gameTime": "2 - 37:20", "label": "Ball out of play", "position": "2240973", "team": "home", "visibility": "not shown"}, {"gameTime": "2 - 37:51", "label": "Clearance", "position": "2271925", "team": "not applicable", "visibility": "visible"}, {"gameTime": "2 - 38:02", "label": "Ball out of play", "position": "2282896", "team": "away", "visibility": "visible"}, {"gameTime": "2 - 38:05", "label": "Throw-in", "position": "2285365", "team": "not applicable", "visibility": "visible"}, {"gameTime": "2 - 38:18", "label": "Ball out of play", "position": "2298616", "team": "away", "visibility": "visible"}, {"gameTime": "2 - 39:13", "label": "Throw-in", "position": "2353340", "team": "home", "visibility": "visible"}, {"gameTime": "2 - 39:14", "label": "Shots off target", "position": "2354452", "team": "not applicable", "visibility": "visible"}, {"gameTime": "2 - 39:36", "label": "Ball out of play", "position": "2376010", "team": "away", "visibility": "not shown"}, {"gameTime": "2 - 39:43", "label": "Clearance", "position": "2383907", "team": "away", "visibility": "visible"}, {"gameTime": "2 - 39:57", "label": "Foul", "position": "2397308", "team": "home", "visibility": "not shown"}, {"gameTime": "2 - 40:29", "label": "Indirect free-kick", "position": "2429532", "team": "not applicable", "visibility": "visible"}, {"gameTime": "2 - 40:58", "label": "Ball out of play", "position": "2458244", "team": "home", "visibility": "visible"}, {"gameTime": "2 - 41:06", "label": "Corner", "position": "2466545", "team": "not applicable", "visibility": "visible"}, {"gameTime": "2 - 41:27", "label": "Ball out of play", "position": "2487527", "team": "away", "visibility": "not shown"}, {"gameTime": "2 - 41:35", "label": "Clearance", "position": "2495745", "team": "not applicable", "visibility": "visible"}, {"gameTime": "2 - 41:45", "label": "Ball out of play", "position": "2505903", "team": "home", "visibility": "visible"}, {"gameTime": "2 - 42:00", "label": "Throw-in", "position": "2520652", "team": "away", "visibility": "visible"}, {"gameTime": "2 - 42:03", "label": "Foul", "position": "2523398", "team": "home", "visibility": "visible"}, {"gameTime": "2 - 42:28", "label": "Indirect free-kick", "position": "2548660", "team": "not applicable", "visibility": "visible"}, {"gameTime": "2 - 42:56", "label": "Ball out of play", "position": "2576470", "team": "home", "visibility": "visible"}, {"gameTime": "2 - 43:19", "label": "Corner", "position": "2599196", "team": "away", "visibility": "visible"}, {"gameTime": "2 - 43:49", "label": "Offside", "position": "2629331", "team": "home", "visibility": "visible"}, {"gameTime": "2 - 44:38", "label": "Indirect free-kick", "position": "2678507", "team": "not applicable", "visibility": "visible"}, {"gameTime": "2 - 44:44", "label": "Ball out of play", "position": "2684673", "team": "away", "visibility": "visible"}], "gameAwayTeam": "Udinese", "gameDate": "15/04/2017 - 21:45", "gameHomeTeam": "Napoli", "gameScore": "3 - 0"}