{"UrlLocal": "italy_serie-a/2016-2017/2016-11-20 - 17-00 Atalanta 2 - 1 AS Roma/", "UrlYoutube": "", "annotations": [{"gameTime": "1 - 00:27", "label": "Kick-off", "position": "27269", "team": "not applicable", "visibility": "visible"}, {"gameTime": "1 - 00:44", "label": "Ball out of play", "position": "44775", "team": "away", "visibility": "visible"}, {"gameTime": "1 - 01:21", "label": "Clearance", "position": "81144", "team": "not applicable", "visibility": "visible"}, {"gameTime": "1 - 01:31", "label": "Ball out of play", "position": "91852", "team": "away", "visibility": "visible"}, {"gameTime": "1 - 02:04", "label": "Throw-in", "position": "124720", "team": "not applicable", "visibility": "visible"}, {"gameTime": "1 - 02:21", "label": "Ball out of play", "position": "141887", "team": "away", "visibility": "visible"}, {"gameTime": "1 - 03:05", "label": "Clearance", "position": "185153", "team": "home", "visibility": "visible"}, {"gameTime": "1 - 03:13", "label": "Foul", "position": "193725", "team": "away", "visibility": "not shown"}, {"gameTime": "1 - 03:35", "label": "Indirect free-kick", "position": "215586", "team": "home", "visibility": "visible"}, {"gameTime": "1 - 04:01", "label": "Shots on target", "position": "241718", "team": "not applicable", "visibility": "visible"}, {"gameTime": "1 - 04:17", "label": "Ball out of play", "position": "257222", "team": "away", "visibility": "visible"}, {"gameTime": "1 - 04:38", "label": "Throw-in", "position": "278140", "team": "not applicable", "visibility": "visible"}, {"gameTime": "1 - 04:53", "label": "Ball out of play", "position": "293429", "team": "away", "visibility": "visible"}, {"gameTime": "1 - 05:28", "label": "Throw-in", "position": "328924", "team": "away", "visibility": "visible"}, {"gameTime": "1 - 05:39", "label": "Foul", "position": "339518", "team": "home", "visibility": "not shown"}, {"gameTime": "1 - 06:18", "label": "Indirect free-kick", "position": "378407", "team": "home", "visibility": "visible"}, {"gameTime": "1 - 06:19", "label": "Shots off target", "position": "379582", "team": "not applicable", "visibility": "visible"}, {"gameTime": "1 - 06:30", "label": "Ball out of play", "position": "390060", "team": "away", "visibility": "not shown"}, {"gameTime": "1 - 07:16", "label": "Clearance", "position": "436643", "team": "not applicable", "visibility": "visible"}, {"gameTime": "1 - 07:25", "label": "Ball out of play", "position": "445688", "team": "away", "visibility": "visible"}, {"gameTime": "1 - 08:12", "label": "Throw-in", "position": "492871", "team": "not applicable", "visibility": "visible"}, {"gameTime": "1 - 08:15", "label": "Ball out of play", "position": "495019", "team": "away", "visibility": "not shown"}, {"gameTime": "1 - 08:30", "label": "Throw-in", "position": "510156", "team": "home", "visibility": "visible"}, {"gameTime": "1 - 09:25", "label": "Shots on target", "position": "565688", "team": "not applicable", "visibility": "visible"}, {"gameTime": "1 - 09:51", "label": "Ball out of play", "position": "591458", "team": "away", "visibility": "visible"}, {"gameTime": "1 - 10:02", "label": "Corner", "position": "602611", "team": "not applicable", "visibility": "visible"}, {"gameTime": "1 - 10:27", "label": "Ball out of play", "position": "627598", "team": "away", "visibility": "not shown"}, {"gameTime": "1 - 10:29", "label": "Corner", "position": "629714", "team": "away", "visibility": "visible"}, {"gameTime": "1 - 11:35", "label": "Shots on target", "position": "695502", "team": "not applicable", "visibility": "visible"}, {"gameTime": "1 - 12:19", "label": "Ball out of play", "position": "739305", "team": "home", "visibility": "visible"}, {"gameTime": "1 - 12:34", "label": "Throw-in", "position": "754813", "team": "not applicable", "visibility": "visible"}, {"gameTime": "1 - 12:55", "label": "Ball out of play", "position": "775942", "team": "home", "visibility": "visible"}, {"gameTime": "1 - 12:57", "label": "Throw-in", "position": "777517", "team": "home", "visibility": "visible"}, {"gameTime": "1 - 13:10", "label": "Foul", "position": "790894", "team": "away", "visibility": "visible"}, {"gameTime": "1 - 13:37", "label": "Indirect free-kick", "position": "817798", "team": "not applicable", "visibility": "visible"}, {"gameTime": "1 - 13:55", "label": "Ball out of play", "position": "835335", "team": "away", "visibility": "visible"}, {"gameTime": "1 - 13:58", "label": "Corner", "position": "838689", "team": "away", "visibility": "visible"}, {"gameTime": "1 - 13:59", "label": "Shots off target", "position": "839777", "team": "not applicable", "visibility": "visible"}, {"gameTime": "1 - 14:25", "label": "Ball out of play", "position": "865497", "team": "home", "visibility": "visible"}, {"gameTime": "1 - 14:33", "label": "Clearance", "position": "873818", "team": "not applicable", "visibility": "visible"}, {"gameTime": "1 - 14:58", "label": "Ball out of play", "position": "898833", "team": "away", "visibility": "visible"}, {"gameTime": "1 - 15:16", "label": "Throw-in", "position": "916110", "team": "not applicable", "visibility": "visible"}, {"gameTime": "1 - 15:22", "label": "Ball out of play", "position": "922614", "team": "away", "visibility": "visible"}, {"gameTime": "1 - 15:40", "label": "Throw-in", "position": "940516", "team": "not applicable", "visibility": "visible"}, {"gameTime": "1 - 15:57", "label": "Ball out of play", "position": "957646", "team": "home", "visibility": "visible"}, {"gameTime": "1 - 16:03", "label": "Throw-in", "position": "963796", "team": "not applicable", "visibility": "visible"}, {"gameTime": "1 - 16:07", "label": "Ball out of play", "position": "967832", "team": "away", "visibility": "not shown"}, {"gameTime": "1 - 16:27", "label": "Throw-in", "position": "987701", "team": "not applicable", "visibility": "not shown"}, {"gameTime": "1 - 16:45", "label": "Ball out of play", "position": "1005723", "team": "away", "visibility": "visible"}, {"gameTime": "1 - 17:01", "label": "Throw-in", "position": "1021722", "team": "not applicable", "visibility": "visible"}, {"gameTime": "1 - 17:23", "label": "Ball out of play", "position": "1043407", "team": "home", "visibility": "visible"}, {"gameTime": "1 - 18:00", "label": "Clearance", "position": "1080823", "team": "not applicable", "visibility": "visible"}, {"gameTime": "1 - 18:11", "label": "Ball out of play", "position": "1091757", "team": "away", "visibility": "visible"}, {"gameTime": "1 - 19:07", "label": "Clearance", "position": "1147212", "team": "not applicable", "visibility": "visible"}, {"gameTime": "1 - 19:38", "label": "Ball out of play", "position": "1178627", "team": "home", "visibility": "visible"}, {"gameTime": "1 - 19:43", "label": "Clearance", "position": "1183756", "team": "away", "visibility": "visible"}, {"gameTime": "1 - 19:56", "label": "Foul", "position": "1196187", "team": "home", "visibility": "visible"}, {"gameTime": "1 - 20:14", "label": "Indirect free-kick", "position": "1214445", "team": "home", "visibility": "visible"}, {"gameTime": "1 - 20:15", "label": "Shots off target", "position": "1215150", "team": "not applicable", "visibility": "visible"}, {"gameTime": "1 - 20:27", "label": "Ball out of play", "position": "1227083", "team": "away", "visibility": "not shown"}, {"gameTime": "1 - 20:47", "label": "Clearance", "position": "1247940", "team": "not applicable", "visibility": "visible"}, {"gameTime": "1 - 21:03", "label": "Ball out of play", "position": "1263343", "team": "away", "visibility": "visible"}, {"gameTime": "1 - 21:49", "label": "Clearance", "position": "1309171", "team": "not applicable", "visibility": "not shown"}, {"gameTime": "1 - 22:03", "label": "Ball out of play", "position": "1323827", "team": "away", "visibility": "visible"}, {"gameTime": "1 - 22:16", "label": "Throw-in", "position": "1336899", "team": "not applicable", "visibility": "visible"}, {"gameTime": "1 - 22:28", "label": "Ball out of play", "position": "1348421", "team": "away", "visibility": "visible"}, {"gameTime": "1 - 23:15", "label": "Throw-in", "position": "1395822", "team": "away", "visibility": "visible"}, {"gameTime": "1 - 23:42", "label": "Foul", "position": "1422355", "team": "home", "visibility": "visible"}, {"gameTime": "1 - 24:50", "label": "Indirect free-kick", "position": "1490828", "team": "away", "visibility": "visible"}, {"gameTime": "1 - 24:51", "label": "Shots off target", "position": "1491671", "team": "not applicable", "visibility": "visible"}, {"gameTime": "1 - 25:22", "label": "Ball out of play", "position": "1522179", "team": "home", "visibility": "visible"}, {"gameTime": "1 - 25:29", "label": "Clearance", "position": "1529867", "team": "away", "visibility": "visible"}, {"gameTime": "1 - 25:43", "label": "Shots on target", "position": "1543378", "team": "not applicable", "visibility": "visible"}, {"gameTime": "1 - 25:48", "label": "Ball out of play", "position": "1548788", "team": "home", "visibility": "visible"}, {"gameTime": "1 - 26:37", "label": "Throw-in", "position": "1597801", "team": "not applicable", "visibility": "visible"}, {"gameTime": "1 - 26:53", "label": "Ball out of play", "position": "1613413", "team": "home", "visibility": "visible"}, {"gameTime": "1 - 27:22", "label": "Throw-in", "position": "1642806", "team": "not applicable", "visibility": "visible"}, {"gameTime": "1 - 27:35", "label": "Ball out of play", "position": "1655825", "team": "away", "visibility": "visible"}, {"gameTime": "1 - 27:43", "label": "Throw-in", "position": "1663200", "team": "home", "visibility": "visible"}, {"gameTime": "1 - 28:25", "label": "Foul", "position": "1705834", "team": "away", "visibility": "visible"}, {"gameTime": "1 - 28:28", "label": "Direct free-kick", "position": "1708128", "team": "not applicable", "visibility": "visible"}, {"gameTime": "1 - 28:57", "label": "Ball out of play", "position": "1737999", "team": "home", "visibility": "visible"}, {"gameTime": "1 - 29:06", "label": "Clearance", "position": "1746839", "team": "away", "visibility": "visible"}, {"gameTime": "1 - 29:24", "label": "Shots on target", "position": "1764306", "team": "home", "visibility": "visible"}, {"gameTime": "1 - 29:28", "label": "Offside", "position": "1768773", "team": "away", "visibility": "not shown"}, {"gameTime": "1 - 29:45", "label": "Indirect free-kick", "position": "1785077", "team": "not applicable", "visibility": "visible"}, {"gameTime": "1 - 29:47", "label": "Ball out of play", "position": "1787764", "team": "home", "visibility": "visible"}, {"gameTime": "1 - 30:03", "label": "Throw-in", "position": "1803782", "team": "not applicable", "visibility": "visible"}, {"gameTime": "1 - 30:24", "label": "Ball out of play", "position": "1824596", "team": "away", "visibility": "visible"}, {"gameTime": "1 - 30:30", "label": "Throw-in", "position": "1830418", "team": "away", "visibility": "visible"}, {"gameTime": "1 - 30:53", "label": "Foul", "position": "1853377", "team": "home", "visibility": "visible"}, {"gameTime": "1 - 31:16", "label": "Indirect free-kick", "position": "1876008", "team": "not applicable", "visibility": "visible"}, {"gameTime": "1 - 31:35", "label": "Ball out of play", "position": "1895513", "team": "home", "visibility": "visible"}, {"gameTime": "1 - 31:56", "label": "Throw-in", "position": "1916183", "team": "not applicable", "visibility": "visible"}, {"gameTime": "1 - 32:07", "label": "Ball out of play", "position": "1927933", "team": "away", "visibility": "visible"}, {"gameTime": "1 - 32:10", "label": "Throw-in", "position": "1930342", "team": "not applicable", "visibility": "visible"}, {"gameTime": "1 - 32:21", "label": "Ball out of play", "position": "1941254", "team": "home", "visibility": "visible"}, {"gameTime": "1 - 33:05", "label": "Throw-in", "position": "1985717", "team": "not applicable", "visibility": "visible"}, {"gameTime": "1 - 33:29", "label": "Ball out of play", "position": "2009630", "team": "home", "visibility": "visible"}, {"gameTime": "1 - 33:38", "label": "Throw-in", "position": "2018326", "team": "not applicable", "visibility": "visible"}, {"gameTime": "1 - 34:07", "label": "Ball out of play", "position": "2047721", "team": "away", "visibility": "visible"}, {"gameTime": "1 - 34:27", "label": "Throw-in", "position": "2067027", "team": "not applicable", "visibility": "visible"}, {"gameTime": "1 - 34:41", "label": "Ball out of play", "position": "2081003", "team": "away", "visibility": "visible"}, {"gameTime": "1 - 35:09", "label": "Throw-in", "position": "2109947", "team": "away", "visibility": "visible"}, {"gameTime": "1 - 35:53", "label": "Foul", "position": "2153841", "team": "home", "visibility": "visible"}, {"gameTime": "1 - 36:25", "label": "Indirect free-kick", "position": "2185171", "team": "not applicable", "visibility": "visible"}, {"gameTime": "1 - 36:42", "label": "Ball out of play", "position": "2202037", "team": "home", "visibility": "visible"}, {"gameTime": "1 - 37:13", "label": "Throw-in", "position": "2233183", "team": "home", "visibility": "visible"}, {"gameTime": "1 - 37:35", "label": "Foul", "position": "2255340", "team": "away", "visibility": "visible"}, {"gameTime": "1 - 38:33", "label": "Indirect free-kick", "position": "2313900", "team": "home", "visibility": "visible"}, {"gameTime": "1 - 38:40", "label": "Foul", "position": "2320266", "team": "home", "visibility": "visible"}, {"gameTime": "1 - 39:35", "label": "Yellow card", "position": "2375019", "team": "away", "visibility": "visible"}, {"gameTime": "1 - 39:35", "label": "Penalty", "position": "2375563", "team": "away", "visibility": "visible"}, {"gameTime": "1 - 41:29", "label": "Goal", "position": "2489696", "team": "home", "visibility": "visible"}, {"gameTime": "1 - 42:56", "label": "Kick-off", "position": "2576085", "team": "home", "visibility": "visible"}, {"gameTime": "1 - 44:04", "label": "Shots on target", "position": "2644162", "team": "away", "visibility": "visible"}, {"gameTime": "1 - 44:28", "label": "Shots on target", "position": "2668024", "team": "not applicable", "visibility": "visible"}, {"gameTime": "1 - 44:50", "label": "Ball out of play", "position": "2690291", "team": "away", "visibility": "visible"}, {"gameTime": "2 - 01:24", "label": "Kick-off", "position": "84558", "team": "not applicable", "visibility": "visible"}, {"gameTime": "2 - 01:35", "label": "Ball out of play", "position": "95780", "team": "away", "visibility": "not shown"}, {"gameTime": "2 - 02:04", "label": "Clearance", "position": "124613", "team": "not applicable", "visibility": "visible"}, {"gameTime": "2 - 02:22", "label": "Ball out of play", "position": "142771", "team": "home", "visibility": "not shown"}, {"gameTime": "2 - 02:31", "label": "Throw-in", "position": "151791", "team": "not applicable", "visibility": "visible"}, {"gameTime": "2 - 02:44", "label": "Ball out of play", "position": "164264", "team": "home", "visibility": "visible"}, {"gameTime": "2 - 02:48", "label": "Throw-in", "position": "168483", "team": "home", "visibility": "visible"}, {"gameTime": "2 - 02:53", "label": "Foul", "position": "173058", "team": "away", "visibility": "not shown"}, {"gameTime": "2 - 03:13", "label": "Indirect free-kick", "position": "193693", "team": "home", "visibility": "visible"}, {"gameTime": "2 - 03:32", "label": "Offside", "position": "212567", "team": "away", "visibility": "visible"}, {"gameTime": "2 - 03:50", "label": "Indirect free-kick", "position": "230428", "team": "home", "visibility": "visible"}, {"gameTime": "2 - 04:14", "label": "Foul", "position": "254204", "team": "home", "visibility": "visible"}, {"gameTime": "2 - 04:31", "label": "Substitution", "position": "271981", "team": "away", "visibility": "visible"}, {"gameTime": "2 - 04:55", "label": "Indirect free-kick", "position": "295258", "team": "not applicable", "visibility": "visible"}, {"gameTime": "2 - 05:02", "label": "Ball out of play", "position": "302277", "team": "away", "visibility": "visible"}, {"gameTime": "2 - 05:34", "label": "Throw-in", "position": "334360", "team": "not applicable", "visibility": "visible"}, {"gameTime": "2 - 05:59", "label": "Ball out of play", "position": "359424", "team": "away", "visibility": "visible"}, {"gameTime": "2 - 07:02", "label": "Clearance", "position": "422007", "team": "not applicable", "visibility": "visible"}, {"gameTime": "2 - 07:22", "label": "Ball out of play", "position": "442135", "team": "away", "visibility": "not shown"}, {"gameTime": "2 - 07:30", "label": "Corner", "position": "450277", "team": "away", "visibility": "visible"}, {"gameTime": "2 - 07:32", "label": "Foul", "position": "452231", "team": "away", "visibility": "visible"}, {"gameTime": "2 - 07:48", "label": "Yellow card", "position": "468775", "team": "home", "visibility": "not shown"}, {"gameTime": "2 - 08:42", "label": "Indirect free-kick", "position": "522954", "team": "not applicable", "visibility": "visible"}, {"gameTime": "2 - 08:58", "label": "Ball out of play", "position": "538399", "team": "away", "visibility": "visible"}, {"gameTime": "2 - 10:00", "label": "Throw-in", "position": "600224", "team": "not applicable", "visibility": "visible"}, {"gameTime": "2 - 10:11", "label": "Ball out of play", "position": "611161", "team": "home", "visibility": "visible"}, {"gameTime": "2 - 10:18", "label": "Throw-in", "position": "618728", "team": "not applicable", "visibility": "visible"}, {"gameTime": "2 - 10:24", "label": "Ball out of play", "position": "624870", "team": "home", "visibility": "visible"}, {"gameTime": "2 - 10:28", "label": "Throw-in", "position": "628064", "team": "away", "visibility": "visible"}, {"gameTime": "2 - 11:14", "label": "Foul", "position": "674340", "team": "home", "visibility": "visible"}, {"gameTime": "2 - 11:24", "label": "Direct free-kick", "position": "684857", "team": "home", "visibility": "visible"}, {"gameTime": "2 - 12:04", "label": "Shots on target", "position": "724187", "team": "home", "visibility": "visible"}, {"gameTime": "2 - 12:04", "label": "Shots off target", "position": "724922", "team": "not applicable", "visibility": "visible"}, {"gameTime": "2 - 12:32", "label": "Ball out of play", "position": "752346", "team": "home", "visibility": "visible"}, {"gameTime": "2 - 12:50", "label": "Substitution", "position": "770505", "team": "away", "visibility": "visible"}, {"gameTime": "2 - 13:02", "label": "Substitution", "position": "782338", "team": "away", "visibility": "visible"}, {"gameTime": "2 - 13:13", "label": "Clearance", "position": "793276", "team": "home", "visibility": "visible"}, {"gameTime": "2 - 13:36", "label": "Foul", "position": "816518", "team": "away", "visibility": "visible"}, {"gameTime": "2 - 13:47", "label": "Indirect free-kick", "position": "827927", "team": "not applicable", "visibility": "visible"}, {"gameTime": "2 - 14:05", "label": "Ball out of play", "position": "845301", "team": "away", "visibility": "visible"}, {"gameTime": "2 - 14:10", "label": "Throw-in", "position": "850228", "team": "away", "visibility": "visible"}, {"gameTime": "2 - 14:32", "label": "Foul", "position": "872076", "team": "home", "visibility": "visible"}, {"gameTime": "2 - 14:58", "label": "Indirect free-kick", "position": "898286", "team": "home", "visibility": "visible"}, {"gameTime": "2 - 15:17", "label": "Foul", "position": "917680", "team": "away", "visibility": "visible"}, {"gameTime": "2 - 15:44", "label": "Indirect free-kick", "position": "944753", "team": "away", "visibility": "visible"}, {"gameTime": "2 - 16:04", "label": "Foul", "position": "964599", "team": "home", "visibility": "visible"}, {"gameTime": "2 - 16:25", "label": "Indirect free-kick", "position": "985235", "team": "home", "visibility": "visible"}, {"gameTime": "2 - 16:26", "label": "Shots on target", "position": "986691", "team": "home", "visibility": "visible"}, {"gameTime": "2 - 17:07", "label": "Goal", "position": "1027138", "team": "away", "visibility": "not shown"}, {"gameTime": "2 - 17:21", "label": "Kick-off", "position": "1041946", "team": "home", "visibility": "visible"}, {"gameTime": "2 - 17:32", "label": "Foul", "position": "1052402", "team": "away", "visibility": "visible"}, {"gameTime": "2 - 18:15", "label": "Indirect free-kick", "position": "1095256", "team": "home", "visibility": "visible"}, {"gameTime": "2 - 18:17", "label": "Shots off target", "position": "1097151", "team": "not applicable", "visibility": "not shown"}, {"gameTime": "2 - 18:30", "label": "Ball out of play", "position": "1110559", "team": "home", "visibility": "not shown"}, {"gameTime": "2 - 18:43", "label": "Corner", "position": "1123481", "team": "home", "visibility": "visible"}, {"gameTime": "2 - 18:46", "label": "Shots on target", "position": "1126375", "team": "not applicable", "visibility": "visible"}, {"gameTime": "2 - 18:55", "label": "Ball out of play", "position": "1135286", "team": "home", "visibility": "visible"}, {"gameTime": "2 - 18:59", "label": "Throw-in", "position": "1139787", "team": "home", "visibility": "visible"}, {"gameTime": "2 - 19:44", "label": "Foul", "position": "1184250", "team": "away", "visibility": "visible"}, {"gameTime": "2 - 20:01", "label": "Foul", "position": "1201661", "team": "home", "visibility": "visible"}, {"gameTime": "2 - 20:11", "label": "Indirect free-kick", "position": "1211467", "team": "home", "visibility": "visible"}, {"gameTime": "2 - 20:23", "label": "Foul", "position": "1223677", "team": "away", "visibility": "visible"}, {"gameTime": "2 - 20:40", "label": "Indirect free-kick", "position": "1240420", "team": "home", "visibility": "visible"}, {"gameTime": "2 - 21:14", "label": "Shots on target", "position": "1274063", "team": "not applicable", "visibility": "visible"}, {"gameTime": "2 - 21:59", "label": "Ball out of play", "position": "1319172", "team": "home", "visibility": "visible"}, {"gameTime": "2 - 22:16", "label": "Corner", "position": "1336732", "team": "home", "visibility": "visible"}, {"gameTime": "2 - 22:18", "label": "Shots off target", "position": "1338447", "team": "not applicable", "visibility": "visible"}, {"gameTime": "2 - 22:26", "label": "Ball out of play", "position": "1346106", "team": "away", "visibility": "not shown"}, {"gameTime": "2 - 22:58", "label": "Clearance", "position": "1378388", "team": "not applicable", "visibility": "visible"}, {"gameTime": "2 - 23:02", "label": "Ball out of play", "position": "1382702", "team": "home", "visibility": "not shown"}, {"gameTime": "2 - 23:13", "label": "Throw-in", "position": "1393059", "team": "not applicable", "visibility": "visible"}, {"gameTime": "2 - 23:39", "label": "Ball out of play", "position": "1419876", "team": "home", "visibility": "visible"}, {"gameTime": "2 - 23:53", "label": "Corner", "position": "1433888", "team": "home", "visibility": "visible"}, {"gameTime": "2 - 24:06", "label": "Shots on target", "position": "1446503", "team": "away", "visibility": "visible"}, {"gameTime": "2 - 24:23", "label": "Foul", "position": "1463257", "team": "home", "visibility": "not shown"}, {"gameTime": "2 - 24:32", "label": "Indirect free-kick", "position": "1472393", "team": "not applicable", "visibility": "visible"}, {"gameTime": "2 - 24:37", "label": "Ball out of play", "position": "1477342", "team": "away", "visibility": "visible"}, {"gameTime": "2 - 26:41", "label": "Throw-in", "position": "1601728", "team": "not applicable", "visibility": "visible"}, {"gameTime": "2 - 26:54", "label": "Ball out of play", "position": "1614094", "team": "home", "visibility": "not shown"}, {"gameTime": "2 - 27:09", "label": "Corner", "position": "1629414", "team": "home", "visibility": "visible"}, {"gameTime": "2 - 27:54", "label": "Foul", "position": "1674559", "team": "away", "visibility": "visible"}, {"gameTime": "2 - 27:57", "label": "Substitution", "position": "1677257", "team": "away", "visibility": "not shown"}, {"gameTime": "2 - 28:13", "label": "Indirect free-kick", "position": "1693977", "team": "not applicable", "visibility": "visible"}, {"gameTime": "2 - 28:20", "label": "Ball out of play", "position": "1700276", "team": "away", "visibility": "visible"}, {"gameTime": "2 - 28:35", "label": "Throw-in", "position": "1715909", "team": "away", "visibility": "visible"}, {"gameTime": "2 - 29:03", "label": "Offside", "position": "1743335", "team": "home", "visibility": "visible"}, {"gameTime": "2 - 29:17", "label": "Indirect free-kick", "position": "1757488", "team": "not applicable", "visibility": "visible"}, {"gameTime": "2 - 29:20", "label": "Ball out of play", "position": "1760911", "team": "home", "visibility": "not shown"}, {"gameTime": "2 - 29:39", "label": "Throw-in", "position": "1779665", "team": "not applicable", "visibility": "visible"}, {"gameTime": "2 - 29:59", "label": "Ball out of play", "position": "1799205", "team": "home", "visibility": "visible"}, {"gameTime": "2 - 30:11", "label": "Corner", "position": "1811896", "team": "not applicable", "visibility": "visible"}, {"gameTime": "2 - 30:28", "label": "Ball out of play", "position": "1828945", "team": "home", "visibility": "visible"}, {"gameTime": "2 - 30:43", "label": "Corner", "position": "1843377", "team": "home", "visibility": "visible"}, {"gameTime": "2 - 30:57", "label": "Shots on target", "position": "1857945", "team": "away", "visibility": "not shown"}, {"gameTime": "2 - 31:09", "label": "Foul", "position": "1869977", "team": "home", "visibility": "not shown"}, {"gameTime": "2 - 31:23", "label": "Indirect free-kick", "position": "1883852", "team": "home", "visibility": "visible"}, {"gameTime": "2 - 31:39", "label": "Foul", "position": "1899029", "team": "away", "visibility": "not shown"}, {"gameTime": "2 - 32:38", "label": "Indirect free-kick", "position": "1958941", "team": "not applicable", "visibility": "visible"}, {"gameTime": "2 - 32:53", "label": "Ball out of play", "position": "1973550", "team": "home", "visibility": "visible"}, {"gameTime": "2 - 33:40", "label": "Clearance", "position": "2020647", "team": "home", "visibility": "visible"}, {"gameTime": "2 - 33:41", "label": "Shots off target", "position": "2021373", "team": "not applicable", "visibility": "visible"}, {"gameTime": "2 - 33:52", "label": "Ball out of play", "position": "2032385", "team": "away", "visibility": "visible"}, {"gameTime": "2 - 35:07", "label": "Clearance", "position": "2107925", "team": "not applicable", "visibility": "visible"}, {"gameTime": "2 - 35:12", "label": "Ball out of play", "position": "2112782", "team": "home", "visibility": "not shown"}, {"gameTime": "2 - 35:36", "label": "Throw-in", "position": "2136509", "team": "not applicable", "visibility": "visible"}, {"gameTime": "2 - 35:47", "label": "Ball out of play", "position": "2147292", "team": "home", "visibility": "visible"}, {"gameTime": "2 - 35:57", "label": "Corner", "position": "2157927", "team": "not applicable", "visibility": "visible"}, {"gameTime": "2 - 36:03", "label": "Ball out of play", "position": "2163169", "team": "home", "visibility": "visible"}, {"gameTime": "2 - 36:14", "label": "Throw-in", "position": "2174889", "team": "away", "visibility": "visible"}, {"gameTime": "2 - 37:07", "label": "Foul", "position": "2227018", "team": "home", "visibility": "visible"}, {"gameTime": "2 - 37:39", "label": "Direct free-kick", "position": "2259945", "team": "not applicable", "visibility": "not shown"}, {"gameTime": "2 - 37:52", "label": "Ball out of play", "position": "2272580", "team": "home", "visibility": "visible"}, {"gameTime": "2 - 37:59", "label": "Corner", "position": "2279033", "team": "not applicable", "visibility": "not shown"}, {"gameTime": "2 - 38:14", "label": "Ball out of play", "position": "2294360", "team": "away", "visibility": "visible"}, {"gameTime": "2 - 38:28", "label": "Clearance", "position": "2308944", "team": "home", "visibility": "visible"}, {"gameTime": "2 - 38:44", "label": "Shots on target", "position": "2324961", "team": "not applicable", "visibility": "visible"}, {"gameTime": "2 - 39:01", "label": "Ball out of play", "position": "2341819", "team": "home", "visibility": "visible"}, {"gameTime": "2 - 39:55", "label": "Corner", "position": "2395585", "team": "away", "visibility": "visible"}, {"gameTime": "2 - 40:12", "label": "Foul", "position": "2412724", "team": "away", "visibility": "visible"}, {"gameTime": "2 - 40:18", "label": "Substitution", "position": "2418019", "team": "home", "visibility": "visible"}, {"gameTime": "2 - 41:43", "label": "Indirect free-kick", "position": "2503609", "team": "home", "visibility": "visible"}, {"gameTime": "2 - 41:44", "label": "Shots off target", "position": "2504602", "team": "not applicable", "visibility": "visible"}, {"gameTime": "2 - 41:53", "label": "Ball out of play", "position": "2513629", "team": "away", "visibility": "not shown"}, {"gameTime": "2 - 42:28", "label": "Clearance", "position": "2548477", "team": "not applicable", "visibility": "visible"}, {"gameTime": "2 - 42:34", "label": "Ball out of play", "position": "2554049", "team": "home", "visibility": "visible"}, {"gameTime": "2 - 42:50", "label": "Throw-in", "position": "2570273", "team": "not applicable", "visibility": "visible"}, {"gameTime": "2 - 43:03", "label": "Ball out of play", "position": "2583704", "team": "home", "visibility": "visible"}, {"gameTime": "2 - 43:11", "label": "Throw-in", "position": "2591701", "team": "not applicable", "visibility": "visible"}, {"gameTime": "2 - 43:32", "label": "Ball out of play", "position": "2612222", "team": "home", "visibility": "visible"}, {"gameTime": "2 - 43:50", "label": "Corner", "position": "2630797", "team": "away", "visibility": "visible"}, {"gameTime": "2 - 44:54", "label": "Foul", "position": "2694788", "team": "home", "visibility": "visible"}, {"gameTime": "2 - 44:54", "label": "Penalty", "position": "2694819", "team": "home", "visibility": "visible"}, {"gameTime": "2 - 44:55", "label": "Shots on target", "position": "2695211", "team": "home", "visibility": "visible"}, {"gameTime": "2 - 45:43", "label": "Goal", "position": "2743973", "team": "away", "visibility": "visible"}, {"gameTime": "2 - 45:53", "label": "Kick-off", "position": "2753678", "team": "not applicable", "visibility": "visible"}, {"gameTime": "2 - 46:17", "label": "Ball out of play", "position": "2777210", "team": "away", "visibility": "visible"}, {"gameTime": "2 - 46:47", "label": "Corner", "position": "2807445", "team": "not applicable", "visibility": "visible"}, {"gameTime": "2 - 47:09", "label": "Ball out of play", "position": "2829366", "team": "home", "visibility": "not shown"}, {"gameTime": "2 - 47:21", "label": "Substitution", "position": "2841179", "team": "home", "visibility": "visible"}, {"gameTime": "2 - 47:27", "label": "Throw-in", "position": "2847570", "team": "home", "visibility": "visible"}, {"gameTime": "2 - 47:32", "label": "Foul", "position": "2852410", "team": "away", "visibility": "visible"}, {"gameTime": "2 - 47:51", "label": "Indirect free-kick", "position": "2871960", "team": "not applicable", "visibility": "visible"}, {"gameTime": "2 - 48:10", "label": "Ball out of play", "position": "2890675", "team": "home", "visibility": "visible"}], "gameAwayTeam": "AS Roma", "gameDate": "20/11/2016 - 17:00", "gameHomeTeam": "Atalanta", "gameScore": "2 - 1"}