{"UrlLocal": "spain_laliga/2014-2015/2015-02-14 - 20-00 Real Madrid 2 - 0 Dep. La Coruna/", "UrlYoutube": "", "annotations": [{"gameTime": "1 - 00:00", "label": "Ball out of play", "position": "94", "team": "home", "visibility": "not shown"}, {"gameTime": "1 - 01:21", "label": "Corner", "position": "81071", "team": "not applicable", "visibility": "visible"}, {"gameTime": "1 - 01:42", "label": "Ball out of play", "position": "102286", "team": "home", "visibility": "visible"}, {"gameTime": "1 - 03:31", "label": "Throw-in", "position": "211653", "team": "not applicable", "visibility": "visible"}, {"gameTime": "1 - 03:45", "label": "Ball out of play", "position": "225405", "team": "away", "visibility": "visible"}, {"gameTime": "1 - 03:57", "label": "Throw-in", "position": "237219", "team": "not applicable", "visibility": "visible"}, {"gameTime": "1 - 04:08", "label": "Ball out of play", "position": "248231", "team": "away", "visibility": "visible"}, {"gameTime": "1 - 04:21", "label": "Clearance", "position": "261490", "team": "not applicable", "visibility": "visible"}, {"gameTime": "1 - 04:32", "label": "Ball out of play", "position": "272233", "team": "home", "visibility": "not shown"}, {"gameTime": "1 - 04:39", "label": "Throw-in", "position": "279570", "team": "not applicable", "visibility": "visible"}, {"gameTime": "1 - 04:49", "label": "Shots on target", "position": "289930", "team": "home", "visibility": "visible"}, {"gameTime": "1 - 05:07", "label": "Ball out of play", "position": "307253", "team": "away", "visibility": "visible"}, {"gameTime": "1 - 05:17", "label": "Corner", "position": "317467", "team": "not applicable", "visibility": "visible"}, {"gameTime": "1 - 05:45", "label": "Shots off target", "position": "345234", "team": "away", "visibility": "visible"}, {"gameTime": "1 - 05:57", "label": "Ball out of play", "position": "357015", "team": "away", "visibility": "visible"}, {"gameTime": "1 - 05:57", "label": "Clearance", "position": "357935", "team": "not applicable", "visibility": "visible"}, {"gameTime": "1 - 06:21", "label": "Ball out of play", "position": "381364", "team": "home", "visibility": "visible"}, {"gameTime": "1 - 06:36", "label": "Throw-in", "position": "396396", "team": "not applicable", "visibility": "visible"}, {"gameTime": "1 - 06:44", "label": "Throw-in", "position": "404566", "team": "away", "visibility": "not shown"}, {"gameTime": "1 - 06:50", "label": "Ball out of play", "position": "410939", "team": "home", "visibility": "not shown"}, {"gameTime": "1 - 06:53", "label": "Throw-in", "position": "413291", "team": "not applicable", "visibility": "visible"}, {"gameTime": "1 - 07:00", "label": "Ball out of play", "position": "420144", "team": "home", "visibility": "not shown"}, {"gameTime": "1 - 07:02", "label": "Clearance", "position": "422517", "team": "not applicable", "visibility": "visible"}, {"gameTime": "1 - 07:16", "label": "Ball out of play", "position": "436512", "team": "home", "visibility": "visible"}, {"gameTime": "1 - 08:07", "label": "Clearance", "position": "487517", "team": "not applicable", "visibility": "visible"}, {"gameTime": "1 - 08:35", "label": "Ball out of play", "position": "515817", "team": "away", "visibility": "not shown"}, {"gameTime": "1 - 09:35", "label": "Clearance", "position": "575573", "team": "not applicable", "visibility": "visible"}, {"gameTime": "1 - 10:04", "label": "Ball out of play", "position": "604237", "team": "away", "visibility": "visible"}, {"gameTime": "1 - 10:10", "label": "Throw-in", "position": "610067", "team": "not applicable", "visibility": "visible"}, {"gameTime": "1 - 10:21", "label": "Shots on target", "position": "621649", "team": "home", "visibility": "visible"}, {"gameTime": "1 - 10:30", "label": "Ball out of play", "position": "630615", "team": "away", "visibility": "visible"}, {"gameTime": "1 - 11:08", "label": "Corner", "position": "668243", "team": "not applicable", "visibility": "visible"}, {"gameTime": "1 - 11:24", "label": "Ball out of play", "position": "684407", "team": "home", "visibility": "visible"}, {"gameTime": "1 - 11:44", "label": "Throw-in", "position": "704711", "team": "not applicable", "visibility": "visible"}, {"gameTime": "1 - 11:51", "label": "Shots off target", "position": "711355", "team": "home", "visibility": "not shown"}, {"gameTime": "1 - 12:02", "label": "Ball out of play", "position": "722017", "team": "home", "visibility": "visible"}, {"gameTime": "1 - 12:44", "label": "Corner", "position": "764794", "team": "not applicable", "visibility": "visible"}, {"gameTime": "1 - 13:09", "label": "Foul", "position": "789370", "team": "home", "visibility": "visible"}, {"gameTime": "1 - 13:19", "label": "Direct free-kick", "position": "799578", "team": "away", "visibility": "visible"}, {"gameTime": "1 - 13:57", "label": "Ball out of play", "position": "837812", "team": "home", "visibility": "visible"}, {"gameTime": "1 - 14:15", "label": "Corner", "position": "855748", "team": "not applicable", "visibility": "visible"}, {"gameTime": "1 - 14:46", "label": "Foul", "position": "886234", "team": "away", "visibility": "visible"}, {"gameTime": "1 - 15:28", "label": "Indirect free-kick", "position": "928513", "team": "away", "visibility": "visible"}, {"gameTime": "1 - 15:40", "label": "Foul", "position": "940249", "team": "home", "visibility": "visible"}, {"gameTime": "1 - 16:17", "label": "Indirect free-kick", "position": "977861", "team": "away", "visibility": "visible"}, {"gameTime": "1 - 16:36", "label": "Ball out of play", "position": "996511", "team": "home", "visibility": "not shown"}, {"gameTime": "1 - 17:40", "label": "Throw-in", "position": "1060215", "team": "not applicable", "visibility": "visible"}, {"gameTime": "1 - 17:43", "label": "Shots off target", "position": "1063695", "team": "home", "visibility": "not shown"}, {"gameTime": "1 - 17:57", "label": "Ball out of play", "position": "1077449", "team": "home", "visibility": "visible"}, {"gameTime": "1 - 18:02", "label": "Clearance", "position": "1082633", "team": "not applicable", "visibility": "visible"}, {"gameTime": "1 - 18:29", "label": "Shots on target", "position": "1109836", "team": "away", "visibility": "visible"}, {"gameTime": "1 - 19:32", "label": "Shots off target", "position": "1172189", "team": "home", "visibility": "visible"}, {"gameTime": "1 - 19:48", "label": "Ball out of play", "position": "1188079", "team": "home", "visibility": "visible"}, {"gameTime": "1 - 19:49", "label": "Corner", "position": "1189133", "team": "not applicable", "visibility": "visible"}, {"gameTime": "1 - 20:16", "label": "Foul", "position": "1216069", "team": "home", "visibility": "visible"}, {"gameTime": "1 - 20:56", "label": "Indirect free-kick", "position": "1256042", "team": "home", "visibility": "visible"}, {"gameTime": "1 - 21:09", "label": "Offside", "position": "1269188", "team": "away", "visibility": "not shown"}, {"gameTime": "1 - 21:20", "label": "Indirect free-kick", "position": "1280853", "team": "away", "visibility": "visible"}, {"gameTime": "1 - 21:32", "label": "Shots off target", "position": "1292612", "team": "home", "visibility": "not shown"}, {"gameTime": "1 - 21:54", "label": "Shots on target", "position": "1314280", "team": "home", "visibility": "visible"}, {"gameTime": "1 - 21:59", "label": "Goal", "position": "1319339", "team": "home", "visibility": "visible"}, {"gameTime": "1 - 22:00", "label": "Kick-off", "position": "1320176", "team": "home", "visibility": "visible"}, {"gameTime": "1 - 22:52", "label": "Ball out of play", "position": "1372305", "team": "away", "visibility": "not shown"}, {"gameTime": "1 - 23:18", "label": "Throw-in", "position": "1398577", "team": "not applicable", "visibility": "visible"}, {"gameTime": "1 - 23:25", "label": "Foul", "position": "1405697", "team": "home", "visibility": "visible"}, {"gameTime": "1 - 23:46", "label": "Direct free-kick", "position": "1426623", "team": "away", "visibility": "visible"}, {"gameTime": "1 - 24:28", "label": "Shots on target", "position": "1468065", "team": "home", "visibility": "visible"}, {"gameTime": "1 - 24:28", "label": "Foul", "position": "1468065", "team": "home", "visibility": "visible"}, {"gameTime": "1 - 24:53", "label": "Indirect free-kick", "position": "1493107", "team": "away", "visibility": "visible"}, {"gameTime": "1 - 25:07", "label": "Foul", "position": "1507053", "team": "home", "visibility": "not shown"}, {"gameTime": "1 - 26:42", "label": "Indirect free-kick", "position": "1602807", "team": "home", "visibility": "visible"}, {"gameTime": "1 - 26:46", "label": "Ball out of play", "position": "1606781", "team": "away", "visibility": "visible"}, {"gameTime": "1 - 27:34", "label": "Throw-in", "position": "1654421", "team": "not applicable", "visibility": "visible"}, {"gameTime": "1 - 27:38", "label": "Ball out of play", "position": "1658145", "team": "away", "visibility": "not shown"}, {"gameTime": "1 - 28:12", "label": "Clearance", "position": "1692231", "team": "not applicable", "visibility": "visible"}, {"gameTime": "1 - 28:17", "label": "Ball out of play", "position": "1697729", "team": "home", "visibility": "visible"}, {"gameTime": "1 - 28:35", "label": "Corner", "position": "1715645", "team": "not applicable", "visibility": "visible"}, {"gameTime": "1 - 29:03", "label": "Ball out of play", "position": "1743045", "team": "home", "visibility": "visible"}, {"gameTime": "1 - 29:05", "label": "Clearance", "position": "1745623", "team": "not applicable", "visibility": "visible"}, {"gameTime": "1 - 29:32", "label": "Shots off target", "position": "1772549", "team": "away", "visibility": "visible"}, {"gameTime": "1 - 29:57", "label": "Clearance", "position": "1797525", "team": "away", "visibility": "visible"}, {"gameTime": "1 - 30:23", "label": "Foul", "position": "1823501", "team": "home", "visibility": "visible"}, {"gameTime": "1 - 30:45", "label": "Indirect free-kick", "position": "1845562", "team": "home", "visibility": "visible"}, {"gameTime": "1 - 31:15", "label": "Ball out of play", "position": "1875232", "team": "away", "visibility": "visible"}, {"gameTime": "1 - 31:30", "label": "Throw-in", "position": "1890164", "team": "not applicable", "visibility": "visible"}, {"gameTime": "1 - 31:40", "label": "Ball out of play", "position": "1900308", "team": "away", "visibility": "visible"}, {"gameTime": "1 - 31:53", "label": "Throw-in", "position": "1913970", "team": "not applicable", "visibility": "visible"}, {"gameTime": "1 - 32:08", "label": "Foul", "position": "1928546", "team": "home", "visibility": "visible"}, {"gameTime": "1 - 32:31", "label": "Indirect free-kick", "position": "1951784", "team": "away", "visibility": "visible"}, {"gameTime": "1 - 32:35", "label": "Foul", "position": "1955597", "team": "home", "visibility": "not shown"}, {"gameTime": "1 - 33:10", "label": "Indirect free-kick", "position": "1990585", "team": "away", "visibility": "visible"}, {"gameTime": "1 - 33:16", "label": "Ball out of play", "position": "1996815", "team": "home", "visibility": "not shown"}, {"gameTime": "1 - 34:12", "label": "Throw-in", "position": "2052999", "team": "not applicable", "visibility": "visible"}, {"gameTime": "1 - 34:18", "label": "Foul", "position": "2058876", "team": "home", "visibility": "visible"}, {"gameTime": "1 - 34:22", "label": "Indirect free-kick", "position": "2062097", "team": "away", "visibility": "visible"}, {"gameTime": "1 - 34:33", "label": "Ball out of play", "position": "2073487", "team": "home", "visibility": "not shown"}, {"gameTime": "1 - 35:34", "label": "Clearance", "position": "2134592", "team": "not applicable", "visibility": "visible"}, {"gameTime": "1 - 35:47", "label": "Ball out of play", "position": "2147956", "team": "away", "visibility": "not shown"}, {"gameTime": "1 - 36:21", "label": "Throw-in", "position": "2181285", "team": "not applicable", "visibility": "visible"}, {"gameTime": "1 - 36:32", "label": "Ball out of play", "position": "2192933", "team": "home", "visibility": "visible"}, {"gameTime": "1 - 36:37", "label": "Throw-in", "position": "2197247", "team": "not applicable", "visibility": "visible"}, {"gameTime": "1 - 36:44", "label": "Foul", "position": "2204973", "team": "home", "visibility": "visible"}, {"gameTime": "1 - 36:56", "label": "Indirect free-kick", "position": "2216660", "team": "home", "visibility": "visible"}, {"gameTime": "1 - 37:15", "label": "Foul", "position": "2235913", "team": "away", "visibility": "not shown"}, {"gameTime": "1 - 37:40", "label": "Indirect free-kick", "position": "2260269", "team": "home", "visibility": "visible"}, {"gameTime": "1 - 38:05", "label": "Ball out of play", "position": "2285084", "team": "away", "visibility": "not shown"}, {"gameTime": "1 - 40:39", "label": "Throw-in", "position": "2439993", "team": "not applicable", "visibility": "visible"}, {"gameTime": "1 - 40:56", "label": "Ball out of play", "position": "2456037", "team": "home", "visibility": "not shown"}, {"gameTime": "1 - 41:23", "label": "Throw-in", "position": "2483841", "team": "not applicable", "visibility": "visible"}, {"gameTime": "1 - 41:28", "label": "Ball out of play", "position": "2488301", "team": "home", "visibility": "not shown"}, {"gameTime": "1 - 42:09", "label": "Corner", "position": "2529012", "team": "not applicable", "visibility": "visible"}, {"gameTime": "1 - 42:37", "label": "Ball out of play", "position": "2557978", "team": "home", "visibility": "visible"}, {"gameTime": "1 - 43:17", "label": "Corner", "position": "2597498", "team": "not applicable", "visibility": "visible"}, {"gameTime": "1 - 43:47", "label": "Foul", "position": "2627096", "team": "away", "visibility": "visible"}, {"gameTime": "1 - 44:22", "label": "Yellow card", "position": "2662026", "team": "away", "visibility": "visible"}, {"gameTime": "1 - 44:26", "label": "Indirect free-kick", "position": "2666186", "team": "away", "visibility": "visible"}, {"gameTime": "1 - 44:46", "label": "Indirect free-kick", "position": "2686469", "team": "home", "visibility": "visible"}, {"gameTime": "2 - 00:00", "label": "Foul", "position": "0", "team": "away", "visibility": "not shown"}, {"gameTime": "2 - 00:16", "label": "Indirect free-kick", "position": "16839", "team": "away", "visibility": "visible"}, {"gameTime": "2 - 00:29", "label": "Foul", "position": "29802", "team": "home", "visibility": "not shown"}, {"gameTime": "2 - 02:13", "label": "Yellow card", "position": "133052", "team": "home", "visibility": "visible"}, {"gameTime": "2 - 02:34", "label": "Indirect free-kick", "position": "154000", "team": "home", "visibility": "visible"}, {"gameTime": "2 - 02:42", "label": "Shots off target", "position": "162672", "team": "away", "visibility": "visible"}, {"gameTime": "2 - 03:02", "label": "Shots on target", "position": "182082", "team": "away", "visibility": "visible"}, {"gameTime": "2 - 03:21", "label": "Ball out of play", "position": "201027", "team": "away", "visibility": "visible"}, {"gameTime": "2 - 03:23", "label": "Corner", "position": "203065", "team": "not applicable", "visibility": "visible"}, {"gameTime": "2 - 03:52", "label": "Offside", "position": "232356", "team": "away", "visibility": "visible"}, {"gameTime": "2 - 04:11", "label": "Indirect free-kick", "position": "251382", "team": "home", "visibility": "visible"}, {"gameTime": "2 - 05:43", "label": "Ball out of play", "position": "343059", "team": "away", "visibility": "visible"}, {"gameTime": "2 - 06:13", "label": "Corner", "position": "373144", "team": "not applicable", "visibility": "visible"}, {"gameTime": "2 - 06:33", "label": "Shots on target", "position": "393693", "team": "away", "visibility": "not shown"}, {"gameTime": "2 - 06:40", "label": "Foul", "position": "400111", "team": "away", "visibility": "visible"}, {"gameTime": "2 - 06:40", "label": "Indirect free-kick", "position": "400385", "team": "away", "visibility": "visible"}, {"gameTime": "2 - 06:57", "label": "Ball out of play", "position": "417271", "team": "home", "visibility": "not shown"}, {"gameTime": "2 - 08:20", "label": "Throw-in", "position": "500454", "team": "not applicable", "visibility": "visible"}, {"gameTime": "2 - 08:26", "label": "Shots on target", "position": "506689", "team": "home", "visibility": "not shown"}, {"gameTime": "2 - 09:42", "label": "Ball out of play", "position": "582829", "team": "away", "visibility": "visible"}, {"gameTime": "2 - 11:14", "label": "Throw-in", "position": "674775", "team": "not applicable", "visibility": "visible"}, {"gameTime": "2 - 11:26", "label": "Shots off target", "position": "686613", "team": "away", "visibility": "visible"}, {"gameTime": "2 - 11:51", "label": "Foul", "position": "711103", "team": "away", "visibility": "visible"}, {"gameTime": "2 - 15:22", "label": "Yellow card", "position": "922273", "team": "away", "visibility": "visible"}, {"gameTime": "2 - 15:42", "label": "Shots off target", "position": "942200", "team": "away", "visibility": "visible"}, {"gameTime": "2 - 16:33", "label": "Direct free-kick", "position": "993139", "team": "home", "visibility": "visible"}, {"gameTime": "2 - 16:33", "label": "Ball out of play", "position": "993139", "team": "home", "visibility": "visible"}, {"gameTime": "2 - 16:33", "label": "Clearance", "position": "993775", "team": "not applicable", "visibility": "visible"}, {"gameTime": "2 - 17:03", "label": "Ball out of play", "position": "1023079", "team": "away", "visibility": "visible"}, {"gameTime": "2 - 17:48", "label": "Clearance", "position": "1068575", "team": "not applicable", "visibility": "visible"}, {"gameTime": "2 - 18:17", "label": "Offside", "position": "1097479", "team": "away", "visibility": "visible"}, {"gameTime": "2 - 19:00", "label": "Indirect free-kick", "position": "1140565", "team": "away", "visibility": "visible"}, {"gameTime": "2 - 19:09", "label": "Substitution", "position": "1149834", "team": "home", "visibility": "not shown"}, {"gameTime": "2 - 19:41", "label": "Shots on target", "position": "1181520", "team": "away", "visibility": "visible"}, {"gameTime": "2 - 20:38", "label": "Shots on target", "position": "1238689", "team": "home", "visibility": "visible"}, {"gameTime": "2 - 21:09", "label": "Ball out of play", "position": "1269453", "team": "home", "visibility": "visible"}, {"gameTime": "2 - 21:34", "label": "Throw-in", "position": "1294413", "team": "not applicable", "visibility": "visible"}, {"gameTime": "2 - 21:39", "label": "Foul", "position": "1299281", "team": "away", "visibility": "not shown"}, {"gameTime": "2 - 21:44", "label": "Indirect free-kick", "position": "1304795", "team": "home", "visibility": "visible"}, {"gameTime": "2 - 22:21", "label": "Ball out of play", "position": "1341999", "team": "away", "visibility": "visible"}, {"gameTime": "2 - 22:42", "label": "Throw-in", "position": "1362761", "team": "not applicable", "visibility": "visible"}, {"gameTime": "2 - 22:57", "label": "Ball out of play", "position": "1377895", "team": "away", "visibility": "visible"}, {"gameTime": "2 - 23:01", "label": "Throw-in", "position": "1381003", "team": "not applicable", "visibility": "visible"}, {"gameTime": "2 - 23:12", "label": "Ball out of play", "position": "1392467", "team": "away", "visibility": "visible"}, {"gameTime": "2 - 23:18", "label": "Corner", "position": "1398300", "team": "not applicable", "visibility": "visible"}, {"gameTime": "2 - 23:46", "label": "Ball out of play", "position": "1426481", "team": "away", "visibility": "visible"}, {"gameTime": "2 - 23:57", "label": "Clearance", "position": "1437049", "team": "not applicable", "visibility": "visible"}, {"gameTime": "2 - 24:16", "label": "Foul", "position": "1456597", "team": "home", "visibility": "not shown"}, {"gameTime": "2 - 24:38", "label": "Indirect free-kick", "position": "1478497", "team": "away", "visibility": "visible"}, {"gameTime": "2 - 24:48", "label": "Substitution", "position": "1488383", "team": "home", "visibility": "not shown"}, {"gameTime": "2 - 25:11", "label": "Offside", "position": "1511989", "team": "home", "visibility": "visible"}, {"gameTime": "2 - 25:16", "label": "Substitution", "position": "1516864", "team": "home", "visibility": "visible"}, {"gameTime": "2 - 25:35", "label": "Indirect free-kick", "position": "1535520", "team": "home", "visibility": "visible"}, {"gameTime": "2 - 25:52", "label": "Offside", "position": "1552064", "team": "away", "visibility": "visible"}, {"gameTime": "2 - 25:55", "label": "Indirect free-kick", "position": "1555374", "team": "away", "visibility": "visible"}, {"gameTime": "2 - 26:04", "label": "Foul", "position": "1564349", "team": "home", "visibility": "not shown"}, {"gameTime": "2 - 26:35", "label": "Indirect free-kick", "position": "1595905", "team": "away", "visibility": "visible"}, {"gameTime": "2 - 26:47", "label": "Shots off target", "position": "1607141", "team": "home", "visibility": "visible"}, {"gameTime": "2 - 26:55", "label": "Throw-in", "position": "1615925", "team": "away", "visibility": "visible"}, {"gameTime": "2 - 27:07", "label": "Shots on target", "position": "1627403", "team": "away", "visibility": "visible"}, {"gameTime": "2 - 27:15", "label": "Goal", "position": "1635917", "team": "home", "visibility": "visible"}, {"gameTime": "2 - 27:17", "label": "Kick-off", "position": "1637000", "team": "home", "visibility": "visible"}, {"gameTime": "2 - 28:13", "label": "Foul", "position": "1693222", "team": "away", "visibility": "not shown"}, {"gameTime": "2 - 28:22", "label": "Indirect free-kick", "position": "1702782", "team": "home", "visibility": "not shown"}, {"gameTime": "2 - 28:26", "label": "Ball out of play", "position": "1706696", "team": "away", "visibility": "visible"}, {"gameTime": "2 - 31:47", "label": "Throw-in", "position": "1907608", "team": "not applicable", "visibility": "visible"}, {"gameTime": "2 - 32:07", "label": "Foul", "position": "1927234", "team": "away", "visibility": "visible"}, {"gameTime": "2 - 32:40", "label": "Yellow card", "position": "1960637", "team": "home", "visibility": "visible"}, {"gameTime": "2 - 32:44", "label": "Substitution", "position": "1964680", "team": "home", "visibility": "visible"}, {"gameTime": "2 - 33:52", "label": "Shots off target", "position": "2032640", "team": "away", "visibility": "visible"}, {"gameTime": "2 - 34:07", "label": "Direct free-kick", "position": "2047182", "team": "away", "visibility": "visible"}, {"gameTime": "2 - 34:07", "label": "Ball out of play", "position": "2047182", "team": "away", "visibility": "visible"}, {"gameTime": "2 - 34:07", "label": "Substitution", "position": "2047919", "team": "not applicable", "visibility": "visible"}, {"gameTime": "2 - 34:48", "label": "Clearance", "position": "2088160", "team": "home", "visibility": "visible"}, {"gameTime": "2 - 34:48", "label": "Foul", "position": "2088751", "team": "home", "visibility": "not shown"}, {"gameTime": "2 - 35:06", "label": "Shots on target", "position": "2106621", "team": "home", "visibility": "visible"}, {"gameTime": "2 - 35:59", "label": "Direct free-kick", "position": "2159975", "team": "away", "visibility": "visible"}, {"gameTime": "2 - 35:59", "label": "Shots off target", "position": "2159975", "team": "away", "visibility": "visible"}, {"gameTime": "2 - 36:25", "label": "Ball out of play", "position": "2185822", "team": "home", "visibility": "visible"}, {"gameTime": "2 - 36:26", "label": "Clearance", "position": "2186541", "team": "not applicable", "visibility": "visible"}, {"gameTime": "2 - 36:43", "label": "Foul", "position": "2203704", "team": "away", "visibility": "not shown"}, {"gameTime": "2 - 37:34", "label": "Yellow card", "position": "2254864", "team": "away", "visibility": "visible"}, {"gameTime": "2 - 37:41", "label": "Shots on target", "position": "2261600", "team": "away", "visibility": "visible"}, {"gameTime": "2 - 38:34", "label": "Direct free-kick", "position": "2314532", "team": "home", "visibility": "visible"}, {"gameTime": "2 - 38:34", "label": "Ball out of play", "position": "2314532", "team": "home", "visibility": "visible"}, {"gameTime": "2 - 38:39", "label": "Substitution", "position": "2319709", "team": "not applicable", "visibility": "visible"}, {"gameTime": "2 - 39:00", "label": "Throw-in", "position": "2340000", "team": "away", "visibility": "visible"}, {"gameTime": "2 - 39:08", "label": "Foul", "position": "2348424", "team": "home", "visibility": "visible"}, {"gameTime": "2 - 39:41", "label": "Indirect free-kick", "position": "2381036", "team": "away", "visibility": "visible"}, {"gameTime": "2 - 39:53", "label": "Offside", "position": "2393634", "team": "home", "visibility": "visible"}, {"gameTime": "2 - 40:04", "label": "Substitution", "position": "2404834", "team": "home", "visibility": "visible"}, {"gameTime": "2 - 40:37", "label": "Substitution", "position": "2437600", "team": "home", "visibility": "visible"}, {"gameTime": "2 - 40:37", "label": "Indirect free-kick", "position": "2437600", "team": "home", "visibility": "visible"}, {"gameTime": "2 - 40:42", "label": "Ball out of play", "position": "2442010", "team": "away", "visibility": "not shown"}, {"gameTime": "2 - 40:59", "label": "Throw-in", "position": "2459184", "team": "not applicable", "visibility": "visible"}, {"gameTime": "2 - 41:18", "label": "Shots off target", "position": "2478376", "team": "home", "visibility": "not shown"}, {"gameTime": "2 - 41:46", "label": "Ball out of play", "position": "2506314", "team": "home", "visibility": "visible"}, {"gameTime": "2 - 41:46", "label": "Clearance", "position": "2506696", "team": "not applicable", "visibility": "visible"}, {"gameTime": "2 - 42:05", "label": "Ball out of play", "position": "2525400", "team": "away", "visibility": "not shown"}, {"gameTime": "2 - 42:22", "label": "Throw-in", "position": "2542562", "team": "not applicable", "visibility": "visible"}, {"gameTime": "2 - 42:23", "label": "Foul", "position": "2543576", "team": "away", "visibility": "visible"}, {"gameTime": "2 - 43:13", "label": "Yellow card", "position": "2593606", "team": "away", "visibility": "visible"}, {"gameTime": "2 - 43:18", "label": "Indirect free-kick", "position": "2598120", "team": "away", "visibility": "visible"}, {"gameTime": "2 - 44:36", "label": "Ball out of play", "position": "2676432", "team": "home", "visibility": "not shown"}, {"gameTime": "2 - 44:55", "label": "Ball out of play", "position": "2695858", "team": "not applicable", "visibility": "visible"}], "gameAwayTeam": "Dep. La Coruna", "gameDate": "14/02/2015 - 20:00", "gameHomeTeam": "Real Madrid", "gameScore": "2 - 0"}