{"UrlLocal": "spain_laliga/2014-2015/2015-05-17 - 20-00 Atl. Madrid 0 - 1 Barcelona/", "UrlYoutube": "", "annotations": [{"gameTime": "1 - 00:00", "label": "Ball out of play", "position": "0", "team": "home", "visibility": "visible"}, {"gameTime": "1 - 00:42", "label": "Throw-in", "position": "42522", "team": "not applicable", "visibility": "visible"}, {"gameTime": "1 - 00:50", "label": "Foul", "position": "50896", "team": "away", "visibility": "not shown"}, {"gameTime": "1 - 01:15", "label": "Indirect free-kick", "position": "75344", "team": "home", "visibility": "visible"}, {"gameTime": "1 - 01:33", "label": "Ball out of play", "position": "93324", "team": "away", "visibility": "not shown"}, {"gameTime": "1 - 02:58", "label": "Corner", "position": "178668", "team": "not applicable", "visibility": "visible"}, {"gameTime": "1 - 03:26", "label": "Ball out of play", "position": "206704", "team": "away", "visibility": "not shown"}, {"gameTime": "1 - 03:38", "label": "Throw-in", "position": "218872", "team": "not applicable", "visibility": "visible"}, {"gameTime": "1 - 03:42", "label": "Foul", "position": "222072", "team": "away", "visibility": "not shown"}, {"gameTime": "1 - 05:12", "label": "Indirect free-kick", "position": "312668", "team": "home", "visibility": "visible"}, {"gameTime": "1 - 05:16", "label": "Foul", "position": "316902", "team": "away", "visibility": "visible"}, {"gameTime": "1 - 05:34", "label": "Indirect free-kick", "position": "334620", "team": "away", "visibility": "visible"}, {"gameTime": "1 - 06:11", "label": "Ball out of play", "position": "371660", "team": "home", "visibility": "visible"}, {"gameTime": "1 - 06:15", "label": "Corner", "position": "375910", "team": "not applicable", "visibility": "visible"}, {"gameTime": "1 - 06:34", "label": "Ball out of play", "position": "394280", "team": "home", "visibility": "visible"}, {"gameTime": "1 - 06:55", "label": "Corner", "position": "415410", "team": "not applicable", "visibility": "visible"}, {"gameTime": "1 - 07:20", "label": "Shots on target", "position": "440852", "team": "home", "visibility": "visible"}, {"gameTime": "1 - 07:22", "label": "Ball out of play", "position": "442115", "team": "home", "visibility": "visible"}, {"gameTime": "1 - 07:31", "label": "Clearance", "position": "451822", "team": "not applicable", "visibility": "visible"}, {"gameTime": "1 - 07:59", "label": "Ball out of play", "position": "479593", "team": "away", "visibility": "visible"}, {"gameTime": "1 - 08:12", "label": "Throw-in", "position": "492437", "team": "not applicable", "visibility": "visible"}, {"gameTime": "1 - 08:25", "label": "Ball out of play", "position": "505115", "team": "home", "visibility": "not shown"}, {"gameTime": "1 - 08:35", "label": "Throw-in", "position": "515461", "team": "not applicable", "visibility": "visible"}, {"gameTime": "1 - 08:48", "label": "Ball out of play", "position": "528979", "team": "home", "visibility": "visible"}, {"gameTime": "1 - 08:55", "label": "Corner", "position": "535011", "team": "not applicable", "visibility": "visible"}, {"gameTime": "1 - 09:21", "label": "Offside", "position": "561793", "team": "home", "visibility": "visible"}, {"gameTime": "1 - 09:24", "label": "Indirect free-kick", "position": "564497", "team": "home", "visibility": "visible"}, {"gameTime": "1 - 09:43", "label": "Ball out of play", "position": "583358", "team": "away", "visibility": "not shown"}, {"gameTime": "1 - 09:59", "label": "Throw-in", "position": "599990", "team": "not applicable", "visibility": "visible"}, {"gameTime": "1 - 10:17", "label": "Ball out of play", "position": "617072", "team": "away", "visibility": "visible"}, {"gameTime": "1 - 10:21", "label": "Throw-in", "position": "621096", "team": "not applicable", "visibility": "visible"}, {"gameTime": "1 - 10:34", "label": "Shots on target", "position": "634174", "team": "away", "visibility": "not shown"}, {"gameTime": "1 - 11:14", "label": "Shots on target", "position": "674962", "team": "away", "visibility": "visible"}, {"gameTime": "1 - 12:43", "label": "Ball out of play", "position": "763578", "team": "away", "visibility": "visible"}, {"gameTime": "1 - 13:08", "label": "Throw-in", "position": "788742", "team": "not applicable", "visibility": "visible"}, {"gameTime": "1 - 13:16", "label": "Shots on target", "position": "796600", "team": "away", "visibility": "not shown"}, {"gameTime": "1 - 13:41", "label": "Ball out of play", "position": "821908", "team": "away", "visibility": "visible"}, {"gameTime": "1 - 15:43", "label": "Clearance", "position": "943093", "team": "not applicable", "visibility": "visible"}, {"gameTime": "1 - 16:06", "label": "Ball out of play", "position": "966559", "team": "home", "visibility": "visible"}, {"gameTime": "1 - 16:55", "label": "Throw-in", "position": "1015207", "team": "not applicable", "visibility": "visible"}, {"gameTime": "1 - 17:09", "label": "Shots off target", "position": "1029725", "team": "away", "visibility": "visible"}, {"gameTime": "1 - 17:41", "label": "Ball out of play", "position": "1061770", "team": "away", "visibility": "visible"}, {"gameTime": "1 - 17:42", "label": "Clearance", "position": "1062582", "team": "not applicable", "visibility": "visible"}, {"gameTime": "1 - 18:09", "label": "Ball out of play", "position": "1089634", "team": "home", "visibility": "visible"}, {"gameTime": "1 - 18:35", "label": "Throw-in", "position": "1115250", "team": "not applicable", "visibility": "visible"}, {"gameTime": "1 - 18:51", "label": "Ball out of play", "position": "1131784", "team": "home", "visibility": "visible"}, {"gameTime": "1 - 19:09", "label": "Clearance", "position": "1149162", "team": "not applicable", "visibility": "visible"}, {"gameTime": "1 - 19:30", "label": "Ball out of play", "position": "1170425", "team": "home", "visibility": "not shown"}, {"gameTime": "1 - 19:46", "label": "Throw-in", "position": "1186090", "team": "not applicable", "visibility": "visible"}, {"gameTime": "1 - 19:53", "label": "Foul", "position": "1193150", "team": "away", "visibility": "visible"}, {"gameTime": "1 - 19:55", "label": "Indirect free-kick", "position": "1195136", "team": "away", "visibility": "visible"}, {"gameTime": "1 - 20:29", "label": "Ball out of play", "position": "1229198", "team": "home", "visibility": "visible"}, {"gameTime": "1 - 20:38", "label": "Throw-in", "position": "1238550", "team": "not applicable", "visibility": "visible"}, {"gameTime": "1 - 20:49", "label": "Foul", "position": "1249938", "team": "away", "visibility": "visible"}, {"gameTime": "1 - 21:36", "label": "Indirect free-kick", "position": "1296942", "team": "home", "visibility": "visible"}, {"gameTime": "1 - 21:54", "label": "Ball out of play", "position": "1314706", "team": "away", "visibility": "not shown"}, {"gameTime": "1 - 22:04", "label": "Throw-in", "position": "1324006", "team": "not applicable", "visibility": "visible"}, {"gameTime": "1 - 22:10", "label": "Foul", "position": "1330266", "team": "away", "visibility": "visible"}, {"gameTime": "1 - 23:11", "label": "Indirect free-kick", "position": "1391358", "team": "home", "visibility": "visible"}, {"gameTime": "1 - 23:42", "label": "Ball out of play", "position": "1422234", "team": "away", "visibility": "visible"}, {"gameTime": "1 - 24:04", "label": "Throw-in", "position": "1444614", "team": "not applicable", "visibility": "visible"}, {"gameTime": "1 - 24:17", "label": "Ball out of play", "position": "1457050", "team": "home", "visibility": "visible"}, {"gameTime": "1 - 24:21", "label": "Throw-in", "position": "1461380", "team": "not applicable", "visibility": "visible"}, {"gameTime": "1 - 24:26", "label": "Foul", "position": "1466934", "team": "away", "visibility": "not shown"}, {"gameTime": "1 - 24:30", "label": "Indirect free-kick", "position": "1470872", "team": "home", "visibility": "visible"}, {"gameTime": "1 - 24:51", "label": "Shots off target", "position": "1491708", "team": "away", "visibility": "visible"}, {"gameTime": "1 - 25:21", "label": "Ball out of play", "position": "1521396", "team": "home", "visibility": "visible"}, {"gameTime": "1 - 25:22", "label": "Clearance", "position": "1522466", "team": "not applicable", "visibility": "visible"}, {"gameTime": "1 - 25:36", "label": "Foul", "position": "1536894", "team": "away", "visibility": "not shown"}, {"gameTime": "1 - 25:59", "label": "Indirect free-kick", "position": "1559934", "team": "away", "visibility": "visible"}, {"gameTime": "1 - 26:35", "label": "Ball out of play", "position": "1595544", "team": "home", "visibility": "visible"}, {"gameTime": "1 - 26:56", "label": "Throw-in", "position": "1616450", "team": "not applicable", "visibility": "visible"}, {"gameTime": "1 - 27:19", "label": "Ball out of play", "position": "1639262", "team": "home", "visibility": "visible"}, {"gameTime": "1 - 27:32", "label": "Corner", "position": "1652016", "team": "not applicable", "visibility": "visible"}, {"gameTime": "1 - 27:54", "label": "Foul", "position": "1674762", "team": "home", "visibility": "visible"}, {"gameTime": "1 - 27:58", "label": "Indirect free-kick", "position": "1678440", "team": "home", "visibility": "visible"}, {"gameTime": "1 - 28:21", "label": "Foul", "position": "1701858", "team": "away", "visibility": "visible"}, {"gameTime": "1 - 28:49", "label": "Yellow card", "position": "1729526", "team": "away", "visibility": "visible"}, {"gameTime": "1 - 28:57", "label": "Indirect free-kick", "position": "1737155", "team": "away", "visibility": "visible"}, {"gameTime": "1 - 29:30", "label": "Ball out of play", "position": "1770630", "team": "home", "visibility": "visible"}, {"gameTime": "1 - 29:34", "label": "Throw-in", "position": "1774670", "team": "not applicable", "visibility": "visible"}, {"gameTime": "1 - 29:48", "label": "Foul", "position": "1788954", "team": "home", "visibility": "visible"}, {"gameTime": "1 - 30:01", "label": "Indirect free-kick", "position": "1801338", "team": "home", "visibility": "visible"}, {"gameTime": "1 - 30:15", "label": "Foul", "position": "1815136", "team": "away", "visibility": "not shown"}, {"gameTime": "1 - 30:48", "label": "Yellow card", "position": "1848938", "team": "home", "visibility": "visible"}, {"gameTime": "1 - 30:58", "label": "Direct free-kick", "position": "1858927", "team": "home", "visibility": "visible"}, {"gameTime": "1 - 33:00", "label": "Shots off target", "position": "1980668", "team": "away", "visibility": "visible"}, {"gameTime": "1 - 33:00", "label": "Ball out of play", "position": "1980668", "team": "away", "visibility": "visible"}, {"gameTime": "1 - 33:01", "label": "Clearance", "position": "1981514", "team": "not applicable", "visibility": "visible"}, {"gameTime": "1 - 33:37", "label": "Foul", "position": "2017194", "team": "home", "visibility": "not shown"}, {"gameTime": "1 - 33:52", "label": "Indirect free-kick", "position": "2032390", "team": "home", "visibility": "visible"}, {"gameTime": "1 - 34:12", "label": "Ball out of play", "position": "2052806", "team": "away", "visibility": "visible"}, {"gameTime": "1 - 35:44", "label": "Throw-in", "position": "2144822", "team": "not applicable", "visibility": "visible"}, {"gameTime": "1 - 35:56", "label": "Shots off target", "position": "2156108", "team": "away", "visibility": "visible"}, {"gameTime": "1 - 37:35", "label": "Ball out of play", "position": "2255425", "team": "away", "visibility": "visible"}, {"gameTime": "1 - 37:37", "label": "Clearance", "position": "2257103", "team": "not applicable", "visibility": "visible"}, {"gameTime": "1 - 38:01", "label": "Ball out of play", "position": "2281039", "team": "home", "visibility": "not shown"}, {"gameTime": "1 - 38:54", "label": "Throw-in", "position": "2334049", "team": "not applicable", "visibility": "visible"}, {"gameTime": "1 - 39:07", "label": "Ball out of play", "position": "2347233", "team": "home", "visibility": "visible"}, {"gameTime": "1 - 41:41", "label": "Throw-in", "position": "2501085", "team": "not applicable", "visibility": "visible"}, {"gameTime": "1 - 41:55", "label": "Ball out of play", "position": "2515719", "team": "away", "visibility": "not shown"}, {"gameTime": "1 - 42:06", "label": "Throw-in", "position": "2526119", "team": "not applicable", "visibility": "visible"}, {"gameTime": "1 - 42:16", "label": "Ball out of play", "position": "2536145", "team": "away", "visibility": "visible"}, {"gameTime": "1 - 43:29", "label": "Throw-in", "position": "2609663", "team": "not applicable", "visibility": "visible"}, {"gameTime": "1 - 43:39", "label": "Shots on target", "position": "2619803", "team": "away", "visibility": "visible"}, {"gameTime": "1 - 44:31", "label": "Ball out of play", "position": "2671335", "team": "away", "visibility": "visible"}, {"gameTime": "1 - 44:32", "label": "Ball out of play", "position": "2672570", "team": "not applicable", "visibility": "visible"}, {"gameTime": "2 - 00:00", "label": "Ball out of play", "position": "0", "team": "away", "visibility": "not shown"}, {"gameTime": "2 - 00:42", "label": "Corner", "position": "42486", "team": "not applicable", "visibility": "visible"}, {"gameTime": "2 - 01:12", "label": "Shots off target", "position": "72234", "team": "away", "visibility": "visible"}, {"gameTime": "2 - 01:15", "label": "Ball out of play", "position": "75242", "team": "away", "visibility": "visible"}, {"gameTime": "2 - 01:15", "label": "Corner", "position": "75942", "team": "not applicable", "visibility": "visible"}, {"gameTime": "2 - 01:35", "label": "Ball out of play", "position": "95704", "team": "away", "visibility": "not shown"}, {"gameTime": "2 - 01:48", "label": "Clearance", "position": "108026", "team": "not applicable", "visibility": "visible"}, {"gameTime": "2 - 02:13", "label": "Foul", "position": "133266", "team": "home", "visibility": "visible"}, {"gameTime": "2 - 02:28", "label": "Indirect free-kick", "position": "148192", "team": "home", "visibility": "visible"}, {"gameTime": "2 - 02:45", "label": "Foul", "position": "165616", "team": "away", "visibility": "not shown"}, {"gameTime": "2 - 03:40", "label": "Shots off target", "position": "220620", "team": "home", "visibility": "visible"}, {"gameTime": "2 - 03:40", "label": "Ball out of play", "position": "220634", "team": "home", "visibility": "visible"}, {"gameTime": "2 - 03:41", "label": "Clearance", "position": "221412", "team": "not applicable", "visibility": "visible"}, {"gameTime": "2 - 04:57", "label": "Ball out of play", "position": "297292", "team": "away", "visibility": "visible"}, {"gameTime": "2 - 05:36", "label": "Throw-in", "position": "336578", "team": "not applicable", "visibility": "visible"}, {"gameTime": "2 - 05:43", "label": "Ball out of play", "position": "343594", "team": "home", "visibility": "visible"}, {"gameTime": "2 - 05:52", "label": "Corner", "position": "352470", "team": "not applicable", "visibility": "visible"}, {"gameTime": "2 - 06:11", "label": "Ball out of play", "position": "371166", "team": "home", "visibility": "visible"}, {"gameTime": "2 - 06:13", "label": "Clearance", "position": "373422", "team": "not applicable", "visibility": "visible"}, {"gameTime": "2 - 06:34", "label": "Foul", "position": "394283", "team": "away", "visibility": "not shown"}, {"gameTime": "2 - 07:02", "label": "Yellow card", "position": "422163", "team": "home", "visibility": "visible"}, {"gameTime": "2 - 07:08", "label": "Indirect free-kick", "position": "428816", "team": "home", "visibility": "visible"}, {"gameTime": "2 - 07:53", "label": "Foul", "position": "473107", "team": "away", "visibility": "visible"}, {"gameTime": "2 - 08:51", "label": "Indirect free-kick", "position": "531297", "team": "away", "visibility": "visible"}, {"gameTime": "2 - 09:09", "label": "Shots on target", "position": "549583", "team": "home", "visibility": "not shown"}, {"gameTime": "2 - 09:18", "label": "Foul", "position": "558067", "team": "home", "visibility": "visible"}, {"gameTime": "2 - 10:29", "label": "Indirect free-kick", "position": "629667", "team": "home", "visibility": "visible"}, {"gameTime": "2 - 10:52", "label": "Foul", "position": "652709", "team": "away", "visibility": "not shown"}, {"gameTime": "2 - 11:10", "label": "Indirect free-kick", "position": "670027", "team": "away", "visibility": "visible"}, {"gameTime": "2 - 11:41", "label": "Ball out of play", "position": "701567", "team": "home", "visibility": "visible"}, {"gameTime": "2 - 12:07", "label": "Throw-in", "position": "727293", "team": "not applicable", "visibility": "visible"}, {"gameTime": "2 - 12:10", "label": "Foul", "position": "730823", "team": "away", "visibility": "visible"}, {"gameTime": "2 - 12:30", "label": "Indirect free-kick", "position": "750043", "team": "home", "visibility": "visible"}, {"gameTime": "2 - 12:40", "label": "Ball out of play", "position": "760055", "team": "away", "visibility": "not shown"}, {"gameTime": "2 - 12:55", "label": "Corner", "position": "775729", "team": "not applicable", "visibility": "visible"}, {"gameTime": "2 - 13:05", "label": "Offside", "position": "785007", "team": "away", "visibility": "not shown"}, {"gameTime": "2 - 13:07", "label": "Indirect free-kick", "position": "787537", "team": "away", "visibility": "visible"}, {"gameTime": "2 - 13:36", "label": "Ball out of play", "position": "816101", "team": "home", "visibility": "not shown"}, {"gameTime": "2 - 13:39", "label": "Throw-in", "position": "819839", "team": "not applicable", "visibility": "visible"}, {"gameTime": "2 - 13:52", "label": "Ball out of play", "position": "832433", "team": "away", "visibility": "visible"}, {"gameTime": "2 - 14:52", "label": "Throw-in", "position": "892439", "team": "not applicable", "visibility": "visible"}, {"gameTime": "2 - 15:11", "label": "Ball out of play", "position": "911283", "team": "home", "visibility": "visible"}, {"gameTime": "2 - 15:16", "label": "Throw-in", "position": "916087", "team": "not applicable", "visibility": "visible"}, {"gameTime": "2 - 15:23", "label": "Foul", "position": "923645", "team": "away", "visibility": "visible"}, {"gameTime": "2 - 15:52", "label": "Indirect free-kick", "position": "952917", "team": "home", "visibility": "visible"}, {"gameTime": "2 - 16:05", "label": "Ball out of play", "position": "965673", "team": "away", "visibility": "visible"}, {"gameTime": "2 - 16:38", "label": "Throw-in", "position": "998950", "team": "not applicable", "visibility": "visible"}, {"gameTime": "2 - 16:57", "label": "Ball out of play", "position": "1017704", "team": "home", "visibility": "visible"}, {"gameTime": "2 - 17:17", "label": "Throw-in", "position": "1037726", "team": "not applicable", "visibility": "visible"}, {"gameTime": "2 - 17:24", "label": "Foul", "position": "1044926", "team": "away", "visibility": "visible"}, {"gameTime": "2 - 17:42", "label": "Foul", "position": "1062464", "team": "away", "visibility": "visible"}, {"gameTime": "2 - 17:42", "label": "Indirect free-kick", "position": "1062464", "team": "home", "visibility": "visible"}, {"gameTime": "2 - 18:18", "label": "Shots on target", "position": "1098944", "team": "away", "visibility": "not shown"}, {"gameTime": "2 - 19:47", "label": "Goal", "position": "1187832", "team": "away", "visibility": "visible"}, {"gameTime": "2 - 19:48", "label": "Kick-off", "position": "1188560", "team": "away", "visibility": "visible"}, {"gameTime": "2 - 20:57", "label": "Foul", "position": "1257202", "team": "home", "visibility": "not shown"}, {"gameTime": "2 - 21:05", "label": "Indirect free-kick", "position": "1265444", "team": "home", "visibility": "visible"}, {"gameTime": "2 - 21:32", "label": "Foul", "position": "1292782", "team": "away", "visibility": "not shown"}, {"gameTime": "2 - 21:35", "label": "Substitution", "position": "1295132", "team": "home", "visibility": "not shown"}, {"gameTime": "2 - 22:05", "label": "Indirect free-kick", "position": "1325680", "team": "home", "visibility": "visible"}, {"gameTime": "2 - 22:11", "label": "Shots off target", "position": "1331906", "team": "away", "visibility": "not shown"}, {"gameTime": "2 - 23:57", "label": "Ball out of play", "position": "1437318", "team": "away", "visibility": "visible"}, {"gameTime": "2 - 23:57", "label": "Clearance", "position": "1437850", "team": "not applicable", "visibility": "visible"}, {"gameTime": "2 - 24:20", "label": "Ball out of play", "position": "1460664", "team": "home", "visibility": "not shown"}, {"gameTime": "2 - 24:25", "label": "Throw-in", "position": "1465608", "team": "not applicable", "visibility": "visible"}, {"gameTime": "2 - 24:43", "label": "Ball out of play", "position": "1483818", "team": "home", "visibility": "visible"}, {"gameTime": "2 - 24:55", "label": "Throw-in", "position": "1495474", "team": "not applicable", "visibility": "visible"}, {"gameTime": "2 - 24:59", "label": "Shots off target", "position": "1499778", "team": "home", "visibility": "visible"}, {"gameTime": "2 - 25:24", "label": "Ball out of play", "position": "1524384", "team": "away", "visibility": "visible"}, {"gameTime": "2 - 25:24", "label": "Clearance", "position": "1524813", "team": "not applicable", "visibility": "visible"}, {"gameTime": "2 - 25:50", "label": "Shots on target", "position": "1550350", "team": "home", "visibility": "not shown"}, {"gameTime": "2 - 26:16", "label": "Ball out of play", "position": "1576778", "team": "home", "visibility": "not shown"}, {"gameTime": "2 - 26:17", "label": "Substitution", "position": "1577601", "team": "not applicable", "visibility": "visible"}, {"gameTime": "2 - 26:47", "label": "Clearance", "position": "1607000", "team": "home", "visibility": "visible"}, {"gameTime": "2 - 26:54", "label": "Foul", "position": "1614490", "team": "away", "visibility": "visible"}, {"gameTime": "2 - 26:57", "label": "Indirect free-kick", "position": "1617606", "team": "home", "visibility": "visible"}, {"gameTime": "2 - 27:06", "label": "Foul", "position": "1626484", "team": "away", "visibility": "not shown"}, {"gameTime": "2 - 27:19", "label": "Indirect free-kick", "position": "1639898", "team": "home", "visibility": "visible"}, {"gameTime": "2 - 27:45", "label": "Ball out of play", "position": "1665106", "team": "away", "visibility": "visible"}, {"gameTime": "2 - 27:52", "label": "Throw-in", "position": "1672260", "team": "not applicable", "visibility": "visible"}, {"gameTime": "2 - 27:57", "label": "Ball out of play", "position": "1677354", "team": "away", "visibility": "not shown"}, {"gameTime": "2 - 28:40", "label": "Clearance", "position": "1720164", "team": "not applicable", "visibility": "visible"}, {"gameTime": "2 - 29:08", "label": "Ball out of play", "position": "1748206", "team": "away", "visibility": "not shown"}, {"gameTime": "2 - 29:14", "label": "Throw-in", "position": "1754401", "team": "not applicable", "visibility": "visible"}, {"gameTime": "2 - 29:25", "label": "Foul", "position": "1765534", "team": "away", "visibility": "not shown"}, {"gameTime": "2 - 29:30", "label": "Yellow card", "position": "1770426", "team": "home", "visibility": "visible"}, {"gameTime": "2 - 29:37", "label": "Indirect free-kick", "position": "1777160", "team": "home", "visibility": "visible"}, {"gameTime": "2 - 29:54", "label": "Shots off target", "position": "1794580", "team": "away", "visibility": "not shown"}, {"gameTime": "2 - 31:37", "label": "Ball out of play", "position": "1897250", "team": "away", "visibility": "visible"}, {"gameTime": "2 - 31:38", "label": "Clearance", "position": "1898268", "team": "not applicable", "visibility": "visible"}, {"gameTime": "2 - 32:00", "label": "Ball out of play", "position": "1920354", "team": "home", "visibility": "not shown"}, {"gameTime": "2 - 33:27", "label": "Substitution", "position": "2007178", "team": "not applicable", "visibility": "visible"}, {"gameTime": "2 - 34:33", "label": "Substitution", "position": "2073000", "team": "away", "visibility": "visible"}, {"gameTime": "2 - 34:33", "label": "Throw-in", "position": "2073440", "team": "home", "visibility": "visible"}, {"gameTime": "2 - 34:52", "label": "Ball out of play", "position": "2092622", "team": "away", "visibility": "visible"}, {"gameTime": "2 - 35:02", "label": "Throw-in", "position": "2102012", "team": "not applicable", "visibility": "visible"}, {"gameTime": "2 - 35:14", "label": "Ball out of play", "position": "2114142", "team": "home", "visibility": "visible"}, {"gameTime": "2 - 35:26", "label": "Substitution", "position": "2126617", "team": "not applicable", "visibility": "visible"}, {"gameTime": "2 - 36:12", "label": "Throw-in", "position": "2172000", "team": "away", "visibility": "visible"}, {"gameTime": "2 - 36:25", "label": "Ball out of play", "position": "2185210", "team": "away", "visibility": "visible"}, {"gameTime": "2 - 38:27", "label": "Throw-in", "position": "2307842", "team": "not applicable", "visibility": "visible"}, {"gameTime": "2 - 38:36", "label": "Ball out of play", "position": "2316726", "team": "away", "visibility": "visible"}, {"gameTime": "2 - 39:29", "label": "Clearance", "position": "2369410", "team": "not applicable", "visibility": "visible"}, {"gameTime": "2 - 39:47", "label": "Shots on target", "position": "2387030", "team": "away", "visibility": "visible"}, {"gameTime": "2 - 40:14", "label": "Foul", "position": "2414748", "team": "home", "visibility": "visible"}, {"gameTime": "2 - 40:22", "label": "Substitution", "position": "2422970", "team": "home", "visibility": "visible"}, {"gameTime": "2 - 41:11", "label": "Indirect free-kick", "position": "2471200", "team": "away", "visibility": "visible"}, {"gameTime": "2 - 41:18", "label": "Shots on target", "position": "2478416", "team": "away", "visibility": "not shown"}, {"gameTime": "2 - 41:43", "label": "Ball out of play", "position": "2503792", "team": "home", "visibility": "visible"}, {"gameTime": "2 - 41:44", "label": "Corner", "position": "2504746", "team": "not applicable", "visibility": "visible"}, {"gameTime": "2 - 42:13", "label": "Shots on target", "position": "2533124", "team": "home", "visibility": "visible"}, {"gameTime": "2 - 42:17", "label": "Ball out of play", "position": "2537682", "team": "home", "visibility": "visible"}, {"gameTime": "2 - 42:37", "label": "Throw-in", "position": "2557592", "team": "not applicable", "visibility": "not shown"}, {"gameTime": "2 - 42:41", "label": "Ball out of play", "position": "2561466", "team": "home", "visibility": "visible"}, {"gameTime": "2 - 42:49", "label": "Throw-in", "position": "2569529", "team": "not applicable", "visibility": "visible"}, {"gameTime": "2 - 43:04", "label": "Foul", "position": "2584103", "team": "home", "visibility": "visible"}, {"gameTime": "2 - 43:28", "label": "Yellow card", "position": "2608713", "team": "home", "visibility": "visible"}, {"gameTime": "2 - 43:36", "label": "Direct free-kick", "position": "2616000", "team": "home", "visibility": "visible"}, {"gameTime": "2 - 44:51", "label": "Shots on target", "position": "2691653", "team": "away", "visibility": "visible"}, {"gameTime": "2 - 44:51", "label": "Ball out of play", "position": "2691653", "team": "away", "visibility": "visible"}, {"gameTime": "2 - 44:56", "label": "Throw-in", "position": "2696627", "team": "not applicable", "visibility": "visible"}, {"gameTime": "2 - 45:13", "label": "Foul", "position": "2713719", "team": "away", "visibility": "visible"}, {"gameTime": "2 - 45:20", "label": "Direct free-kick", "position": "2720059", "team": "home", "visibility": "visible"}, {"gameTime": "2 - 45:51", "label": "Foul", "position": "2751703", "team": "away", "visibility": "not shown"}, {"gameTime": "2 - 46:03", "label": "Yellow card", "position": "2763651", "team": "home", "visibility": "visible"}, {"gameTime": "2 - 46:42", "label": "Direct free-kick", "position": "2802600", "team": "away", "visibility": "visible"}, {"gameTime": "2 - 47:50", "label": "Ball out of play", "position": "2870117", "team": "away", "visibility": "visible"}, {"gameTime": "2 - 47:55", "label": "Foul", "position": "2875839", "team": "not applicable", "visibility": "visible"}, {"gameTime": "2 - 47:56", "label": "Yellow card", "position": "2876123", "team": "away", "visibility": "visible"}, {"gameTime": "2 - 48:19", "label": "Indirect free-kick", "position": "2899000", "team": "away", "visibility": "visible"}, {"gameTime": "2 - 48:42", "label": "Indirect free-kick", "position": "2922573", "team": "home", "visibility": "not shown"}], "gameAwayTeam": "Barcelona", "gameDate": "17/05/2015 - 20:00", "gameHomeTeam": "Atl. Madrid", "gameScore": "0 - 1"}