{"UrlLocal": "italy_serie-a/2014-2015/2015-04-25 - 21-45 Inter 2 - 1 AS Roma/", "UrlYoutube": "", "annotations": [{"gameTime": "1 - 00:33", "label": "Kick-off", "position": "33863", "team": "not applicable", "visibility": "visible"}, {"gameTime": "1 - 00:46", "label": "Ball out of play", "position": "46799", "team": "away", "visibility": "visible"}, {"gameTime": "1 - 00:50", "label": "Throw-in", "position": "50004", "team": "not applicable", "visibility": "visible"}, {"gameTime": "1 - 01:01", "label": "Ball out of play", "position": "61240", "team": "away", "visibility": "visible"}, {"gameTime": "1 - 01:15", "label": "Throw-in", "position": "75480", "team": "not applicable", "visibility": "visible"}, {"gameTime": "1 - 01:43", "label": "Ball out of play", "position": "103602", "team": "away", "visibility": "visible"}, {"gameTime": "1 - 02:18", "label": "Clearance", "position": "138480", "team": "home", "visibility": "visible"}, {"gameTime": "1 - 02:19", "label": "Shots off target", "position": "139640", "team": "not applicable", "visibility": "visible"}, {"gameTime": "1 - 02:46", "label": "Ball out of play", "position": "166903", "team": "away", "visibility": "visible"}, {"gameTime": "1 - 03:04", "label": "Clearance", "position": "184321", "team": "home", "visibility": "visible"}, {"gameTime": "1 - 03:16", "label": "Foul", "position": "196097", "team": "away", "visibility": "not shown"}, {"gameTime": "1 - 03:35", "label": "Indirect free-kick", "position": "215953", "team": "home", "visibility": "visible"}, {"gameTime": "1 - 03:56", "label": "Offside", "position": "236692", "team": "away", "visibility": "not shown"}, {"gameTime": "1 - 04:23", "label": "Indirect free-kick", "position": "263446", "team": "not applicable", "visibility": "visible"}, {"gameTime": "1 - 04:30", "label": "Ball out of play", "position": "270631", "team": "away", "visibility": "visible"}, {"gameTime": "1 - 05:11", "label": "Throw-in", "position": "311358", "team": "away", "visibility": "visible"}, {"gameTime": "1 - 05:16", "label": "Shots on target", "position": "316086", "team": "not applicable", "visibility": "visible"}, {"gameTime": "1 - 05:26", "label": "Ball out of play", "position": "326722", "team": "away", "visibility": "visible"}, {"gameTime": "1 - 06:01", "label": "Throw-in", "position": "361283", "team": "not applicable", "visibility": "visible"}, {"gameTime": "1 - 06:08", "label": "Ball out of play", "position": "368013", "team": "home", "visibility": "not shown"}, {"gameTime": "1 - 06:19", "label": "Throw-in", "position": "379232", "team": "away", "visibility": "visible"}, {"gameTime": "1 - 06:36", "label": "Foul", "position": "396370", "team": "home", "visibility": "visible"}, {"gameTime": "1 - 07:39", "label": "Indirect free-kick", "position": "459770", "team": "not applicable", "visibility": "visible"}, {"gameTime": "1 - 08:29", "label": "Ball out of play", "position": "509862", "team": "home", "visibility": "visible"}, {"gameTime": "1 - 09:05", "label": "Throw-in", "position": "545972", "team": "not applicable", "visibility": "visible"}, {"gameTime": "1 - 09:10", "label": "Ball out of play", "position": "550493", "team": "away", "visibility": "not shown"}, {"gameTime": "1 - 09:47", "label": "Throw-in", "position": "587955", "team": "not applicable", "visibility": "visible"}, {"gameTime": "1 - 10:03", "label": "Ball out of play", "position": "603221", "team": "home", "visibility": "visible"}, {"gameTime": "1 - 10:37", "label": "Throw-in", "position": "637298", "team": "not applicable", "visibility": "not shown"}, {"gameTime": "1 - 10:39", "label": "Ball out of play", "position": "639844", "team": "home", "visibility": "visible"}, {"gameTime": "1 - 10:56", "label": "Throw-in", "position": "656479", "team": "not applicable", "visibility": "visible"}, {"gameTime": "1 - 11:03", "label": "Ball out of play", "position": "663028", "team": "home", "visibility": "visible"}, {"gameTime": "1 - 12:05", "label": "Throw-in", "position": "725123", "team": "home", "visibility": "visible"}, {"gameTime": "1 - 12:53", "label": "Foul", "position": "773066", "team": "away", "visibility": "visible"}, {"gameTime": "1 - 12:57", "label": "Indirect free-kick", "position": "777527", "team": "not applicable", "visibility": "visible"}, {"gameTime": "1 - 13:21", "label": "Ball out of play", "position": "801774", "team": "home", "visibility": "visible"}, {"gameTime": "1 - 13:58", "label": "Clearance", "position": "838453", "team": "not applicable", "visibility": "visible"}, {"gameTime": "1 - 14:01", "label": "Ball out of play", "position": "841298", "team": "home", "visibility": "visible"}, {"gameTime": "1 - 14:21", "label": "Throw-in", "position": "861616", "team": "not applicable", "visibility": "visible"}, {"gameTime": "1 - 14:25", "label": "Ball out of play", "position": "865489", "team": "home", "visibility": "visible"}, {"gameTime": "1 - 14:53", "label": "Throw-in", "position": "893375", "team": "home", "visibility": "visible"}, {"gameTime": "1 - 14:54", "label": "Shots on target", "position": "894240", "team": "home", "visibility": "visible"}, {"gameTime": "1 - 15:40", "label": "Goal", "position": "940542", "team": "away", "visibility": "not shown"}, {"gameTime": "1 - 16:03", "label": "Kick-off", "position": "963110", "team": "not applicable", "visibility": "visible"}, {"gameTime": "1 - 16:14", "label": "Ball out of play", "position": "974012", "team": "away", "visibility": "visible"}, {"gameTime": "1 - 16:36", "label": "Throw-in", "position": "996695", "team": "not applicable", "visibility": "visible"}, {"gameTime": "1 - 16:57", "label": "Ball out of play", "position": "1017564", "team": "home", "visibility": "not shown"}, {"gameTime": "1 - 17:29", "label": "Clearance", "position": "1049451", "team": "home", "visibility": "visible"}, {"gameTime": "1 - 17:41", "label": "Shots on target", "position": "1061821", "team": "home", "visibility": "visible"}, {"gameTime": "1 - 17:51", "label": "Foul", "position": "1071596", "team": "away", "visibility": "visible"}, {"gameTime": "1 - 18:12", "label": "Indirect free-kick", "position": "1092789", "team": "away", "visibility": "visible"}, {"gameTime": "1 - 18:51", "label": "Shots on target", "position": "1131980", "team": "home", "visibility": "visible"}, {"gameTime": "1 - 19:00", "label": "Shots on target", "position": "1140968", "team": "home", "visibility": "visible"}, {"gameTime": "1 - 19:06", "label": "Foul", "position": "1146240", "team": "home", "visibility": "visible"}, {"gameTime": "1 - 19:29", "label": "Yellow card", "position": "1169519", "team": "away", "visibility": "visible"}, {"gameTime": "1 - 20:23", "label": "Indirect free-kick", "position": "1223261", "team": "away", "visibility": "visible"}, {"gameTime": "1 - 20:29", "label": "Foul", "position": "1229544", "team": "away", "visibility": "not shown"}, {"gameTime": "1 - 21:04", "label": "Yellow card", "position": "1264675", "team": "home", "visibility": "not shown"}, {"gameTime": "1 - 21:43", "label": "Indirect free-kick", "position": "1303935", "team": "not applicable", "visibility": "not shown"}, {"gameTime": "1 - 22:09", "label": "Ball out of play", "position": "1329723", "team": "home", "visibility": "visible"}, {"gameTime": "1 - 22:37", "label": "Corner", "position": "1357401", "team": "not applicable", "visibility": "visible"}, {"gameTime": "1 - 23:13", "label": "Ball out of play", "position": "1393103", "team": "away", "visibility": "visible"}, {"gameTime": "1 - 23:36", "label": "Clearance", "position": "1416669", "team": "not applicable", "visibility": "visible"}, {"gameTime": "1 - 23:40", "label": "Ball out of play", "position": "1420543", "team": "home", "visibility": "visible"}, {"gameTime": "1 - 23:51", "label": "Throw-in", "position": "1431700", "team": "away", "visibility": "visible"}, {"gameTime": "1 - 24:00", "label": "Foul", "position": "1440932", "team": "home", "visibility": "not shown"}, {"gameTime": "1 - 25:14", "label": "Indirect free-kick", "position": "1514580", "team": "home", "visibility": "visible"}, {"gameTime": "1 - 25:37", "label": "Foul", "position": "1537997", "team": "away", "visibility": "visible"}, {"gameTime": "1 - 25:57", "label": "Indirect free-kick", "position": "1557842", "team": "not applicable", "visibility": "visible"}, {"gameTime": "1 - 26:10", "label": "Ball out of play", "position": "1570088", "team": "away", "visibility": "visible"}, {"gameTime": "1 - 26:34", "label": "Throw-in", "position": "1594656", "team": "away", "visibility": "visible"}, {"gameTime": "1 - 27:07", "label": "Offside", "position": "1627752", "team": "home", "visibility": "visible"}, {"gameTime": "1 - 27:11", "label": "Indirect free-kick", "position": "1631904", "team": "not applicable", "visibility": "visible"}, {"gameTime": "1 - 27:23", "label": "Ball out of play", "position": "1643279", "team": "home", "visibility": "visible"}, {"gameTime": "1 - 28:36", "label": "Throw-in", "position": "1716145", "team": "away", "visibility": "visible"}, {"gameTime": "1 - 28:37", "label": "Shots off target", "position": "1717345", "team": "not applicable", "visibility": "visible"}, {"gameTime": "1 - 29:00", "label": "Ball out of play", "position": "1740353", "team": "home", "visibility": "visible"}, {"gameTime": "1 - 29:12", "label": "Clearance", "position": "1752053", "team": "away", "visibility": "visible"}, {"gameTime": "1 - 29:13", "label": "Shots off target", "position": "1753213", "team": "not applicable", "visibility": "visible"}, {"gameTime": "1 - 29:33", "label": "Ball out of play", "position": "1773883", "team": "home", "visibility": "visible"}, {"gameTime": "1 - 29:57", "label": "Clearance", "position": "1797857", "team": "not applicable", "visibility": "visible"}, {"gameTime": "1 - 30:22", "label": "Ball out of play", "position": "1822548", "team": "home", "visibility": "visible"}, {"gameTime": "1 - 30:40", "label": "Clearance", "position": "1840127", "team": "not applicable", "visibility": "visible"}, {"gameTime": "1 - 31:06", "label": "Ball out of play", "position": "1866859", "team": "away", "visibility": "not shown"}, {"gameTime": "1 - 32:56", "label": "Throw-in", "position": "1976522", "team": "home", "visibility": "visible"}, {"gameTime": "1 - 34:19", "label": "Foul", "position": "2059281", "team": "away", "visibility": "visible"}, {"gameTime": "1 - 34:57", "label": "Indirect free-kick", "position": "2097386", "team": "not applicable", "visibility": "visible"}, {"gameTime": "1 - 35:02", "label": "Ball out of play", "position": "2102868", "team": "away", "visibility": "visible"}, {"gameTime": "1 - 36:09", "label": "Throw-in", "position": "2169239", "team": "not applicable", "visibility": "visible"}, {"gameTime": "1 - 36:30", "label": "Ball out of play", "position": "2190236", "team": "home", "visibility": "visible"}, {"gameTime": "1 - 36:32", "label": "Throw-in", "position": "2192047", "team": "away", "visibility": "visible"}, {"gameTime": "1 - 36:57", "label": "Foul", "position": "2217056", "team": "home", "visibility": "visible"}, {"gameTime": "1 - 37:44", "label": "Indirect free-kick", "position": "2264198", "team": "home", "visibility": "visible"}, {"gameTime": "1 - 38:09", "label": "Offside", "position": "2289162", "team": "away", "visibility": "not shown"}, {"gameTime": "1 - 38:20", "label": "Indirect free-kick", "position": "2300400", "team": "home", "visibility": "visible"}, {"gameTime": "1 - 38:29", "label": "Foul", "position": "2309837", "team": "away", "visibility": "visible"}, {"gameTime": "1 - 39:19", "label": "Indirect free-kick", "position": "2359989", "team": "not applicable", "visibility": "visible"}, {"gameTime": "1 - 39:43", "label": "Ball out of play", "position": "2383040", "team": "away", "visibility": "visible"}, {"gameTime": "1 - 39:52", "label": "Corner", "position": "2392874", "team": "not applicable", "visibility": "visible"}, {"gameTime": "1 - 40:13", "label": "Ball out of play", "position": "2413321", "team": "away", "visibility": "visible"}, {"gameTime": "1 - 40:38", "label": "Throw-in", "position": "2438291", "team": "away", "visibility": "visible"}, {"gameTime": "1 - 40:57", "label": "Foul", "position": "2457715", "team": "home", "visibility": "not shown"}, {"gameTime": "1 - 41:09", "label": "Indirect free-kick", "position": "2469499", "team": "home", "visibility": "visible"}, {"gameTime": "1 - 41:24", "label": "Offside", "position": "2484441", "team": "away", "visibility": "not shown"}, {"gameTime": "1 - 42:30", "label": "Indirect free-kick", "position": "2550573", "team": "away", "visibility": "visible"}, {"gameTime": "1 - 43:24", "label": "Shots on target", "position": "2604249", "team": "not applicable", "visibility": "visible"}, {"gameTime": "1 - 43:43", "label": "Ball out of play", "position": "2623915", "team": "away", "visibility": "not shown"}, {"gameTime": "1 - 44:07", "label": "Throw-in", "position": "2647101", "team": "home", "visibility": "visible"}, {"gameTime": "1 - 44:41", "label": "Foul", "position": "2681996", "team": "away", "visibility": "visible"}, {"gameTime": "2 - 00:27", "label": "Kick-off", "position": "27859", "team": "not applicable", "visibility": "visible"}, {"gameTime": "2 - 00:32", "label": "Ball out of play", "position": "32312", "team": "away", "visibility": "visible"}, {"gameTime": "2 - 00:57", "label": "Throw-in", "position": "57401", "team": "not applicable", "visibility": "visible"}, {"gameTime": "2 - 01:03", "label": "Ball out of play", "position": "63828", "team": "away", "visibility": "visible"}, {"gameTime": "2 - 01:07", "label": "Throw-in", "position": "67649", "team": "home", "visibility": "visible"}, {"gameTime": "2 - 01:46", "label": "Foul", "position": "106685", "team": "away", "visibility": "visible"}, {"gameTime": "2 - 02:00", "label": "Indirect free-kick", "position": "120087", "team": "not applicable", "visibility": "visible"}, {"gameTime": "2 - 02:01", "label": "Ball out of play", "position": "121897", "team": "away", "visibility": "visible"}, {"gameTime": "2 - 02:45", "label": "Throw-in", "position": "165960", "team": "not applicable", "visibility": "not shown"}, {"gameTime": "2 - 02:49", "label": "Ball out of play", "position": "169470", "team": "away", "visibility": "visible"}, {"gameTime": "2 - 03:05", "label": "Throw-in", "position": "185735", "team": "away", "visibility": "visible"}, {"gameTime": "2 - 03:33", "label": "Offside", "position": "213873", "team": "home", "visibility": "not shown"}, {"gameTime": "2 - 04:10", "label": "Indirect free-kick", "position": "250712", "team": "not applicable", "visibility": "visible"}, {"gameTime": "2 - 04:13", "label": "Ball out of play", "position": "253638", "team": "away", "visibility": "visible"}, {"gameTime": "2 - 04:34", "label": "Throw-in", "position": "274587", "team": "home", "visibility": "visible"}, {"gameTime": "2 - 05:12", "label": "Shots off target", "position": "312109", "team": "away", "visibility": "visible"}, {"gameTime": "2 - 05:13", "label": "Shots off target", "position": "313469", "team": "not applicable", "visibility": "visible"}, {"gameTime": "2 - 05:29", "label": "Ball out of play", "position": "329606", "team": "home", "visibility": "not shown"}, {"gameTime": "2 - 06:22", "label": "Clearance", "position": "382274", "team": "home", "visibility": "visible"}, {"gameTime": "2 - 06:22", "label": "Shots off target", "position": "382794", "team": "not applicable", "visibility": "visible"}, {"gameTime": "2 - 06:43", "label": "Ball out of play", "position": "403699", "team": "away", "visibility": "visible"}, {"gameTime": "2 - 06:59", "label": "Substitution", "position": "419666", "team": "away", "visibility": "visible"}, {"gameTime": "2 - 07:46", "label": "Clearance", "position": "466294", "team": "not applicable", "visibility": "visible"}, {"gameTime": "2 - 07:46", "label": "Ball out of play", "position": "466452", "team": "away", "visibility": "visible"}, {"gameTime": "2 - 08:23", "label": "Offside", "position": "503543", "team": "home", "visibility": "visible"}, {"gameTime": "2 - 08:34", "label": "Indirect free-kick", "position": "514012", "team": "home", "visibility": "visible"}, {"gameTime": "2 - 08:41", "label": "Foul", "position": "521600", "team": "home", "visibility": "visible"}, {"gameTime": "2 - 09:55", "label": "Yellow card", "position": "595724", "team": "away", "visibility": "visible"}, {"gameTime": "2 - 10:14", "label": "Indirect free-kick", "position": "614628", "team": "not applicable", "visibility": "visible"}, {"gameTime": "2 - 10:16", "label": "Ball out of play", "position": "616471", "team": "away", "visibility": "visible"}, {"gameTime": "2 - 10:29", "label": "Throw-in", "position": "629984", "team": "home", "visibility": "visible"}, {"gameTime": "2 - 10:39", "label": "Foul", "position": "639767", "team": "away", "visibility": "visible"}, {"gameTime": "2 - 10:43", "label": "Indirect free-kick", "position": "643502", "team": "away", "visibility": "visible"}, {"gameTime": "2 - 11:04", "label": "Foul", "position": "664308", "team": "home", "visibility": "not shown"}, {"gameTime": "2 - 11:11", "label": "Indirect free-kick", "position": "671591", "team": "not applicable", "visibility": "visible"}, {"gameTime": "2 - 11:24", "label": "Ball out of play", "position": "684009", "team": "away", "visibility": "visible"}, {"gameTime": "2 - 12:03", "label": "Throw-in", "position": "723348", "team": "not applicable", "visibility": "visible"}, {"gameTime": "2 - 12:12", "label": "Ball out of play", "position": "732267", "team": "away", "visibility": "visible"}, {"gameTime": "2 - 12:31", "label": "Throw-in", "position": "751922", "team": "away", "visibility": "visible"}, {"gameTime": "2 - 12:32", "label": "Shots off target", "position": "752562", "team": "not applicable", "visibility": "visible"}, {"gameTime": "2 - 12:50", "label": "Ball out of play", "position": "770118", "team": "home", "visibility": "not shown"}, {"gameTime": "2 - 13:01", "label": "Clearance", "position": "781676", "team": "away", "visibility": "visible"}, {"gameTime": "2 - 13:11", "label": "Foul", "position": "791632", "team": "home", "visibility": "visible"}, {"gameTime": "2 - 13:32", "label": "Indirect free-kick", "position": "812067", "team": "not applicable", "visibility": "visible"}, {"gameTime": "2 - 13:51", "label": "Ball out of play", "position": "831277", "team": "away", "visibility": "visible"}, {"gameTime": "2 - 13:54", "label": "Corner", "position": "834267", "team": "not applicable", "visibility": "visible"}, {"gameTime": "2 - 14:05", "label": "Ball out of play", "position": "845350", "team": "home", "visibility": "not shown"}, {"gameTime": "2 - 14:14", "label": "Clearance", "position": "854757", "team": "away", "visibility": "visible"}, {"gameTime": "2 - 14:44", "label": "Foul", "position": "884696", "team": "home", "visibility": "visible"}, {"gameTime": "2 - 16:11", "label": "Throw-in", "position": "971352", "team": "not applicable", "visibility": "visible"}, {"gameTime": "2 - 16:32", "label": "Ball out of play", "position": "992022", "team": "home", "visibility": "visible"}, {"gameTime": "2 - 17:08", "label": "Throw-in", "position": "1028738", "team": "away", "visibility": "visible"}, {"gameTime": "2 - 17:09", "label": "Shots on target", "position": "1029440", "team": "away", "visibility": "visible"}, {"gameTime": "2 - 17:57", "label": "Goal", "position": "1077399", "team": "home", "visibility": "visible"}, {"gameTime": "2 - 18:32", "label": "Kick-off", "position": "1112555", "team": "not applicable", "visibility": "visible"}, {"gameTime": "2 - 18:42", "label": "Ball out of play", "position": "1122055", "team": "home", "visibility": "visible"}, {"gameTime": "2 - 18:50", "label": "Throw-in", "position": "1130248", "team": "not applicable", "visibility": "visible"}, {"gameTime": "2 - 18:52", "label": "Ball out of play", "position": "1132600", "team": "home", "visibility": "not shown"}, {"gameTime": "2 - 18:59", "label": "Throw-in", "position": "1139607", "team": "not applicable", "visibility": "visible"}, {"gameTime": "2 - 19:10", "label": "Ball out of play", "position": "1150158", "team": "home", "visibility": "visible"}, {"gameTime": "2 - 19:41", "label": "Throw-in", "position": "1181498", "team": "home", "visibility": "visible"}, {"gameTime": "2 - 20:10", "label": "Shots on target", "position": "1210924", "team": "home", "visibility": "visible"}, {"gameTime": "2 - 21:22", "label": "Foul", "position": "1282680", "team": "home", "visibility": "visible"}, {"gameTime": "2 - 22:09", "label": "Yellow card", "position": "1329024", "team": "away", "visibility": "visible"}, {"gameTime": "2 - 22:10", "label": "Direct free-kick", "position": "1330857", "team": "not applicable", "visibility": "visible"}, {"gameTime": "2 - 22:31", "label": "Ball out of play", "position": "1351522", "team": "away", "visibility": "visible"}, {"gameTime": "2 - 22:35", "label": "Corner", "position": "1355474", "team": "not applicable", "visibility": "visible"}, {"gameTime": "2 - 23:06", "label": "Ball out of play", "position": "1386203", "team": "away", "visibility": "visible"}, {"gameTime": "2 - 23:19", "label": "Corner", "position": "1399912", "team": "not applicable", "visibility": "not shown"}, {"gameTime": "2 - 23:34", "label": "Ball out of play", "position": "1414284", "team": "home", "visibility": "visible"}, {"gameTime": "2 - 23:39", "label": "Throw-in", "position": "1419322", "team": "not applicable", "visibility": "visible"}, {"gameTime": "2 - 23:43", "label": "Ball out of play", "position": "1423870", "team": "away", "visibility": "not shown"}, {"gameTime": "2 - 23:46", "label": "Throw-in", "position": "1426142", "team": "not applicable", "visibility": "visible"}, {"gameTime": "2 - 23:50", "label": "Ball out of play", "position": "1430827", "team": "home", "visibility": "not shown"}, {"gameTime": "2 - 23:57", "label": "Throw-in", "position": "1437911", "team": "away", "visibility": "visible"}, {"gameTime": "2 - 24:02", "label": "Foul", "position": "1442577", "team": "home", "visibility": "visible"}, {"gameTime": "2 - 24:14", "label": "Indirect free-kick", "position": "1454933", "team": "away", "visibility": "visible"}, {"gameTime": "2 - 24:18", "label": "Foul", "position": "1458553", "team": "home", "visibility": "not shown"}, {"gameTime": "2 - 24:38", "label": "Indirect free-kick", "position": "1478759", "team": "not applicable", "visibility": "visible"}, {"gameTime": "2 - 25:02", "label": "Ball out of play", "position": "1502766", "team": "away", "visibility": "visible"}, {"gameTime": "2 - 25:34", "label": "Clearance", "position": "1534991", "team": "not applicable", "visibility": "visible"}, {"gameTime": "2 - 25:55", "label": "Ball out of play", "position": "1555480", "team": "home", "visibility": "visible"}, {"gameTime": "2 - 26:09", "label": "Substitution", "position": "1569032", "team": "away", "visibility": "visible"}, {"gameTime": "2 - 26:41", "label": "Clearance", "position": "1601744", "team": "home", "visibility": "visible"}, {"gameTime": "2 - 26:54", "label": "Offside", "position": "1614222", "team": "away", "visibility": "not shown"}, {"gameTime": "2 - 27:05", "label": "Indirect free-kick", "position": "1625423", "team": "not applicable", "visibility": "visible"}, {"gameTime": "2 - 27:33", "label": "Ball out of play", "position": "1653083", "team": "away", "visibility": "visible"}, {"gameTime": "2 - 28:01", "label": "Clearance", "position": "1681317", "team": "home", "visibility": "visible"}, {"gameTime": "2 - 28:03", "label": "Foul", "position": "1683080", "team": "home", "visibility": "visible"}, {"gameTime": "2 - 28:36", "label": "Yellow card", "position": "1716631", "team": "away", "visibility": "visible"}, {"gameTime": "2 - 29:29", "label": "Indirect free-kick", "position": "1769987", "team": "away", "visibility": "visible"}, {"gameTime": "2 - 30:28", "label": "Shots on target", "position": "1828597", "team": "away", "visibility": "visible"}, {"gameTime": "2 - 30:47", "label": "Foul", "position": "1847791", "team": "home", "visibility": "visible"}, {"gameTime": "2 - 30:52", "label": "Indirect free-kick", "position": "1852304", "team": "away", "visibility": "visible"}, {"gameTime": "2 - 31:00", "label": "Foul", "position": "1860235", "team": "home", "visibility": "visible"}, {"gameTime": "2 - 31:22", "label": "Indirect free-kick", "position": "1882243", "team": "home", "visibility": "visible"}, {"gameTime": "2 - 32:33", "label": "Foul", "position": "1953920", "team": "away", "visibility": "visible"}, {"gameTime": "2 - 32:57", "label": "Substitution", "position": "1977600", "team": "home", "visibility": "visible"}, {"gameTime": "2 - 33:14", "label": "Substitution", "position": "1994630", "team": "away", "visibility": "visible"}, {"gameTime": "2 - 33:37", "label": "Indirect free-kick", "position": "2017203", "team": "not applicable", "visibility": "visible"}, {"gameTime": "2 - 33:49", "label": "Ball out of play", "position": "2029653", "team": "home", "visibility": "visible"}, {"gameTime": "2 - 33:52", "label": "Clearance", "position": "2032744", "team": "not applicable", "visibility": "visible"}, {"gameTime": "2 - 33:57", "label": "Ball out of play", "position": "2037855", "team": "away", "visibility": "not shown"}, {"gameTime": "2 - 34:20", "label": "Throw-in", "position": "2060817", "team": "home", "visibility": "visible"}, {"gameTime": "2 - 34:47", "label": "Foul", "position": "2087231", "team": "away", "visibility": "visible"}, {"gameTime": "2 - 35:02", "label": "Clearance", "position": "2102993", "team": "away", "visibility": "visible"}, {"gameTime": "2 - 35:33", "label": "Foul", "position": "2133241", "team": "not applicable", "visibility": "visible"}, {"gameTime": "2 - 35:54", "label": "Ball out of play", "position": "2154764", "team": "away", "visibility": "visible"}, {"gameTime": "2 - 36:01", "label": "Throw-in", "position": "2161682", "team": "away", "visibility": "visible"}, {"gameTime": "2 - 36:23", "label": "Foul", "position": "2183097", "team": "not applicable", "visibility": "visible"}, {"gameTime": "2 - 36:27", "label": "Ball out of play", "position": "2187241", "team": "away", "visibility": "visible"}, {"gameTime": "2 - 36:35", "label": "Throw-in", "position": "2195357", "team": "home", "visibility": "visible"}, {"gameTime": "2 - 36:39", "label": "Foul", "position": "2199425", "team": "away", "visibility": "visible"}, {"gameTime": "2 - 37:23", "label": "Indirect free-kick", "position": "2243738", "team": "away", "visibility": "visible"}, {"gameTime": "2 - 38:03", "label": "Shots on target", "position": "2283910", "team": "not applicable", "visibility": "visible"}, {"gameTime": "2 - 38:24", "label": "Ball out of play", "position": "2304126", "team": "home", "visibility": "visible"}, {"gameTime": "2 - 38:33", "label": "Corner", "position": "2313865", "team": "home", "visibility": "visible"}, {"gameTime": "2 - 38:41", "label": "Foul", "position": "2321617", "team": "away", "visibility": "not shown"}, {"gameTime": "2 - 38:51", "label": "Indirect free-kick", "position": "2331645", "team": "home", "visibility": "visible"}, {"gameTime": "2 - 38:52", "label": "Shots off target", "position": "2332445", "team": "not applicable", "visibility": "visible"}, {"gameTime": "2 - 39:47", "label": "Ball out of play", "position": "2387456", "team": "away", "visibility": "visible"}, {"gameTime": "2 - 40:10", "label": "Clearance", "position": "2410237", "team": "away", "visibility": "visible"}, {"gameTime": "2 - 40:15", "label": "Foul", "position": "2415520", "team": "away", "visibility": "visible"}, {"gameTime": "2 - 40:51", "label": "Yellow card", "position": "2451520", "team": "home", "visibility": "visible"}, {"gameTime": "2 - 41:19", "label": "Substitution", "position": "2479839", "team": "home", "visibility": "visible"}, {"gameTime": "2 - 42:20", "label": "Indirect free-kick", "position": "2540075", "team": "home", "visibility": "visible"}, {"gameTime": "2 - 42:20", "label": "Shots on target", "position": "2540520", "team": "home", "visibility": "visible"}, {"gameTime": "2 - 43:16", "label": "Goal", "position": "2596075", "team": "away", "visibility": "visible"}, {"gameTime": "2 - 43:22", "label": "Substitution", "position": "2602773", "team": "away", "visibility": "not shown"}, {"gameTime": "2 - 43:41", "label": "Kick-off", "position": "2621535", "team": "not applicable", "visibility": "visible"}, {"gameTime": "2 - 44:03", "label": "Ball out of play", "position": "2643138", "team": "home", "visibility": "visible"}, {"gameTime": "2 - 44:29", "label": "Clearance", "position": "2669344", "team": "not applicable", "visibility": "visible"}, {"gameTime": "2 - 44:55", "label": "Ball out of play", "position": "2695822", "team": "away", "visibility": "not shown"}, {"gameTime": "2 - 45:23", "label": "Throw-in", "position": "2723675", "team": "not applicable", "visibility": "visible"}, {"gameTime": "2 - 45:28", "label": "Ball out of play", "position": "2728833", "team": "away", "visibility": "visible"}, {"gameTime": "2 - 45:34", "label": "Clearance", "position": "2734119", "team": "not applicable", "visibility": "visible"}, {"gameTime": "2 - 45:51", "label": "Ball out of play", "position": "2751578", "team": "away", "visibility": "visible"}, {"gameTime": "2 - 45:59", "label": "Yellow card", "position": "2759044", "team": "away", "visibility": "visible"}, {"gameTime": "2 - 46:07", "label": "Clearance", "position": "2767762", "team": "home", "visibility": "visible"}, {"gameTime": "2 - 46:08", "label": "Shots off target", "position": "2768722", "team": "not applicable", "visibility": "visible"}, {"gameTime": "2 - 46:18", "label": "Ball out of play", "position": "2778468", "team": "away", "visibility": "not shown"}, {"gameTime": "2 - 46:35", "label": "Clearance", "position": "2795764", "team": "not applicable", "visibility": "visible"}, {"gameTime": "2 - 46:39", "label": "Ball out of play", "position": "2799216", "team": "away", "visibility": "visible"}, {"gameTime": "2 - 47:07", "label": "Throw-in", "position": "2827466", "team": "not applicable", "visibility": "visible"}, {"gameTime": "2 - 47:25", "label": "Ball out of play", "position": "2845800", "team": "away", "visibility": "not shown"}, {"gameTime": "2 - 47:59", "label": "Clearance", "position": "2879813", "team": "away", "visibility": "visible"}, {"gameTime": "2 - 48:22", "label": "Foul", "position": "2902423", "team": "away", "visibility": "visible"}, {"gameTime": "2 - 48:45", "label": "Yellow card", "position": "2925009", "team": "home", "visibility": "visible"}, {"gameTime": "2 - 48:50", "label": "Yellow card", "position": "2930234", "team": "home", "visibility": "not shown"}, {"gameTime": "2 - 49:08", "label": "Indirect free-kick", "position": "2948648", "team": "home", "visibility": "visible"}, {"gameTime": "2 - 49:10", "label": "Shots off target", "position": "2950048", "team": "not applicable", "visibility": "visible"}], "gameAwayTeam": "AS Roma", "gameDate": "25/04/2015 - 21:45", "gameHomeTeam": "Inter", "gameScore": "2 - 1"}