{"UrlLocal": "france_ligue-1/2016-2017/2016-09-20 - 22-00 Paris SG 3 - 0 Dijon/", "UrlYoutube": "", "annotations": [{"gameTime": "1 - 00:00", "label": "Foul", "position": "20", "team": "home", "visibility": "not shown"}, {"gameTime": "1 - 00:40", "label": "Direct free-kick", "position": "40877", "team": "away", "visibility": "visible"}, {"gameTime": "1 - 00:47", "label": "Foul", "position": "47625", "team": "home", "visibility": "visible"}, {"gameTime": "1 - 02:00", "label": "Direct free-kick", "position": "120793", "team": "home", "visibility": "visible"}, {"gameTime": "1 - 02:48", "label": "Clearance", "position": "168101", "team": "away", "visibility": "visible"}, {"gameTime": "1 - 02:54", "label": "Throw-in", "position": "174177", "team": "away", "visibility": "visible"}, {"gameTime": "1 - 03:06", "label": "Ball out of play", "position": "186229", "team": "away", "visibility": "visible"}, {"gameTime": "1 - 04:19", "label": "Clearance", "position": "259523", "team": "not applicable", "visibility": "visible"}, {"gameTime": "1 - 04:29", "label": "Ball out of play", "position": "269005", "team": "home", "visibility": "visible"}, {"gameTime": "1 - 04:50", "label": "Throw-in", "position": "290146", "team": "not applicable", "visibility": "visible"}, {"gameTime": "1 - 04:56", "label": "Ball out of play", "position": "296568", "team": "home", "visibility": "not shown"}, {"gameTime": "1 - 05:13", "label": "Throw-in", "position": "313342", "team": "not applicable", "visibility": "visible"}, {"gameTime": "1 - 05:21", "label": "Ball out of play", "position": "321404", "team": "home", "visibility": "visible"}, {"gameTime": "1 - 06:39", "label": "Clearance", "position": "399028", "team": "not applicable", "visibility": "visible"}, {"gameTime": "1 - 06:45", "label": "Clearance", "position": "405655", "team": "home", "visibility": "not shown"}, {"gameTime": "1 - 08:18", "label": "Throw-in", "position": "498592", "team": "away", "visibility": "visible"}, {"gameTime": "1 - 08:28", "label": "Offside", "position": "508759", "team": "home", "visibility": "not shown"}, {"gameTime": "1 - 09:40", "label": "Indirect free-kick", "position": "580688", "team": "away", "visibility": "visible"}, {"gameTime": "1 - 09:55", "label": "Ball out of play", "position": "595271", "team": "home", "visibility": "not shown"}, {"gameTime": "1 - 09:55", "label": "Throw-in", "position": "595391", "team": "not applicable", "visibility": "not shown"}, {"gameTime": "1 - 09:57", "label": "Ball out of play", "position": "597391", "team": "home", "visibility": "visible"}, {"gameTime": "1 - 10:32", "label": "Clearance", "position": "632073", "team": "not applicable", "visibility": "visible"}, {"gameTime": "1 - 10:47", "label": "Shots off target", "position": "647918", "team": "home", "visibility": "not shown"}, {"gameTime": "1 - 11:04", "label": "Ball out of play", "position": "664294", "team": "home", "visibility": "visible"}, {"gameTime": "1 - 11:04", "label": "Clearance", "position": "664614", "team": "not applicable", "visibility": "visible"}, {"gameTime": "1 - 11:10", "label": "Ball out of play", "position": "670748", "team": "away", "visibility": "not shown"}, {"gameTime": "1 - 12:19", "label": "Clearance", "position": "739020", "team": "not applicable", "visibility": "visible"}, {"gameTime": "1 - 12:46", "label": "Foul", "position": "766665", "team": "away", "visibility": "not shown"}, {"gameTime": "1 - 12:54", "label": "Direct free-kick", "position": "774084", "team": "home", "visibility": "not shown"}, {"gameTime": "1 - 12:55", "label": "Ball out of play", "position": "775324", "team": "away", "visibility": "visible"}, {"gameTime": "1 - 13:42", "label": "Throw-in", "position": "822702", "team": "not applicable", "visibility": "visible"}, {"gameTime": "1 - 13:48", "label": "Goal", "position": "828503", "team": "home", "visibility": "not shown"}, {"gameTime": "1 - 14:23", "label": "Kick-off", "position": "863996", "team": "home", "visibility": "visible"}, {"gameTime": "1 - 15:19", "label": "Ball out of play", "position": "919955", "team": "away", "visibility": "visible"}, {"gameTime": "1 - 16:05", "label": "Throw-in", "position": "965947", "team": "not applicable", "visibility": "visible"}, {"gameTime": "1 - 16:08", "label": "Shots off target", "position": "968674", "team": "home", "visibility": "visible"}, {"gameTime": "1 - 16:59", "label": "Ball out of play", "position": "1019623", "team": "home", "visibility": "visible"}, {"gameTime": "1 - 17:00", "label": "Corner", "position": "1020223", "team": "not applicable", "visibility": "visible"}, {"gameTime": "1 - 17:32", "label": "Foul", "position": "1052503", "team": "home", "visibility": "visible"}, {"gameTime": "1 - 18:07", "label": "Direct free-kick", "position": "1087700", "team": "away", "visibility": "visible"}, {"gameTime": "1 - 18:24", "label": "Foul", "position": "1104898", "team": "home", "visibility": "visible"}, {"gameTime": "1 - 19:25", "label": "Direct free-kick", "position": "1165603", "team": "home", "visibility": "visible"}, {"gameTime": "1 - 19:46", "label": "Offside", "position": "1186137", "team": "away", "visibility": "visible"}, {"gameTime": "1 - 21:02", "label": "Indirect free-kick", "position": "1262677", "team": "home", "visibility": "visible"}, {"gameTime": "1 - 21:15", "label": "Foul", "position": "1275195", "team": "away", "visibility": "not shown"}, {"gameTime": "1 - 25:06", "label": "Penalty", "position": "1506824", "team": "away", "visibility": "visible"}, {"gameTime": "1 - 26:03", "label": "Shots on target", "position": "1563840", "team": "home", "visibility": "visible"}, {"gameTime": "1 - 26:03", "label": "Goal", "position": "1563880", "team": "home", "visibility": "visible"}, {"gameTime": "1 - 26:04", "label": "Kick-off", "position": "1564170", "team": "home", "visibility": "visible"}, {"gameTime": "1 - 27:00", "label": "Ball out of play", "position": "1620944", "team": "away", "visibility": "not shown"}, {"gameTime": "1 - 27:25", "label": "Throw-in", "position": "1645208", "team": "not applicable", "visibility": "visible"}, {"gameTime": "1 - 27:32", "label": "Ball out of play", "position": "1652269", "team": "away", "visibility": "visible"}, {"gameTime": "1 - 27:48", "label": "Clearance", "position": "1668536", "team": "not applicable", "visibility": "visible"}, {"gameTime": "1 - 28:03", "label": "Ball out of play", "position": "1683489", "team": "home", "visibility": "visible"}, {"gameTime": "1 - 28:22", "label": "Throw-in", "position": "1702990", "team": "not applicable", "visibility": "visible"}, {"gameTime": "1 - 28:33", "label": "Foul", "position": "1713680", "team": "home", "visibility": "visible"}, {"gameTime": "1 - 30:23", "label": "Direct free-kick", "position": "1823089", "team": "home", "visibility": "visible"}, {"gameTime": "1 - 30:29", "label": "Ball out of play", "position": "1829567", "team": "away", "visibility": "not shown"}, {"gameTime": "1 - 31:28", "label": "Corner", "position": "1888269", "team": "not applicable", "visibility": "visible"}, {"gameTime": "1 - 31:56", "label": "Shots on target", "position": "1916280", "team": "away", "visibility": "visible"}, {"gameTime": "1 - 32:22", "label": "Shots off target", "position": "1942186", "team": "away", "visibility": "visible"}, {"gameTime": "1 - 32:58", "label": "Ball out of play", "position": "1978366", "team": "away", "visibility": "visible"}, {"gameTime": "1 - 33:25", "label": "Throw-in", "position": "2005664", "team": "not applicable", "visibility": "not shown"}, {"gameTime": "1 - 33:37", "label": "Clearance", "position": "2017640", "team": "away", "visibility": "not shown"}, {"gameTime": "1 - 33:56", "label": "Throw-in", "position": "2036560", "team": "away", "visibility": "visible"}, {"gameTime": "1 - 34:01", "label": "Ball out of play", "position": "2041751", "team": "home", "visibility": "visible"}, {"gameTime": "1 - 36:05", "label": "Throw-in", "position": "2165933", "team": "not applicable", "visibility": "visible"}, {"gameTime": "1 - 36:24", "label": "Ball out of play", "position": "2184379", "team": "away", "visibility": "visible"}, {"gameTime": "1 - 36:29", "label": "Throw-in", "position": "2189095", "team": "not applicable", "visibility": "visible"}, {"gameTime": "1 - 36:35", "label": "Ball out of play", "position": "2195788", "team": "home", "visibility": "visible"}, {"gameTime": "1 - 40:18", "label": "Corner", "position": "2418438", "team": "not applicable", "visibility": "visible"}, {"gameTime": "1 - 40:50", "label": "Offside", "position": "2450060", "team": "home", "visibility": "visible"}, {"gameTime": "1 - 41:53", "label": "Indirect free-kick", "position": "2513708", "team": "home", "visibility": "visible"}, {"gameTime": "1 - 42:07", "label": "Shots off target", "position": "2527218", "team": "away", "visibility": "visible"}, {"gameTime": "1 - 44:12", "label": "Ball out of play", "position": "2652836", "team": "home", "visibility": "visible"}, {"gameTime": "1 - 44:13", "label": "Clearance", "position": "2653996", "team": "not applicable", "visibility": "visible"}, {"gameTime": "1 - 44:29", "label": "Clearance", "position": "2669951", "team": "away", "visibility": "not shown"}, {"gameTime": "2 - 00:00", "label": "Ball out of play", "position": "3", "team": "away", "visibility": "not shown"}, {"gameTime": "2 - 00:33", "label": "Throw-in", "position": "33295", "team": "not applicable", "visibility": "visible"}, {"gameTime": "2 - 00:36", "label": "Foul", "position": "36920", "team": "away", "visibility": "not shown"}, {"gameTime": "2 - 02:44", "label": "Direct free-kick", "position": "164859", "team": "home", "visibility": "visible"}, {"gameTime": "2 - 03:04", "label": "Ball out of play", "position": "184311", "team": "away", "visibility": "visible"}, {"gameTime": "2 - 03:52", "label": "Clearance", "position": "232276", "team": "not applicable", "visibility": "visible"}, {"gameTime": "2 - 03:57", "label": "Ball out of play", "position": "237066", "team": "away", "visibility": "not shown"}, {"gameTime": "2 - 06:09", "label": "Corner", "position": "369784", "team": "not applicable", "visibility": "visible"}, {"gameTime": "2 - 06:43", "label": "Ball out of play", "position": "403668", "team": "away", "visibility": "visible"}, {"gameTime": "2 - 07:12", "label": "Throw-in", "position": "432678", "team": "not applicable", "visibility": "not shown"}, {"gameTime": "2 - 07:52", "label": "Shots on target", "position": "472278", "team": "home", "visibility": "visible"}, {"gameTime": "2 - 08:23", "label": "Ball out of play", "position": "503800", "team": "home", "visibility": "visible"}, {"gameTime": "2 - 09:38", "label": "Throw-in", "position": "578240", "team": "not applicable", "visibility": "visible"}, {"gameTime": "2 - 09:49", "label": "Foul", "position": "589680", "team": "away", "visibility": "visible"}, {"gameTime": "2 - 11:42", "label": "Yellow card", "position": "702760", "team": "home", "visibility": "visible"}, {"gameTime": "2 - 11:52", "label": "Direct free-kick", "position": "712720", "team": "home", "visibility": "visible"}, {"gameTime": "2 - 12:23", "label": "Ball out of play", "position": "743470", "team": "away", "visibility": "visible"}, {"gameTime": "2 - 12:53", "label": "Throw-in", "position": "773427", "team": "not applicable", "visibility": "visible"}, {"gameTime": "2 - 13:05", "label": "Ball out of play", "position": "785083", "team": "away", "visibility": "not shown"}, {"gameTime": "2 - 15:39", "label": "Substitution", "position": "939761", "team": "not applicable", "visibility": "visible"}, {"gameTime": "2 - 16:08", "label": "Clearance", "position": "968709", "team": "away", "visibility": "not shown"}, {"gameTime": "2 - 16:17", "label": "Ball out of play", "position": "977265", "team": "home", "visibility": "not shown"}, {"gameTime": "2 - 16:45", "label": "Corner", "position": "1005644", "team": "not applicable", "visibility": "visible"}, {"gameTime": "2 - 17:10", "label": "Ball out of play", "position": "1030113", "team": "away", "visibility": "visible"}, {"gameTime": "2 - 18:45", "label": "Offside", "position": "1125338", "team": "not applicable", "visibility": "visible"}, {"gameTime": "2 - 19:38", "label": "Substitution", "position": "1178231", "team": "away", "visibility": "visible"}, {"gameTime": "2 - 19:51", "label": "Indirect free-kick", "position": "1191240", "team": "home", "visibility": "visible"}, {"gameTime": "2 - 19:55", "label": "Shots on target", "position": "1195160", "team": "home", "visibility": "not shown"}, {"gameTime": "2 - 21:14", "label": "Goal", "position": "1274280", "team": "home", "visibility": "visible"}, {"gameTime": "2 - 21:14", "label": "Kick-off", "position": "1274802", "team": "home", "visibility": "visible"}, {"gameTime": "2 - 22:10", "label": "Ball out of play", "position": "1330732", "team": "away", "visibility": "not shown"}, {"gameTime": "2 - 22:36", "label": "Throw-in", "position": "1356098", "team": "not applicable", "visibility": "visible"}, {"gameTime": "2 - 22:51", "label": "Ball out of play", "position": "1371728", "team": "home", "visibility": "visible"}, {"gameTime": "2 - 22:59", "label": "Throw-in", "position": "1379465", "team": "not applicable", "visibility": "visible"}, {"gameTime": "2 - 23:04", "label": "Ball out of play", "position": "1384265", "team": "away", "visibility": "not shown"}, {"gameTime": "2 - 23:21", "label": "Throw-in", "position": "1401981", "team": "not applicable", "visibility": "visible"}, {"gameTime": "2 - 23:27", "label": "Foul", "position": "1407381", "team": "away", "visibility": "visible"}, {"gameTime": "2 - 24:12", "label": "Direct free-kick", "position": "1452379", "team": "away", "visibility": "visible"}, {"gameTime": "2 - 24:16", "label": "Ball out of play", "position": "1456703", "team": "home", "visibility": "visible"}, {"gameTime": "2 - 25:51", "label": "Substitution", "position": "1551874", "team": "not applicable", "visibility": "visible"}, {"gameTime": "2 - 26:40", "label": "Throw-in", "position": "1600960", "team": "home", "visibility": "visible"}, {"gameTime": "2 - 26:46", "label": "Ball out of play", "position": "1606986", "team": "home", "visibility": "not shown"}, {"gameTime": "2 - 27:05", "label": "Ball out of play", "position": "1625319", "team": "not applicable", "visibility": "visible"}, {"gameTime": "2 - 28:01", "label": "Throw-in", "position": "1681810", "team": "not applicable", "visibility": "visible"}, {"gameTime": "2 - 28:09", "label": "Ball out of play", "position": "1689776", "team": "home", "visibility": "visible"}, {"gameTime": "2 - 28:19", "label": "Throw-in", "position": "1699891", "team": "not applicable", "visibility": "visible"}, {"gameTime": "2 - 28:24", "label": "Clearance", "position": "1704254", "team": "home", "visibility": "visible"}, {"gameTime": "2 - 28:42", "label": "Throw-in", "position": "1722164", "team": "away", "visibility": "visible"}, {"gameTime": "2 - 28:48", "label": "Ball out of play", "position": "1728254", "team": "home", "visibility": "visible"}, {"gameTime": "2 - 29:11", "label": "Clearance", "position": "1751204", "team": "not applicable", "visibility": "visible"}, {"gameTime": "2 - 29:30", "label": "Foul", "position": "1770472", "team": "away", "visibility": "not shown"}, {"gameTime": "2 - 29:43", "label": "Substitution", "position": "1783525", "team": "home", "visibility": "visible"}, {"gameTime": "2 - 30:14", "label": "Direct free-kick", "position": "1814120", "team": "away", "visibility": "visible"}, {"gameTime": "2 - 30:25", "label": "Ball out of play", "position": "1825040", "team": "away", "visibility": "not shown"}, {"gameTime": "2 - 30:52", "label": "Clearance", "position": "1852691", "team": "not applicable", "visibility": "visible"}, {"gameTime": "2 - 31:13", "label": "Ball out of play", "position": "1873070", "team": "home", "visibility": "visible"}, {"gameTime": "2 - 32:14", "label": "Corner", "position": "1934075", "team": "not applicable", "visibility": "visible"}, {"gameTime": "2 - 32:45", "label": "Shots on target", "position": "1965846", "team": "home", "visibility": "visible"}, {"gameTime": "2 - 32:48", "label": "Ball out of play", "position": "1968475", "team": "home", "visibility": "visible"}, {"gameTime": "2 - 32:49", "label": "Corner", "position": "1969573", "team": "not applicable", "visibility": "visible"}, {"gameTime": "2 - 33:21", "label": "Ball out of play", "position": "2001389", "team": "home", "visibility": "visible"}, {"gameTime": "2 - 33:45", "label": "Direct free-kick", "position": "2025334", "team": "not applicable", "visibility": "visible"}, {"gameTime": "2 - 34:02", "label": "Ball out of play", "position": "2042453", "team": "away", "visibility": "visible"}, {"gameTime": "2 - 34:11", "label": "Substitution", "position": "2051975", "team": "not applicable", "visibility": "visible"}, {"gameTime": "2 - 34:40", "label": "Throw-in", "position": "2080800", "team": "home", "visibility": "visible"}, {"gameTime": "2 - 35:00", "label": "Shots off target", "position": "2100835", "team": "away", "visibility": "not shown"}, {"gameTime": "2 - 35:16", "label": "Ball out of play", "position": "2116356", "team": "away", "visibility": "visible"}, {"gameTime": "2 - 35:16", "label": "Clearance", "position": "2116721", "team": "not applicable", "visibility": "visible"}, {"gameTime": "2 - 35:47", "label": "Ball out of play", "position": "2147592", "team": "home", "visibility": "not shown"}, {"gameTime": "2 - 35:50", "label": "Throw-in", "position": "2150603", "team": "not applicable", "visibility": "visible"}, {"gameTime": "2 - 35:54", "label": "Shots on target", "position": "2154010", "team": "away", "visibility": "visible"}, {"gameTime": "2 - 37:56", "label": "Ball out of play", "position": "2276344", "team": "away", "visibility": "visible"}, {"gameTime": "2 - 39:09", "label": "Throw-in", "position": "2349122", "team": "not applicable", "visibility": "visible"}, {"gameTime": "2 - 39:17", "label": "Foul", "position": "2357223", "team": "away", "visibility": "visible"}, {"gameTime": "2 - 39:57", "label": "Direct free-kick", "position": "2397188", "team": "away", "visibility": "visible"}, {"gameTime": "2 - 40:17", "label": "Shots on target", "position": "2417423", "team": "home", "visibility": "visible"}, {"gameTime": "2 - 41:00", "label": "Ball out of play", "position": "2460722", "team": "away", "visibility": "visible"}, {"gameTime": "2 - 42:05", "label": "Foul", "position": "2525377", "team": "not applicable", "visibility": "visible"}, {"gameTime": "2 - 42:40", "label": "Direct free-kick", "position": "2560026", "team": "home", "visibility": "visible"}, {"gameTime": "2 - 42:43", "label": "Shots off target", "position": "2563688", "team": "away", "visibility": "not shown"}, {"gameTime": "2 - 43:23", "label": "Ball out of play", "position": "2603677", "team": "away", "visibility": "visible"}, {"gameTime": "2 - 43:24", "label": "Corner", "position": "2604740", "team": "not applicable", "visibility": "visible"}, {"gameTime": "2 - 43:43", "label": "Shots on target", "position": "2623479", "team": "away", "visibility": "visible"}, {"gameTime": "2 - 43:49", "label": "Foul", "position": "2629234", "team": "away", "visibility": "visible"}, {"gameTime": "2 - 44:13", "label": "Direct free-kick", "position": "2653425", "team": "away", "visibility": "visible"}, {"gameTime": "2 - 44:34", "label": "Foul", "position": "2674894", "team": "home", "visibility": "not shown"}, {"gameTime": "2 - 44:41", "label": "Foul", "position": "2681228", "team": "away", "visibility": "visible"}], "gameAwayTeam": "Dijon", "gameDate": "20/09/2016 - 22:00", "gameHomeTeam": "Paris SG", "gameScore": "3 - 0"}