{"UrlLocal": "england_epl/2015-2016/2015-11-07 - 18-00 Manchester United 2 - 0 West Brom/", "UrlYoutube": "", "annotations": [{"gameTime": "1 - 00:00", "label": "Foul", "position": "5", "team": "home", "visibility": "not shown"}, {"gameTime": "1 - 00:20", "label": "Indirect free-kick", "position": "20727", "team": "away", "visibility": "visible"}, {"gameTime": "1 - 00:51", "label": "Ball out of play", "position": "51849", "team": "home", "visibility": "not shown"}, {"gameTime": "1 - 01:37", "label": "Throw-in", "position": "97043", "team": "not applicable", "visibility": "visible"}, {"gameTime": "1 - 01:52", "label": "Ball out of play", "position": "112810", "team": "away", "visibility": "visible"}, {"gameTime": "1 - 02:28", "label": "Throw-in", "position": "148035", "team": "not applicable", "visibility": "visible"}, {"gameTime": "1 - 02:47", "label": "Ball out of play", "position": "167928", "team": "away", "visibility": "not shown"}, {"gameTime": "1 - 03:55", "label": "Throw-in", "position": "235025", "team": "not applicable", "visibility": "visible"}, {"gameTime": "1 - 04:08", "label": "Foul", "position": "248554", "team": "away", "visibility": "visible"}, {"gameTime": "1 - 04:11", "label": "Indirect free-kick", "position": "251976", "team": "away", "visibility": "visible"}, {"gameTime": "1 - 04:30", "label": "Ball out of play", "position": "270067", "team": "home", "visibility": "not shown"}, {"gameTime": "1 - 05:35", "label": "Throw-in", "position": "335105", "team": "not applicable", "visibility": "not shown"}, {"gameTime": "1 - 05:51", "label": "Ball out of play", "position": "351453", "team": "home", "visibility": "visible"}, {"gameTime": "1 - 09:09", "label": "Throw-in", "position": "549686", "team": "not applicable", "visibility": "not shown"}, {"gameTime": "1 - 09:15", "label": "Ball out of play", "position": "555160", "team": "home", "visibility": "visible"}, {"gameTime": "1 - 09:51", "label": "Throw-in", "position": "591355", "team": "not applicable", "visibility": "not shown"}, {"gameTime": "1 - 10:00", "label": "Ball out of play", "position": "600910", "team": "home", "visibility": "not shown"}, {"gameTime": "1 - 10:54", "label": "Throw-in", "position": "654528", "team": "not applicable", "visibility": "visible"}, {"gameTime": "1 - 10:55", "label": "Shots off target", "position": "655711", "team": "home", "visibility": "visible"}, {"gameTime": "1 - 11:52", "label": "Ball out of play", "position": "712141", "team": "home", "visibility": "visible"}, {"gameTime": "1 - 11:52", "label": "Clearance", "position": "712981", "team": "not applicable", "visibility": "visible"}, {"gameTime": "1 - 12:42", "label": "Ball out of play", "position": "762412", "team": "away", "visibility": "not shown"}, {"gameTime": "1 - 13:22", "label": "Throw-in", "position": "802516", "team": "not applicable", "visibility": "not shown"}, {"gameTime": "1 - 13:37", "label": "Ball out of play", "position": "817922", "team": "home", "visibility": "visible"}, {"gameTime": "1 - 13:40", "label": "Throw-in", "position": "820315", "team": "not applicable", "visibility": "not shown"}, {"gameTime": "1 - 13:48", "label": "Foul", "position": "828712", "team": "home", "visibility": "visible"}, {"gameTime": "1 - 13:55", "label": "Indirect free-kick", "position": "835564", "team": "away", "visibility": "visible"}, {"gameTime": "1 - 14:07", "label": "Shots off target", "position": "847396", "team": "home", "visibility": "visible"}, {"gameTime": "1 - 15:52", "label": "Ball out of play", "position": "952697", "team": "home", "visibility": "visible"}, {"gameTime": "1 - 15:53", "label": "Clearance", "position": "953697", "team": "not applicable", "visibility": "visible"}, {"gameTime": "1 - 16:29", "label": "Foul", "position": "989207", "team": "away", "visibility": "visible"}, {"gameTime": "1 - 17:49", "label": "Indirect free-kick", "position": "1069160", "team": "home", "visibility": "visible"}, {"gameTime": "1 - 18:24", "label": "Foul", "position": "1104163", "team": "away", "visibility": "not shown"}, {"gameTime": "1 - 19:46", "label": "Indirect free-kick", "position": "1186724", "team": "away", "visibility": "visible"}, {"gameTime": "1 - 20:22", "label": "Foul", "position": "1222029", "team": "home", "visibility": "visible"}, {"gameTime": "1 - 24:04", "label": "Indirect free-kick", "position": "1444809", "team": "home", "visibility": "visible"}, {"gameTime": "1 - 24:36", "label": "Ball out of play", "position": "1476763", "team": "away", "visibility": "not shown"}, {"gameTime": "1 - 24:44", "label": "Throw-in", "position": "1484196", "team": "not applicable", "visibility": "visible"}, {"gameTime": "1 - 24:59", "label": "Foul", "position": "1499575", "team": "away", "visibility": "visible"}, {"gameTime": "1 - 26:09", "label": "Indirect free-kick", "position": "1569781", "team": "home", "visibility": "visible"}, {"gameTime": "1 - 26:45", "label": "Ball out of play", "position": "1605658", "team": "away", "visibility": "not shown"}, {"gameTime": "1 - 28:12", "label": "Corner", "position": "1692824", "team": "not applicable", "visibility": "visible"}, {"gameTime": "1 - 28:46", "label": "Shots off target", "position": "1726006", "team": "home", "visibility": "visible"}, {"gameTime": "1 - 28:50", "label": "Ball out of play", "position": "1730117", "team": "home", "visibility": "visible"}, {"gameTime": "1 - 28:52", "label": "Clearance", "position": "1732237", "team": "not applicable", "visibility": "visible"}, {"gameTime": "1 - 29:19", "label": "Ball out of play", "position": "1759613", "team": "away", "visibility": "not shown"}, {"gameTime": "1 - 29:42", "label": "Clearance", "position": "1782111", "team": "not applicable", "visibility": "not shown"}, {"gameTime": "1 - 29:50", "label": "Shots on target", "position": "1790077", "team": "away", "visibility": "not shown"}, {"gameTime": "1 - 30:29", "label": "Ball out of play", "position": "1829129", "team": "home", "visibility": "visible"}, {"gameTime": "1 - 30:33", "label": "Throw-in", "position": "1833179", "team": "not applicable", "visibility": "visible"}, {"gameTime": "1 - 30:41", "label": "Offside", "position": "1841508", "team": "home", "visibility": "not shown"}, {"gameTime": "1 - 31:41", "label": "Indirect free-kick", "position": "1901908", "team": "home", "visibility": "visible"}, {"gameTime": "1 - 32:14", "label": "Ball out of play", "position": "1934843", "team": "away", "visibility": "not shown"}, {"gameTime": "1 - 32:36", "label": "Throw-in", "position": "1956569", "team": "not applicable", "visibility": "visible"}, {"gameTime": "1 - 32:56", "label": "Foul", "position": "1976347", "team": "away", "visibility": "not shown"}, {"gameTime": "1 - 33:33", "label": "Indirect free-kick", "position": "2013192", "team": "home", "visibility": "visible"}, {"gameTime": "1 - 33:58", "label": "Ball out of play", "position": "2038589", "team": "away", "visibility": "not shown"}, {"gameTime": "1 - 34:24", "label": "Corner", "position": "2064571", "team": "not applicable", "visibility": "visible"}, {"gameTime": "1 - 35:08", "label": "Ball out of play", "position": "2108733", "team": "away", "visibility": "visible"}, {"gameTime": "1 - 35:21", "label": "Throw-in", "position": "2121633", "team": "not applicable", "visibility": "visible"}, {"gameTime": "1 - 35:48", "label": "Ball out of play", "position": "2148660", "team": "away", "visibility": "visible"}, {"gameTime": "1 - 36:06", "label": "Throw-in", "position": "2166749", "team": "not applicable", "visibility": "visible"}, {"gameTime": "1 - 36:18", "label": "Ball out of play", "position": "2178100", "team": "home", "visibility": "not shown"}, {"gameTime": "1 - 37:07", "label": "Throw-in", "position": "2227882", "team": "not applicable", "visibility": "visible"}, {"gameTime": "1 - 37:11", "label": "Ball out of play", "position": "2231117", "team": "home", "visibility": "visible"}, {"gameTime": "1 - 38:42", "label": "Throw-in", "position": "2322958", "team": "not applicable", "visibility": "visible"}, {"gameTime": "1 - 39:03", "label": "Shots on target", "position": "2343963", "team": "away", "visibility": "not shown"}, {"gameTime": "1 - 40:09", "label": "Ball out of play", "position": "2409826", "team": "home", "visibility": "visible"}, {"gameTime": "1 - 40:11", "label": "Throw-in", "position": "2411864", "team": "not applicable", "visibility": "visible"}, {"gameTime": "1 - 40:23", "label": "Shots on target", "position": "2423566", "team": "home", "visibility": "not shown"}, {"gameTime": "1 - 40:24", "label": "Ball out of play", "position": "2424727", "team": "home", "visibility": "not shown"}, {"gameTime": "1 - 40:27", "label": "Corner", "position": "2427275", "team": "not applicable", "visibility": "visible"}, {"gameTime": "1 - 40:56", "label": "Ball out of play", "position": "2456740", "team": "home", "visibility": "visible"}, {"gameTime": "1 - 41:19", "label": "Clearance", "position": "2479526", "team": "not applicable", "visibility": "visible"}, {"gameTime": "1 - 41:48", "label": "Ball out of play", "position": "2508600", "team": "away", "visibility": "not shown"}, {"gameTime": "1 - 42:20", "label": "Throw-in", "position": "2540932", "team": "not applicable", "visibility": "visible"}, {"gameTime": "1 - 42:24", "label": "Foul", "position": "2544861", "team": "home", "visibility": "visible"}, {"gameTime": "1 - 42:31", "label": "Yellow card", "position": "2551940", "team": "away", "visibility": "visible"}, {"gameTime": "1 - 42:38", "label": "Direct free-kick", "position": "2558486", "team": "away", "visibility": "visible"}, {"gameTime": "1 - 43:23", "label": "Shots on target", "position": "2603396", "team": "home", "visibility": "visible"}, {"gameTime": "1 - 43:32", "label": "Shots on target", "position": "2612449", "team": "home", "visibility": "visible"}, {"gameTime": "2 - 00:00", "label": "Foul", "position": "0", "team": "away", "visibility": "not shown"}, {"gameTime": "2 - 00:17", "label": "Indirect free-kick", "position": "17641", "team": "home", "visibility": "visible"}, {"gameTime": "2 - 00:45", "label": "Ball out of play", "position": "45935", "team": "away", "visibility": "visible"}, {"gameTime": "2 - 00:56", "label": "Throw-in", "position": "56338", "team": "not applicable", "visibility": "visible"}, {"gameTime": "2 - 01:05", "label": "Ball out of play", "position": "65532", "team": "home", "visibility": "not shown"}, {"gameTime": "2 - 02:13", "label": "Clearance", "position": "133371", "team": "not applicable", "visibility": "visible"}, {"gameTime": "2 - 02:40", "label": "Ball out of play", "position": "160636", "team": "away", "visibility": "not shown"}, {"gameTime": "2 - 02:52", "label": "Throw-in", "position": "172016", "team": "not applicable", "visibility": "visible"}, {"gameTime": "2 - 02:59", "label": "Foul", "position": "179389", "team": "home", "visibility": "not shown"}, {"gameTime": "2 - 03:39", "label": "Indirect free-kick", "position": "219719", "team": "home", "visibility": "visible"}, {"gameTime": "2 - 03:58", "label": "Ball out of play", "position": "238573", "team": "away", "visibility": "not shown"}, {"gameTime": "2 - 04:06", "label": "Throw-in", "position": "246983", "team": "not applicable", "visibility": "visible"}, {"gameTime": "2 - 04:15", "label": "Ball out of play", "position": "255597", "team": "away", "visibility": "visible"}, {"gameTime": "2 - 04:31", "label": "Throw-in", "position": "271600", "team": "not applicable", "visibility": "not shown"}, {"gameTime": "2 - 04:36", "label": "Ball out of play", "position": "276713", "team": "home", "visibility": "not shown"}, {"gameTime": "2 - 05:21", "label": "Throw-in", "position": "321200", "team": "not applicable", "visibility": "visible"}, {"gameTime": "2 - 05:38", "label": "Shots on target", "position": "338314", "team": "away", "visibility": "not shown"}, {"gameTime": "2 - 06:26", "label": "Goal", "position": "386665", "team": "home", "visibility": "visible"}, {"gameTime": "2 - 06:27", "label": "Kick-off", "position": "387768", "team": "home", "visibility": "visible"}, {"gameTime": "2 - 07:32", "label": "Ball out of play", "position": "452941", "team": "away", "visibility": "not shown"}, {"gameTime": "2 - 08:24", "label": "Throw-in", "position": "504257", "team": "not applicable", "visibility": "visible"}, {"gameTime": "2 - 08:32", "label": "Foul", "position": "512337", "team": "home", "visibility": "not shown"}, {"gameTime": "2 - 08:54", "label": "Indirect free-kick", "position": "534507", "team": "home", "visibility": "not shown"}, {"gameTime": "2 - 09:14", "label": "Ball out of play", "position": "554236", "team": "away", "visibility": "visible"}, {"gameTime": "2 - 09:57", "label": "Clearance", "position": "597950", "team": "not applicable", "visibility": "visible"}, {"gameTime": "2 - 10:12", "label": "Ball out of play", "position": "612420", "team": "home", "visibility": "not shown"}, {"gameTime": "2 - 10:29", "label": "Clearance", "position": "629632", "team": "not applicable", "visibility": "visible"}, {"gameTime": "2 - 10:53", "label": "Ball out of play", "position": "653505", "team": "away", "visibility": "not shown"}, {"gameTime": "2 - 13:31", "label": "Throw-in", "position": "811176", "team": "not applicable", "visibility": "visible"}, {"gameTime": "2 - 13:49", "label": "Foul", "position": "829680", "team": "away", "visibility": "not shown"}, {"gameTime": "2 - 14:07", "label": "Yellow card", "position": "847754", "team": "away", "visibility": "visible"}, {"gameTime": "2 - 14:24", "label": "Indirect free-kick", "position": "864000", "team": "away", "visibility": "visible"}, {"gameTime": "2 - 14:47", "label": "Foul", "position": "887985", "team": "home", "visibility": "not shown"}, {"gameTime": "2 - 14:57", "label": "Yellow card", "position": "897346", "team": "home", "visibility": "visible"}, {"gameTime": "2 - 15:03", "label": "Indirect free-kick", "position": "903551", "team": "home", "visibility": "visible"}, {"gameTime": "2 - 15:29", "label": "Ball out of play", "position": "929994", "team": "away", "visibility": "visible"}, {"gameTime": "2 - 16:13", "label": "Substitution", "position": "973354", "team": "not applicable", "visibility": "visible"}, {"gameTime": "2 - 16:41", "label": "Throw-in", "position": "1001200", "team": "home", "visibility": "visible"}, {"gameTime": "2 - 16:51", "label": "Ball out of play", "position": "1011824", "team": "away", "visibility": "not shown"}, {"gameTime": "2 - 18:04", "label": "Throw-in", "position": "1084521", "team": "not applicable", "visibility": "visible"}, {"gameTime": "2 - 18:19", "label": "Foul", "position": "1099910", "team": "away", "visibility": "visible"}, {"gameTime": "2 - 19:29", "label": "Yellow card", "position": "1169699", "team": "away", "visibility": "visible"}, {"gameTime": "2 - 19:36", "label": "Indirect free-kick", "position": "1176176", "team": "away", "visibility": "visible"}, {"gameTime": "2 - 20:03", "label": "Shots on target", "position": "1203499", "team": "home", "visibility": "not shown"}, {"gameTime": "2 - 21:50", "label": "Foul", "position": "1310061", "team": "home", "visibility": "visible"}, {"gameTime": "2 - 25:26", "label": "Substitution", "position": "1526572", "team": "home", "visibility": "visible"}, {"gameTime": "2 - 26:08", "label": "Substitution", "position": "1568024", "team": "away", "visibility": "visible"}, {"gameTime": "2 - 26:19", "label": "Direct free-kick", "position": "1579400", "team": "away", "visibility": "visible"}, {"gameTime": "2 - 26:40", "label": "Shots off target", "position": "1600267", "team": "away", "visibility": "visible"}, {"gameTime": "2 - 26:41", "label": "Ball out of play", "position": "1601575", "team": "away", "visibility": "visible"}, {"gameTime": "2 - 26:43", "label": "Clearance", "position": "1603104", "team": "not applicable", "visibility": "visible"}, {"gameTime": "2 - 27:04", "label": "Shots off target", "position": "1624130", "team": "home", "visibility": "not shown"}, {"gameTime": "2 - 27:22", "label": "Ball out of play", "position": "1642952", "team": "home", "visibility": "visible"}, {"gameTime": "2 - 27:24", "label": "Clearance", "position": "1644678", "team": "not applicable", "visibility": "visible"}, {"gameTime": "2 - 28:00", "label": "Shots off target", "position": "1680352", "team": "away", "visibility": "visible"}, {"gameTime": "2 - 28:45", "label": "Ball out of play", "position": "1725393", "team": "away", "visibility": "visible"}, {"gameTime": "2 - 28:45", "label": "Clearance", "position": "1725839", "team": "not applicable", "visibility": "visible"}, {"gameTime": "2 - 29:25", "label": "Ball out of play", "position": "1765235", "team": "home", "visibility": "not shown"}, {"gameTime": "2 - 30:31", "label": "Substitution", "position": "1831710", "team": "not applicable", "visibility": "visible"}, {"gameTime": "2 - 30:53", "label": "Throw-in", "position": "1853600", "team": "home", "visibility": "visible"}, {"gameTime": "2 - 31:06", "label": "Foul", "position": "1866356", "team": "home", "visibility": "visible"}, {"gameTime": "2 - 31:10", "label": "Indirect free-kick", "position": "1870580", "team": "away", "visibility": "not shown"}, {"gameTime": "2 - 31:28", "label": "Shots on target", "position": "1888066", "team": "home", "visibility": "visible"}, {"gameTime": "2 - 31:52", "label": "Ball out of play", "position": "1912151", "team": "home", "visibility": "visible"}, {"gameTime": "2 - 32:02", "label": "Clearance", "position": "1922456", "team": "not applicable", "visibility": "visible"}, {"gameTime": "2 - 32:34", "label": "Ball out of play", "position": "1954052", "team": "away", "visibility": "not shown"}, {"gameTime": "2 - 33:05", "label": "Throw-in", "position": "1985298", "team": "not applicable", "visibility": "visible"}, {"gameTime": "2 - 33:22", "label": "Ball out of play", "position": "2002528", "team": "away", "visibility": "visible"}, {"gameTime": "2 - 33:49", "label": "Corner", "position": "2029577", "team": "not applicable", "visibility": "visible"}, {"gameTime": "2 - 34:25", "label": "Ball out of play", "position": "2065327", "team": "home", "visibility": "not shown"}, {"gameTime": "2 - 34:32", "label": "Corner", "position": "2072591", "team": "not applicable", "visibility": "visible"}, {"gameTime": "2 - 34:39", "label": "Ball out of play", "position": "2079448", "team": "home", "visibility": "not shown"}, {"gameTime": "2 - 35:55", "label": "Substitution", "position": "2155188", "team": "not applicable", "visibility": "visible"}, {"gameTime": "2 - 36:33", "label": "Throw-in", "position": "2193160", "team": "home", "visibility": "visible"}, {"gameTime": "2 - 36:49", "label": "Foul", "position": "2209998", "team": "away", "visibility": "not shown"}, {"gameTime": "2 - 37:58", "label": "Indirect free-kick", "position": "2278211", "team": "away", "visibility": "visible"}, {"gameTime": "2 - 38:19", "label": "Ball out of play", "position": "2299555", "team": "home", "visibility": "not shown"}, {"gameTime": "2 - 39:03", "label": "Substitution", "position": "2343279", "team": "not applicable", "visibility": "visible"}, {"gameTime": "2 - 39:20", "label": "Throw-in", "position": "2360240", "team": "away", "visibility": "visible"}, {"gameTime": "2 - 39:28", "label": "Ball out of play", "position": "2368302", "team": "away", "visibility": "not shown"}, {"gameTime": "2 - 39:32", "label": "Throw-in", "position": "2372507", "team": "not applicable", "visibility": "visible"}, {"gameTime": "2 - 39:47", "label": "Ball out of play", "position": "2387661", "team": "home", "visibility": "not shown"}, {"gameTime": "2 - 40:05", "label": "Corner", "position": "2405835", "team": "not applicable", "visibility": "visible"}, {"gameTime": "2 - 40:37", "label": "Shots off target", "position": "2437282", "team": "home", "visibility": "visible"}, {"gameTime": "2 - 40:47", "label": "Ball out of play", "position": "2447587", "team": "home", "visibility": "visible"}, {"gameTime": "2 - 40:48", "label": "Clearance", "position": "2448267", "team": "not applicable", "visibility": "visible"}, {"gameTime": "2 - 41:11", "label": "Ball out of play", "position": "2471246", "team": "away", "visibility": "not shown"}, {"gameTime": "2 - 41:23", "label": "Throw-in", "position": "2483010", "team": "not applicable", "visibility": "visible"}, {"gameTime": "2 - 41:36", "label": "Ball out of play", "position": "2496304", "team": "home", "visibility": "visible"}, {"gameTime": "2 - 41:39", "label": "Throw-in", "position": "2499220", "team": "not applicable", "visibility": "visible"}, {"gameTime": "2 - 41:47", "label": "Ball out of play", "position": "2507600", "team": "home", "visibility": "visible"}, {"gameTime": "2 - 42:38", "label": "Throw-in", "position": "2558416", "team": "not applicable", "visibility": "visible"}, {"gameTime": "2 - 42:54", "label": "Ball out of play", "position": "2574341", "team": "home", "visibility": "not shown"}, {"gameTime": "2 - 44:13", "label": "Throw-in", "position": "2653701", "team": "not applicable", "visibility": "visible"}, {"gameTime": "2 - 44:31", "label": "Foul", "position": "2671534", "team": "home", "visibility": "visible"}, {"gameTime": "2 - 44:53", "label": "Red card", "position": "2693077", "team": "away", "visibility": "visible"}, {"gameTime": "2 - 45:05", "label": "Penalty", "position": "2705000", "team": "away", "visibility": "visible"}, {"gameTime": "2 - 45:52", "label": "Shots on target", "position": "2752532", "team": "home", "visibility": "visible"}, {"gameTime": "2 - 45:52", "label": "Goal", "position": "2752532", "team": "home", "visibility": "visible"}, {"gameTime": "2 - 45:53", "label": "Goal", "position": "2753000", "team": "home", "visibility": "visible"}], "gameAwayTeam": "West Brom", "gameDate": "07/11/2015 - 18:00", "gameHomeTeam": "Manchester United", "gameScore": "2 - 0"}