{"UrlLocal": "italy_serie-a/2016-2017/2017-01-15 - 17-00 Udinese 0 - 1 AS Roma/", "UrlYoutube": "", "annotations": [{"gameTime": "1 - 00:05", "label": "Kick-off", "position": "5936", "team": "not applicable", "visibility": "visible"}, {"gameTime": "1 - 00:13", "label": "Ball out of play", "position": "13812", "team": "home", "visibility": "visible"}, {"gameTime": "1 - 01:03", "label": "Throw-in", "position": "63447", "team": "home", "visibility": "visible"}, {"gameTime": "1 - 01:08", "label": "Foul", "position": "68042", "team": "away", "visibility": "not shown"}, {"gameTime": "1 - 01:40", "label": "Indirect free-kick", "position": "100472", "team": "away", "visibility": "visible"}, {"gameTime": "1 - 01:41", "label": "Shots off target", "position": "101192", "team": "not applicable", "visibility": "visible"}, {"gameTime": "1 - 02:06", "label": "Ball out of play", "position": "126091", "team": "home", "visibility": "not shown"}, {"gameTime": "1 - 02:09", "label": "Clearance", "position": "129113", "team": "home", "visibility": "visible"}, {"gameTime": "1 - 02:17", "label": "Foul", "position": "137728", "team": "away", "visibility": "visible"}, {"gameTime": "1 - 02:39", "label": "Indirect free-kick", "position": "159890", "team": "away", "visibility": "visible"}, {"gameTime": "1 - 03:11", "label": "Foul", "position": "191054", "team": "home", "visibility": "visible"}, {"gameTime": "1 - 03:39", "label": "Indirect free-kick", "position": "219170", "team": "away", "visibility": "visible"}, {"gameTime": "1 - 04:02", "label": "Offside", "position": "242705", "team": "home", "visibility": "visible"}, {"gameTime": "1 - 04:18", "label": "Indirect free-kick", "position": "258251", "team": "not applicable", "visibility": "visible"}, {"gameTime": "1 - 04:24", "label": "Ball out of play", "position": "264542", "team": "away", "visibility": "visible"}, {"gameTime": "1 - 04:34", "label": "Throw-in", "position": "274438", "team": "away", "visibility": "visible"}, {"gameTime": "1 - 04:35", "label": "Shots on target", "position": "275366", "team": "not applicable", "visibility": "visible"}, {"gameTime": "1 - 05:08", "label": "Ball out of play", "position": "308094", "team": "away", "visibility": "visible"}, {"gameTime": "1 - 05:09", "label": "Corner", "position": "309477", "team": "away", "visibility": "visible"}, {"gameTime": "1 - 05:10", "label": "Shots off target", "position": "310038", "team": "not applicable", "visibility": "visible"}, {"gameTime": "1 - 05:34", "label": "Ball out of play", "position": "334200", "team": "home", "visibility": "not shown"}, {"gameTime": "1 - 05:39", "label": "Clearance", "position": "339535", "team": "away", "visibility": "visible"}, {"gameTime": "1 - 06:10", "label": "Foul", "position": "370550", "team": "home", "visibility": "not shown"}, {"gameTime": "1 - 06:32", "label": "Indirect free-kick", "position": "392944", "team": "not applicable", "visibility": "visible"}, {"gameTime": "1 - 06:38", "label": "Ball out of play", "position": "398368", "team": "away", "visibility": "not shown"}, {"gameTime": "1 - 07:31", "label": "Throw-in", "position": "451801", "team": "not applicable", "visibility": "visible"}, {"gameTime": "1 - 07:58", "label": "Ball out of play", "position": "478822", "team": "away", "visibility": "not shown"}, {"gameTime": "1 - 08:46", "label": "Throw-in", "position": "526181", "team": "away", "visibility": "visible"}, {"gameTime": "1 - 08:50", "label": "Throw-in", "position": "530159", "team": "not applicable", "visibility": "visible"}, {"gameTime": "1 - 09:00", "label": "Ball out of play", "position": "540626", "team": "away", "visibility": "visible"}, {"gameTime": "1 - 09:29", "label": "Throw-in", "position": "569134", "team": "not applicable", "visibility": "visible"}, {"gameTime": "1 - 09:44", "label": "Ball out of play", "position": "584280", "team": "away", "visibility": "visible"}, {"gameTime": "1 - 10:01", "label": "Throw-in", "position": "601801", "team": "not applicable", "visibility": "visible"}, {"gameTime": "1 - 10:21", "label": "Ball out of play", "position": "621481", "team": "home", "visibility": "not shown"}, {"gameTime": "1 - 11:25", "label": "Clearance", "position": "685059", "team": "away", "visibility": "visible"}, {"gameTime": "1 - 11:25", "label": "Shots on target", "position": "685736", "team": "away", "visibility": "visible"}, {"gameTime": "1 - 12:15", "label": "Goal", "position": "735869", "team": "home", "visibility": "visible"}, {"gameTime": "1 - 12:31", "label": "Kick-off", "position": "751599", "team": "away", "visibility": "visible"}, {"gameTime": "1 - 12:47", "label": "Foul", "position": "767165", "team": "home", "visibility": "visible"}, {"gameTime": "1 - 14:00", "label": "Indirect free-kick", "position": "840181", "team": "away", "visibility": "visible"}, {"gameTime": "1 - 14:29", "label": "Foul", "position": "869222", "team": "home", "visibility": "not shown"}, {"gameTime": "1 - 14:49", "label": "Indirect free-kick", "position": "889554", "team": "home", "visibility": "visible"}, {"gameTime": "1 - 15:05", "label": "Foul", "position": "905165", "team": "away", "visibility": "visible"}, {"gameTime": "1 - 15:19", "label": "Indirect free-kick", "position": "919061", "team": "away", "visibility": "visible"}, {"gameTime": "1 - 15:20", "label": "Shots off target", "position": "920081", "team": "not applicable", "visibility": "visible"}, {"gameTime": "1 - 15:45", "label": "Ball out of play", "position": "945747", "team": "home", "visibility": "not shown"}, {"gameTime": "1 - 16:40", "label": "Clearance", "position": "1000342", "team": "home", "visibility": "visible"}, {"gameTime": "1 - 17:28", "label": "Foul", "position": "1048818", "team": "away", "visibility": "visible"}, {"gameTime": "1 - 17:28", "label": "Shots off target", "position": "1048818", "team": "away", "visibility": "visible"}, {"gameTime": "1 - 17:29", "label": "Penalty", "position": "1049223", "team": "not applicable", "visibility": "visible"}, {"gameTime": "1 - 17:55", "label": "Ball out of play", "position": "1075895", "team": "home", "visibility": "visible"}, {"gameTime": "1 - 18:24", "label": "Clearance", "position": "1104367", "team": "away", "visibility": "visible"}, {"gameTime": "1 - 18:32", "label": "Foul", "position": "1112942", "team": "home", "visibility": "visible"}, {"gameTime": "1 - 19:45", "label": "Indirect free-kick", "position": "1185433", "team": "away", "visibility": "visible"}, {"gameTime": "1 - 19:50", "label": "Foul", "position": "1190491", "team": "home", "visibility": "visible"}, {"gameTime": "1 - 20:19", "label": "Indirect free-kick", "position": "1219060", "team": "away", "visibility": "visible"}, {"gameTime": "1 - 21:12", "label": "Foul", "position": "1272077", "team": "home", "visibility": "visible"}, {"gameTime": "1 - 21:13", "label": "Direct free-kick", "position": "1273681", "team": "home", "visibility": "visible"}, {"gameTime": "1 - 21:22", "label": "Shots on target", "position": "1282581", "team": "home", "visibility": "visible"}, {"gameTime": "1 - 21:23", "label": "Shots on target", "position": "1283632", "team": "not applicable", "visibility": "visible"}, {"gameTime": "1 - 21:43", "label": "Ball out of play", "position": "1303720", "team": "home", "visibility": "visible"}, {"gameTime": "1 - 23:01", "label": "Corner", "position": "1381835", "team": "away", "visibility": "visible"}, {"gameTime": "1 - 23:34", "label": "Shots on target", "position": "1414376", "team": "not applicable", "visibility": "visible"}, {"gameTime": "1 - 23:42", "label": "Ball out of play", "position": "1422817", "team": "home", "visibility": "visible"}, {"gameTime": "1 - 23:59", "label": "Throw-in", "position": "1439975", "team": "not applicable", "visibility": "visible"}, {"gameTime": "1 - 24:37", "label": "Ball out of play", "position": "1477889", "team": "away", "visibility": "visible"}, {"gameTime": "1 - 26:17", "label": "Corner", "position": "1577649", "team": "home", "visibility": "visible"}, {"gameTime": "1 - 26:18", "label": "Shots on target", "position": "1578831", "team": "not applicable", "visibility": "visible"}, {"gameTime": "1 - 26:51", "label": "Ball out of play", "position": "1611257", "team": "home", "visibility": "visible"}, {"gameTime": "1 - 27:18", "label": "Corner", "position": "1638186", "team": "not applicable", "visibility": "visible"}, {"gameTime": "1 - 27:28", "label": "Ball out of play", "position": "1648913", "team": "away", "visibility": "not shown"}, {"gameTime": "1 - 27:56", "label": "Throw-in", "position": "1676401", "team": "not applicable", "visibility": "visible"}, {"gameTime": "1 - 28:06", "label": "Ball out of play", "position": "1686878", "team": "home", "visibility": "visible"}, {"gameTime": "1 - 28:55", "label": "Throw-in", "position": "1735643", "team": "not applicable", "visibility": "visible"}, {"gameTime": "1 - 28:59", "label": "Ball out of play", "position": "1739520", "team": "home", "visibility": "visible"}, {"gameTime": "1 - 29:05", "label": "Throw-in", "position": "1745286", "team": "not applicable", "visibility": "visible"}, {"gameTime": "1 - 29:12", "label": "Ball out of play", "position": "1752668", "team": "home", "visibility": "visible"}, {"gameTime": "1 - 29:17", "label": "Throw-in", "position": "1757104", "team": "away", "visibility": "visible"}, {"gameTime": "1 - 29:39", "label": "Foul", "position": "1779490", "team": "home", "visibility": "visible"}, {"gameTime": "1 - 30:53", "label": "Indirect free-kick", "position": "1853699", "team": "not applicable", "visibility": "visible"}, {"gameTime": "1 - 31:13", "label": "Ball out of play", "position": "1873832", "team": "home", "visibility": "visible"}, {"gameTime": "1 - 31:52", "label": "Throw-in", "position": "1912307", "team": "not applicable", "visibility": "visible"}, {"gameTime": "1 - 31:59", "label": "Ball out of play", "position": "1919046", "team": "away", "visibility": "not shown"}, {"gameTime": "1 - 33:48", "label": "Throw-in", "position": "2028591", "team": "not applicable", "visibility": "visible"}, {"gameTime": "1 - 34:23", "label": "Ball out of play", "position": "2063259", "team": "away", "visibility": "visible"}, {"gameTime": "1 - 34:29", "label": "Corner", "position": "2069890", "team": "away", "visibility": "visible"}, {"gameTime": "1 - 34:41", "label": "Foul", "position": "2081100", "team": "home", "visibility": "visible"}, {"gameTime": "1 - 35:16", "label": "Indirect free-kick", "position": "2116732", "team": "away", "visibility": "visible"}, {"gameTime": "1 - 35:18", "label": "Shots off target", "position": "2118064", "team": "not applicable", "visibility": "not shown"}, {"gameTime": "1 - 35:39", "label": "Ball out of play", "position": "2139221", "team": "home", "visibility": "not shown"}, {"gameTime": "1 - 35:42", "label": "Clearance", "position": "2142548", "team": "away", "visibility": "visible"}, {"gameTime": "1 - 36:07", "label": "Foul", "position": "2167245", "team": "home", "visibility": "not shown"}, {"gameTime": "1 - 36:16", "label": "Indirect free-kick", "position": "2176867", "team": "not applicable", "visibility": "visible"}, {"gameTime": "1 - 36:34", "label": "Ball out of play", "position": "2194252", "team": "home", "visibility": "visible"}, {"gameTime": "1 - 36:43", "label": "Throw-in", "position": "2203810", "team": "home", "visibility": "visible"}, {"gameTime": "1 - 36:59", "label": "Foul", "position": "2219782", "team": "away", "visibility": "visible"}, {"gameTime": "1 - 37:38", "label": "Indirect free-kick", "position": "2258858", "team": "not applicable", "visibility": "visible"}, {"gameTime": "1 - 37:43", "label": "Ball out of play", "position": "2263492", "team": "home", "visibility": "not shown"}, {"gameTime": "1 - 38:29", "label": "Throw-in", "position": "2309431", "team": "not applicable", "visibility": "visible"}, {"gameTime": "1 - 38:40", "label": "Ball out of play", "position": "2320081", "team": "home", "visibility": "visible"}, {"gameTime": "1 - 39:06", "label": "Throw-in", "position": "2346899", "team": "home", "visibility": "visible"}, {"gameTime": "1 - 39:24", "label": "Foul", "position": "2364209", "team": "away", "visibility": "visible"}, {"gameTime": "1 - 39:45", "label": "Indirect free-kick", "position": "2385218", "team": "away", "visibility": "visible"}, {"gameTime": "1 - 39:52", "label": "Foul", "position": "2392943", "team": "away", "visibility": "visible"}, {"gameTime": "1 - 40:19", "label": "Yellow card", "position": "2419762", "team": "home", "visibility": "not shown"}, {"gameTime": "1 - 40:38", "label": "Indirect free-kick", "position": "2438981", "team": "not applicable", "visibility": "visible"}, {"gameTime": "1 - 40:59", "label": "Ball out of play", "position": "2459353", "team": "home", "visibility": "visible"}, {"gameTime": "1 - 42:33", "label": "Corner", "position": "2553258", "team": "home", "visibility": "visible"}, {"gameTime": "1 - 42:38", "label": "Shots off target", "position": "2558252", "team": "not applicable", "visibility": "visible"}, {"gameTime": "1 - 42:41", "label": "Ball out of play", "position": "2561950", "team": "home", "visibility": "not shown"}, {"gameTime": "1 - 43:29", "label": "Throw-in", "position": "2609367", "team": "not applicable", "visibility": "visible"}, {"gameTime": "1 - 44:02", "label": "Ball out of play", "position": "2642672", "team": "away", "visibility": "not shown"}, {"gameTime": "1 - 44:27", "label": "Clearance", "position": "2667915", "team": "home", "visibility": "visible"}, {"gameTime": "2 - 00:31", "label": "Kick-off", "position": "31833", "team": "not applicable", "visibility": "visible"}, {"gameTime": "2 - 00:40", "label": "Ball out of play", "position": "40896", "team": "home", "visibility": "visible"}, {"gameTime": "2 - 01:15", "label": "Throw-in", "position": "75736", "team": "home", "visibility": "visible"}, {"gameTime": "2 - 02:20", "label": "Foul", "position": "140947", "team": "away", "visibility": "visible"}, {"gameTime": "2 - 02:20", "label": "Direct free-kick", "position": "140947", "team": "away", "visibility": "visible"}, {"gameTime": "2 - 02:22", "label": "Shots off target", "position": "142023", "team": "not applicable", "visibility": "visible"}, {"gameTime": "2 - 02:44", "label": "Ball out of play", "position": "164104", "team": "away", "visibility": "visible"}, {"gameTime": "2 - 03:06", "label": "Corner", "position": "186357", "team": "not applicable", "visibility": "visible"}, {"gameTime": "2 - 03:26", "label": "Ball out of play", "position": "206523", "team": "home", "visibility": "visible"}, {"gameTime": "2 - 04:14", "label": "Throw-in", "position": "254838", "team": "not applicable", "visibility": "visible"}, {"gameTime": "2 - 04:24", "label": "Ball out of play", "position": "264074", "team": "away", "visibility": "visible"}, {"gameTime": "2 - 04:34", "label": "Throw-in", "position": "274086", "team": "not applicable", "visibility": "visible"}, {"gameTime": "2 - 04:40", "label": "Ball out of play", "position": "280975", "team": "home", "visibility": "not shown"}, {"gameTime": "2 - 05:02", "label": "Throw-in", "position": "302955", "team": "not applicable", "visibility": "visible"}, {"gameTime": "2 - 05:15", "label": "Ball out of play", "position": "315445", "team": "away", "visibility": "visible"}, {"gameTime": "2 - 05:54", "label": "Throw-in", "position": "354364", "team": "away", "visibility": "visible"}, {"gameTime": "2 - 06:10", "label": "Offside", "position": "370799", "team": "home", "visibility": "visible"}, {"gameTime": "2 - 06:20", "label": "Substitution", "position": "380187", "team": "home", "visibility": "visible"}, {"gameTime": "2 - 06:25", "label": "Indirect free-kick", "position": "385133", "team": "not applicable", "visibility": "visible"}, {"gameTime": "2 - 06:32", "label": "Ball out of play", "position": "392390", "team": "home", "visibility": "visible"}, {"gameTime": "2 - 06:41", "label": "Throw-in", "position": "401920", "team": "not applicable", "visibility": "visible"}, {"gameTime": "2 - 06:52", "label": "Ball out of play", "position": "412417", "team": "home", "visibility": "visible"}, {"gameTime": "2 - 07:38", "label": "Throw-in", "position": "458766", "team": "not applicable", "visibility": "visible"}, {"gameTime": "2 - 07:53", "label": "Ball out of play", "position": "473117", "team": "away", "visibility": "visible"}, {"gameTime": "2 - 08:06", "label": "Corner", "position": "486439", "team": "away", "visibility": "visible"}, {"gameTime": "2 - 10:23", "label": "Shots on target", "position": "623948", "team": "not applicable", "visibility": "visible"}, {"gameTime": "2 - 10:55", "label": "Ball out of play", "position": "655919", "team": "away", "visibility": "visible"}, {"gameTime": "2 - 11:48", "label": "Clearance", "position": "708110", "team": "home", "visibility": "visible"}, {"gameTime": "2 - 12:07", "label": "Shots on target", "position": "727337", "team": "not applicable", "visibility": "not shown"}, {"gameTime": "2 - 12:11", "label": "Ball out of play", "position": "731693", "team": "away", "visibility": "not shown"}, {"gameTime": "2 - 13:18", "label": "Throw-in", "position": "798982", "team": "not applicable", "visibility": "visible"}, {"gameTime": "2 - 13:22", "label": "Ball out of play", "position": "802955", "team": "home", "visibility": "not shown"}, {"gameTime": "2 - 13:26", "label": "Throw-in", "position": "806922", "team": "not applicable", "visibility": "visible"}, {"gameTime": "2 - 13:51", "label": "Ball out of play", "position": "831108", "team": "away", "visibility": "not shown"}, {"gameTime": "2 - 14:26", "label": "Clearance", "position": "866352", "team": "away", "visibility": "visible"}, {"gameTime": "2 - 14:29", "label": "Foul", "position": "869516", "team": "home", "visibility": "visible"}, {"gameTime": "2 - 14:45", "label": "Indirect free-kick", "position": "885470", "team": "home", "visibility": "visible"}, {"gameTime": "2 - 15:05", "label": "Foul", "position": "905276", "team": "away", "visibility": "visible"}, {"gameTime": "2 - 16:31", "label": "Indirect free-kick", "position": "991950", "team": "home", "visibility": "visible"}, {"gameTime": "2 - 16:33", "label": "Shots off target", "position": "993231", "team": "not applicable", "visibility": "visible"}, {"gameTime": "2 - 17:10", "label": "Ball out of play", "position": "1030360", "team": "away", "visibility": "visible"}, {"gameTime": "2 - 17:18", "label": "Substitution", "position": "1038037", "team": "away", "visibility": "not shown"}, {"gameTime": "2 - 18:59", "label": "Clearance", "position": "1139517", "team": "home", "visibility": "visible"}, {"gameTime": "2 - 19:01", "label": "Shots on target", "position": "1141530", "team": "not applicable", "visibility": "visible"}, {"gameTime": "2 - 19:20", "label": "Ball out of play", "position": "1160005", "team": "home", "visibility": "visible"}, {"gameTime": "2 - 19:41", "label": "Corner", "position": "1181264", "team": "not applicable", "visibility": "visible"}, {"gameTime": "2 - 19:46", "label": "Ball out of play", "position": "1186186", "team": "home", "visibility": "not shown"}, {"gameTime": "2 - 20:35", "label": "Throw-in", "position": "1235053", "team": "not applicable", "visibility": "visible"}, {"gameTime": "2 - 20:48", "label": "Ball out of play", "position": "1248658", "team": "away", "visibility": "visible"}, {"gameTime": "2 - 20:57", "label": "Throw-in", "position": "1257464", "team": "not applicable", "visibility": "visible"}, {"gameTime": "2 - 21:02", "label": "Ball out of play", "position": "1262664", "team": "home", "visibility": "visible"}, {"gameTime": "2 - 21:06", "label": "Throw-in", "position": "1266127", "team": "not applicable", "visibility": "visible"}, {"gameTime": "2 - 21:14", "label": "Ball out of play", "position": "1274613", "team": "home", "visibility": "visible"}, {"gameTime": "2 - 23:16", "label": "Throw-in", "position": "1396340", "team": "not applicable", "visibility": "visible"}, {"gameTime": "2 - 23:33", "label": "Ball out of play", "position": "1413150", "team": "home", "visibility": "visible"}, {"gameTime": "2 - 23:42", "label": "Substitution", "position": "1422033", "team": "away", "visibility": "visible"}, {"gameTime": "2 - 24:28", "label": "Throw-in", "position": "1468460", "team": "not applicable", "visibility": "visible"}, {"gameTime": "2 - 24:33", "label": "Ball out of play", "position": "1473544", "team": "home", "visibility": "visible"}, {"gameTime": "2 - 25:13", "label": "Throw-in", "position": "1513631", "team": "home", "visibility": "visible"}, {"gameTime": "2 - 26:10", "label": "Shots on target", "position": "1570736", "team": "not applicable", "visibility": "not shown"}, {"gameTime": "2 - 26:19", "label": "Ball out of play", "position": "1579654", "team": "home", "visibility": "not shown"}, {"gameTime": "2 - 26:55", "label": "Throw-in", "position": "1615741", "team": "home", "visibility": "visible"}, {"gameTime": "2 - 27:14", "label": "Foul", "position": "1634012", "team": "away", "visibility": "not shown"}, {"gameTime": "2 - 27:37", "label": "Indirect free-kick", "position": "1657146", "team": "away", "visibility": "visible"}, {"gameTime": "2 - 28:07", "label": "Foul", "position": "1687240", "team": "home", "visibility": "visible"}, {"gameTime": "2 - 28:14", "label": "Substitution", "position": "1694844", "team": "home", "visibility": "visible"}, {"gameTime": "2 - 28:22", "label": "Indirect free-kick", "position": "1702626", "team": "away", "visibility": "visible"}, {"gameTime": "2 - 28:27", "label": "Foul", "position": "1707160", "team": "home", "visibility": "not shown"}, {"gameTime": "2 - 28:55", "label": "Indirect free-kick", "position": "1735873", "team": "home", "visibility": "visible"}, {"gameTime": "2 - 29:10", "label": "Shots on target", "position": "1750010", "team": "home", "visibility": "visible"}, {"gameTime": "2 - 29:18", "label": "Foul", "position": "1758120", "team": "home", "visibility": "visible"}, {"gameTime": "2 - 30:04", "label": "Yellow card", "position": "1804539", "team": "away", "visibility": "visible"}, {"gameTime": "2 - 30:12", "label": "Indirect free-kick", "position": "1812805", "team": "home", "visibility": "visible"}, {"gameTime": "2 - 30:23", "label": "Foul", "position": "1823780", "team": "away", "visibility": "visible"}, {"gameTime": "2 - 31:11", "label": "Indirect free-kick", "position": "1871331", "team": "home", "visibility": "visible"}, {"gameTime": "2 - 31:14", "label": "Foul", "position": "1874630", "team": "home", "visibility": "visible"}, {"gameTime": "2 - 31:40", "label": "Yellow card", "position": "1900355", "team": "away", "visibility": "visible"}, {"gameTime": "2 - 31:53", "label": "Indirect free-kick", "position": "1913292", "team": "away", "visibility": "visible"}, {"gameTime": "2 - 32:07", "label": "Foul", "position": "1927602", "team": "home", "visibility": "visible"}, {"gameTime": "2 - 32:38", "label": "Indirect free-kick", "position": "1958004", "team": "not applicable", "visibility": "not shown"}, {"gameTime": "2 - 32:55", "label": "Ball out of play", "position": "1975119", "team": "away", "visibility": "visible"}, {"gameTime": "2 - 34:15", "label": "Throw-in", "position": "2055703", "team": "away", "visibility": "visible"}, {"gameTime": "2 - 34:17", "label": "Shots on target", "position": "2057879", "team": "not applicable", "visibility": "visible"}, {"gameTime": "2 - 34:37", "label": "Ball out of play", "position": "2077943", "team": "away", "visibility": "visible"}, {"gameTime": "2 - 34:42", "label": "Corner", "position": "2082822", "team": "away", "visibility": "visible"}, {"gameTime": "2 - 34:43", "label": "Shots off target", "position": "2083370", "team": "not applicable", "visibility": "visible"}, {"gameTime": "2 - 35:05", "label": "Ball out of play", "position": "2105499", "team": "home", "visibility": "visible"}, {"gameTime": "2 - 36:04", "label": "Clearance", "position": "2164405", "team": "away", "visibility": "visible"}, {"gameTime": "2 - 36:05", "label": "Shots off target", "position": "2165672", "team": "not applicable", "visibility": "visible"}, {"gameTime": "2 - 36:30", "label": "Ball out of play", "position": "2190249", "team": "home", "visibility": "not shown"}, {"gameTime": "2 - 36:37", "label": "Clearance", "position": "2197309", "team": "not applicable", "visibility": "visible"}, {"gameTime": "2 - 36:48", "label": "Ball out of play", "position": "2208740", "team": "home", "visibility": "visible"}, {"gameTime": "2 - 37:14", "label": "Throw-in", "position": "2234949", "team": "not applicable", "visibility": "visible"}, {"gameTime": "2 - 37:34", "label": "Ball out of play", "position": "2254194", "team": "away", "visibility": "visible"}, {"gameTime": "2 - 38:00", "label": "Throw-in", "position": "2280520", "team": "away", "visibility": "visible"}, {"gameTime": "2 - 38:14", "label": "Foul", "position": "2294400", "team": "home", "visibility": "visible"}, {"gameTime": "2 - 39:10", "label": "Indirect free-kick", "position": "2350802", "team": "not applicable", "visibility": "visible"}, {"gameTime": "2 - 39:13", "label": "Ball out of play", "position": "2353930", "team": "home", "visibility": "visible"}, {"gameTime": "2 - 39:31", "label": "Throw-in", "position": "2371316", "team": "away", "visibility": "visible"}, {"gameTime": "2 - 40:10", "label": "Shots on target", "position": "2410024", "team": "home", "visibility": "visible"}, {"gameTime": "2 - 40:49", "label": "Foul", "position": "2449643", "team": "away", "visibility": "not shown"}, {"gameTime": "2 - 41:34", "label": "Indirect free-kick", "position": "2494940", "team": "home", "visibility": "visible"}, {"gameTime": "2 - 42:30", "label": "Shots on target", "position": "2550643", "team": "away", "visibility": "visible"}, {"gameTime": "2 - 42:32", "label": "Foul", "position": "2552903", "team": "home", "visibility": "visible"}, {"gameTime": "2 - 43:04", "label": "Indirect free-kick", "position": "2584521", "team": "not applicable", "visibility": "visible"}, {"gameTime": "2 - 43:41", "label": "Ball out of play", "position": "2621121", "team": "away", "visibility": "visible"}, {"gameTime": "2 - 43:45", "label": "Corner", "position": "2625370", "team": "not applicable", "visibility": "visible"}, {"gameTime": "2 - 43:58", "label": "Ball out of play", "position": "2638936", "team": "away", "visibility": "visible"}, {"gameTime": "2 - 44:02", "label": "Throw-in", "position": "2642053", "team": "home", "visibility": "visible"}, {"gameTime": "2 - 44:35", "label": "Foul", "position": "2675105", "team": "away", "visibility": "visible"}, {"gameTime": "2 - 44:38", "label": "Indirect free-kick", "position": "2678943", "team": "home", "visibility": "visible"}], "gameAwayTeam": "AS Roma", "gameDate": "15/01/2017 - 17:00", "gameHomeTeam": "Udinese", "gameScore": "0 - 1"}