{"UrlLocal": "italy_serie-a/2016-2017/2016-08-20 - 19-00 AS Roma 4 - 0 Udinese/", "UrlYoutube": "", "annotations": [{"gameTime": "1 - 00:13", "label": "Kick-off", "position": "13718", "team": "away", "visibility": "not shown"}, {"gameTime": "1 - 00:23", "label": "Kick-off", "position": "23223", "team": "home", "visibility": "visible"}, {"gameTime": "1 - 01:42", "label": "Clearance", "position": "102528", "team": "away", "visibility": "visible"}, {"gameTime": "1 - 02:02", "label": "Foul", "position": "122169", "team": "home", "visibility": "visible"}, {"gameTime": "1 - 03:29", "label": "Indirect free-kick", "position": "209916", "team": "not applicable", "visibility": "visible"}, {"gameTime": "1 - 03:38", "label": "Ball out of play", "position": "218908", "team": "home", "visibility": "visible"}, {"gameTime": "1 - 04:20", "label": "Throw-in", "position": "260687", "team": "home", "visibility": "visible"}, {"gameTime": "1 - 04:38", "label": "Foul", "position": "278869", "team": "away", "visibility": "not shown"}, {"gameTime": "1 - 04:52", "label": "Indirect free-kick", "position": "292678", "team": "not applicable", "visibility": "visible"}, {"gameTime": "1 - 05:01", "label": "Ball out of play", "position": "301752", "team": "away", "visibility": "visible"}, {"gameTime": "1 - 05:36", "label": "Throw-in", "position": "336377", "team": "away", "visibility": "visible"}, {"gameTime": "1 - 05:52", "label": "Foul", "position": "352780", "team": "home", "visibility": "not shown"}, {"gameTime": "1 - 06:47", "label": "Indirect free-kick", "position": "407724", "team": "not applicable", "visibility": "visible"}, {"gameTime": "1 - 06:58", "label": "Ball out of play", "position": "418346", "team": "home", "visibility": "not shown"}, {"gameTime": "1 - 07:34", "label": "Clearance", "position": "454087", "team": "home", "visibility": "visible"}, {"gameTime": "1 - 08:00", "label": "Offside", "position": "480286", "team": "away", "visibility": "visible"}, {"gameTime": "1 - 08:09", "label": "Indirect free-kick", "position": "489936", "team": "not applicable", "visibility": "not shown"}, {"gameTime": "1 - 08:30", "label": "Ball out of play", "position": "510846", "team": "home", "visibility": "visible"}, {"gameTime": "1 - 08:34", "label": "Throw-in", "position": "514721", "team": "not applicable", "visibility": "visible"}, {"gameTime": "1 - 08:50", "label": "Ball out of play", "position": "530636", "team": "away", "visibility": "not shown"}, {"gameTime": "1 - 09:18", "label": "Clearance", "position": "558585", "team": "not applicable", "visibility": "visible"}, {"gameTime": "1 - 09:23", "label": "Ball out of play", "position": "563388", "team": "home", "visibility": "visible"}, {"gameTime": "1 - 09:34", "label": "Throw-in", "position": "574034", "team": "home", "visibility": "visible"}, {"gameTime": "1 - 10:52", "label": "Shots on target", "position": "652330", "team": "not applicable", "visibility": "not shown"}, {"gameTime": "1 - 11:41", "label": "Ball out of play", "position": "701431", "team": "not applicable", "visibility": "visible"}, {"gameTime": "1 - 12:08", "label": "Ball out of play", "position": "728000", "team": "away", "visibility": "visible"}, {"gameTime": "1 - 12:19", "label": "Clearance", "position": "739836", "team": "away", "visibility": "visible"}, {"gameTime": "1 - 12:41", "label": "Foul", "position": "761927", "team": "home", "visibility": "not shown"}, {"gameTime": "1 - 12:51", "label": "Indirect free-kick", "position": "771954", "team": "not applicable", "visibility": "visible"}, {"gameTime": "1 - 13:29", "label": "Ball out of play", "position": "809438", "team": "home", "visibility": "visible"}, {"gameTime": "1 - 14:29", "label": "Corner", "position": "869478", "team": "not applicable", "visibility": "visible"}, {"gameTime": "1 - 14:45", "label": "Ball out of play", "position": "885244", "team": "home", "visibility": "visible"}, {"gameTime": "1 - 14:48", "label": "Throw-in", "position": "888913", "team": "not applicable", "visibility": "visible"}, {"gameTime": "1 - 15:18", "label": "Ball out of play", "position": "918509", "team": "away", "visibility": "not shown"}, {"gameTime": "1 - 15:46", "label": "Clearance", "position": "946101", "team": "not applicable", "visibility": "visible"}, {"gameTime": "1 - 16:17", "label": "Ball out of play", "position": "977298", "team": "away", "visibility": "visible"}, {"gameTime": "1 - 16:20", "label": "Throw-in", "position": "980340", "team": "not applicable", "visibility": "visible"}, {"gameTime": "1 - 16:35", "label": "Ball out of play", "position": "995026", "team": "home", "visibility": "visible"}, {"gameTime": "1 - 16:46", "label": "Clearance", "position": "1006999", "team": "home", "visibility": "visible"}, {"gameTime": "1 - 17:15", "label": "Foul", "position": "1035261", "team": "away", "visibility": "visible"}, {"gameTime": "1 - 18:07", "label": "Indirect free-kick", "position": "1087357", "team": "home", "visibility": "visible"}, {"gameTime": "1 - 18:10", "label": "Foul", "position": "1090406", "team": "away", "visibility": "visible"}, {"gameTime": "1 - 20:17", "label": "Indirect free-kick", "position": "1217546", "team": "not applicable", "visibility": "not shown"}, {"gameTime": "1 - 20:33", "label": "Ball out of play", "position": "1233688", "team": "home", "visibility": "not shown"}, {"gameTime": "1 - 21:01", "label": "Clearance", "position": "1261523", "team": "home", "visibility": "visible"}, {"gameTime": "1 - 21:02", "label": "Shots off target", "position": "1262443", "team": "not applicable", "visibility": "visible"}, {"gameTime": "1 - 21:26", "label": "Ball out of play", "position": "1286916", "team": "away", "visibility": "visible"}, {"gameTime": "1 - 22:05", "label": "Clearance", "position": "1325837", "team": "away", "visibility": "visible"}, {"gameTime": "1 - 22:25", "label": "Offside", "position": "1345430", "team": "home", "visibility": "not shown"}, {"gameTime": "1 - 22:50", "label": "Indirect free-kick", "position": "1370235", "team": "not applicable", "visibility": "visible"}, {"gameTime": "1 - 23:18", "label": "Ball out of play", "position": "1398704", "team": "away", "visibility": "visible"}, {"gameTime": "1 - 23:41", "label": "Clearance", "position": "1421824", "team": "not applicable", "visibility": "visible"}, {"gameTime": "1 - 24:02", "label": "Ball out of play", "position": "1442549", "team": "away", "visibility": "visible"}, {"gameTime": "1 - 24:23", "label": "Throw-in", "position": "1463042", "team": "away", "visibility": "visible"}, {"gameTime": "1 - 24:24", "label": "Shots off target", "position": "1464643", "team": "not applicable", "visibility": "visible"}, {"gameTime": "1 - 24:32", "label": "Ball out of play", "position": "1472123", "team": "home", "visibility": "not shown"}, {"gameTime": "1 - 25:25", "label": "Clearance", "position": "1525789", "team": "home", "visibility": "visible"}, {"gameTime": "1 - 25:49", "label": "Foul", "position": "1549023", "team": "away", "visibility": "not shown"}, {"gameTime": "1 - 26:15", "label": "Indirect free-kick", "position": "1575823", "team": "home", "visibility": "visible"}, {"gameTime": "1 - 26:17", "label": "Shots off target", "position": "1577307", "team": "not applicable", "visibility": "visible"}, {"gameTime": "1 - 26:53", "label": "Ball out of play", "position": "1613495", "team": "home", "visibility": "visible"}, {"gameTime": "1 - 26:54", "label": "Corner", "position": "1614636", "team": "home", "visibility": "visible"}, {"gameTime": "1 - 26:54", "label": "Shots off target", "position": "1614832", "team": "not applicable", "visibility": "not shown"}, {"gameTime": "1 - 27:20", "label": "Ball out of play", "position": "1640295", "team": "away", "visibility": "visible"}, {"gameTime": "1 - 28:15", "label": "Clearance", "position": "1695163", "team": "home", "visibility": "visible"}, {"gameTime": "1 - 28:36", "label": "Foul", "position": "1716586", "team": "away", "visibility": "visible"}, {"gameTime": "1 - 28:39", "label": "Indirect free-kick", "position": "1719637", "team": "away", "visibility": "visible"}, {"gameTime": "1 - 28:44", "label": "Foul", "position": "1724637", "team": "home", "visibility": "visible"}, {"gameTime": "1 - 29:05", "label": "Indirect free-kick", "position": "1745944", "team": "not applicable", "visibility": "not shown"}, {"gameTime": "1 - 29:32", "label": "Ball out of play", "position": "1772097", "team": "home", "visibility": "visible"}, {"gameTime": "1 - 29:42", "label": "Corner", "position": "1782444", "team": "not applicable", "visibility": "not shown"}, {"gameTime": "1 - 29:47", "label": "Ball out of play", "position": "1787443", "team": "home", "visibility": "visible"}, {"gameTime": "1 - 30:04", "label": "Throw-in", "position": "1804894", "team": "home", "visibility": "visible"}, {"gameTime": "1 - 30:05", "label": "Shots off target", "position": "1805327", "team": "not applicable", "visibility": "visible"}, {"gameTime": "1 - 30:28", "label": "Ball out of play", "position": "1828630", "team": "away", "visibility": "not shown"}, {"gameTime": "1 - 31:22", "label": "Clearance", "position": "1882336", "team": "away", "visibility": "visible"}, {"gameTime": "1 - 31:31", "label": "Foul", "position": "1891899", "team": "home", "visibility": "not shown"}, {"gameTime": "1 - 32:28", "label": "Indirect free-kick", "position": "1948366", "team": "home", "visibility": "visible"}, {"gameTime": "1 - 32:52", "label": "Shots on target", "position": "1972234", "team": "not applicable", "visibility": "not shown"}, {"gameTime": "1 - 33:06", "label": "Ball out of play", "position": "1986597", "team": "away", "visibility": "visible"}, {"gameTime": "1 - 33:11", "label": "Throw-in", "position": "1991971", "team": "not applicable", "visibility": "visible"}, {"gameTime": "1 - 33:43", "label": "Ball out of play", "position": "2023888", "team": "away", "visibility": "visible"}, {"gameTime": "1 - 34:23", "label": "Corner", "position": "2063805", "team": "home", "visibility": "visible"}, {"gameTime": "1 - 34:45", "label": "Offside", "position": "2085487", "team": "away", "visibility": "not shown"}, {"gameTime": "1 - 36:10", "label": "Indirect free-kick", "position": "2170478", "team": "away", "visibility": "visible"}, {"gameTime": "1 - 36:11", "label": "Shots off target", "position": "2171585", "team": "not applicable", "visibility": "visible"}, {"gameTime": "1 - 36:18", "label": "Ball out of play", "position": "2178366", "team": "home", "visibility": "not shown"}, {"gameTime": "1 - 36:34", "label": "Clearance", "position": "2194353", "team": "not applicable", "visibility": "visible"}, {"gameTime": "1 - 36:41", "label": "Ball out of play", "position": "2201127", "team": "home", "visibility": "not shown"}, {"gameTime": "1 - 37:08", "label": "Throw-in", "position": "2228124", "team": "away", "visibility": "visible"}, {"gameTime": "1 - 37:18", "label": "Foul", "position": "2238781", "team": "home", "visibility": "not shown"}, {"gameTime": "1 - 37:55", "label": "Indirect free-kick", "position": "2275370", "team": "away", "visibility": "visible"}, {"gameTime": "1 - 39:04", "label": "Foul", "position": "2344089", "team": "home", "visibility": "visible"}, {"gameTime": "1 - 39:12", "label": "Indirect free-kick", "position": "2352456", "team": "not applicable", "visibility": "visible"}, {"gameTime": "1 - 39:40", "label": "Ball out of play", "position": "2380323", "team": "home", "visibility": "visible"}, {"gameTime": "1 - 40:03", "label": "Corner", "position": "2403064", "team": "not applicable", "visibility": "not shown"}, {"gameTime": "1 - 40:07", "label": "Ball out of play", "position": "2407510", "team": "home", "visibility": "not shown"}, {"gameTime": "1 - 40:25", "label": "Clearance", "position": "2425570", "team": "not applicable", "visibility": "visible"}, {"gameTime": "1 - 40:51", "label": "Ball out of play", "position": "2451794", "team": "home", "visibility": "visible"}, {"gameTime": "1 - 40:52", "label": "Corner", "position": "2452904", "team": "home", "visibility": "visible"}, {"gameTime": "1 - 40:53", "label": "Shots off target", "position": "2453218", "team": "not applicable", "visibility": "visible"}, {"gameTime": "1 - 41:20", "label": "Ball out of play", "position": "2480190", "team": "away", "visibility": "visible"}, {"gameTime": "1 - 41:31", "label": "Clearance", "position": "2491840", "team": "not applicable", "visibility": "visible"}, {"gameTime": "1 - 41:43", "label": "Ball out of play", "position": "2503263", "team": "home", "visibility": "not shown"}, {"gameTime": "1 - 41:53", "label": "Corner", "position": "2513451", "team": "home", "visibility": "visible"}, {"gameTime": "1 - 42:06", "label": "Shots on target", "position": "2526836", "team": "not applicable", "visibility": "not shown"}, {"gameTime": "1 - 43:05", "label": "Ball out of play", "position": "2585847", "team": "home", "visibility": "visible"}, {"gameTime": "1 - 44:48", "label": "Throw-in", "position": "2688584", "team": "not applicable", "visibility": "visible"}, {"gameTime": "1 - 44:50", "label": "Ball out of play", "position": "2690961", "team": "home", "visibility": "visible"}, {"gameTime": "2 - 00:25", "label": "Kick-off", "position": "25001", "team": "not applicable", "visibility": "not shown"}, {"gameTime": "2 - 00:46", "label": "Ball out of play", "position": "46506", "team": "away", "visibility": "visible"}, {"gameTime": "2 - 02:42", "label": "Clearance", "position": "162306", "team": "home", "visibility": "visible"}, {"gameTime": "2 - 02:42", "label": "Shots off target", "position": "162506", "team": "not applicable", "visibility": "visible"}, {"gameTime": "2 - 03:09", "label": "Ball out of play", "position": "189039", "team": "away", "visibility": "visible"}, {"gameTime": "2 - 03:17", "label": "Clearance", "position": "197180", "team": "away", "visibility": "visible"}, {"gameTime": "2 - 03:23", "label": "Foul", "position": "203587", "team": "away", "visibility": "visible"}, {"gameTime": "2 - 04:03", "label": "Yellow card", "position": "243150", "team": "home", "visibility": "visible"}, {"gameTime": "2 - 04:05", "label": "Indirect free-kick", "position": "245470", "team": "not applicable", "visibility": "visible"}, {"gameTime": "2 - 04:25", "label": "Ball out of play", "position": "265446", "team": "away", "visibility": "visible"}, {"gameTime": "2 - 04:47", "label": "Clearance", "position": "287551", "team": "not applicable", "visibility": "visible"}, {"gameTime": "2 - 06:04", "label": "Ball out of play", "position": "364000", "team": "away", "visibility": "visible"}, {"gameTime": "2 - 06:21", "label": "Substitution", "position": "381496", "team": "home", "visibility": "visible"}, {"gameTime": "2 - 06:23", "label": "Corner", "position": "383058", "team": "not applicable", "visibility": "visible"}, {"gameTime": "2 - 06:52", "label": "Ball out of play", "position": "412132", "team": "home", "visibility": "visible"}, {"gameTime": "2 - 07:01", "label": "Corner", "position": "421271", "team": "not applicable", "visibility": "visible"}, {"gameTime": "2 - 07:16", "label": "Ball out of play", "position": "436377", "team": "away", "visibility": "not shown"}, {"gameTime": "2 - 07:39", "label": "Throw-in", "position": "459606", "team": "not applicable", "visibility": "visible"}, {"gameTime": "2 - 07:44", "label": "Ball out of play", "position": "464756", "team": "home", "visibility": "visible"}, {"gameTime": "2 - 08:08", "label": "Throw-in", "position": "488238", "team": "home", "visibility": "visible"}, {"gameTime": "2 - 08:44", "label": "Shots on target", "position": "524580", "team": "home", "visibility": "visible"}, {"gameTime": "2 - 08:45", "label": "Shots off target", "position": "525529", "team": "not applicable", "visibility": "visible"}, {"gameTime": "2 - 09:01", "label": "Ball out of play", "position": "541526", "team": "away", "visibility": "not shown"}, {"gameTime": "2 - 09:25", "label": "Clearance", "position": "565224", "team": "not applicable", "visibility": "visible"}, {"gameTime": "2 - 09:35", "label": "Ball out of play", "position": "575819", "team": "home", "visibility": "not shown"}, {"gameTime": "2 - 10:45", "label": "Throw-in", "position": "645255", "team": "not applicable", "visibility": "visible"}, {"gameTime": "2 - 11:22", "label": "Ball out of play", "position": "682503", "team": "away", "visibility": "visible"}, {"gameTime": "2 - 11:24", "label": "Corner", "position": "684667", "team": "away", "visibility": "visible"}, {"gameTime": "2 - 11:25", "label": "Shots off target", "position": "685423", "team": "not applicable", "visibility": "visible"}, {"gameTime": "2 - 11:44", "label": "Ball out of play", "position": "704045", "team": "home", "visibility": "visible"}, {"gameTime": "2 - 11:51", "label": "Substitution", "position": "711951", "team": "home", "visibility": "not shown"}, {"gameTime": "2 - 13:22", "label": "Clearance", "position": "802281", "team": "not applicable", "visibility": "visible"}, {"gameTime": "2 - 13:24", "label": "Ball out of play", "position": "804251", "team": "home", "visibility": "visible"}, {"gameTime": "2 - 13:48", "label": "Throw-in", "position": "828252", "team": "away", "visibility": "visible"}, {"gameTime": "2 - 14:50", "label": "Foul", "position": "890063", "team": "home", "visibility": "visible"}, {"gameTime": "2 - 14:51", "label": "Direct free-kick", "position": "891941", "team": "not applicable", "visibility": "visible"}, {"gameTime": "2 - 15:16", "label": "Ball out of play", "position": "916980", "team": "home", "visibility": "visible"}, {"gameTime": "2 - 15:51", "label": "Corner", "position": "951079", "team": "home", "visibility": "visible"}, {"gameTime": "2 - 15:52", "label": "Shots off target", "position": "952186", "team": "not applicable", "visibility": "visible"}, {"gameTime": "2 - 16:24", "label": "Ball out of play", "position": "984868", "team": "away", "visibility": "visible"}, {"gameTime": "2 - 17:09", "label": "Clearance", "position": "1029057", "team": "not applicable", "visibility": "visible"}, {"gameTime": "2 - 17:20", "label": "Ball out of play", "position": "1040235", "team": "home", "visibility": "not shown"}, {"gameTime": "2 - 18:11", "label": "Throw-in", "position": "1091921", "team": "away", "visibility": "visible"}, {"gameTime": "2 - 18:21", "label": "Foul", "position": "1101622", "team": "away", "visibility": "visible"}, {"gameTime": "2 - 19:05", "label": "Yellow card", "position": "1145800", "team": "home", "visibility": "visible"}, {"gameTime": "2 - 19:06", "label": "Penalty", "position": "1146254", "team": "home", "visibility": "visible"}, {"gameTime": "2 - 20:13", "label": "Goal", "position": "1213656", "team": "away", "visibility": "visible"}, {"gameTime": "2 - 20:49", "label": "Kick-off", "position": "1249526", "team": "not applicable", "visibility": "visible"}, {"gameTime": "2 - 21:11", "label": "Ball out of play", "position": "1271587", "team": "away", "visibility": "visible"}, {"gameTime": "2 - 22:04", "label": "Corner", "position": "1324351", "team": "away", "visibility": "visible"}, {"gameTime": "2 - 22:28", "label": "Foul", "position": "1348162", "team": "away", "visibility": "visible"}, {"gameTime": "2 - 23:02", "label": "Substitution", "position": "1382142", "team": "home", "visibility": "visible"}, {"gameTime": "2 - 23:03", "label": "Direct free-kick", "position": "1383555", "team": "home", "visibility": "visible"}, {"gameTime": "2 - 23:03", "label": "Shots off target", "position": "1383820", "team": "not applicable", "visibility": "visible"}, {"gameTime": "2 - 23:56", "label": "Ball out of play", "position": "1436875", "team": "away", "visibility": "not shown"}, {"gameTime": "2 - 24:17", "label": "Clearance", "position": "1457070", "team": "home", "visibility": "visible"}, {"gameTime": "2 - 24:17", "label": "Shots off target", "position": "1457680", "team": "not applicable", "visibility": "visible"}, {"gameTime": "2 - 24:43", "label": "Ball out of play", "position": "1483243", "team": "away", "visibility": "visible"}, {"gameTime": "2 - 26:56", "label": "Clearance", "position": "1616284", "team": "not applicable", "visibility": "visible"}, {"gameTime": "2 - 27:37", "label": "Ball out of play", "position": "1657453", "team": "away", "visibility": "visible"}, {"gameTime": "2 - 27:49", "label": "Corner", "position": "1669578", "team": "not applicable", "visibility": "visible"}, {"gameTime": "2 - 27:58", "label": "Ball out of play", "position": "1678181", "team": "away", "visibility": "visible"}, {"gameTime": "2 - 28:18", "label": "Throw-in", "position": "1698331", "team": "home", "visibility": "visible"}, {"gameTime": "2 - 28:55", "label": "Foul", "position": "1735708", "team": "away", "visibility": "visible"}, {"gameTime": "2 - 29:08", "label": "Direct free-kick", "position": "1748992", "team": "away", "visibility": "visible"}, {"gameTime": "2 - 29:55", "label": "Foul", "position": "1795840", "team": "home", "visibility": "visible"}, {"gameTime": "2 - 29:56", "label": "Penalty", "position": "1796298", "team": "home", "visibility": "visible"}, {"gameTime": "2 - 30:52", "label": "Goal", "position": "1852000", "team": "home", "visibility": "visible"}, {"gameTime": "2 - 31:03", "label": "Substitution", "position": "1863850", "team": "away", "visibility": "visible"}, {"gameTime": "2 - 31:55", "label": "Kick-off", "position": "1915011", "team": "not applicable", "visibility": "visible"}, {"gameTime": "2 - 32:05", "label": "Ball out of play", "position": "1925330", "team": "away", "visibility": "visible"}, {"gameTime": "2 - 32:58", "label": "Throw-in", "position": "1978374", "team": "not applicable", "visibility": "visible"}, {"gameTime": "2 - 33:11", "label": "Ball out of play", "position": "1991751", "team": "away", "visibility": "visible"}, {"gameTime": "2 - 33:43", "label": "Substitution", "position": "2023577", "team": "away", "visibility": "not shown"}, {"gameTime": "2 - 33:57", "label": "Throw-in", "position": "2037116", "team": "not applicable", "visibility": "visible"}, {"gameTime": "2 - 34:08", "label": "Ball out of play", "position": "2048406", "team": "away", "visibility": "visible"}, {"gameTime": "2 - 34:14", "label": "Throw-in", "position": "2054746", "team": "not applicable", "visibility": "visible"}, {"gameTime": "2 - 34:44", "label": "Ball out of play", "position": "2084480", "team": "home", "visibility": "visible"}, {"gameTime": "2 - 34:47", "label": "Substitution", "position": "2087561", "team": "away", "visibility": "not shown"}, {"gameTime": "2 - 34:54", "label": "Throw-in", "position": "2094556", "team": "not applicable", "visibility": "visible"}, {"gameTime": "2 - 35:11", "label": "Ball out of play", "position": "2111235", "team": "away", "visibility": "visible"}, {"gameTime": "2 - 35:21", "label": "Corner", "position": "2121644", "team": "away", "visibility": "visible"}, {"gameTime": "2 - 35:23", "label": "Shots off target", "position": "2123767", "team": "not applicable", "visibility": "visible"}, {"gameTime": "2 - 35:44", "label": "Ball out of play", "position": "2144658", "team": "home", "visibility": "not shown"}, {"gameTime": "2 - 36:09", "label": "Clearance", "position": "2169539", "team": "home", "visibility": "visible"}, {"gameTime": "2 - 36:10", "label": "Shots off target", "position": "2170024", "team": "not applicable", "visibility": "visible"}, {"gameTime": "2 - 36:37", "label": "Ball out of play", "position": "2197771", "team": "home", "visibility": "visible"}, {"gameTime": "2 - 36:50", "label": "Corner", "position": "2210544", "team": "home", "visibility": "visible"}, {"gameTime": "2 - 36:50", "label": "Shots on target", "position": "2210721", "team": "home", "visibility": "visible"}, {"gameTime": "2 - 37:42", "label": "Goal", "position": "2262920", "team": "away", "visibility": "not shown"}, {"gameTime": "2 - 37:51", "label": "Kick-off", "position": "2271583", "team": "not applicable", "visibility": "visible"}, {"gameTime": "2 - 37:59", "label": "Ball out of play", "position": "2279666", "team": "home", "visibility": "not shown"}, {"gameTime": "2 - 38:44", "label": "Throw-in", "position": "2324685", "team": "home", "visibility": "visible"}, {"gameTime": "2 - 38:45", "label": "Shots on target", "position": "2325800", "team": "home", "visibility": "visible"}, {"gameTime": "2 - 38:46", "label": "Shots on target", "position": "2326003", "team": "home", "visibility": "visible"}, {"gameTime": "2 - 39:23", "label": "Goal", "position": "2363665", "team": "away", "visibility": "not shown"}, {"gameTime": "2 - 39:35", "label": "Kick-off", "position": "2375280", "team": "home", "visibility": "visible"}, {"gameTime": "2 - 39:36", "label": "Shots off target", "position": "2376458", "team": "not applicable", "visibility": "not shown"}, {"gameTime": "2 - 40:34", "label": "Ball out of play", "position": "2434819", "team": "away", "visibility": "visible"}, {"gameTime": "2 - 41:29", "label": "Shots off target", "position": "2489546", "team": "away", "visibility": "visible"}, {"gameTime": "2 - 41:56", "label": "Foul", "position": "2516064", "team": "home", "visibility": "not shown"}, {"gameTime": "2 - 43:17", "label": "Indirect free-kick", "position": "2597993", "team": "away", "visibility": "visible"}, {"gameTime": "2 - 43:31", "label": "Foul", "position": "2611648", "team": "home", "visibility": "not shown"}], "gameAwayTeam": "Udinese", "gameDate": "20/08/2016 - 19:00", "gameHomeTeam": "AS Roma", "gameScore": "4 - 0"}