{"UrlLocal": "italy_serie-a/2016-2017/2017-03-04 - 17-00 AS Roma 1 - 2 Napoli/", "UrlYoutube": "", "annotations": [{"gameTime": "1 - 00:00", "label": "Foul", "position": "36", "team": "away", "visibility": "not shown"}, {"gameTime": "1 - 00:37", "label": "Indirect free-kick", "position": "37143", "team": "away", "visibility": "visible"}, {"gameTime": "1 - 01:12", "label": "Foul", "position": "72414", "team": "home", "visibility": "visible"}, {"gameTime": "1 - 02:15", "label": "Indirect free-kick", "position": "135884", "team": "home", "visibility": "visible"}, {"gameTime": "1 - 02:27", "label": "Ball out of play", "position": "147885", "team": "away", "visibility": "visible"}, {"gameTime": "1 - 02:46", "label": "Throw-in", "position": "166410", "team": "not applicable", "visibility": "visible"}, {"gameTime": "1 - 03:02", "label": "Foul", "position": "182018", "team": "away", "visibility": "visible"}, {"gameTime": "1 - 03:06", "label": "Indirect free-kick", "position": "186933", "team": "away", "visibility": "visible"}, {"gameTime": "1 - 03:13", "label": "Ball out of play", "position": "193915", "team": "home", "visibility": "not shown"}, {"gameTime": "1 - 03:40", "label": "Throw-in", "position": "220992", "team": "not applicable", "visibility": "visible"}, {"gameTime": "1 - 03:44", "label": "Ball out of play", "position": "224715", "team": "away", "visibility": "not shown"}, {"gameTime": "1 - 04:03", "label": "Throw-in", "position": "243837", "team": "not applicable", "visibility": "visible"}, {"gameTime": "1 - 04:18", "label": "Ball out of play", "position": "258442", "team": "home", "visibility": "visible"}, {"gameTime": "1 - 04:20", "label": "Throw-in", "position": "260409", "team": "not applicable", "visibility": "visible"}, {"gameTime": "1 - 04:27", "label": "Ball out of play", "position": "267192", "team": "home", "visibility": "visible"}, {"gameTime": "1 - 04:56", "label": "Corner", "position": "296282", "team": "not applicable", "visibility": "visible"}, {"gameTime": "1 - 05:35", "label": "Ball out of play", "position": "335099", "team": "away", "visibility": "visible"}, {"gameTime": "1 - 06:21", "label": "Throw-in", "position": "381074", "team": "not applicable", "visibility": "visible"}, {"gameTime": "1 - 06:26", "label": "Ball out of play", "position": "386616", "team": "home", "visibility": "visible"}, {"gameTime": "1 - 07:17", "label": "Throw-in", "position": "437474", "team": "not applicable", "visibility": "visible"}, {"gameTime": "1 - 07:30", "label": "Ball out of play", "position": "450155", "team": "away", "visibility": "visible"}, {"gameTime": "1 - 08:26", "label": "Throw-in", "position": "506781", "team": "not applicable", "visibility": "visible"}, {"gameTime": "1 - 08:30", "label": "Foul", "position": "510862", "team": "home", "visibility": "not shown"}, {"gameTime": "1 - 08:55", "label": "Indirect free-kick", "position": "535157", "team": "home", "visibility": "visible"}, {"gameTime": "1 - 09:12", "label": "Foul", "position": "552481", "team": "away", "visibility": "not shown"}, {"gameTime": "1 - 09:47", "label": "Indirect free-kick", "position": "587351", "team": "away", "visibility": "visible"}, {"gameTime": "1 - 09:55", "label": "Foul", "position": "595277", "team": "home", "visibility": "not shown"}, {"gameTime": "1 - 10:10", "label": "Direct free-kick", "position": "610473", "team": "away", "visibility": "visible"}, {"gameTime": "1 - 10:46", "label": "Ball out of play", "position": "646314", "team": "home", "visibility": "visible"}, {"gameTime": "1 - 10:53", "label": "Throw-in", "position": "653066", "team": "not applicable", "visibility": "visible"}, {"gameTime": "1 - 10:56", "label": "Shots on target", "position": "656885", "team": "home", "visibility": "not shown"}, {"gameTime": "1 - 11:05", "label": "Ball out of play", "position": "665744", "team": "home", "visibility": "visible"}, {"gameTime": "1 - 12:02", "label": "Throw-in", "position": "722394", "team": "not applicable", "visibility": "visible"}, {"gameTime": "1 - 12:05", "label": "Shots off target", "position": "725961", "team": "home", "visibility": "not shown"}, {"gameTime": "1 - 12:51", "label": "Ball out of play", "position": "771571", "team": "away", "visibility": "visible"}, {"gameTime": "1 - 12:52", "label": "Clearance", "position": "772334", "team": "not applicable", "visibility": "visible"}, {"gameTime": "1 - 13:16", "label": "Ball out of play", "position": "796717", "team": "home", "visibility": "visible"}, {"gameTime": "1 - 13:31", "label": "Throw-in", "position": "811970", "team": "not applicable", "visibility": "visible"}, {"gameTime": "1 - 13:37", "label": "Ball out of play", "position": "817573", "team": "away", "visibility": "not shown"}, {"gameTime": "1 - 14:10", "label": "Throw-in", "position": "850567", "team": "not applicable", "visibility": "visible"}, {"gameTime": "1 - 14:18", "label": "Foul", "position": "858484", "team": "home", "visibility": "not shown"}, {"gameTime": "1 - 16:14", "label": "Yellow card", "position": "974717", "team": "away", "visibility": "visible"}, {"gameTime": "1 - 16:17", "label": "Indirect free-kick", "position": "977796", "team": "away", "visibility": "visible"}, {"gameTime": "1 - 16:54", "label": "Foul", "position": "1014841", "team": "home", "visibility": "visible"}, {"gameTime": "1 - 17:00", "label": "Indirect free-kick", "position": "1020289", "team": "home", "visibility": "visible"}, {"gameTime": "1 - 17:24", "label": "Ball out of play", "position": "1044589", "team": "away", "visibility": "visible"}, {"gameTime": "1 - 17:48", "label": "Throw-in", "position": "1068696", "team": "not applicable", "visibility": "visible"}, {"gameTime": "1 - 17:52", "label": "Ball out of play", "position": "1072384", "team": "away", "visibility": "not shown"}, {"gameTime": "1 - 18:00", "label": "Throw-in", "position": "1080150", "team": "not applicable", "visibility": "visible"}, {"gameTime": "1 - 18:08", "label": "Offside", "position": "1088517", "team": "away", "visibility": "visible"}, {"gameTime": "1 - 18:45", "label": "Indirect free-kick", "position": "1125651", "team": "away", "visibility": "visible"}, {"gameTime": "1 - 18:54", "label": "Ball out of play", "position": "1134558", "team": "home", "visibility": "not shown"}, {"gameTime": "1 - 19:34", "label": "Throw-in", "position": "1174751", "team": "not applicable", "visibility": "visible"}, {"gameTime": "1 - 19:39", "label": "Ball out of play", "position": "1179270", "team": "home", "visibility": "visible"}, {"gameTime": "1 - 21:38", "label": "Throw-in", "position": "1298614", "team": "not applicable", "visibility": "not shown"}, {"gameTime": "1 - 21:55", "label": "Foul", "position": "1315337", "team": "away", "visibility": "visible"}, {"gameTime": "1 - 22:33", "label": "Indirect free-kick", "position": "1353900", "team": "home", "visibility": "visible"}, {"gameTime": "1 - 22:56", "label": "Shots off target", "position": "1376856", "team": "away", "visibility": "not shown"}, {"gameTime": "1 - 24:52", "label": "Ball out of play", "position": "1492697", "team": "away", "visibility": "visible"}, {"gameTime": "1 - 24:54", "label": "Clearance", "position": "1494071", "team": "not applicable", "visibility": "visible"}, {"gameTime": "1 - 25:18", "label": "Shots on target", "position": "1518596", "team": "home", "visibility": "not shown"}, {"gameTime": "1 - 25:36", "label": "Goal", "position": "1536426", "team": "away", "visibility": "visible"}, {"gameTime": "1 - 25:37", "label": "Kick-off", "position": "1537628", "team": "away", "visibility": "visible"}, {"gameTime": "1 - 26:31", "label": "Foul", "position": "1591677", "team": "home", "visibility": "not shown"}, {"gameTime": "1 - 27:35", "label": "Indirect free-kick", "position": "1655146", "team": "home", "visibility": "visible"}, {"gameTime": "1 - 28:09", "label": "Offside", "position": "1689181", "team": "away", "visibility": "visible"}, {"gameTime": "1 - 28:16", "label": "Indirect free-kick", "position": "1696141", "team": "away", "visibility": "visible"}, {"gameTime": "1 - 28:43", "label": "Ball out of play", "position": "1723507", "team": "home", "visibility": "visible"}, {"gameTime": "1 - 29:00", "label": "Clearance", "position": "1740871", "team": "not applicable", "visibility": "visible"}, {"gameTime": "1 - 29:22", "label": "Shots off target", "position": "1762602", "team": "away", "visibility": "visible"}, {"gameTime": "1 - 31:16", "label": "Ball out of play", "position": "1876789", "team": "away", "visibility": "visible"}, {"gameTime": "1 - 31:18", "label": "Clearance", "position": "1878113", "team": "not applicable", "visibility": "visible"}, {"gameTime": "1 - 31:21", "label": "Ball out of play", "position": "1881776", "team": "home", "visibility": "not shown"}, {"gameTime": "1 - 31:46", "label": "Throw-in", "position": "1906436", "team": "not applicable", "visibility": "visible"}, {"gameTime": "1 - 31:52", "label": "Shots off target", "position": "1912330", "team": "home", "visibility": "visible"}, {"gameTime": "1 - 32:38", "label": "Ball out of play", "position": "1958093", "team": "home", "visibility": "visible"}, {"gameTime": "1 - 32:38", "label": "Clearance", "position": "1958798", "team": "not applicable", "visibility": "visible"}, {"gameTime": "1 - 33:09", "label": "Foul", "position": "1989118", "team": "away", "visibility": "visible"}, {"gameTime": "1 - 33:14", "label": "Indirect free-kick", "position": "1994778", "team": "away", "visibility": "visible"}, {"gameTime": "1 - 33:48", "label": "Shots off target", "position": "2028111", "team": "home", "visibility": "visible"}, {"gameTime": "1 - 34:38", "label": "Foul", "position": "2078105", "team": "away", "visibility": "visible"}, {"gameTime": "1 - 34:43", "label": "Indirect free-kick", "position": "2083442", "team": "away", "visibility": "visible"}, {"gameTime": "1 - 35:03", "label": "Ball out of play", "position": "2103961", "team": "home", "visibility": "not shown"}, {"gameTime": "1 - 36:04", "label": "Throw-in", "position": "2164498", "team": "not applicable", "visibility": "visible"}, {"gameTime": "1 - 36:12", "label": "Ball out of play", "position": "2172628", "team": "home", "visibility": "visible"}, {"gameTime": "1 - 36:25", "label": "Throw-in", "position": "2185782", "team": "not applicable", "visibility": "visible"}, {"gameTime": "1 - 36:34", "label": "Ball out of play", "position": "2194293", "team": "home", "visibility": "not shown"}, {"gameTime": "1 - 37:34", "label": "Throw-in", "position": "2254401", "team": "not applicable", "visibility": "visible"}, {"gameTime": "1 - 37:46", "label": "Ball out of play", "position": "2266003", "team": "home", "visibility": "visible"}, {"gameTime": "1 - 38:17", "label": "Throw-in", "position": "2297369", "team": "not applicable", "visibility": "not shown"}, {"gameTime": "1 - 38:22", "label": "Foul", "position": "2302855", "team": "away", "visibility": "visible"}, {"gameTime": "1 - 38:42", "label": "Indirect free-kick", "position": "2322576", "team": "away", "visibility": "visible"}, {"gameTime": "1 - 39:11", "label": "Ball out of play", "position": "2351705", "team": "home", "visibility": "not shown"}, {"gameTime": "1 - 39:27", "label": "Clearance", "position": "2367480", "team": "not applicable", "visibility": "visible"}, {"gameTime": "1 - 39:50", "label": "Shots off target", "position": "2390806", "team": "home", "visibility": "visible"}, {"gameTime": "1 - 40:24", "label": "Ball out of play", "position": "2424852", "team": "home", "visibility": "visible"}, {"gameTime": "1 - 40:26", "label": "Clearance", "position": "2426587", "team": "not applicable", "visibility": "visible"}, {"gameTime": "1 - 41:06", "label": "Ball out of play", "position": "2466442", "team": "away", "visibility": "visible"}, {"gameTime": "1 - 41:20", "label": "Throw-in", "position": "2480530", "team": "not applicable", "visibility": "visible"}, {"gameTime": "1 - 41:25", "label": "Shots off target", "position": "2485710", "team": "home", "visibility": "visible"}, {"gameTime": "1 - 41:40", "label": "Ball out of play", "position": "2500071", "team": "home", "visibility": "visible"}, {"gameTime": "1 - 41:40", "label": "Clearance", "position": "2500998", "team": "not applicable", "visibility": "visible"}, {"gameTime": "1 - 42:07", "label": "Shots on target", "position": "2527718", "team": "away", "visibility": "visible"}, {"gameTime": "1 - 42:32", "label": "Offside", "position": "2552537", "team": "home", "visibility": "visible"}, {"gameTime": "1 - 42:43", "label": "Indirect free-kick", "position": "2563844", "team": "home", "visibility": "visible"}, {"gameTime": "1 - 43:10", "label": "Ball out of play", "position": "2590915", "team": "away", "visibility": "visible"}, {"gameTime": "1 - 44:10", "label": "Yellow card", "position": "2650787", "team": "not applicable", "visibility": "visible"}, {"gameTime": "1 - 44:16", "label": "Clearance", "position": "2656184", "team": "home", "visibility": "visible"}, {"gameTime": "1 - 44:36", "label": "Foul", "position": "2676962", "team": "home", "visibility": "not shown"}, {"gameTime": "1 - 44:52", "label": "Foul", "position": "2692585", "team": "home", "visibility": "visible"}, {"gameTime": "2 - 00:00", "label": "Ball out of play", "position": "7", "team": "home", "visibility": "not shown"}, {"gameTime": "2 - 00:09", "label": "Throw-in", "position": "9779", "team": "not applicable", "visibility": "visible"}, {"gameTime": "2 - 00:19", "label": "Ball out of play", "position": "19356", "team": "away", "visibility": "visible"}, {"gameTime": "2 - 00:21", "label": "Throw-in", "position": "21182", "team": "not applicable", "visibility": "visible"}, {"gameTime": "2 - 00:33", "label": "Ball out of play", "position": "33619", "team": "away", "visibility": "visible"}, {"gameTime": "2 - 00:36", "label": "Throw-in", "position": "36622", "team": "not applicable", "visibility": "visible"}, {"gameTime": "2 - 00:52", "label": "Ball out of play", "position": "52960", "team": "away", "visibility": "visible"}, {"gameTime": "2 - 00:59", "label": "Throw-in", "position": "59156", "team": "not applicable", "visibility": "visible"}, {"gameTime": "2 - 01:03", "label": "Ball out of play", "position": "63661", "team": "home", "visibility": "not shown"}, {"gameTime": "2 - 01:18", "label": "Throw-in", "position": "78128", "team": "not applicable", "visibility": "visible"}, {"gameTime": "2 - 01:26", "label": "Ball out of play", "position": "86563", "team": "home", "visibility": "visible"}, {"gameTime": "2 - 01:56", "label": "Clearance", "position": "116128", "team": "not applicable", "visibility": "visible"}, {"gameTime": "2 - 02:01", "label": "Ball out of play", "position": "121577", "team": "home", "visibility": "visible"}, {"gameTime": "2 - 02:10", "label": "Throw-in", "position": "130601", "team": "not applicable", "visibility": "visible"}, {"gameTime": "2 - 02:15", "label": "Shots off target", "position": "135316", "team": "home", "visibility": "not shown"}, {"gameTime": "2 - 02:37", "label": "Ball out of play", "position": "157922", "team": "home", "visibility": "visible"}, {"gameTime": "2 - 02:38", "label": "Corner", "position": "158962", "team": "not applicable", "visibility": "visible"}, {"gameTime": "2 - 02:59", "label": "Shots on target", "position": "179304", "team": "home", "visibility": "visible"}, {"gameTime": "2 - 04:05", "label": "Goal", "position": "245031", "team": "away", "visibility": "visible"}, {"gameTime": "2 - 04:05", "label": "Kick-off", "position": "245321", "team": "away", "visibility": "visible"}, {"gameTime": "2 - 05:05", "label": "Shots on target", "position": "305491", "team": "home", "visibility": "visible"}, {"gameTime": "2 - 06:02", "label": "Ball out of play", "position": "362435", "team": "home", "visibility": "visible"}, {"gameTime": "2 - 06:04", "label": "Substitution", "position": "364181", "team": "not applicable", "visibility": "visible"}, {"gameTime": "2 - 06:34", "label": "Substitution", "position": "394542", "team": "home", "visibility": "visible"}, {"gameTime": "2 - 06:51", "label": "Corner", "position": "411977", "team": "home", "visibility": "visible"}, {"gameTime": "2 - 07:02", "label": "Shots on target", "position": "422644", "team": "home", "visibility": "visible"}, {"gameTime": "2 - 07:04", "label": "Shots off target", "position": "424678", "team": "home", "visibility": "visible"}, {"gameTime": "2 - 07:10", "label": "Ball out of play", "position": "430643", "team": "home", "visibility": "visible"}, {"gameTime": "2 - 08:05", "label": "Corner", "position": "485390", "team": "not applicable", "visibility": "visible"}, {"gameTime": "2 - 08:41", "label": "Shots on target", "position": "521343", "team": "away", "visibility": "visible"}, {"gameTime": "2 - 08:49", "label": "Ball out of play", "position": "529333", "team": "away", "visibility": "visible"}, {"gameTime": "2 - 10:12", "label": "Throw-in", "position": "612177", "team": "not applicable", "visibility": "visible"}, {"gameTime": "2 - 10:17", "label": "Shots on target", "position": "617927", "team": "home", "visibility": "visible"}, {"gameTime": "2 - 10:33", "label": "Shots off target", "position": "633699", "team": "home", "visibility": "visible"}, {"gameTime": "2 - 10:35", "label": "Ball out of play", "position": "635596", "team": "home", "visibility": "visible"}, {"gameTime": "2 - 10:36", "label": "Corner", "position": "636872", "team": "not applicable", "visibility": "visible"}, {"gameTime": "2 - 10:52", "label": "Ball out of play", "position": "652150", "team": "home", "visibility": "visible"}, {"gameTime": "2 - 12:58", "label": "Throw-in", "position": "778185", "team": "not applicable", "visibility": "visible"}, {"gameTime": "2 - 13:25", "label": "Offside", "position": "805096", "team": "away", "visibility": "not shown"}, {"gameTime": "2 - 13:29", "label": "Indirect free-kick", "position": "809228", "team": "away", "visibility": "visible"}, {"gameTime": "2 - 13:42", "label": "Shots off target", "position": "822148", "team": "home", "visibility": "not shown"}, {"gameTime": "2 - 15:26", "label": "Ball out of play", "position": "926690", "team": "home", "visibility": "visible"}, {"gameTime": "2 - 15:27", "label": "Clearance", "position": "927500", "team": "not applicable", "visibility": "visible"}, {"gameTime": "2 - 15:48", "label": "Ball out of play", "position": "948159", "team": "away", "visibility": "visible"}, {"gameTime": "2 - 15:56", "label": "Throw-in", "position": "956024", "team": "not applicable", "visibility": "visible"}, {"gameTime": "2 - 16:05", "label": "Shots off target", "position": "965496", "team": "away", "visibility": "visible"}, {"gameTime": "2 - 16:16", "label": "Ball out of play", "position": "976520", "team": "home", "visibility": "visible"}, {"gameTime": "2 - 16:18", "label": "Clearance", "position": "978557", "team": "not applicable", "visibility": "visible"}, {"gameTime": "2 - 16:43", "label": "Ball out of play", "position": "1003609", "team": "away", "visibility": "not shown"}, {"gameTime": "2 - 18:11", "label": "Throw-in", "position": "1091683", "team": "not applicable", "visibility": "visible"}, {"gameTime": "2 - 18:16", "label": "Ball out of play", "position": "1096782", "team": "home", "visibility": "not shown"}, {"gameTime": "2 - 18:33", "label": "Throw-in", "position": "1113430", "team": "not applicable", "visibility": "visible"}, {"gameTime": "2 - 18:39", "label": "Foul", "position": "1119992", "team": "home", "visibility": "visible"}, {"gameTime": "2 - 19:26", "label": "Yellow card", "position": "1166988", "team": "home", "visibility": "visible"}, {"gameTime": "2 - 19:30", "label": "Substitution", "position": "1170076", "team": "home", "visibility": "visible"}, {"gameTime": "2 - 20:24", "label": "Indirect free-kick", "position": "1224795", "team": "away", "visibility": "visible"}, {"gameTime": "2 - 20:33", "label": "Ball out of play", "position": "1233219", "team": "away", "visibility": "not shown"}, {"gameTime": "2 - 20:41", "label": "Throw-in", "position": "1241181", "team": "not applicable", "visibility": "visible"}, {"gameTime": "2 - 20:43", "label": "Ball out of play", "position": "1243533", "team": "home", "visibility": "visible"}, {"gameTime": "2 - 21:12", "label": "Throw-in", "position": "1272742", "team": "not applicable", "visibility": "not shown"}, {"gameTime": "2 - 21:16", "label": "Ball out of play", "position": "1276699", "team": "home", "visibility": "visible"}, {"gameTime": "2 - 21:51", "label": "Throw-in", "position": "1311031", "team": "not applicable", "visibility": "visible"}, {"gameTime": "2 - 22:03", "label": "Ball out of play", "position": "1323426", "team": "away", "visibility": "visible"}, {"gameTime": "2 - 23:02", "label": "Throw-in", "position": "1382204", "team": "not applicable", "visibility": "visible"}, {"gameTime": "2 - 23:06", "label": "Shots on target", "position": "1386289", "team": "home", "visibility": "visible"}, {"gameTime": "2 - 23:17", "label": "Shots off target", "position": "1397015", "team": "home", "visibility": "visible"}, {"gameTime": "2 - 23:39", "label": "Ball out of play", "position": "1419094", "team": "home", "visibility": "visible"}, {"gameTime": "2 - 23:39", "label": "Clearance", "position": "1419772", "team": "not applicable", "visibility": "visible"}, {"gameTime": "2 - 25:23", "label": "Ball out of play", "position": "1523678", "team": "away", "visibility": "not shown"}, {"gameTime": "2 - 25:46", "label": "Clearance", "position": "1546783", "team": "not applicable", "visibility": "visible"}, {"gameTime": "2 - 26:11", "label": "Ball out of play", "position": "1571944", "team": "away", "visibility": "visible"}, {"gameTime": "2 - 26:42", "label": "Throw-in", "position": "1602496", "team": "not applicable", "visibility": "visible"}, {"gameTime": "2 - 26:43", "label": "Shots on target", "position": "1603984", "team": "home", "visibility": "not shown"}, {"gameTime": "2 - 27:02", "label": "Ball out of play", "position": "1622683", "team": "away", "visibility": "visible"}, {"gameTime": "2 - 27:06", "label": "Substitution", "position": "1626313", "team": "not applicable", "visibility": "visible"}, {"gameTime": "2 - 28:41", "label": "Throw-in", "position": "1721992", "team": "away", "visibility": "visible"}, {"gameTime": "2 - 28:45", "label": "Ball out of play", "position": "1725855", "team": "away", "visibility": "not shown"}, {"gameTime": "2 - 28:53", "label": "Clearance", "position": "1733758", "team": "not applicable", "visibility": "visible"}, {"gameTime": "2 - 29:05", "label": "Ball out of play", "position": "1745379", "team": "home", "visibility": "visible"}, {"gameTime": "2 - 30:08", "label": "Throw-in", "position": "1808899", "team": "not applicable", "visibility": "visible"}, {"gameTime": "2 - 30:12", "label": "Foul", "position": "1812224", "team": "home", "visibility": "not shown"}, {"gameTime": "2 - 30:21", "label": "Indirect free-kick", "position": "1821416", "team": "away", "visibility": "visible"}, {"gameTime": "2 - 30:33", "label": "Shots on target", "position": "1833188", "team": "home", "visibility": "not shown"}, {"gameTime": "2 - 31:03", "label": "Shots on target", "position": "1863518", "team": "away", "visibility": "visible"}, {"gameTime": "2 - 31:11", "label": "Ball out of play", "position": "1871723", "team": "away", "visibility": "visible"}, {"gameTime": "2 - 31:16", "label": "Corner", "position": "1876886", "team": "not applicable", "visibility": "visible"}, {"gameTime": "2 - 31:54", "label": "Shots off target", "position": "1914434", "team": "away", "visibility": "visible"}, {"gameTime": "2 - 32:36", "label": "Ball out of play", "position": "1956930", "team": "home", "visibility": "visible"}, {"gameTime": "2 - 32:37", "label": "Substitution", "position": "1957694", "team": "not applicable", "visibility": "visible"}, {"gameTime": "2 - 33:11", "label": "Clearance", "position": "1991149", "team": "away", "visibility": "visible"}, {"gameTime": "2 - 33:24", "label": "Shots off target", "position": "2004609", "team": "away", "visibility": "not shown"}, {"gameTime": "2 - 34:02", "label": "Ball out of play", "position": "2042899", "team": "home", "visibility": "visible"}, {"gameTime": "2 - 34:04", "label": "Clearance", "position": "2044143", "team": "not applicable", "visibility": "visible"}, {"gameTime": "2 - 34:28", "label": "Foul", "position": "2068837", "team": "away", "visibility": "visible"}, {"gameTime": "2 - 35:13", "label": "Indirect free-kick", "position": "2113637", "team": "home", "visibility": "visible"}, {"gameTime": "2 - 35:51", "label": "Ball out of play", "position": "2151252", "team": "away", "visibility": "visible"}, {"gameTime": "2 - 36:04", "label": "Throw-in", "position": "2164722", "team": "not applicable", "visibility": "visible"}, {"gameTime": "2 - 36:07", "label": "Ball out of play", "position": "2167930", "team": "home", "visibility": "not shown"}, {"gameTime": "2 - 36:38", "label": "Throw-in", "position": "2198464", "team": "not applicable", "visibility": "visible"}, {"gameTime": "2 - 37:22", "label": "Ball out of play", "position": "2242035", "team": "away", "visibility": "visible"}, {"gameTime": "2 - 37:25", "label": "Throw-in", "position": "2245139", "team": "not applicable", "visibility": "visible"}, {"gameTime": "2 - 37:38", "label": "Offside", "position": "2258396", "team": "away", "visibility": "visible"}, {"gameTime": "2 - 37:48", "label": "Indirect free-kick", "position": "2268291", "team": "away", "visibility": "visible"}, {"gameTime": "2 - 37:53", "label": "Ball out of play", "position": "2273126", "team": "home", "visibility": "not shown"}, {"gameTime": "2 - 38:02", "label": "Throw-in", "position": "2282959", "team": "not applicable", "visibility": "visible"}, {"gameTime": "2 - 38:09", "label": "Shots on target", "position": "2289079", "team": "home", "visibility": "visible"}, {"gameTime": "2 - 38:44", "label": "Ball out of play", "position": "2324739", "team": "away", "visibility": "visible"}, {"gameTime": "2 - 38:46", "label": "Corner", "position": "2326501", "team": "not applicable", "visibility": "visible"}, {"gameTime": "2 - 39:38", "label": "Shots on target", "position": "2378942", "team": "away", "visibility": "visible"}, {"gameTime": "2 - 39:59", "label": "Foul", "position": "2399669", "team": "home", "visibility": "visible"}, {"gameTime": "2 - 40:24", "label": "Indirect free-kick", "position": "2424343", "team": "away", "visibility": "visible"}, {"gameTime": "2 - 40:30", "label": "Foul", "position": "2430968", "team": "home", "visibility": "visible"}, {"gameTime": "2 - 41:00", "label": "Indirect free-kick", "position": "2460342", "team": "home", "visibility": "visible"}, {"gameTime": "2 - 41:08", "label": "Foul", "position": "2468718", "team": "away", "visibility": "not shown"}, {"gameTime": "2 - 41:15", "label": "Indirect free-kick", "position": "2475644", "team": "home", "visibility": "visible"}, {"gameTime": "2 - 41:42", "label": "Ball out of play", "position": "2502742", "team": "away", "visibility": "not shown"}, {"gameTime": "2 - 41:57", "label": "Throw-in", "position": "2517722", "team": "not applicable", "visibility": "visible"}, {"gameTime": "2 - 42:10", "label": "Ball out of play", "position": "2530308", "team": "away", "visibility": "visible"}, {"gameTime": "2 - 42:37", "label": "Corner", "position": "2557832", "team": "not applicable", "visibility": "visible"}, {"gameTime": "2 - 43:13", "label": "Ball out of play", "position": "2593535", "team": "home", "visibility": "visible"}, {"gameTime": "2 - 43:16", "label": "Throw-in", "position": "2596894", "team": "not applicable", "visibility": "visible"}, {"gameTime": "2 - 43:19", "label": "Foul", "position": "2599585", "team": "home", "visibility": "not shown"}, {"gameTime": "2 - 43:26", "label": "Indirect free-kick", "position": "2606157", "team": "away", "visibility": "visible"}, {"gameTime": "2 - 43:32", "label": "Shots on target", "position": "2612473", "team": "home", "visibility": "not shown"}, {"gameTime": "2 - 43:40", "label": "Goal", "position": "2620847", "team": "home", "visibility": "visible"}, {"gameTime": "2 - 43:41", "label": "Kick-off", "position": "2621647", "team": "home", "visibility": "visible"}, {"gameTime": "2 - 44:11", "label": "Ball out of play", "position": "2651578", "team": "away", "visibility": "not shown"}, {"gameTime": "2 - 44:34", "label": "Corner", "position": "2674759", "team": "not applicable", "visibility": "visible"}, {"gameTime": "2 - 45:06", "label": "Ball out of play", "position": "2706185", "team": "away", "visibility": "visible"}, {"gameTime": "2 - 45:07", "label": "Corner", "position": "2707854", "team": "not applicable", "visibility": "visible"}, {"gameTime": "2 - 45:28", "label": "Ball out of play", "position": "2728881", "team": "away", "visibility": "visible"}, {"gameTime": "2 - 45:37", "label": "Throw-in", "position": "2737461", "team": "not applicable", "visibility": "visible"}, {"gameTime": "2 - 45:40", "label": "Shots off target", "position": "2740659", "team": "home", "visibility": "visible"}, {"gameTime": "2 - 47:00", "label": "Ball out of play", "position": "2820268", "team": "home", "visibility": "visible"}, {"gameTime": "2 - 47:01", "label": "Clearance", "position": "2821327", "team": "not applicable", "visibility": "visible"}, {"gameTime": "2 - 47:34", "label": "Ball out of play", "position": "2854862", "team": "away", "visibility": "not shown"}, {"gameTime": "2 - 47:40", "label": "Throw-in", "position": "2860236", "team": "not applicable", "visibility": "visible"}, {"gameTime": "2 - 47:43", "label": "Shots on target", "position": "2863094", "team": "home", "visibility": "visible"}, {"gameTime": "2 - 47:56", "label": "Ball out of play", "position": "2876943", "team": "home", "visibility": "visible"}, {"gameTime": "2 - 47:59", "label": "Corner", "position": "2879923", "team": "not applicable", "visibility": "visible"}, {"gameTime": "2 - 48:05", "label": "Ball out of play", "position": "2885270", "team": "home", "visibility": "not shown"}, {"gameTime": "2 - 48:12", "label": "Yellow card", "position": "2892695", "team": "not applicable", "visibility": "visible"}, {"gameTime": "2 - 48:15", "label": "Clearance", "position": "2895472", "team": "home", "visibility": "visible"}, {"gameTime": "2 - 48:51", "label": "Offside", "position": "2931483", "team": "away", "visibility": "not shown"}, {"gameTime": "2 - 49:05", "label": "Indirect free-kick", "position": "2945236", "team": "away", "visibility": "visible"}, {"gameTime": "2 - 49:15", "label": "Indirect free-kick", "position": "2955484", "team": "home", "visibility": "visible"}], "gameAwayTeam": "Napoli", "gameDate": "04/03/2017 - 17:00", "gameHomeTeam": "AS Roma", "gameScore": "1 - 2"}