{"UrlLocal": "italy_serie-a/2016-2017/2017-04-23 - 13-30 Sassuolo 2 - 2 Napoli/", "UrlYoutube": "", "annotations": [{"gameTime": "1 - 00:00", "label": "Foul", "position": "18", "team": "away", "visibility": "not shown"}, {"gameTime": "1 - 00:08", "label": "Indirect free-kick", "position": "8520", "team": "away", "visibility": "visible"}, {"gameTime": "1 - 00:14", "label": "Ball out of play", "position": "14564", "team": "home", "visibility": "not shown"}, {"gameTime": "1 - 00:37", "label": "Throw-in", "position": "37868", "team": "not applicable", "visibility": "visible"}, {"gameTime": "1 - 00:47", "label": "Ball out of play", "position": "47079", "team": "home", "visibility": "visible"}, {"gameTime": "1 - 00:50", "label": "Throw-in", "position": "50359", "team": "not applicable", "visibility": "visible"}, {"gameTime": "1 - 00:54", "label": "Foul", "position": "54757", "team": "away", "visibility": "not shown"}, {"gameTime": "1 - 02:06", "label": "Indirect free-kick", "position": "126838", "team": "away", "visibility": "visible"}, {"gameTime": "1 - 02:12", "label": "Ball out of play", "position": "132375", "team": "home", "visibility": "not shown"}, {"gameTime": "1 - 02:25", "label": "Throw-in", "position": "145385", "team": "not applicable", "visibility": "visible"}, {"gameTime": "1 - 02:32", "label": "Ball out of play", "position": "152057", "team": "away", "visibility": "not shown"}, {"gameTime": "1 - 02:37", "label": "Throw-in", "position": "157897", "team": "not applicable", "visibility": "visible"}, {"gameTime": "1 - 02:47", "label": "Foul", "position": "167569", "team": "away", "visibility": "visible"}, {"gameTime": "1 - 03:33", "label": "Direct free-kick", "position": "213647", "team": "away", "visibility": "visible"}, {"gameTime": "1 - 04:15", "label": "Ball out of play", "position": "255189", "team": "home", "visibility": "visible"}, {"gameTime": "1 - 04:21", "label": "Throw-in", "position": "261988", "team": "not applicable", "visibility": "visible"}, {"gameTime": "1 - 04:25", "label": "Ball out of play", "position": "265098", "team": "home", "visibility": "visible"}, {"gameTime": "1 - 04:51", "label": "Clearance", "position": "291148", "team": "not applicable", "visibility": "visible"}, {"gameTime": "1 - 05:24", "label": "Ball out of play", "position": "324652", "team": "away", "visibility": "visible"}, {"gameTime": "1 - 07:36", "label": "Clearance", "position": "456949", "team": "not applicable", "visibility": "visible"}, {"gameTime": "1 - 08:02", "label": "Ball out of play", "position": "482598", "team": "home", "visibility": "visible"}, {"gameTime": "1 - 08:38", "label": "Throw-in", "position": "518191", "team": "not applicable", "visibility": "visible"}, {"gameTime": "1 - 08:43", "label": "Ball out of play", "position": "523036", "team": "away", "visibility": "visible"}, {"gameTime": "1 - 08:49", "label": "Throw-in", "position": "529421", "team": "not applicable", "visibility": "visible"}, {"gameTime": "1 - 08:52", "label": "Foul", "position": "532135", "team": "home", "visibility": "not shown"}, {"gameTime": "1 - 09:13", "label": "Indirect free-kick", "position": "553149", "team": "away", "visibility": "visible"}, {"gameTime": "1 - 09:25", "label": "Ball out of play", "position": "565212", "team": "home", "visibility": "not shown"}, {"gameTime": "1 - 09:59", "label": "Throw-in", "position": "599474", "team": "not applicable", "visibility": "visible"}, {"gameTime": "1 - 10:14", "label": "Ball out of play", "position": "614231", "team": "away", "visibility": "not shown"}, {"gameTime": "1 - 11:01", "label": "Corner", "position": "661753", "team": "not applicable", "visibility": "visible"}, {"gameTime": "1 - 11:37", "label": "Ball out of play", "position": "697686", "team": "away", "visibility": "visible"}, {"gameTime": "1 - 11:40", "label": "Throw-in", "position": "700676", "team": "not applicable", "visibility": "visible"}, {"gameTime": "1 - 11:58", "label": "Ball out of play", "position": "718115", "team": "away", "visibility": "visible"}, {"gameTime": "1 - 14:49", "label": "Throw-in", "position": "889857", "team": "not applicable", "visibility": "visible"}, {"gameTime": "1 - 15:07", "label": "Foul", "position": "907258", "team": "home", "visibility": "visible"}, {"gameTime": "1 - 15:17", "label": "Indirect free-kick", "position": "917350", "team": "home", "visibility": "visible"}, {"gameTime": "1 - 15:35", "label": "Foul", "position": "935099", "team": "away", "visibility": "not shown"}, {"gameTime": "1 - 15:44", "label": "Indirect free-kick", "position": "944510", "team": "away", "visibility": "visible"}, {"gameTime": "1 - 16:11", "label": "Foul", "position": "971183", "team": "home", "visibility": "visible"}, {"gameTime": "1 - 16:21", "label": "Indirect free-kick", "position": "981113", "team": "away", "visibility": "visible"}, {"gameTime": "1 - 16:35", "label": "Foul", "position": "995675", "team": "home", "visibility": "visible"}, {"gameTime": "1 - 17:07", "label": "Direct free-kick", "position": "1027750", "team": "away", "visibility": "visible"}, {"gameTime": "1 - 18:01", "label": "Ball out of play", "position": "1081077", "team": "home", "visibility": "visible"}, {"gameTime": "1 - 18:36", "label": "Throw-in", "position": "1116511", "team": "not applicable", "visibility": "visible"}, {"gameTime": "1 - 18:38", "label": "Ball out of play", "position": "1118983", "team": "away", "visibility": "visible"}, {"gameTime": "1 - 19:10", "label": "Throw-in", "position": "1150002", "team": "not applicable", "visibility": "visible"}, {"gameTime": "1 - 19:14", "label": "Ball out of play", "position": "1154940", "team": "away", "visibility": "visible"}, {"gameTime": "1 - 20:14", "label": "Corner", "position": "1214332", "team": "not applicable", "visibility": "visible"}, {"gameTime": "1 - 20:51", "label": "Shots on target", "position": "1251872", "team": "away", "visibility": "visible"}, {"gameTime": "1 - 20:57", "label": "Ball out of play", "position": "1257293", "team": "away", "visibility": "visible"}, {"gameTime": "1 - 20:57", "label": "Corner", "position": "1257691", "team": "not applicable", "visibility": "visible"}, {"gameTime": "1 - 21:22", "label": "Foul", "position": "1282571", "team": "away", "visibility": "visible"}, {"gameTime": "1 - 21:49", "label": "Indirect free-kick", "position": "1309035", "team": "home", "visibility": "visible"}, {"gameTime": "1 - 21:56", "label": "Ball out of play", "position": "1316840", "team": "away", "visibility": "not shown"}, {"gameTime": "1 - 22:58", "label": "Throw-in", "position": "1378940", "team": "not applicable", "visibility": "visible"}, {"gameTime": "1 - 24:20", "label": "Ball out of play", "position": "1460924", "team": "away", "visibility": "not shown"}, {"gameTime": "1 - 24:28", "label": "Throw-in", "position": "1468049", "team": "not applicable", "visibility": "visible"}, {"gameTime": "1 - 24:35", "label": "Ball out of play", "position": "1475616", "team": "home", "visibility": "not shown"}, {"gameTime": "1 - 26:19", "label": "Throw-in", "position": "1579957", "team": "not applicable", "visibility": "visible"}, {"gameTime": "1 - 26:21", "label": "Ball out of play", "position": "1581866", "team": "away", "visibility": "visible"}, {"gameTime": "1 - 26:33", "label": "Clearance", "position": "1593991", "team": "not applicable", "visibility": "visible"}, {"gameTime": "1 - 26:53", "label": "Ball out of play", "position": "1613862", "team": "home", "visibility": "visible"}, {"gameTime": "1 - 27:24", "label": "Corner", "position": "1644509", "team": "not applicable", "visibility": "visible"}, {"gameTime": "1 - 27:57", "label": "Ball out of play", "position": "1677182", "team": "away", "visibility": "visible"}, {"gameTime": "1 - 28:28", "label": "Throw-in", "position": "1708685", "team": "not applicable", "visibility": "visible"}, {"gameTime": "1 - 28:33", "label": "Ball out of play", "position": "1713068", "team": "away", "visibility": "visible"}, {"gameTime": "1 - 29:45", "label": "Throw-in", "position": "1785002", "team": "not applicable", "visibility": "visible"}, {"gameTime": "1 - 29:48", "label": "Ball out of play", "position": "1788016", "team": "home", "visibility": "not shown"}, {"gameTime": "1 - 30:05", "label": "Throw-in", "position": "1805909", "team": "not applicable", "visibility": "visible"}, {"gameTime": "1 - 30:10", "label": "Shots off target", "position": "1810112", "team": "home", "visibility": "not shown"}, {"gameTime": "1 - 30:25", "label": "Ball out of play", "position": "1825728", "team": "home", "visibility": "visible"}, {"gameTime": "1 - 30:25", "label": "Clearance", "position": "1825886", "team": "not applicable", "visibility": "visible"}, {"gameTime": "1 - 30:53", "label": "Shots on target", "position": "1853857", "team": "home", "visibility": "visible"}, {"gameTime": "1 - 31:12", "label": "Ball out of play", "position": "1872265", "team": "away", "visibility": "visible"}, {"gameTime": "1 - 32:36", "label": "Throw-in", "position": "1956827", "team": "not applicable", "visibility": "visible"}, {"gameTime": "1 - 32:40", "label": "Ball out of play", "position": "1960336", "team": "away", "visibility": "not shown"}, {"gameTime": "1 - 32:52", "label": "Throw-in", "position": "1972611", "team": "not applicable", "visibility": "not shown"}, {"gameTime": "1 - 33:05", "label": "Shots on target", "position": "1985977", "team": "home", "visibility": "not shown"}, {"gameTime": "1 - 33:28", "label": "Foul", "position": "2008356", "team": "away", "visibility": "visible"}, {"gameTime": "1 - 33:30", "label": "Indirect free-kick", "position": "2010878", "team": "away", "visibility": "visible"}, {"gameTime": "1 - 33:59", "label": "Shots off target", "position": "2039072", "team": "home", "visibility": "visible"}, {"gameTime": "1 - 34:12", "label": "Ball out of play", "position": "2052802", "team": "home", "visibility": "visible"}, {"gameTime": "1 - 34:13", "label": "Clearance", "position": "2053929", "team": "not applicable", "visibility": "visible"}, {"gameTime": "1 - 34:37", "label": "Ball out of play", "position": "2077157", "team": "away", "visibility": "not shown"}, {"gameTime": "1 - 34:49", "label": "Throw-in", "position": "2089589", "team": "not applicable", "visibility": "visible"}, {"gameTime": "1 - 35:02", "label": "Foul", "position": "2102252", "team": "home", "visibility": "visible"}, {"gameTime": "1 - 35:12", "label": "Indirect free-kick", "position": "2112046", "team": "away", "visibility": "visible"}, {"gameTime": "1 - 35:22", "label": "Ball out of play", "position": "2122928", "team": "home", "visibility": "not shown"}, {"gameTime": "1 - 35:40", "label": "Throw-in", "position": "2140115", "team": "not applicable", "visibility": "visible"}, {"gameTime": "1 - 35:49", "label": "Ball out of play", "position": "2149399", "team": "home", "visibility": "visible"}, {"gameTime": "1 - 37:16", "label": "Throw-in", "position": "2236618", "team": "not applicable", "visibility": "visible"}, {"gameTime": "1 - 37:29", "label": "Shots on target", "position": "2249436", "team": "home", "visibility": "not shown"}, {"gameTime": "1 - 38:01", "label": "Shots on target", "position": "2281768", "team": "away", "visibility": "visible"}, {"gameTime": "1 - 38:37", "label": "Ball out of play", "position": "2317877", "team": "away", "visibility": "visible"}, {"gameTime": "1 - 38:39", "label": "Corner", "position": "2319402", "team": "not applicable", "visibility": "visible"}, {"gameTime": "1 - 39:17", "label": "Foul", "position": "2357482", "team": "away", "visibility": "visible"}, {"gameTime": "1 - 39:42", "label": "Direct free-kick", "position": "2382750", "team": "away", "visibility": "visible"}, {"gameTime": "1 - 40:16", "label": "Shots on target", "position": "2416082", "team": "home", "visibility": "visible"}, {"gameTime": "1 - 40:29", "label": "Offside", "position": "2429214", "team": "home", "visibility": "visible"}, {"gameTime": "1 - 41:08", "label": "Indirect free-kick", "position": "2468725", "team": "away", "visibility": "visible"}, {"gameTime": "1 - 41:42", "label": "Shots off target", "position": "2502083", "team": "home", "visibility": "not shown"}, {"gameTime": "1 - 41:53", "label": "Ball out of play", "position": "2513733", "team": "home", "visibility": "visible"}, {"gameTime": "1 - 41:54", "label": "Clearance", "position": "2514811", "team": "not applicable", "visibility": "visible"}, {"gameTime": "1 - 42:23", "label": "Ball out of play", "position": "2543695", "team": "away", "visibility": "visible"}, {"gameTime": "1 - 43:13", "label": "Throw-in", "position": "2593004", "team": "not applicable", "visibility": "visible"}, {"gameTime": "1 - 43:28", "label": "Ball out of play", "position": "2608223", "team": "home", "visibility": "visible"}, {"gameTime": "1 - 43:58", "label": "Corner", "position": "2638213", "team": "not applicable", "visibility": "visible"}, {"gameTime": "1 - 44:32", "label": "Shots on target", "position": "2672281", "team": "away", "visibility": "visible"}, {"gameTime": "1 - 44:33", "label": "Shots on target", "position": "2673869", "team": "away", "visibility": "visible"}, {"gameTime": "2 - 00:00", "label": "Substitution", "position": "0", "team": "home", "visibility": "not shown"}, {"gameTime": "2 - 00:00", "label": "Kick-off", "position": "0", "team": "home", "visibility": "not shown"}, {"gameTime": "2 - 00:00", "label": "Ball out of play", "position": "326", "team": "home", "visibility": "visible"}, {"gameTime": "2 - 00:09", "label": "Throw-in", "position": "9966", "team": "not applicable", "visibility": "visible"}, {"gameTime": "2 - 00:21", "label": "Ball out of play", "position": "21643", "team": "home", "visibility": "visible"}, {"gameTime": "2 - 00:26", "label": "Corner", "position": "26069", "team": "not applicable", "visibility": "visible"}, {"gameTime": "2 - 00:51", "label": "Ball out of play", "position": "51636", "team": "home", "visibility": "visible"}, {"gameTime": "2 - 01:04", "label": "Ball out of play", "position": "64091", "team": "not applicable", "visibility": "visible"}, {"gameTime": "2 - 01:08", "label": "Throw-in", "position": "68876", "team": "not applicable", "visibility": "visible"}, {"gameTime": "2 - 01:12", "label": "Ball out of play", "position": "72705", "team": "away", "visibility": "not shown"}, {"gameTime": "2 - 01:28", "label": "Throw-in", "position": "88605", "team": "not applicable", "visibility": "visible"}, {"gameTime": "2 - 01:37", "label": "Ball out of play", "position": "97988", "team": "home", "visibility": "visible"}, {"gameTime": "2 - 02:03", "label": "Clearance", "position": "123795", "team": "not applicable", "visibility": "visible"}, {"gameTime": "2 - 02:16", "label": "Ball out of play", "position": "136759", "team": "away", "visibility": "not shown"}, {"gameTime": "2 - 03:46", "label": "Throw-in", "position": "226369", "team": "not applicable", "visibility": "visible"}, {"gameTime": "2 - 03:50", "label": "Ball out of play", "position": "230143", "team": "home", "visibility": "not shown"}, {"gameTime": "2 - 03:54", "label": "Throw-in", "position": "234002", "team": "not applicable", "visibility": "visible"}, {"gameTime": "2 - 04:05", "label": "Foul", "position": "245625", "team": "home", "visibility": "visible"}, {"gameTime": "2 - 04:36", "label": "Indirect free-kick", "position": "276057", "team": "home", "visibility": "visible"}, {"gameTime": "2 - 04:51", "label": "Shots on target", "position": "291837", "team": "away", "visibility": "not shown"}, {"gameTime": "2 - 05:32", "label": "Ball out of play", "position": "332352", "team": "away", "visibility": "visible"}, {"gameTime": "2 - 05:33", "label": "Clearance", "position": "333279", "team": "not applicable", "visibility": "visible"}, {"gameTime": "2 - 05:51", "label": "Ball out of play", "position": "351497", "team": "home", "visibility": "not shown"}, {"gameTime": "2 - 05:56", "label": "Throw-in", "position": "356487", "team": "not applicable", "visibility": "not shown"}, {"gameTime": "2 - 06:05", "label": "Shots on target", "position": "365739", "team": "away", "visibility": "visible"}, {"gameTime": "2 - 06:26", "label": "Goal", "position": "386506", "team": "away", "visibility": "visible"}, {"gameTime": "2 - 06:26", "label": "Kick-off", "position": "386951", "team": "away", "visibility": "visible"}, {"gameTime": "2 - 07:23", "label": "Ball out of play", "position": "443851", "team": "home", "visibility": "not shown"}, {"gameTime": "2 - 07:39", "label": "Throw-in", "position": "459527", "team": "not applicable", "visibility": "visible"}, {"gameTime": "2 - 07:49", "label": "Ball out of play", "position": "469636", "team": "away", "visibility": "not shown"}, {"gameTime": "2 - 09:41", "label": "Clearance", "position": "581759", "team": "not applicable", "visibility": "visible"}, {"gameTime": "2 - 10:06", "label": "Foul", "position": "606184", "team": "away", "visibility": "not shown"}, {"gameTime": "2 - 10:25", "label": "Indirect free-kick", "position": "625020", "team": "home", "visibility": "visible"}, {"gameTime": "2 - 10:29", "label": "Foul", "position": "629107", "team": "away", "visibility": "visible"}, {"gameTime": "2 - 10:42", "label": "Indirect free-kick", "position": "642827", "team": "away", "visibility": "visible"}, {"gameTime": "2 - 10:59", "label": "Foul", "position": "659911", "team": "home", "visibility": "not shown"}, {"gameTime": "2 - 11:04", "label": "Indirect free-kick", "position": "664539", "team": "away", "visibility": "visible"}, {"gameTime": "2 - 11:13", "label": "Ball out of play", "position": "673278", "team": "home", "visibility": "visible"}, {"gameTime": "2 - 11:30", "label": "Throw-in", "position": "690601", "team": "not applicable", "visibility": "visible"}, {"gameTime": "2 - 11:51", "label": "Ball out of play", "position": "711482", "team": "away", "visibility": "visible"}, {"gameTime": "2 - 11:57", "label": "Throw-in", "position": "717698", "team": "not applicable", "visibility": "visible"}, {"gameTime": "2 - 12:10", "label": "Ball out of play", "position": "730853", "team": "away", "visibility": "not shown"}, {"gameTime": "2 - 12:13", "label": "Throw-in", "position": "733707", "team": "not applicable", "visibility": "visible"}, {"gameTime": "2 - 12:18", "label": "Foul", "position": "738272", "team": "away", "visibility": "visible"}, {"gameTime": "2 - 12:29", "label": "Indirect free-kick", "position": "749131", "team": "away", "visibility": "visible"}, {"gameTime": "2 - 12:41", "label": "Ball out of play", "position": "761309", "team": "home", "visibility": "visible"}, {"gameTime": "2 - 12:46", "label": "Throw-in", "position": "766939", "team": "not applicable", "visibility": "visible"}, {"gameTime": "2 - 12:54", "label": "Ball out of play", "position": "774293", "team": "away", "visibility": "visible"}, {"gameTime": "2 - 12:59", "label": "Throw-in", "position": "779445", "team": "not applicable", "visibility": "visible"}, {"gameTime": "2 - 13:10", "label": "Shots on target", "position": "790200", "team": "home", "visibility": "visible"}, {"gameTime": "2 - 13:16", "label": "Goal", "position": "796091", "team": "home", "visibility": "visible"}, {"gameTime": "2 - 13:16", "label": "Kick-off", "position": "796572", "team": "home", "visibility": "visible"}, {"gameTime": "2 - 14:09", "label": "Ball out of play", "position": "849578", "team": "away", "visibility": "not shown"}, {"gameTime": "2 - 15:25", "label": "Throw-in", "position": "925355", "team": "not applicable", "visibility": "visible"}, {"gameTime": "2 - 15:45", "label": "Foul", "position": "945876", "team": "home", "visibility": "visible"}, {"gameTime": "2 - 16:34", "label": "Direct free-kick", "position": "994862", "team": "home", "visibility": "visible"}, {"gameTime": "2 - 17:25", "label": "Shots off target", "position": "1045661", "team": "away", "visibility": "visible"}, {"gameTime": "2 - 17:30", "label": "Foul", "position": "1050545", "team": "away", "visibility": "visible"}, {"gameTime": "2 - 18:29", "label": "Yellow card", "position": "1109442", "team": "home", "visibility": "visible"}, {"gameTime": "2 - 18:39", "label": "Shots on target", "position": "1119570", "team": "home", "visibility": "visible"}, {"gameTime": "2 - 19:40", "label": "Direct free-kick", "position": "1180659", "team": "away", "visibility": "visible"}, {"gameTime": "2 - 19:40", "label": "Shots on target", "position": "1180659", "team": "away", "visibility": "visible"}, {"gameTime": "2 - 19:42", "label": "Ball out of play", "position": "1182106", "team": "away", "visibility": "visible"}, {"gameTime": "2 - 20:37", "label": "Throw-in", "position": "1237316", "team": "not applicable", "visibility": "visible"}, {"gameTime": "2 - 20:53", "label": "Shots off target", "position": "1253636", "team": "home", "visibility": "visible"}, {"gameTime": "2 - 21:17", "label": "Ball out of play", "position": "1277426", "team": "away", "visibility": "visible"}, {"gameTime": "2 - 21:17", "label": "Clearance", "position": "1277626", "team": "not applicable", "visibility": "visible"}, {"gameTime": "2 - 21:45", "label": "Ball out of play", "position": "1305836", "team": "home", "visibility": "not shown"}, {"gameTime": "2 - 22:12", "label": "Clearance", "position": "1332474", "team": "not applicable", "visibility": "visible"}, {"gameTime": "2 - 22:29", "label": "Shots on target", "position": "1349915", "team": "home", "visibility": "not shown"}, {"gameTime": "2 - 23:15", "label": "Ball out of play", "position": "1395333", "team": "home", "visibility": "visible"}, {"gameTime": "2 - 23:40", "label": "Substitution", "position": "1420644", "team": "not applicable", "visibility": "visible"}, {"gameTime": "2 - 24:00", "label": "Throw-in", "position": "1440916", "team": "away", "visibility": "visible"}, {"gameTime": "2 - 24:15", "label": "Ball out of play", "position": "1455853", "team": "away", "visibility": "visible"}, {"gameTime": "2 - 24:34", "label": "Throw-in", "position": "1474645", "team": "not applicable", "visibility": "visible"}, {"gameTime": "2 - 24:38", "label": "Ball out of play", "position": "1478965", "team": "away", "visibility": "not shown"}, {"gameTime": "2 - 24:52", "label": "Throw-in", "position": "1492720", "team": "not applicable", "visibility": "visible"}, {"gameTime": "2 - 25:11", "label": "Shots off target", "position": "1511141", "team": "home", "visibility": "visible"}, {"gameTime": "2 - 25:42", "label": "Ball out of play", "position": "1542324", "team": "away", "visibility": "visible"}, {"gameTime": "2 - 25:43", "label": "Clearance", "position": "1543071", "team": "not applicable", "visibility": "visible"}, {"gameTime": "2 - 26:02", "label": "Foul", "position": "1562242", "team": "home", "visibility": "visible"}, {"gameTime": "2 - 26:10", "label": "Indirect free-kick", "position": "1570904", "team": "home", "visibility": "visible"}, {"gameTime": "2 - 26:13", "label": "Ball out of play", "position": "1573429", "team": "away", "visibility": "visible"}, {"gameTime": "2 - 27:05", "label": "Throw-in", "position": "1625396", "team": "not applicable", "visibility": "visible"}, {"gameTime": "2 - 27:10", "label": "Foul", "position": "1630187", "team": "away", "visibility": "visible"}, {"gameTime": "2 - 27:13", "label": "Indirect free-kick", "position": "1633938", "team": "home", "visibility": "visible"}, {"gameTime": "2 - 27:24", "label": "Offside", "position": "1644231", "team": "away", "visibility": "not shown"}, {"gameTime": "2 - 28:24", "label": "Indirect free-kick", "position": "1704144", "team": "home", "visibility": "visible"}, {"gameTime": "2 - 28:36", "label": "Shots on target", "position": "1716684", "team": "away", "visibility": "not shown"}, {"gameTime": "2 - 29:20", "label": "Foul", "position": "1760702", "team": "away", "visibility": "visible"}, {"gameTime": "2 - 29:22", "label": "Indirect free-kick", "position": "1762460", "team": "away", "visibility": "visible"}, {"gameTime": "2 - 30:21", "label": "Ball out of play", "position": "1821788", "team": "home", "visibility": "visible"}, {"gameTime": "2 - 30:39", "label": "Clearance", "position": "1839546", "team": "not applicable", "visibility": "visible"}, {"gameTime": "2 - 30:46", "label": "Ball out of play", "position": "1846422", "team": "away", "visibility": "visible"}, {"gameTime": "2 - 30:48", "label": "Throw-in", "position": "1848365", "team": "not applicable", "visibility": "visible"}, {"gameTime": "2 - 31:04", "label": "Ball out of play", "position": "1864289", "team": "home", "visibility": "visible"}, {"gameTime": "2 - 31:07", "label": "Throw-in", "position": "1867925", "team": "not applicable", "visibility": "visible"}, {"gameTime": "2 - 31:14", "label": "Foul", "position": "1874226", "team": "home", "visibility": "visible"}, {"gameTime": "2 - 31:26", "label": "Yellow card", "position": "1886333", "team": "home", "visibility": "visible"}, {"gameTime": "2 - 31:33", "label": "Indirect free-kick", "position": "1893924", "team": "home", "visibility": "visible"}, {"gameTime": "2 - 31:53", "label": "Ball out of play", "position": "1913587", "team": "away", "visibility": "not shown"}, {"gameTime": "2 - 32:09", "label": "Throw-in", "position": "1929450", "team": "not applicable", "visibility": "visible"}, {"gameTime": "2 - 32:25", "label": "Ball out of play", "position": "1945662", "team": "home", "visibility": "not shown"}, {"gameTime": "2 - 33:20", "label": "Substitution", "position": "2000053", "team": "not applicable", "visibility": "visible"}, {"gameTime": "2 - 33:53", "label": "Throw-in", "position": "2033897", "team": "home", "visibility": "visible"}, {"gameTime": "2 - 33:58", "label": "Foul", "position": "2038143", "team": "home", "visibility": "not shown"}, {"gameTime": "2 - 34:06", "label": "Yellow card", "position": "2046424", "team": "away", "visibility": "visible"}, {"gameTime": "2 - 34:11", "label": "Direct free-kick", "position": "2051388", "team": "away", "visibility": "visible"}, {"gameTime": "2 - 34:46", "label": "Shots on target", "position": "2086291", "team": "home", "visibility": "visible"}, {"gameTime": "2 - 34:47", "label": "Shots on target", "position": "2087724", "team": "home", "visibility": "visible"}, {"gameTime": "2 - 34:51", "label": "Goal", "position": "2091953", "team": "home", "visibility": "visible"}, {"gameTime": "2 - 34:52", "label": "Substitution", "position": "2092610", "team": "home", "visibility": "visible"}, {"gameTime": "2 - 35:44", "label": "Kick-off", "position": "2144225", "team": "away", "visibility": "not shown"}, {"gameTime": "2 - 35:49", "label": "Shots off target", "position": "2149657", "team": "away", "visibility": "not shown"}, {"gameTime": "2 - 36:41", "label": "Ball out of play", "position": "2201243", "team": "home", "visibility": "visible"}, {"gameTime": "2 - 37:25", "label": "Corner", "position": "2245543", "team": "not applicable", "visibility": "visible"}, {"gameTime": "2 - 37:58", "label": "Ball out of play", "position": "2278887", "team": "home", "visibility": "visible"}, {"gameTime": "2 - 38:36", "label": "Corner", "position": "2316660", "team": "not applicable", "visibility": "visible"}, {"gameTime": "2 - 38:54", "label": "Shots on target", "position": "2334684", "team": "away", "visibility": "visible"}, {"gameTime": "2 - 38:57", "label": "Goal", "position": "2337625", "team": "away", "visibility": "visible"}, {"gameTime": "2 - 38:57", "label": "Substitution", "position": "2337954", "team": "away", "visibility": "visible"}, {"gameTime": "2 - 39:29", "label": "Kick-off", "position": "2369273", "team": "away", "visibility": "not shown"}, {"gameTime": "2 - 39:40", "label": "Ball out of play", "position": "2380205", "team": "home", "visibility": "not shown"}, {"gameTime": "2 - 39:54", "label": "Throw-in", "position": "2394334", "team": "not applicable", "visibility": "visible"}, {"gameTime": "2 - 40:03", "label": "Foul", "position": "2403311", "team": "home", "visibility": "visible"}, {"gameTime": "2 - 42:06", "label": "Yellow card", "position": "2526875", "team": "home", "visibility": "visible"}, {"gameTime": "2 - 42:18", "label": "Direct free-kick", "position": "2538140", "team": "home", "visibility": "visible"}, {"gameTime": "2 - 43:21", "label": "Shots off target", "position": "2601609", "team": "away", "visibility": "visible"}, {"gameTime": "2 - 43:21", "label": "Ball out of play", "position": "2601609", "team": "away", "visibility": "visible"}, {"gameTime": "2 - 43:22", "label": "Clearance", "position": "2602921", "team": "not applicable", "visibility": "visible"}, {"gameTime": "2 - 43:47", "label": "Ball out of play", "position": "2627520", "team": "home", "visibility": "not shown"}, {"gameTime": "2 - 44:17", "label": "Clearance", "position": "2657131", "team": "not applicable", "visibility": "visible"}, {"gameTime": "2 - 44:31", "label": "Clearance", "position": "2671573", "team": "away", "visibility": "not shown"}], "gameAwayTeam": "Napoli", "gameDate": "23/04/2017 - 13:30", "gameHomeTeam": "Sassuolo", "gameScore": "2 - 2"}