{"UrlLocal": "england_epl/2016-2017/2017-01-02 - 15-30 Middlesbrough 0 - 0 Leicester/", "UrlYoutube": "", "annotations": [{"gameTime": "1 - 00:35", "label": "Kick-off", "position": "35180", "team": "not applicable", "visibility": "visible"}, {"gameTime": "1 - 00:43", "label": "Ball out of play", "position": "43035", "team": "home", "visibility": "not shown"}, {"gameTime": "1 - 01:47", "label": "Throw-in", "position": "107470", "team": "not applicable", "visibility": "visible"}, {"gameTime": "1 - 02:14", "label": "Ball out of play", "position": "134697", "team": "home", "visibility": "visible"}, {"gameTime": "1 - 02:25", "label": "Clearance", "position": "145672", "team": "home", "visibility": "visible"}, {"gameTime": "1 - 02:43", "label": "Foul", "position": "163211", "team": "away", "visibility": "visible"}, {"gameTime": "1 - 03:21", "label": "Indirect free-kick", "position": "201178", "team": "not applicable", "visibility": "visible"}, {"gameTime": "1 - 03:35", "label": "Ball out of play", "position": "215807", "team": "away", "visibility": "visible"}, {"gameTime": "1 - 04:18", "label": "Throw-in", "position": "258941", "team": "not applicable", "visibility": "visible"}, {"gameTime": "1 - 04:46", "label": "Ball out of play", "position": "286577", "team": "away", "visibility": "not shown"}, {"gameTime": "1 - 05:05", "label": "Clearance", "position": "305494", "team": "not applicable", "visibility": "visible"}, {"gameTime": "1 - 05:38", "label": "Ball out of play", "position": "338135", "team": "away", "visibility": "not shown"}, {"gameTime": "1 - 05:47", "label": "Clearance", "position": "347286", "team": "not applicable", "visibility": "visible"}, {"gameTime": "1 - 05:58", "label": "Ball out of play", "position": "358289", "team": "away", "visibility": "visible"}, {"gameTime": "1 - 06:03", "label": "Throw-in", "position": "363304", "team": "home", "visibility": "visible"}, {"gameTime": "1 - 06:44", "label": "Foul", "position": "404104", "team": "away", "visibility": "visible"}, {"gameTime": "1 - 07:49", "label": "Indirect free-kick", "position": "469837", "team": "away", "visibility": "visible"}, {"gameTime": "1 - 07:51", "label": "Shots off target", "position": "471189", "team": "not applicable", "visibility": "visible"}, {"gameTime": "1 - 08:24", "label": "Ball out of play", "position": "504949", "team": "home", "visibility": "visible"}, {"gameTime": "1 - 08:39", "label": "Clearance", "position": "519546", "team": "not applicable", "visibility": "visible"}, {"gameTime": "1 - 08:57", "label": "Ball out of play", "position": "537811", "team": "home", "visibility": "visible"}, {"gameTime": "1 - 08:57", "label": "Throw-in", "position": "537863", "team": "not applicable", "visibility": "visible"}, {"gameTime": "1 - 09:23", "label": "Ball out of play", "position": "563186", "team": "away", "visibility": "visible"}, {"gameTime": "1 - 09:27", "label": "Foul", "position": "567492", "team": "not applicable", "visibility": "visible"}, {"gameTime": "1 - 09:47", "label": "Ball out of play", "position": "587294", "team": "away", "visibility": "visible"}, {"gameTime": "1 - 09:53", "label": "Throw-in", "position": "593780", "team": "home", "visibility": "visible"}, {"gameTime": "1 - 10:56", "label": "Foul", "position": "656376", "team": "away", "visibility": "visible"}, {"gameTime": "1 - 11:56", "label": "Direct free-kick", "position": "716370", "team": "not applicable", "visibility": "visible"}, {"gameTime": "1 - 12:02", "label": "Ball out of play", "position": "722649", "team": "away", "visibility": "not shown"}, {"gameTime": "1 - 12:18", "label": "Throw-in", "position": "738414", "team": "not applicable", "visibility": "visible"}, {"gameTime": "1 - 13:05", "label": "Ball out of play", "position": "785793", "team": "away", "visibility": "visible"}, {"gameTime": "1 - 13:23", "label": "Corner", "position": "803939", "team": "away", "visibility": "visible"}, {"gameTime": "1 - 13:48", "label": "Foul", "position": "828919", "team": "home", "visibility": "visible"}, {"gameTime": "1 - 13:56", "label": "Indirect free-kick", "position": "836761", "team": "not applicable", "visibility": "visible"}, {"gameTime": "1 - 14:02", "label": "Ball out of play", "position": "842311", "team": "home", "visibility": "visible"}, {"gameTime": "1 - 14:14", "label": "Throw-in", "position": "854779", "team": "not applicable", "visibility": "visible"}, {"gameTime": "1 - 14:16", "label": "Ball out of play", "position": "856837", "team": "home", "visibility": "visible"}, {"gameTime": "1 - 14:28", "label": "Throw-in", "position": "868043", "team": "home", "visibility": "visible"}, {"gameTime": "1 - 14:54", "label": "Foul", "position": "894700", "team": "away", "visibility": "not shown"}, {"gameTime": "1 - 15:10", "label": "Indirect free-kick", "position": "910881", "team": "not applicable", "visibility": "visible"}, {"gameTime": "1 - 15:29", "label": "Ball out of play", "position": "929959", "team": "away", "visibility": "visible"}, {"gameTime": "1 - 15:32", "label": "Throw-in", "position": "932746", "team": "not applicable", "visibility": "visible"}, {"gameTime": "1 - 15:48", "label": "Ball out of play", "position": "948205", "team": "away", "visibility": "visible"}, {"gameTime": "1 - 16:04", "label": "Throw-in", "position": "964983", "team": "not applicable", "visibility": "not shown"}, {"gameTime": "1 - 16:21", "label": "Ball out of play", "position": "981963", "team": "home", "visibility": "visible"}, {"gameTime": "1 - 16:26", "label": "Throw-in", "position": "986366", "team": "not applicable", "visibility": "visible"}, {"gameTime": "1 - 16:40", "label": "Ball out of play", "position": "1000975", "team": "home", "visibility": "visible"}, {"gameTime": "1 - 17:29", "label": "Throw-in", "position": "1049497", "team": "not applicable", "visibility": "visible"}, {"gameTime": "1 - 17:58", "label": "Ball out of play", "position": "1078343", "team": "away", "visibility": "not shown"}, {"gameTime": "1 - 18:24", "label": "Clearance", "position": "1104233", "team": "not applicable", "visibility": "visible"}, {"gameTime": "1 - 18:43", "label": "Ball out of play", "position": "1123953", "team": "away", "visibility": "visible"}, {"gameTime": "1 - 18:58", "label": "Throw-in", "position": "1138846", "team": "not applicable", "visibility": "visible"}, {"gameTime": "1 - 19:14", "label": "Ball out of play", "position": "1154692", "team": "away", "visibility": "visible"}, {"gameTime": "1 - 19:20", "label": "Throw-in", "position": "1160296", "team": "not applicable", "visibility": "visible"}, {"gameTime": "1 - 19:25", "label": "Ball out of play", "position": "1165548", "team": "home", "visibility": "not shown"}, {"gameTime": "1 - 19:52", "label": "Throw-in", "position": "1192748", "team": "home", "visibility": "visible"}, {"gameTime": "1 - 19:53", "label": "Shots off target", "position": "1193142", "team": "not applicable", "visibility": "visible"}, {"gameTime": "1 - 20:24", "label": "Ball out of play", "position": "1224926", "team": "away", "visibility": "not shown"}, {"gameTime": "1 - 21:49", "label": "Clearance", "position": "1309149", "team": "home", "visibility": "visible"}, {"gameTime": "1 - 22:50", "label": "Foul", "position": "1370571", "team": "away", "visibility": "visible"}, {"gameTime": "1 - 25:02", "label": "Direct free-kick", "position": "1502190", "team": "not applicable", "visibility": "visible"}, {"gameTime": "1 - 25:19", "label": "Ball out of play", "position": "1519136", "team": "home", "visibility": "not shown"}, {"gameTime": "1 - 25:32", "label": "Yellow card", "position": "1532951", "team": "home", "visibility": "visible"}, {"gameTime": "1 - 25:52", "label": "Throw-in", "position": "1552056", "team": "home", "visibility": "visible"}, {"gameTime": "1 - 26:21", "label": "Foul", "position": "1581175", "team": "away", "visibility": "visible"}, {"gameTime": "1 - 27:11", "label": "Indirect free-kick", "position": "1631855", "team": "not applicable", "visibility": "visible"}, {"gameTime": "1 - 27:42", "label": "Ball out of play", "position": "1662272", "team": "home", "visibility": "visible"}, {"gameTime": "1 - 28:46", "label": "Clearance", "position": "1726637", "team": "away", "visibility": "visible"}, {"gameTime": "1 - 29:04", "label": "Foul", "position": "1744985", "team": "home", "visibility": "visible"}, {"gameTime": "1 - 29:26", "label": "Indirect free-kick", "position": "1766797", "team": "away", "visibility": "visible"}, {"gameTime": "1 - 30:15", "label": "Foul", "position": "1815306", "team": "home", "visibility": "visible"}, {"gameTime": "1 - 30:17", "label": "Direct free-kick", "position": "1817496", "team": "home", "visibility": "visible"}, {"gameTime": "1 - 30:17", "label": "Shots off target", "position": "1817971", "team": "not applicable", "visibility": "visible"}, {"gameTime": "1 - 30:47", "label": "Ball out of play", "position": "1847813", "team": "away", "visibility": "not shown"}, {"gameTime": "1 - 31:32", "label": "Clearance", "position": "1892795", "team": "not applicable", "visibility": "visible"}, {"gameTime": "1 - 33:32", "label": "Ball out of play", "position": "2012627", "team": "home", "visibility": "visible"}, {"gameTime": "1 - 33:52", "label": "Substitution", "position": "2032740", "team": "away", "visibility": "visible"}, {"gameTime": "1 - 34:20", "label": "Throw-in", "position": "2060781", "team": "not applicable", "visibility": "visible"}, {"gameTime": "1 - 34:54", "label": "Ball out of play", "position": "2094538", "team": "away", "visibility": "visible"}, {"gameTime": "1 - 35:09", "label": "Clearance", "position": "2109161", "team": "not applicable", "visibility": "visible"}, {"gameTime": "1 - 35:31", "label": "Ball out of play", "position": "2131977", "team": "away", "visibility": "visible"}, {"gameTime": "1 - 35:56", "label": "Throw-in", "position": "2156414", "team": "not applicable", "visibility": "visible"}, {"gameTime": "1 - 36:03", "label": "Ball out of play", "position": "2163536", "team": "home", "visibility": "visible"}, {"gameTime": "1 - 36:41", "label": "Throw-in", "position": "2201272", "team": "not applicable", "visibility": "visible"}, {"gameTime": "1 - 36:47", "label": "Ball out of play", "position": "2207297", "team": "away", "visibility": "not shown"}, {"gameTime": "1 - 36:55", "label": "Throw-in", "position": "2215987", "team": "away", "visibility": "visible"}, {"gameTime": "1 - 37:12", "label": "Foul", "position": "2232127", "team": "home", "visibility": "visible"}, {"gameTime": "1 - 37:52", "label": "Indirect free-kick", "position": "2272243", "team": "home", "visibility": "visible"}, {"gameTime": "1 - 37:53", "label": "Shots off target", "position": "2273160", "team": "not applicable", "visibility": "visible"}, {"gameTime": "1 - 38:21", "label": "Ball out of play", "position": "2301258", "team": "away", "visibility": "visible"}, {"gameTime": "1 - 38:40", "label": "Clearance", "position": "2320657", "team": "not applicable", "visibility": "visible"}, {"gameTime": "1 - 38:54", "label": "Ball out of play", "position": "2334798", "team": "home", "visibility": "not shown"}, {"gameTime": "1 - 40:34", "label": "Throw-in", "position": "2434074", "team": "away", "visibility": "visible"}, {"gameTime": "1 - 42:05", "label": "Shots off target", "position": "2525061", "team": "home", "visibility": "visible"}, {"gameTime": "1 - 42:09", "label": "Foul", "position": "2529712", "team": "home", "visibility": "visible"}, {"gameTime": "1 - 42:42", "label": "Yellow card", "position": "2562880", "team": "away", "visibility": "visible"}, {"gameTime": "1 - 42:49", "label": "Indirect free-kick", "position": "2569110", "team": "away", "visibility": "visible"}, {"gameTime": "1 - 43:32", "label": "Foul", "position": "2612182", "team": "home", "visibility": "visible"}, {"gameTime": "1 - 43:58", "label": "Indirect free-kick", "position": "2638614", "team": "not applicable", "visibility": "visible"}, {"gameTime": "1 - 44:18", "label": "Ball out of play", "position": "2658364", "team": "away", "visibility": "visible"}, {"gameTime": "1 - 44:44", "label": "Throw-in", "position": "2684919", "team": "not applicable", "visibility": "visible"}, {"gameTime": "2 - 00:06", "label": "Kick-off", "position": "6911", "team": "not applicable", "visibility": "visible"}, {"gameTime": "2 - 00:37", "label": "Ball out of play", "position": "37055", "team": "away", "visibility": "visible"}, {"gameTime": "2 - 02:24", "label": "Throw-in", "position": "144886", "team": "home", "visibility": "visible"}, {"gameTime": "2 - 03:15", "label": "Shots on target", "position": "195225", "team": "not applicable", "visibility": "visible"}, {"gameTime": "2 - 03:45", "label": "Ball out of play", "position": "225412", "team": "home", "visibility": "visible"}, {"gameTime": "2 - 03:57", "label": "Corner", "position": "237174", "team": "not applicable", "visibility": "not shown"}, {"gameTime": "2 - 04:19", "label": "Ball out of play", "position": "259958", "team": "away", "visibility": "visible"}, {"gameTime": "2 - 05:40", "label": "Throw-in", "position": "340495", "team": "not applicable", "visibility": "visible"}, {"gameTime": "2 - 05:57", "label": "Ball out of play", "position": "357339", "team": "away", "visibility": "visible"}, {"gameTime": "2 - 06:17", "label": "Throw-in", "position": "377872", "team": "not applicable", "visibility": "visible"}, {"gameTime": "2 - 06:29", "label": "Ball out of play", "position": "389279", "team": "home", "visibility": "visible"}, {"gameTime": "2 - 07:06", "label": "Throw-in", "position": "426739", "team": "home", "visibility": "visible"}, {"gameTime": "2 - 08:10", "label": "Shots off target", "position": "490315", "team": "not applicable", "visibility": "visible"}, {"gameTime": "2 - 08:13", "label": "Ball out of play", "position": "493038", "team": "away", "visibility": "visible"}, {"gameTime": "2 - 08:38", "label": "Throw-in", "position": "518825", "team": "not applicable", "visibility": "visible"}, {"gameTime": "2 - 08:45", "label": "Ball out of play", "position": "525736", "team": "away", "visibility": "visible"}, {"gameTime": "2 - 09:39", "label": "Throw-in", "position": "579115", "team": "away", "visibility": "visible"}, {"gameTime": "2 - 09:40", "label": "Shots off target", "position": "580195", "team": "not applicable", "visibility": "visible"}, {"gameTime": "2 - 10:12", "label": "Ball out of play", "position": "612063", "team": "home", "visibility": "not shown"}, {"gameTime": "2 - 11:07", "label": "Clearance", "position": "667439", "team": "not applicable", "visibility": "visible"}, {"gameTime": "2 - 11:41", "label": "Ball out of play", "position": "701794", "team": "home", "visibility": "not shown"}, {"gameTime": "2 - 12:01", "label": "Clearance", "position": "721249", "team": "not applicable", "visibility": "visible"}, {"gameTime": "2 - 12:10", "label": "Ball out of play", "position": "730134", "team": "away", "visibility": "visible"}, {"gameTime": "2 - 12:18", "label": "Throw-in", "position": "738980", "team": "away", "visibility": "visible"}, {"gameTime": "2 - 12:56", "label": "Foul", "position": "776467", "team": "home", "visibility": "visible"}, {"gameTime": "2 - 13:07", "label": "Indirect free-kick", "position": "787790", "team": "home", "visibility": "visible"}, {"gameTime": "2 - 13:32", "label": "Foul", "position": "812776", "team": "away", "visibility": "visible"}, {"gameTime": "2 - 13:38", "label": "Indirect free-kick", "position": "818005", "team": "away", "visibility": "visible"}, {"gameTime": "2 - 13:41", "label": "Shots off target", "position": "821507", "team": "away", "visibility": "visible"}, {"gameTime": "2 - 13:48", "label": "Foul", "position": "828982", "team": "home", "visibility": "visible"}, {"gameTime": "2 - 14:21", "label": "Indirect free-kick", "position": "861327", "team": "not applicable", "visibility": "visible"}, {"gameTime": "2 - 14:38", "label": "Ball out of play", "position": "878230", "team": "away", "visibility": "visible"}, {"gameTime": "2 - 15:03", "label": "Throw-in", "position": "903407", "team": "not applicable", "visibility": "not shown"}, {"gameTime": "2 - 15:08", "label": "Ball out of play", "position": "908644", "team": "home", "visibility": "visible"}, {"gameTime": "2 - 15:59", "label": "Throw-in", "position": "959300", "team": "home", "visibility": "visible"}, {"gameTime": "2 - 16:00", "label": "Shots off target", "position": "960518", "team": "not applicable", "visibility": "visible"}, {"gameTime": "2 - 16:34", "label": "Ball out of play", "position": "994861", "team": "away", "visibility": "visible"}, {"gameTime": "2 - 16:47", "label": "Clearance", "position": "1007494", "team": "not applicable", "visibility": "visible"}, {"gameTime": "2 - 17:08", "label": "Ball out of play", "position": "1028864", "team": "away", "visibility": "visible"}, {"gameTime": "2 - 17:20", "label": "Throw-in", "position": "1040947", "team": "not applicable", "visibility": "visible"}, {"gameTime": "2 - 17:29", "label": "Ball out of play", "position": "1049815", "team": "home", "visibility": "not shown"}, {"gameTime": "2 - 18:09", "label": "Throw-in", "position": "1089623", "team": "home", "visibility": "visible"}, {"gameTime": "2 - 18:42", "label": "Foul", "position": "1122683", "team": "away", "visibility": "visible"}, {"gameTime": "2 - 19:37", "label": "Indirect free-kick", "position": "1177105", "team": "not applicable", "visibility": "visible"}, {"gameTime": "2 - 20:05", "label": "Ball out of play", "position": "1205738", "team": "away", "visibility": "visible"}, {"gameTime": "2 - 20:44", "label": "Throw-in", "position": "1244383", "team": "not applicable", "visibility": "visible"}, {"gameTime": "2 - 20:55", "label": "Ball out of play", "position": "1255558", "team": "away", "visibility": "visible"}, {"gameTime": "2 - 20:59", "label": "Throw-in", "position": "1259324", "team": "not applicable", "visibility": "visible"}, {"gameTime": "2 - 21:10", "label": "Ball out of play", "position": "1270742", "team": "away", "visibility": "visible"}, {"gameTime": "2 - 21:22", "label": "Throw-in", "position": "1282919", "team": "not applicable", "visibility": "visible"}, {"gameTime": "2 - 21:32", "label": "Ball out of play", "position": "1292430", "team": "home", "visibility": "visible"}, {"gameTime": "2 - 22:27", "label": "Throw-in", "position": "1347050", "team": "home", "visibility": "visible"}, {"gameTime": "2 - 22:28", "label": "Shots off target", "position": "1348063", "team": "not applicable", "visibility": "visible"}, {"gameTime": "2 - 23:07", "label": "Ball out of play", "position": "1387021", "team": "away", "visibility": "visible"}, {"gameTime": "2 - 23:23", "label": "Clearance", "position": "1403173", "team": "not applicable", "visibility": "visible"}, {"gameTime": "2 - 23:49", "label": "Ball out of play", "position": "1429594", "team": "away", "visibility": "visible"}, {"gameTime": "2 - 23:51", "label": "Corner", "position": "1431145", "team": "away", "visibility": "visible"}, {"gameTime": "2 - 25:05", "label": "Shots on target", "position": "1505939", "team": "not applicable", "visibility": "visible"}, {"gameTime": "2 - 25:38", "label": "Ball out of play", "position": "1538650", "team": "away", "visibility": "visible"}, {"gameTime": "2 - 25:50", "label": "Substitution", "position": "1550065", "team": "home", "visibility": "visible"}, {"gameTime": "2 - 26:25", "label": "Throw-in", "position": "1585531", "team": "not applicable", "visibility": "visible"}, {"gameTime": "2 - 26:42", "label": "Ball out of play", "position": "1602031", "team": "home", "visibility": "visible"}, {"gameTime": "2 - 27:59", "label": "Throw-in", "position": "1679546", "team": "not applicable", "visibility": "visible"}, {"gameTime": "2 - 28:33", "label": "Ball out of play", "position": "1713548", "team": "away", "visibility": "visible"}, {"gameTime": "2 - 28:48", "label": "Substitution", "position": "1728646", "team": "away", "visibility": "visible"}, {"gameTime": "2 - 29:35", "label": "Throw-in", "position": "1775425", "team": "home", "visibility": "visible"}, {"gameTime": "2 - 29:35", "label": "Shots off target", "position": "1775845", "team": "not applicable", "visibility": "visible"}, {"gameTime": "2 - 29:55", "label": "Ball out of play", "position": "1795957", "team": "home", "visibility": "visible"}, {"gameTime": "2 - 30:33", "label": "Corner", "position": "1833300", "team": "not applicable", "visibility": "visible"}, {"gameTime": "2 - 30:37", "label": "Ball out of play", "position": "1837314", "team": "home", "visibility": "visible"}, {"gameTime": "2 - 32:48", "label": "Throw-in", "position": "1968509", "team": "not applicable", "visibility": "visible"}, {"gameTime": "2 - 34:49", "label": "Ball out of play", "position": "2089814", "team": "home", "visibility": "visible"}, {"gameTime": "2 - 34:56", "label": "Substitution", "position": "2096490", "team": "home", "visibility": "not shown"}, {"gameTime": "2 - 35:25", "label": "Throw-in", "position": "2125342", "team": "not applicable", "visibility": "visible"}, {"gameTime": "2 - 35:48", "label": "Ball out of play", "position": "2148382", "team": "away", "visibility": "visible"}, {"gameTime": "2 - 36:22", "label": "Throw-in", "position": "2182717", "team": "not applicable", "visibility": "visible"}, {"gameTime": "2 - 36:27", "label": "Ball out of play", "position": "2187316", "team": "home", "visibility": "visible"}, {"gameTime": "2 - 37:17", "label": "Throw-in", "position": "2237253", "team": "home", "visibility": "visible"}, {"gameTime": "2 - 37:17", "label": "Shots off target", "position": "2237633", "team": "not applicable", "visibility": "visible"}, {"gameTime": "2 - 37:56", "label": "Ball out of play", "position": "2276176", "team": "away", "visibility": "visible"}, {"gameTime": "2 - 38:03", "label": "Substitution", "position": "2283997", "team": "away", "visibility": "visible"}, {"gameTime": "2 - 38:59", "label": "Clearance", "position": "2339092", "team": "not applicable", "visibility": "visible"}, {"gameTime": "2 - 39:16", "label": "Ball out of play", "position": "2356338", "team": "away", "visibility": "visible"}, {"gameTime": "2 - 39:26", "label": "Throw-in", "position": "2366806", "team": "away", "visibility": "visible"}, {"gameTime": "2 - 39:35", "label": "Foul", "position": "2375134", "team": "home", "visibility": "visible"}, {"gameTime": "2 - 40:01", "label": "Indirect free-kick", "position": "2401787", "team": "not applicable", "visibility": "visible"}, {"gameTime": "2 - 40:18", "label": "Ball out of play", "position": "2418379", "team": "away", "visibility": "visible"}, {"gameTime": "2 - 43:26", "label": "Throw-in", "position": "2606281", "team": "not applicable", "visibility": "visible"}, {"gameTime": "2 - 43:44", "label": "Ball out of play", "position": "2624160", "team": "home", "visibility": "visible"}, {"gameTime": "2 - 44:01", "label": "Substitution", "position": "2641756", "team": "away", "visibility": "visible"}, {"gameTime": "2 - 44:08", "label": "Clearance", "position": "2648547", "team": "not applicable", "visibility": "visible"}, {"gameTime": "2 - 44:18", "label": "Ball out of play", "position": "2658461", "team": "away", "visibility": "visible"}, {"gameTime": "2 - 44:26", "label": "Throw-in", "position": "2666482", "team": "not applicable", "visibility": "visible"}, {"gameTime": "2 - 44:42", "label": "Ball out of play", "position": "2682464", "team": "away", "visibility": "visible"}, {"gameTime": "2 - 44:56", "label": "Throw-in", "position": "2696667", "team": "not applicable", "visibility": "visible"}, {"gameTime": "2 - 45:07", "label": "Ball out of play", "position": "2707842", "team": "home", "visibility": "visible"}, {"gameTime": "2 - 45:54", "label": "Throw-in", "position": "2754872", "team": "away", "visibility": "visible"}, {"gameTime": "2 - 45:55", "label": "Shots off target", "position": "2755963", "team": "not applicable", "visibility": "visible"}, {"gameTime": "2 - 46:05", "label": "Ball out of play", "position": "2765080", "team": "home", "visibility": "visible"}, {"gameTime": "2 - 46:17", "label": "Yellow card", "position": "2777642", "team": "home", "visibility": "not shown"}], "gameAwayTeam": "Leicester", "gameDate": "02/01/2017 - 15:30", "gameHomeTeam": "Middlesbrough", "gameScore": "0 - 0"}