{"UrlLocal": "italy_serie-a/2016-2017/2016-11-06 - 22-45 AS Roma 3 - 0 Bologna/", "UrlYoutube": "", "annotations": [{"gameTime": "1 - 00:19", "label": "Kick-off", "position": "19536", "team": "not applicable", "visibility": "visible"}, {"gameTime": "1 - 00:31", "label": "Ball out of play", "position": "31763", "team": "away", "visibility": "visible"}, {"gameTime": "1 - 00:40", "label": "Throw-in", "position": "40002", "team": "not applicable", "visibility": "visible"}, {"gameTime": "1 - 00:56", "label": "Ball out of play", "position": "56696", "team": "away", "visibility": "visible"}, {"gameTime": "1 - 01:05", "label": "Throw-in", "position": "65110", "team": "away", "visibility": "visible"}, {"gameTime": "1 - 01:05", "label": "Shots off target", "position": "65652", "team": "not applicable", "visibility": "visible"}, {"gameTime": "1 - 01:28", "label": "Ball out of play", "position": "88486", "team": "home", "visibility": "visible"}, {"gameTime": "1 - 02:05", "label": "Clearance", "position": "125298", "team": "not applicable", "visibility": "visible"}, {"gameTime": "1 - 02:15", "label": "Ball out of play", "position": "135076", "team": "away", "visibility": "visible"}, {"gameTime": "1 - 02:32", "label": "Throw-in", "position": "152987", "team": "not applicable", "visibility": "visible"}, {"gameTime": "1 - 03:12", "label": "Ball out of play", "position": "192996", "team": "away", "visibility": "visible"}, {"gameTime": "1 - 03:42", "label": "Corner", "position": "222789", "team": "home", "visibility": "visible"}, {"gameTime": "1 - 04:22", "label": "Foul", "position": "262058", "team": "away", "visibility": "visible"}, {"gameTime": "1 - 04:26", "label": "Direct free-kick", "position": "266926", "team": "not applicable", "visibility": "visible"}, {"gameTime": "1 - 04:45", "label": "Ball out of play", "position": "285388", "team": "away", "visibility": "visible"}, {"gameTime": "1 - 05:05", "label": "Corner", "position": "305580", "team": "home", "visibility": "not shown"}, {"gameTime": "1 - 05:31", "label": "Clearance", "position": "331090", "team": "away", "visibility": "visible"}, {"gameTime": "1 - 05:35", "label": "Foul", "position": "335347", "team": "home", "visibility": "not shown"}, {"gameTime": "1 - 05:54", "label": "Indirect free-kick", "position": "354901", "team": "away", "visibility": "visible"}, {"gameTime": "1 - 06:56", "label": "Foul", "position": "416141", "team": "home", "visibility": "visible"}, {"gameTime": "1 - 06:58", "label": "Direct free-kick", "position": "418342", "team": "home", "visibility": "visible"}, {"gameTime": "1 - 07:02", "label": "Shots on target", "position": "422128", "team": "home", "visibility": "visible"}, {"gameTime": "1 - 07:03", "label": "Shots off target", "position": "423177", "team": "not applicable", "visibility": "visible"}, {"gameTime": "1 - 07:24", "label": "Ball out of play", "position": "444005", "team": "away", "visibility": "visible"}, {"gameTime": "1 - 07:52", "label": "Clearance", "position": "472134", "team": "home", "visibility": "visible"}, {"gameTime": "1 - 08:03", "label": "Foul", "position": "483910", "team": "away", "visibility": "not shown"}, {"gameTime": "1 - 08:37", "label": "Indirect free-kick", "position": "517100", "team": "not applicable", "visibility": "visible"}, {"gameTime": "1 - 08:51", "label": "Ball out of play", "position": "531826", "team": "home", "visibility": "visible"}, {"gameTime": "1 - 10:06", "label": "Throw-in", "position": "606137", "team": "home", "visibility": "visible"}, {"gameTime": "1 - 10:06", "label": "Shots off target", "position": "606914", "team": "not applicable", "visibility": "visible"}, {"gameTime": "1 - 10:37", "label": "Ball out of play", "position": "637064", "team": "away", "visibility": "visible"}, {"gameTime": "1 - 10:41", "label": "Clearance", "position": "641455", "team": "not applicable", "visibility": "visible"}, {"gameTime": "1 - 10:56", "label": "Ball out of play", "position": "656911", "team": "home", "visibility": "visible"}, {"gameTime": "1 - 12:03", "label": "Throw-in", "position": "723355", "team": "home", "visibility": "visible"}, {"gameTime": "1 - 12:04", "label": "Shots on target", "position": "724454", "team": "home", "visibility": "visible"}, {"gameTime": "1 - 12:54", "label": "Goal", "position": "774545", "team": "away", "visibility": "not shown"}, {"gameTime": "1 - 13:18", "label": "Kick-off", "position": "798891", "team": "not applicable", "visibility": "not shown"}, {"gameTime": "1 - 13:42", "label": "Ball out of play", "position": "822434", "team": "away", "visibility": "visible"}, {"gameTime": "1 - 13:43", "label": "Corner", "position": "823800", "team": "away", "visibility": "visible"}, {"gameTime": "1 - 13:59", "label": "Foul", "position": "839382", "team": "home", "visibility": "not shown"}, {"gameTime": "1 - 14:34", "label": "Indirect free-kick", "position": "874869", "team": "not applicable", "visibility": "visible"}, {"gameTime": "1 - 14:45", "label": "Ball out of play", "position": "885599", "team": "home", "visibility": "visible"}, {"gameTime": "1 - 14:55", "label": "Throw-in", "position": "895119", "team": "not applicable", "visibility": "not shown"}, {"gameTime": "1 - 15:32", "label": "Ball out of play", "position": "932060", "team": "not applicable", "visibility": "visible"}, {"gameTime": "1 - 16:04", "label": "Ball out of play", "position": "964775", "team": "away", "visibility": "visible"}, {"gameTime": "1 - 16:30", "label": "Clearance", "position": "990598", "team": "not applicable", "visibility": "visible"}, {"gameTime": "1 - 16:42", "label": "Ball out of play", "position": "1002045", "team": "home", "visibility": "visible"}, {"gameTime": "1 - 16:50", "label": "Throw-in", "position": "1010703", "team": "not applicable", "visibility": "visible"}, {"gameTime": "1 - 17:00", "label": "Ball out of play", "position": "1020365", "team": "away", "visibility": "visible"}, {"gameTime": "1 - 17:11", "label": "Throw-in", "position": "1031371", "team": "away", "visibility": "visible"}, {"gameTime": "1 - 17:21", "label": "Foul", "position": "1041670", "team": "home", "visibility": "not shown"}, {"gameTime": "1 - 18:28", "label": "Indirect free-kick", "position": "1108801", "team": "not applicable", "visibility": "visible"}, {"gameTime": "1 - 18:56", "label": "Ball out of play", "position": "1136590", "team": "away", "visibility": "visible"}, {"gameTime": "1 - 19:03", "label": "Clearance", "position": "1143943", "team": "not applicable", "visibility": "visible"}, {"gameTime": "1 - 19:10", "label": "Ball out of play", "position": "1150145", "team": "home", "visibility": "visible"}, {"gameTime": "1 - 20:00", "label": "Throw-in", "position": "1200333", "team": "not applicable", "visibility": "visible"}, {"gameTime": "1 - 20:15", "label": "Ball out of play", "position": "1215272", "team": "away", "visibility": "visible"}, {"gameTime": "1 - 20:57", "label": "Throw-in", "position": "1257711", "team": "home", "visibility": "visible"}, {"gameTime": "1 - 21:33", "label": "Foul", "position": "1293174", "team": "away", "visibility": "visible"}, {"gameTime": "1 - 22:01", "label": "Indirect free-kick", "position": "1321734", "team": "not applicable", "visibility": "visible"}, {"gameTime": "1 - 22:17", "label": "Ball out of play", "position": "1337468", "team": "away", "visibility": "visible"}, {"gameTime": "1 - 22:22", "label": "Throw-in", "position": "1342492", "team": "not applicable", "visibility": "visible"}, {"gameTime": "1 - 22:40", "label": "Ball out of play", "position": "1360645", "team": "away", "visibility": "visible"}, {"gameTime": "1 - 22:44", "label": "Throw-in", "position": "1364158", "team": "home", "visibility": "visible"}, {"gameTime": "1 - 23:26", "label": "Foul", "position": "1406774", "team": "away", "visibility": "visible"}, {"gameTime": "1 - 23:34", "label": "Direct free-kick", "position": "1414099", "team": "not applicable", "visibility": "visible"}, {"gameTime": "1 - 23:46", "label": "Ball out of play", "position": "1426410", "team": "home", "visibility": "visible"}, {"gameTime": "1 - 24:28", "label": "Clearance", "position": "1468670", "team": "not applicable", "visibility": "visible"}, {"gameTime": "1 - 24:32", "label": "Ball out of play", "position": "1472249", "team": "home", "visibility": "not shown"}, {"gameTime": "1 - 24:50", "label": "Throw-in", "position": "1490477", "team": "not applicable", "visibility": "visible"}, {"gameTime": "1 - 25:15", "label": "Ball out of play", "position": "1515274", "team": "home", "visibility": "visible"}, {"gameTime": "1 - 25:30", "label": "Throw-in", "position": "1530722", "team": "home", "visibility": "visible"}, {"gameTime": "1 - 25:57", "label": "Foul", "position": "1557644", "team": "away", "visibility": "visible"}, {"gameTime": "1 - 26:03", "label": "Indirect free-kick", "position": "1563839", "team": "not applicable", "visibility": "visible"}, {"gameTime": "1 - 26:10", "label": "Ball out of play", "position": "1570753", "team": "home", "visibility": "visible"}, {"gameTime": "1 - 26:38", "label": "Throw-in", "position": "1598664", "team": "not applicable", "visibility": "not shown"}, {"gameTime": "1 - 26:49", "label": "Ball out of play", "position": "1609384", "team": "home", "visibility": "visible"}, {"gameTime": "1 - 28:27", "label": "Throw-in", "position": "1707219", "team": "away", "visibility": "visible"}, {"gameTime": "1 - 28:44", "label": "Shots on target", "position": "1724280", "team": "not applicable", "visibility": "visible"}, {"gameTime": "1 - 29:06", "label": "Ball out of play", "position": "1746311", "team": "away", "visibility": "visible"}, {"gameTime": "1 - 29:41", "label": "Throw-in", "position": "1781456", "team": "home", "visibility": "visible"}, {"gameTime": "1 - 29:42", "label": "Shots off target", "position": "1782094", "team": "not applicable", "visibility": "visible"}, {"gameTime": "1 - 30:15", "label": "Ball out of play", "position": "1815173", "team": "away", "visibility": "visible"}, {"gameTime": "1 - 30:26", "label": "Clearance", "position": "1826854", "team": "away", "visibility": "visible"}, {"gameTime": "1 - 30:27", "label": "Shots off target", "position": "1827821", "team": "not applicable", "visibility": "visible"}, {"gameTime": "1 - 30:38", "label": "Ball out of play", "position": "1838986", "team": "home", "visibility": "visible"}, {"gameTime": "1 - 30:58", "label": "Clearance", "position": "1858723", "team": "not applicable", "visibility": "visible"}, {"gameTime": "1 - 31:14", "label": "Ball out of play", "position": "1874247", "team": "away", "visibility": "visible"}, {"gameTime": "1 - 31:16", "label": "Throw-in", "position": "1876591", "team": "not applicable", "visibility": "visible"}, {"gameTime": "1 - 31:27", "label": "Ball out of play", "position": "1887247", "team": "away", "visibility": "visible"}, {"gameTime": "1 - 31:44", "label": "Throw-in", "position": "1904814", "team": "not applicable", "visibility": "visible"}, {"gameTime": "1 - 31:50", "label": "Ball out of play", "position": "1910533", "team": "home", "visibility": "not shown"}, {"gameTime": "1 - 32:11", "label": "Throw-in", "position": "1931242", "team": "home", "visibility": "visible"}, {"gameTime": "1 - 32:17", "label": "Foul", "position": "1937951", "team": "away", "visibility": "not shown"}, {"gameTime": "1 - 32:23", "label": "Indirect free-kick", "position": "1943766", "team": "not applicable", "visibility": "visible"}, {"gameTime": "1 - 32:37", "label": "Ball out of play", "position": "1957361", "team": "away", "visibility": "visible"}, {"gameTime": "1 - 32:40", "label": "Throw-in", "position": "1960971", "team": "not applicable", "visibility": "visible"}, {"gameTime": "1 - 32:49", "label": "Ball out of play", "position": "1969112", "team": "home", "visibility": "not shown"}, {"gameTime": "1 - 33:11", "label": "Throw-in", "position": "1991826", "team": "not applicable", "visibility": "visible"}, {"gameTime": "1 - 34:30", "label": "Ball out of play", "position": "2070803", "team": "home", "visibility": "visible"}, {"gameTime": "1 - 35:20", "label": "Throw-in", "position": "2120607", "team": "not applicable", "visibility": "not shown"}, {"gameTime": "1 - 35:30", "label": "Ball out of play", "position": "2130915", "team": "home", "visibility": "visible"}, {"gameTime": "1 - 36:41", "label": "Throw-in", "position": "2201433", "team": "away", "visibility": "visible"}, {"gameTime": "1 - 38:18", "label": "Shots on target", "position": "2298022", "team": "home", "visibility": "visible"}, {"gameTime": "1 - 38:48", "label": "Shots on target", "position": "2328218", "team": "home", "visibility": "visible"}, {"gameTime": "1 - 39:02", "label": "Foul", "position": "2342047", "team": "away", "visibility": "not shown"}, {"gameTime": "1 - 39:14", "label": "Indirect free-kick", "position": "2354149", "team": "away", "visibility": "visible"}, {"gameTime": "1 - 41:25", "label": "Shots on target", "position": "2485776", "team": "not applicable", "visibility": "not shown"}, {"gameTime": "1 - 41:50", "label": "Ball out of play", "position": "2510125", "team": "away", "visibility": "visible"}, {"gameTime": "1 - 42:23", "label": "Clearance", "position": "2543176", "team": "home", "visibility": "visible"}, {"gameTime": "1 - 42:23", "label": "Shots off target", "position": "2543818", "team": "not applicable", "visibility": "visible"}, {"gameTime": "1 - 43:05", "label": "Ball out of play", "position": "2585466", "team": "away", "visibility": "visible"}, {"gameTime": "1 - 43:26", "label": "Clearance", "position": "2606957", "team": "not applicable", "visibility": "not shown"}, {"gameTime": "1 - 44:22", "label": "Ball out of play", "position": "2662734", "team": "home", "visibility": "visible"}, {"gameTime": "1 - 44:45", "label": "Throw-in", "position": "2685637", "team": "not applicable", "visibility": "visible"}, {"gameTime": "2 - 00:16", "label": "Kick-off", "position": "16873", "team": "away", "visibility": "visible"}, {"gameTime": "2 - 00:32", "label": "Foul", "position": "32019", "team": "home", "visibility": "not shown"}, {"gameTime": "2 - 01:03", "label": "Indirect free-kick", "position": "63695", "team": "not applicable", "visibility": "visible"}, {"gameTime": "2 - 01:15", "label": "Ball out of play", "position": "75114", "team": "away", "visibility": "visible"}, {"gameTime": "2 - 01:22", "label": "Throw-in", "position": "82855", "team": "not applicable", "visibility": "visible"}, {"gameTime": "2 - 01:30", "label": "Ball out of play", "position": "90381", "team": "away", "visibility": "visible"}, {"gameTime": "2 - 01:46", "label": "Throw-in", "position": "106269", "team": "home", "visibility": "visible"}, {"gameTime": "2 - 01:47", "label": "Shots off target", "position": "107367", "team": "not applicable", "visibility": "visible"}, {"gameTime": "2 - 02:15", "label": "Ball out of play", "position": "135072", "team": "home", "visibility": "visible"}, {"gameTime": "2 - 03:12", "label": "Corner", "position": "192950", "team": "away", "visibility": "visible"}, {"gameTime": "2 - 03:36", "label": "Shots on target", "position": "216434", "team": "home", "visibility": "visible"}, {"gameTime": "2 - 03:46", "label": "Shots on target", "position": "226203", "team": "home", "visibility": "visible"}, {"gameTime": "2 - 03:55", "label": "Shots on target", "position": "235892", "team": "not applicable", "visibility": "visible"}, {"gameTime": "2 - 04:18", "label": "Ball out of play", "position": "258860", "team": "away", "visibility": "visible"}, {"gameTime": "2 - 04:27", "label": "Substitution", "position": "267884", "team": "away", "visibility": "not shown"}, {"gameTime": "2 - 06:20", "label": "Throw-in", "position": "380427", "team": "away", "visibility": "visible"}, {"gameTime": "2 - 06:35", "label": "Offside", "position": "395389", "team": "home", "visibility": "not shown"}, {"gameTime": "2 - 06:40", "label": "Indirect free-kick", "position": "400978", "team": "home", "visibility": "visible"}, {"gameTime": "2 - 06:46", "label": "Foul", "position": "406009", "team": "away", "visibility": "visible"}, {"gameTime": "2 - 07:48", "label": "Indirect free-kick", "position": "468051", "team": "not applicable", "visibility": "visible"}, {"gameTime": "2 - 08:13", "label": "Ball out of play", "position": "493607", "team": "away", "visibility": "visible"}, {"gameTime": "2 - 08:31", "label": "Corner", "position": "511100", "team": "not applicable", "visibility": "visible"}, {"gameTime": "2 - 08:37", "label": "Ball out of play", "position": "517726", "team": "home", "visibility": "visible"}, {"gameTime": "2 - 09:04", "label": "Throw-in", "position": "544273", "team": "not applicable", "visibility": "visible"}, {"gameTime": "2 - 09:27", "label": "Ball out of play", "position": "567892", "team": "home", "visibility": "visible"}, {"gameTime": "2 - 09:30", "label": "Corner", "position": "570247", "team": "home", "visibility": "visible"}, {"gameTime": "2 - 09:57", "label": "Foul", "position": "597429", "team": "away", "visibility": "visible"}, {"gameTime": "2 - 11:03", "label": "Indirect free-kick", "position": "663497", "team": "not applicable", "visibility": "visible"}, {"gameTime": "2 - 11:11", "label": "Ball out of play", "position": "671662", "team": "home", "visibility": "visible"}, {"gameTime": "2 - 11:35", "label": "Throw-in", "position": "695245", "team": "not applicable", "visibility": "visible"}, {"gameTime": "2 - 11:51", "label": "Ball out of play", "position": "711226", "team": "home", "visibility": "visible"}, {"gameTime": "2 - 11:56", "label": "Substitution", "position": "716511", "team": "home", "visibility": "not shown"}, {"gameTime": "2 - 12:30", "label": "Throw-in", "position": "750186", "team": "home", "visibility": "visible"}, {"gameTime": "2 - 12:58", "label": "Foul", "position": "778117", "team": "away", "visibility": "not shown"}, {"gameTime": "2 - 13:36", "label": "Indirect free-kick", "position": "816171", "team": "away", "visibility": "visible"}, {"gameTime": "2 - 13:37", "label": "Shots off target", "position": "817587", "team": "not applicable", "visibility": "visible"}, {"gameTime": "2 - 13:48", "label": "Ball out of play", "position": "828456", "team": "home", "visibility": "not shown"}, {"gameTime": "2 - 14:14", "label": "Clearance", "position": "854834", "team": "home", "visibility": "visible"}, {"gameTime": "2 - 15:33", "label": "Shots on target", "position": "933273", "team": "home", "visibility": "visible"}, {"gameTime": "2 - 15:34", "label": "Shots off target", "position": "934677", "team": "not applicable", "visibility": "visible"}, {"gameTime": "2 - 16:08", "label": "Ball out of play", "position": "968361", "team": "home", "visibility": "visible"}, {"gameTime": "2 - 16:11", "label": "Corner", "position": "971623", "team": "home", "visibility": "visible"}, {"gameTime": "2 - 16:12", "label": "Shots off target", "position": "972794", "team": "not applicable", "visibility": "visible"}, {"gameTime": "2 - 16:37", "label": "Ball out of play", "position": "997875", "team": "away", "visibility": "visible"}, {"gameTime": "2 - 16:50", "label": "Clearance", "position": "1010304", "team": "home", "visibility": "visible"}, {"gameTime": "2 - 16:50", "label": "Shots on target", "position": "1010941", "team": "home", "visibility": "visible"}, {"gameTime": "2 - 17:42", "label": "Goal", "position": "1062479", "team": "away", "visibility": "visible"}, {"gameTime": "2 - 18:07", "label": "Kick-off", "position": "1087938", "team": "home", "visibility": "visible"}, {"gameTime": "2 - 18:09", "label": "Foul", "position": "1089576", "team": "home", "visibility": "visible"}, {"gameTime": "2 - 18:37", "label": "Yellow card", "position": "1117173", "team": "away", "visibility": "visible"}, {"gameTime": "2 - 19:05", "label": "Indirect free-kick", "position": "1145614", "team": "not applicable", "visibility": "visible"}, {"gameTime": "2 - 19:31", "label": "Ball out of play", "position": "1171632", "team": "away", "visibility": "visible"}, {"gameTime": "2 - 19:44", "label": "Substitution", "position": "1184292", "team": "home", "visibility": "visible"}, {"gameTime": "2 - 19:50", "label": "Throw-in", "position": "1190024", "team": "not applicable", "visibility": "visible"}, {"gameTime": "2 - 19:59", "label": "Ball out of play", "position": "1199958", "team": "home", "visibility": "visible"}, {"gameTime": "2 - 20:49", "label": "Throw-in", "position": "1249938", "team": "not applicable", "visibility": "visible"}, {"gameTime": "2 - 21:00", "label": "Ball out of play", "position": "1260396", "team": "away", "visibility": "visible"}, {"gameTime": "2 - 21:58", "label": "Throw-in", "position": "1318034", "team": "home", "visibility": "visible"}, {"gameTime": "2 - 22:08", "label": "Foul", "position": "1328048", "team": "away", "visibility": "not shown"}, {"gameTime": "2 - 22:29", "label": "Indirect free-kick", "position": "1349769", "team": "away", "visibility": "visible"}, {"gameTime": "2 - 22:52", "label": "Foul", "position": "1372109", "team": "home", "visibility": "visible"}, {"gameTime": "2 - 23:11", "label": "Indirect free-kick", "position": "1391401", "team": "not applicable", "visibility": "visible"}, {"gameTime": "2 - 23:31", "label": "Ball out of play", "position": "1411495", "team": "home", "visibility": "visible"}, {"gameTime": "2 - 23:52", "label": "Throw-in", "position": "1432536", "team": "not applicable", "visibility": "visible"}, {"gameTime": "2 - 24:07", "label": "Ball out of play", "position": "1447253", "team": "home", "visibility": "visible"}, {"gameTime": "2 - 24:11", "label": "Throw-in", "position": "1451484", "team": "home", "visibility": "visible"}, {"gameTime": "2 - 24:36", "label": "Foul", "position": "1476580", "team": "not applicable", "visibility": "visible"}, {"gameTime": "2 - 24:48", "label": "Ball out of play", "position": "1488716", "team": "away", "visibility": "visible"}, {"gameTime": "2 - 25:09", "label": "Throw-in", "position": "1509392", "team": "home", "visibility": "visible"}, {"gameTime": "2 - 25:10", "label": "Shots on target", "position": "1510948", "team": "home", "visibility": "visible"}, {"gameTime": "2 - 25:11", "label": "Shots on target", "position": "1511291", "team": "home", "visibility": "visible"}, {"gameTime": "2 - 26:07", "label": "Goal", "position": "1567604", "team": "away", "visibility": "visible"}, {"gameTime": "2 - 26:55", "label": "Kick-off", "position": "1615497", "team": "away", "visibility": "visible"}, {"gameTime": "2 - 26:56", "label": "Shots off target", "position": "1616711", "team": "not applicable", "visibility": "visible"}, {"gameTime": "2 - 27:15", "label": "Ball out of play", "position": "1635575", "team": "home", "visibility": "not shown"}, {"gameTime": "2 - 27:35", "label": "Clearance", "position": "1655794", "team": "not applicable", "visibility": "visible"}, {"gameTime": "2 - 27:42", "label": "Ball out of play", "position": "1662501", "team": "home", "visibility": "not shown"}, {"gameTime": "2 - 28:38", "label": "Throw-in", "position": "1718575", "team": "not applicable", "visibility": "visible"}, {"gameTime": "2 - 28:53", "label": "Ball out of play", "position": "1733031", "team": "away", "visibility": "not shown"}, {"gameTime": "2 - 28:58", "label": "Throw-in", "position": "1738846", "team": "home", "visibility": "visible"}, {"gameTime": "2 - 29:45", "label": "Foul", "position": "1785134", "team": "away", "visibility": "visible"}, {"gameTime": "2 - 29:49", "label": "Indirect free-kick", "position": "1789708", "team": "away", "visibility": "visible"}, {"gameTime": "2 - 29:52", "label": "Shots on target", "position": "1792375", "team": "not applicable", "visibility": "visible"}, {"gameTime": "2 - 30:13", "label": "Ball out of play", "position": "1813336", "team": "away", "visibility": "visible"}, {"gameTime": "2 - 30:53", "label": "Corner", "position": "1853377", "team": "away", "visibility": "visible"}, {"gameTime": "2 - 31:31", "label": "Foul", "position": "1891911", "team": "home", "visibility": "visible"}, {"gameTime": "2 - 31:39", "label": "Substitution", "position": "1899641", "team": "home", "visibility": "not shown"}, {"gameTime": "2 - 32:02", "label": "Indirect free-kick", "position": "1922444", "team": "away", "visibility": "visible"}, {"gameTime": "2 - 32:19", "label": "Foul", "position": "1939293", "team": "home", "visibility": "not shown"}, {"gameTime": "2 - 32:29", "label": "Indirect free-kick", "position": "1949085", "team": "not applicable", "visibility": "visible"}, {"gameTime": "2 - 32:49", "label": "Ball out of play", "position": "1969268", "team": "away", "visibility": "visible"}, {"gameTime": "2 - 33:19", "label": "Throw-in", "position": "1999444", "team": "home", "visibility": "visible"}, {"gameTime": "2 - 34:35", "label": "Foul", "position": "2075622", "team": "away", "visibility": "visible"}, {"gameTime": "2 - 34:35", "label": "Direct free-kick", "position": "2075622", "team": "away", "visibility": "visible"}, {"gameTime": "2 - 34:37", "label": "Shots on target", "position": "2077711", "team": "not applicable", "visibility": "visible"}, {"gameTime": "2 - 34:56", "label": "Ball out of play", "position": "2096513", "team": "away", "visibility": "visible"}, {"gameTime": "2 - 35:17", "label": "Corner", "position": "2117217", "team": "not applicable", "visibility": "not shown"}, {"gameTime": "2 - 35:31", "label": "Ball out of play", "position": "2131951", "team": "home", "visibility": "visible"}, {"gameTime": "2 - 36:55", "label": "Throw-in", "position": "2215819", "team": "home", "visibility": "visible"}, {"gameTime": "2 - 36:56", "label": "Shots off target", "position": "2216381", "team": "not applicable", "visibility": "visible"}, {"gameTime": "2 - 37:24", "label": "Ball out of play", "position": "2244555", "team": "away", "visibility": "visible"}, {"gameTime": "2 - 37:34", "label": "Clearance", "position": "2254902", "team": "home", "visibility": "visible"}, {"gameTime": "2 - 37:35", "label": "Shots off target", "position": "2255425", "team": "not applicable", "visibility": "visible"}, {"gameTime": "2 - 38:08", "label": "Ball out of play", "position": "2288698", "team": "away", "visibility": "visible"}, {"gameTime": "2 - 38:12", "label": "Clearance", "position": "2292142", "team": "not applicable", "visibility": "not shown"}, {"gameTime": "2 - 38:50", "label": "Ball out of play", "position": "2330558", "team": "away", "visibility": "visible"}, {"gameTime": "2 - 39:07", "label": "Substitution", "position": "2347304", "team": "home", "visibility": "visible"}, {"gameTime": "2 - 39:14", "label": "Substitution", "position": "2354657", "team": "home", "visibility": "not shown"}, {"gameTime": "2 - 39:41", "label": "Throw-in", "position": "2381661", "team": "not applicable", "visibility": "visible"}, {"gameTime": "2 - 40:10", "label": "Ball out of play", "position": "2410542", "team": "away", "visibility": "visible"}, {"gameTime": "2 - 40:19", "label": "Clearance", "position": "2419495", "team": "not applicable", "visibility": "visible"}, {"gameTime": "2 - 40:24", "label": "Ball out of play", "position": "2424458", "team": "home", "visibility": "visible"}, {"gameTime": "2 - 42:18", "label": "Throw-in", "position": "2538318", "team": "away", "visibility": "visible"}, {"gameTime": "2 - 42:31", "label": "Offside", "position": "2551124", "team": "home", "visibility": "not shown"}, {"gameTime": "2 - 43:13", "label": "Indirect free-kick", "position": "2593065", "team": "not applicable", "visibility": "visible"}, {"gameTime": "2 - 43:46", "label": "Ball out of play", "position": "2626590", "team": "away", "visibility": "visible"}, {"gameTime": "2 - 43:56", "label": "Clearance", "position": "2636066", "team": "not applicable", "visibility": "visible"}, {"gameTime": "2 - 44:04", "label": "Ball out of play", "position": "2644172", "team": "away", "visibility": "visible"}, {"gameTime": "2 - 44:07", "label": "Throw-in", "position": "2647325", "team": "not applicable", "visibility": "visible"}, {"gameTime": "2 - 44:10", "label": "Ball out of play", "position": "2650328", "team": "away", "visibility": "not shown"}], "gameAwayTeam": "Bologna", "gameDate": "06/11/2016 - 22:45", "gameHomeTeam": "AS Roma", "gameScore": "3 - 0"}