{"UrlLocal": "england_epl/2016-2017/2017-04-26 - 21-45 Arsenal 1 - 0 Leicester/", "UrlYoutube": "", "annotations": [{"gameTime": "1 - 00:08", "label": "Kick-off", "position": "8904", "team": "not applicable", "visibility": "visible"}, {"gameTime": "1 - 00:14", "label": "Ball out of play", "position": "14710", "team": "away", "visibility": "visible"}, {"gameTime": "1 - 01:16", "label": "Throw-in", "position": "76531", "team": "not applicable", "visibility": "visible"}, {"gameTime": "1 - 01:25", "label": "Ball out of play", "position": "85624", "team": "home", "visibility": "visible"}, {"gameTime": "1 - 01:55", "label": "Throw-in", "position": "115793", "team": "not applicable", "visibility": "visible"}, {"gameTime": "1 - 02:11", "label": "Ball out of play", "position": "131458", "team": "away", "visibility": "visible"}, {"gameTime": "1 - 02:28", "label": "Throw-in", "position": "148669", "team": "away", "visibility": "visible"}, {"gameTime": "1 - 02:42", "label": "Foul", "position": "162572", "team": "home", "visibility": "visible"}, {"gameTime": "1 - 03:07", "label": "Indirect free-kick", "position": "187623", "team": "away", "visibility": "visible"}, {"gameTime": "1 - 03:20", "label": "Foul", "position": "200729", "team": "home", "visibility": "not shown"}, {"gameTime": "1 - 04:37", "label": "Indirect free-kick", "position": "277391", "team": "not applicable", "visibility": "visible"}, {"gameTime": "1 - 05:03", "label": "Ball out of play", "position": "303087", "team": "away", "visibility": "visible"}, {"gameTime": "1 - 05:04", "label": "Throw-in", "position": "304177", "team": "home", "visibility": "visible"}, {"gameTime": "1 - 05:13", "label": "Foul", "position": "313542", "team": "away", "visibility": "visible"}, {"gameTime": "1 - 05:27", "label": "Indirect free-kick", "position": "327388", "team": "home", "visibility": "visible"}, {"gameTime": "1 - 06:09", "label": "Foul", "position": "369127", "team": "away", "visibility": "visible"}, {"gameTime": "1 - 06:16", "label": "Direct free-kick", "position": "376570", "team": "away", "visibility": "visible"}, {"gameTime": "1 - 06:17", "label": "Shots off target", "position": "377200", "team": "not applicable", "visibility": "visible"}, {"gameTime": "1 - 06:30", "label": "Ball out of play", "position": "390956", "team": "home", "visibility": "not shown"}, {"gameTime": "1 - 07:49", "label": "Clearance", "position": "469657", "team": "home", "visibility": "visible"}, {"gameTime": "1 - 08:17", "label": "Offside", "position": "497382", "team": "away", "visibility": "visible"}, {"gameTime": "1 - 08:20", "label": "Indirect free-kick", "position": "500555", "team": "away", "visibility": "visible"}, {"gameTime": "1 - 08:29", "label": "Offside", "position": "509106", "team": "home", "visibility": "visible"}, {"gameTime": "1 - 09:21", "label": "Indirect free-kick", "position": "561892", "team": "not applicable", "visibility": "visible"}, {"gameTime": "1 - 09:37", "label": "Ball out of play", "position": "577060", "team": "away", "visibility": "visible"}, {"gameTime": "1 - 09:56", "label": "Throw-in", "position": "596402", "team": "away", "visibility": "visible"}, {"gameTime": "1 - 10:06", "label": "Offside", "position": "606688", "team": "home", "visibility": "visible"}, {"gameTime": "1 - 10:47", "label": "Indirect free-kick", "position": "647839", "team": "not applicable", "visibility": "visible"}, {"gameTime": "1 - 10:51", "label": "Ball out of play", "position": "651944", "team": "home", "visibility": "visible"}, {"gameTime": "1 - 12:07", "label": "Throw-in", "position": "727359", "team": "not applicable", "visibility": "visible"}, {"gameTime": "1 - 12:23", "label": "Ball out of play", "position": "743322", "team": "home", "visibility": "visible"}, {"gameTime": "1 - 13:12", "label": "Throw-in", "position": "792042", "team": "not applicable", "visibility": "visible"}, {"gameTime": "1 - 13:22", "label": "Ball out of play", "position": "802350", "team": "home", "visibility": "not shown"}, {"gameTime": "1 - 13:41", "label": "Throw-in", "position": "821295", "team": "home", "visibility": "visible"}, {"gameTime": "1 - 14:07", "label": "Offside", "position": "847453", "team": "away", "visibility": "visible"}, {"gameTime": "1 - 14:42", "label": "Indirect free-kick", "position": "882600", "team": "not applicable", "visibility": "visible"}, {"gameTime": "1 - 14:58", "label": "Ball out of play", "position": "898047", "team": "home", "visibility": "visible"}, {"gameTime": "1 - 15:26", "label": "Throw-in", "position": "926915", "team": "not applicable", "visibility": "visible"}, {"gameTime": "1 - 15:30", "label": "Ball out of play", "position": "930519", "team": "home", "visibility": "visible"}, {"gameTime": "1 - 15:39", "label": "Throw-in", "position": "939102", "team": "home", "visibility": "visible"}, {"gameTime": "1 - 15:40", "label": "Shots on target", "position": "940327", "team": "not applicable", "visibility": "visible"}, {"gameTime": "1 - 16:10", "label": "Ball out of play", "position": "970662", "team": "home", "visibility": "visible"}, {"gameTime": "1 - 16:12", "label": "Corner", "position": "972040", "team": "home", "visibility": "visible"}, {"gameTime": "1 - 16:20", "label": "Shots on target", "position": "980889", "team": "not applicable", "visibility": "visible"}, {"gameTime": "1 - 16:40", "label": "Ball out of play", "position": "1000551", "team": "away", "visibility": "visible"}, {"gameTime": "1 - 17:22", "label": "Throw-in", "position": "1042312", "team": "not applicable", "visibility": "visible"}, {"gameTime": "1 - 17:35", "label": "Ball out of play", "position": "1055371", "team": "home", "visibility": "visible"}, {"gameTime": "1 - 17:47", "label": "Throw-in", "position": "1067665", "team": "home", "visibility": "visible"}, {"gameTime": "1 - 17:48", "label": "Shots off target", "position": "1068707", "team": "not applicable", "visibility": "visible"}, {"gameTime": "1 - 18:22", "label": "Ball out of play", "position": "1102589", "team": "away", "visibility": "not shown"}, {"gameTime": "1 - 19:46", "label": "Clearance", "position": "1186225", "team": "not applicable", "visibility": "visible"}, {"gameTime": "1 - 19:51", "label": "Ball out of play", "position": "1191368", "team": "home", "visibility": "not shown"}, {"gameTime": "1 - 20:43", "label": "Throw-in", "position": "1243258", "team": "not applicable", "visibility": "visible"}, {"gameTime": "1 - 21:13", "label": "Ball out of play", "position": "1273518", "team": "away", "visibility": "visible"}, {"gameTime": "1 - 21:23", "label": "Throw-in", "position": "1283598", "team": "not applicable", "visibility": "visible"}, {"gameTime": "1 - 21:40", "label": "Ball out of play", "position": "1300699", "team": "away", "visibility": "visible"}, {"gameTime": "1 - 21:43", "label": "Throw-in", "position": "1303823", "team": "away", "visibility": "visible"}, {"gameTime": "1 - 21:44", "label": "Shots on target", "position": "1304397", "team": "not applicable", "visibility": "visible"}, {"gameTime": "1 - 22:16", "label": "Ball out of play", "position": "1336226", "team": "away", "visibility": "visible"}, {"gameTime": "1 - 22:27", "label": "Corner", "position": "1347836", "team": "not applicable", "visibility": "visible"}, {"gameTime": "1 - 22:44", "label": "Ball out of play", "position": "1364793", "team": "away", "visibility": "visible"}, {"gameTime": "1 - 22:48", "label": "Throw-in", "position": "1368200", "team": "not applicable", "visibility": "visible"}, {"gameTime": "1 - 22:58", "label": "Ball out of play", "position": "1378748", "team": "home", "visibility": "not shown"}, {"gameTime": "1 - 24:13", "label": "Throw-in", "position": "1453486", "team": "away", "visibility": "visible"}, {"gameTime": "1 - 24:32", "label": "Foul", "position": "1472788", "team": "home", "visibility": "not shown"}, {"gameTime": "1 - 24:59", "label": "Indirect free-kick", "position": "1499152", "team": "away", "visibility": "visible"}, {"gameTime": "1 - 25:58", "label": "Foul", "position": "1558093", "team": "home", "visibility": "not shown"}, {"gameTime": "1 - 26:52", "label": "Indirect free-kick", "position": "1612942", "team": "home", "visibility": "visible"}, {"gameTime": "1 - 26:54", "label": "Shots on target", "position": "1614051", "team": "not applicable", "visibility": "visible"}, {"gameTime": "1 - 27:16", "label": "Ball out of play", "position": "1636371", "team": "home", "visibility": "visible"}, {"gameTime": "1 - 27:43", "label": "Corner", "position": "1663070", "team": "not applicable", "visibility": "visible"}, {"gameTime": "1 - 28:02", "label": "Ball out of play", "position": "1682661", "team": "home", "visibility": "visible"}, {"gameTime": "1 - 28:04", "label": "Corner", "position": "1684040", "team": "home", "visibility": "visible"}, {"gameTime": "1 - 28:09", "label": "Shots off target", "position": "1689308", "team": "not applicable", "visibility": "visible"}, {"gameTime": "1 - 28:16", "label": "Ball out of play", "position": "1696458", "team": "home", "visibility": "not shown"}, {"gameTime": "1 - 28:19", "label": "Throw-in", "position": "1699728", "team": "not applicable", "visibility": "visible"}, {"gameTime": "1 - 28:23", "label": "Ball out of play", "position": "1703957", "team": "home", "visibility": "not shown"}, {"gameTime": "1 - 30:17", "label": "Throw-in", "position": "1817712", "team": "not applicable", "visibility": "visible"}, {"gameTime": "1 - 30:47", "label": "Ball out of play", "position": "1847170", "team": "home", "visibility": "not shown"}, {"gameTime": "1 - 31:04", "label": "Corner", "position": "1864115", "team": "home", "visibility": "visible"}, {"gameTime": "1 - 31:32", "label": "Offside", "position": "1892572", "team": "away", "visibility": "not shown"}, {"gameTime": "1 - 31:38", "label": "Clearance", "position": "1898983", "team": "not applicable", "visibility": "visible"}, {"gameTime": "1 - 31:53", "label": "Ball out of play", "position": "1913004", "team": "home", "visibility": "visible"}, {"gameTime": "1 - 33:52", "label": "Throw-in", "position": "2032047", "team": "away", "visibility": "visible"}, {"gameTime": "1 - 34:16", "label": "Foul", "position": "2056698", "team": "home", "visibility": "visible"}, {"gameTime": "1 - 34:39", "label": "Direct free-kick", "position": "2079691", "team": "not applicable", "visibility": "visible"}, {"gameTime": "1 - 34:49", "label": "Ball out of play", "position": "2089953", "team": "home", "visibility": "visible"}, {"gameTime": "1 - 34:55", "label": "Throw-in", "position": "2095908", "team": "not applicable", "visibility": "visible"}, {"gameTime": "1 - 35:07", "label": "Ball out of play", "position": "2107574", "team": "home", "visibility": "not shown"}, {"gameTime": "1 - 35:27", "label": "Throw-in", "position": "2127739", "team": "home", "visibility": "visible"}, {"gameTime": "1 - 36:01", "label": "Offside", "position": "2161853", "team": "away", "visibility": "not shown"}, {"gameTime": "1 - 36:21", "label": "Indirect free-kick", "position": "2181874", "team": "not applicable", "visibility": "visible"}, {"gameTime": "1 - 36:46", "label": "Ball out of play", "position": "2206223", "team": "away", "visibility": "not shown"}, {"gameTime": "1 - 37:09", "label": "Clearance", "position": "2229015", "team": "away", "visibility": "visible"}, {"gameTime": "1 - 37:14", "label": "Foul", "position": "2234013", "team": "away", "visibility": "visible"}, {"gameTime": "1 - 37:31", "label": "Yellow card", "position": "2251578", "team": "home", "visibility": "not shown"}, {"gameTime": "1 - 37:55", "label": "Indirect free-kick", "position": "2275436", "team": "not applicable", "visibility": "visible"}, {"gameTime": "1 - 38:21", "label": "Ball out of play", "position": "2301225", "team": "away", "visibility": "visible"}, {"gameTime": "1 - 38:54", "label": "Clearance", "position": "2334125", "team": "away", "visibility": "visible"}, {"gameTime": "1 - 38:54", "label": "Shots off target", "position": "2334588", "team": "not applicable", "visibility": "visible"}, {"gameTime": "1 - 39:21", "label": "Ball out of play", "position": "2361225", "team": "home", "visibility": "not shown"}, {"gameTime": "1 - 39:25", "label": "Clearance", "position": "2365474", "team": "not applicable", "visibility": "visible"}, {"gameTime": "1 - 39:41", "label": "Ball out of play", "position": "2381115", "team": "away", "visibility": "visible"}, {"gameTime": "1 - 39:43", "label": "Throw-in", "position": "2383246", "team": "away", "visibility": "visible"}, {"gameTime": "1 - 39:53", "label": "Foul", "position": "2393560", "team": "home", "visibility": "visible"}, {"gameTime": "1 - 41:07", "label": "Indirect free-kick", "position": "2467101", "team": "home", "visibility": "visible"}, {"gameTime": "1 - 41:53", "label": "Shots off target", "position": "2513900", "team": "home", "visibility": "visible"}, {"gameTime": "1 - 42:32", "label": "Offside", "position": "2552451", "team": "away", "visibility": "not shown"}, {"gameTime": "1 - 42:41", "label": "Indirect free-kick", "position": "2561345", "team": "not applicable", "visibility": "visible"}, {"gameTime": "1 - 43:00", "label": "Ball out of play", "position": "2580261", "team": "away", "visibility": "visible"}, {"gameTime": "1 - 44:07", "label": "Throw-in", "position": "2647002", "team": "not applicable", "visibility": "visible"}, {"gameTime": "1 - 44:11", "label": "Ball out of play", "position": "2651073", "team": "home", "visibility": "not shown"}, {"gameTime": "2 - 00:32", "label": "Kick-off", "position": "32560", "team": "not applicable", "visibility": "visible"}, {"gameTime": "2 - 00:50", "label": "Ball out of play", "position": "50125", "team": "home", "visibility": "visible"}, {"gameTime": "2 - 01:08", "label": "Corner", "position": "68334", "team": "not applicable", "visibility": "visible"}, {"gameTime": "2 - 01:26", "label": "Ball out of play", "position": "86559", "team": "home", "visibility": "not shown"}, {"gameTime": "2 - 03:32", "label": "Throw-in", "position": "212707", "team": "home", "visibility": "visible"}, {"gameTime": "2 - 03:36", "label": "Foul", "position": "216320", "team": "away", "visibility": "visible"}, {"gameTime": "2 - 06:07", "label": "Indirect free-kick", "position": "367769", "team": "away", "visibility": "visible"}, {"gameTime": "2 - 06:13", "label": "Foul", "position": "373503", "team": "away", "visibility": "visible"}, {"gameTime": "2 - 06:48", "label": "Yellow card", "position": "408304", "team": "home", "visibility": "visible"}, {"gameTime": "2 - 07:32", "label": "Indirect free-kick", "position": "452853", "team": "not applicable", "visibility": "visible"}, {"gameTime": "2 - 07:59", "label": "Ball out of play", "position": "479132", "team": "away", "visibility": "visible"}, {"gameTime": "2 - 08:04", "label": "Throw-in", "position": "484904", "team": "not applicable", "visibility": "visible"}, {"gameTime": "2 - 08:35", "label": "Ball out of play", "position": "515995", "team": "away", "visibility": "not shown"}, {"gameTime": "2 - 08:38", "label": "Throw-in", "position": "518730", "team": "away", "visibility": "visible"}, {"gameTime": "2 - 09:56", "label": "Shots on target", "position": "596883", "team": "not applicable", "visibility": "visible"}, {"gameTime": "2 - 10:17", "label": "Ball out of play", "position": "617892", "team": "home", "visibility": "visible"}, {"gameTime": "2 - 10:19", "label": "Corner", "position": "619421", "team": "home", "visibility": "visible"}, {"gameTime": "2 - 11:04", "label": "Foul", "position": "664167", "team": "away", "visibility": "not shown"}, {"gameTime": "2 - 11:09", "label": "Indirect free-kick", "position": "669661", "team": "not applicable", "visibility": "visible"}, {"gameTime": "2 - 11:18", "label": "Ball out of play", "position": "678694", "team": "away", "visibility": "visible"}, {"gameTime": "2 - 12:56", "label": "Throw-in", "position": "776373", "team": "home", "visibility": "visible"}, {"gameTime": "2 - 12:57", "label": "Shots on target", "position": "777712", "team": "not applicable", "visibility": "visible"}, {"gameTime": "2 - 13:20", "label": "Ball out of play", "position": "800476", "team": "home", "visibility": "not shown"}, {"gameTime": "2 - 14:02", "label": "Corner", "position": "842054", "team": "home", "visibility": "visible"}, {"gameTime": "2 - 14:34", "label": "Offside", "position": "874822", "team": "away", "visibility": "visible"}, {"gameTime": "2 - 14:38", "label": "Indirect free-kick", "position": "878413", "team": "away", "visibility": "visible"}, {"gameTime": "2 - 14:49", "label": "Foul", "position": "889673", "team": "home", "visibility": "not shown"}, {"gameTime": "2 - 15:05", "label": "Indirect free-kick", "position": "905955", "team": "not applicable", "visibility": "visible"}, {"gameTime": "2 - 15:19", "label": "Ball out of play", "position": "919676", "team": "home", "visibility": "visible"}, {"gameTime": "2 - 15:57", "label": "Throw-in", "position": "957955", "team": "not applicable", "visibility": "visible"}, {"gameTime": "2 - 16:18", "label": "Ball out of play", "position": "978833", "team": "home", "visibility": "not shown"}, {"gameTime": "2 - 17:40", "label": "Corner", "position": "1060231", "team": "not applicable", "visibility": "visible"}, {"gameTime": "2 - 17:57", "label": "Ball out of play", "position": "1077449", "team": "away", "visibility": "visible"}, {"gameTime": "2 - 18:46", "label": "Throw-in", "position": "1126962", "team": "not applicable", "visibility": "visible"}, {"gameTime": "2 - 18:59", "label": "Ball out of play", "position": "1139162", "team": "home", "visibility": "not shown"}, {"gameTime": "2 - 19:04", "label": "Corner", "position": "1144163", "team": "home", "visibility": "visible"}, {"gameTime": "2 - 19:12", "label": "Shots on target", "position": "1152971", "team": "not applicable", "visibility": "visible"}, {"gameTime": "2 - 19:33", "label": "Ball out of play", "position": "1173170", "team": "home", "visibility": "not shown"}, {"gameTime": "2 - 19:59", "label": "Throw-in", "position": "1199146", "team": "not applicable", "visibility": "visible"}, {"gameTime": "2 - 20:16", "label": "Ball out of play", "position": "1216109", "team": "home", "visibility": "visible"}, {"gameTime": "2 - 20:26", "label": "Corner", "position": "1226030", "team": "home", "visibility": "visible"}, {"gameTime": "2 - 20:47", "label": "Shots on target", "position": "1247498", "team": "away", "visibility": "visible"}, {"gameTime": "2 - 20:55", "label": "Offside", "position": "1255809", "team": "home", "visibility": "not shown"}, {"gameTime": "2 - 21:05", "label": "Indirect free-kick", "position": "1265251", "team": "home", "visibility": "visible"}, {"gameTime": "2 - 21:30", "label": "Offside", "position": "1290253", "team": "away", "visibility": "not shown"}, {"gameTime": "2 - 22:15", "label": "Indirect free-kick", "position": "1335940", "team": "not applicable", "visibility": "visible"}, {"gameTime": "2 - 22:37", "label": "Ball out of play", "position": "1357854", "team": "home", "visibility": "visible"}, {"gameTime": "2 - 22:53", "label": "Substitution", "position": "1373229", "team": "home", "visibility": "not shown"}, {"gameTime": "2 - 23:11", "label": "Clearance", "position": "1391250", "team": "away", "visibility": "visible"}, {"gameTime": "2 - 24:02", "label": "Foul", "position": "1442628", "team": "away", "visibility": "visible"}, {"gameTime": "2 - 24:22", "label": "Substitution", "position": "1462783", "team": "home", "visibility": "visible"}, {"gameTime": "2 - 24:39", "label": "Direct free-kick", "position": "1479077", "team": "not applicable", "visibility": "visible"}, {"gameTime": "2 - 24:56", "label": "Ball out of play", "position": "1496572", "team": "home", "visibility": "not shown"}, {"gameTime": "2 - 25:40", "label": "Clearance", "position": "1540438", "team": "not applicable", "visibility": "not shown"}, {"gameTime": "2 - 26:03", "label": "Ball out of play", "position": "1563582", "team": "home", "visibility": "visible"}, {"gameTime": "2 - 26:20", "label": "Corner", "position": "1580053", "team": "home", "visibility": "visible"}, {"gameTime": "2 - 26:53", "label": "Shots off target", "position": "1613297", "team": "away", "visibility": "visible"}, {"gameTime": "2 - 27:02", "label": "Clearance", "position": "1622138", "team": "not applicable", "visibility": "visible"}, {"gameTime": "2 - 27:21", "label": "Ball out of play", "position": "1641077", "team": "home", "visibility": "visible"}, {"gameTime": "2 - 27:27", "label": "Throw-in", "position": "1647072", "team": "away", "visibility": "visible"}, {"gameTime": "2 - 27:37", "label": "Foul", "position": "1657049", "team": "home", "visibility": "visible"}, {"gameTime": "2 - 28:32", "label": "Indirect free-kick", "position": "1712189", "team": "not applicable", "visibility": "visible"}, {"gameTime": "2 - 28:42", "label": "Ball out of play", "position": "1722861", "team": "away", "visibility": "visible"}, {"gameTime": "2 - 28:49", "label": "Throw-in", "position": "1729503", "team": "not applicable", "visibility": "visible"}, {"gameTime": "2 - 29:03", "label": "Ball out of play", "position": "1743472", "team": "home", "visibility": "visible"}, {"gameTime": "2 - 29:22", "label": "Substitution", "position": "1762561", "team": "home", "visibility": "visible"}, {"gameTime": "2 - 29:38", "label": "Substitution", "position": "1778464", "team": "away", "visibility": "not shown"}, {"gameTime": "2 - 29:59", "label": "Throw-in", "position": "1799041", "team": "away", "visibility": "visible"}, {"gameTime": "2 - 31:01", "label": "Shots on target", "position": "1861458", "team": "home", "visibility": "visible"}, {"gameTime": "2 - 32:01", "label": "Foul", "position": "1921014", "team": "away", "visibility": "not shown"}, {"gameTime": "2 - 32:03", "label": "Indirect free-kick", "position": "1923518", "team": "away", "visibility": "visible"}, {"gameTime": "2 - 32:06", "label": "Offside", "position": "1926768", "team": "home", "visibility": "not shown"}, {"gameTime": "2 - 32:29", "label": "Indirect free-kick", "position": "1949532", "team": "away", "visibility": "visible"}, {"gameTime": "2 - 32:34", "label": "Shots on target", "position": "1954671", "team": "not applicable", "visibility": "visible"}, {"gameTime": "2 - 34:05", "label": "Ball out of play", "position": "2045015", "team": "away", "visibility": "not shown"}, {"gameTime": "2 - 34:26", "label": "Throw-in", "position": "2066303", "team": "away", "visibility": "visible"}, {"gameTime": "2 - 34:29", "label": "Foul", "position": "2069712", "team": "away", "visibility": "visible"}, {"gameTime": "2 - 35:36", "label": "Yellow card", "position": "2136493", "team": "home", "visibility": "visible"}, {"gameTime": "2 - 35:49", "label": "Direct free-kick", "position": "2149794", "team": "not applicable", "visibility": "visible"}, {"gameTime": "2 - 35:52", "label": "Ball out of play", "position": "2152898", "team": "away", "visibility": "visible"}, {"gameTime": "2 - 36:09", "label": "Throw-in", "position": "2169726", "team": "home", "visibility": "visible"}, {"gameTime": "2 - 36:23", "label": "Foul", "position": "2183723", "team": "home", "visibility": "not shown"}, {"gameTime": "2 - 37:12", "label": "Yellow card", "position": "2232991", "team": "away", "visibility": "visible"}, {"gameTime": "2 - 38:28", "label": "Direct free-kick", "position": "2308957", "team": "not applicable", "visibility": "visible"}, {"gameTime": "2 - 38:50", "label": "Ball out of play", "position": "2330581", "team": "home", "visibility": "not shown"}, {"gameTime": "2 - 38:52", "label": "Corner", "position": "2332305", "team": "home", "visibility": "visible"}, {"gameTime": "2 - 39:21", "label": "Foul", "position": "2361282", "team": "away", "visibility": "not shown"}, {"gameTime": "2 - 39:24", "label": "Clearance", "position": "2364746", "team": "away", "visibility": "visible"}, {"gameTime": "2 - 39:37", "label": "Foul", "position": "2377170", "team": "home", "visibility": "visible"}, {"gameTime": "2 - 40:21", "label": "Indirect free-kick", "position": "2421286", "team": "not applicable", "visibility": "visible"}, {"gameTime": "2 - 40:24", "label": "Ball out of play", "position": "2424748", "team": "home", "visibility": "not shown"}, {"gameTime": "2 - 40:45", "label": "Throw-in", "position": "2445548", "team": "home", "visibility": "visible"}, {"gameTime": "2 - 40:46", "label": "Shots off target", "position": "2446812", "team": "home", "visibility": "visible"}, {"gameTime": "2 - 41:39", "label": "Goal", "position": "2499165", "team": "away", "visibility": "not shown"}, {"gameTime": "2 - 42:03", "label": "Kick-off", "position": "2523782", "team": "not applicable", "visibility": "visible"}, {"gameTime": "2 - 42:08", "label": "Ball out of play", "position": "2528464", "team": "away", "visibility": "visible"}, {"gameTime": "2 - 43:31", "label": "Throw-in", "position": "2611868", "team": "home", "visibility": "visible"}, {"gameTime": "2 - 43:45", "label": "Offside", "position": "2625682", "team": "away", "visibility": "not shown"}, {"gameTime": "2 - 44:03", "label": "Indirect free-kick", "position": "2643492", "team": "not applicable", "visibility": "visible"}, {"gameTime": "2 - 44:30", "label": "Ball out of play", "position": "2670480", "team": "away", "visibility": "visible"}, {"gameTime": "2 - 44:41", "label": "Substitution", "position": "2681179", "team": "home", "visibility": "visible"}, {"gameTime": "2 - 45:06", "label": "Throw-in", "position": "2706996", "team": "home", "visibility": "visible"}, {"gameTime": "2 - 45:07", "label": "Shots off target", "position": "2707848", "team": "not applicable", "visibility": "visible"}, {"gameTime": "2 - 45:50", "label": "Ball out of play", "position": "2750105", "team": "away", "visibility": "not shown"}, {"gameTime": "2 - 46:01", "label": "Clearance", "position": "2761072", "team": "not applicable", "visibility": "visible"}, {"gameTime": "2 - 46:39", "label": "Ball out of play", "position": "2799085", "team": "away", "visibility": "visible"}, {"gameTime": "2 - 46:40", "label": "Throw-in", "position": "2800587", "team": "home", "visibility": "visible"}, {"gameTime": "2 - 47:29", "label": "Foul", "position": "2849288", "team": "home", "visibility": "visible"}, {"gameTime": "2 - 48:15", "label": "Yellow card", "position": "2895183", "team": "away", "visibility": "visible"}, {"gameTime": "2 - 48:24", "label": "Direct free-kick", "position": "2904208", "team": "away", "visibility": "visible"}, {"gameTime": "2 - 48:26", "label": "Shots on target", "position": "2906028", "team": "away", "visibility": "visible"}, {"gameTime": "2 - 49:02", "label": "Foul", "position": "2942361", "team": "away", "visibility": "not shown"}, {"gameTime": "2 - 49:18", "label": "Yellow card", "position": "2958132", "team": "home", "visibility": "not shown"}, {"gameTime": "2 - 49:28", "label": "Clearance", "position": "2968092", "team": "away", "visibility": "visible"}], "gameAwayTeam": "Leicester", "gameDate": "26/04/2017 - 21:45", "gameHomeTeam": "Arsenal", "gameScore": "1 - 0"}