{"UrlLocal": "england_epl/2015-2016/2015-09-26 - 17-00 Liverpool 3 - 2 Aston Villa/", "UrlYoutube": "", "annotations": [{"gameTime": "1 - 00:00", "label": "Shots on target", "position": "0", "team": "home", "visibility": "not shown"}, {"gameTime": "1 - 01:02", "label": "Goal", "position": "62510", "team": "home", "visibility": "visible"}, {"gameTime": "1 - 01:03", "label": "Kick-off", "position": "63311", "team": "home", "visibility": "visible"}, {"gameTime": "1 - 02:02", "label": "Foul", "position": "122337", "team": "away", "visibility": "not shown"}, {"gameTime": "1 - 02:10", "label": "Indirect free-kick", "position": "130879", "team": "away", "visibility": "visible"}, {"gameTime": "1 - 02:27", "label": "Foul", "position": "147849", "team": "home", "visibility": "not shown"}, {"gameTime": "1 - 03:04", "label": "Direct free-kick", "position": "184689", "team": "away", "visibility": "visible"}, {"gameTime": "1 - 03:57", "label": "Shots on target", "position": "237184", "team": "home", "visibility": "visible"}, {"gameTime": "1 - 03:57", "label": "Ball out of play", "position": "237998", "team": "home", "visibility": "visible"}, {"gameTime": "1 - 04:15", "label": "Throw-in", "position": "255280", "team": "not applicable", "visibility": "visible"}, {"gameTime": "1 - 04:26", "label": "Ball out of play", "position": "266012", "team": "away", "visibility": "visible"}, {"gameTime": "1 - 04:30", "label": "Throw-in", "position": "270327", "team": "not applicable", "visibility": "visible"}, {"gameTime": "1 - 04:40", "label": "Ball out of play", "position": "280994", "team": "away", "visibility": "not shown"}, {"gameTime": "1 - 05:00", "label": "Clearance", "position": "300230", "team": "not applicable", "visibility": "visible"}, {"gameTime": "1 - 05:18", "label": "Shots off target", "position": "318636", "team": "home", "visibility": "not shown"}, {"gameTime": "1 - 06:14", "label": "Ball out of play", "position": "374540", "team": "away", "visibility": "visible"}, {"gameTime": "1 - 06:15", "label": "Clearance", "position": "375380", "team": "not applicable", "visibility": "visible"}, {"gameTime": "1 - 06:34", "label": "Ball out of play", "position": "394379", "team": "home", "visibility": "not shown"}, {"gameTime": "1 - 06:49", "label": "Throw-in", "position": "409865", "team": "not applicable", "visibility": "visible"}, {"gameTime": "1 - 07:02", "label": "Foul", "position": "422526", "team": "away", "visibility": "visible"}, {"gameTime": "1 - 07:10", "label": "Indirect free-kick", "position": "430434", "team": "away", "visibility": "visible"}, {"gameTime": "1 - 07:21", "label": "Shots on target", "position": "441769", "team": "home", "visibility": "not shown"}, {"gameTime": "1 - 07:54", "label": "Shots off target", "position": "474991", "team": "home", "visibility": "visible"}, {"gameTime": "1 - 08:32", "label": "Ball out of play", "position": "512731", "team": "home", "visibility": "visible"}, {"gameTime": "1 - 08:33", "label": "Clearance", "position": "513491", "team": "not applicable", "visibility": "visible"}, {"gameTime": "1 - 09:04", "label": "Shots on target", "position": "544003", "team": "away", "visibility": "not shown"}, {"gameTime": "1 - 09:25", "label": "Ball out of play", "position": "565315", "team": "away", "visibility": "visible"}, {"gameTime": "1 - 10:22", "label": "Throw-in", "position": "622734", "team": "not applicable", "visibility": "visible"}, {"gameTime": "1 - 10:33", "label": "Ball out of play", "position": "633043", "team": "away", "visibility": "visible"}, {"gameTime": "1 - 11:16", "label": "Throw-in", "position": "676869", "team": "not applicable", "visibility": "visible"}, {"gameTime": "1 - 11:25", "label": "Shots on target", "position": "685212", "team": "away", "visibility": "visible"}, {"gameTime": "1 - 12:11", "label": "Offside", "position": "731304", "team": "home", "visibility": "visible"}, {"gameTime": "1 - 13:08", "label": "Indirect free-kick", "position": "788391", "team": "home", "visibility": "visible"}, {"gameTime": "1 - 13:43", "label": "Ball out of play", "position": "823901", "team": "away", "visibility": "visible"}, {"gameTime": "1 - 13:50", "label": "Throw-in", "position": "830166", "team": "not applicable", "visibility": "visible"}, {"gameTime": "1 - 14:12", "label": "Ball out of play", "position": "852171", "team": "home", "visibility": "visible"}, {"gameTime": "1 - 14:27", "label": "Corner", "position": "867880", "team": "not applicable", "visibility": "visible"}, {"gameTime": "1 - 15:09", "label": "Ball out of play", "position": "909007", "team": "home", "visibility": "visible"}, {"gameTime": "1 - 15:45", "label": "Corner", "position": "945011", "team": "not applicable", "visibility": "visible"}, {"gameTime": "1 - 16:31", "label": "Ball out of play", "position": "991004", "team": "home", "visibility": "visible"}, {"gameTime": "1 - 17:18", "label": "Clearance", "position": "1038933", "team": "not applicable", "visibility": "visible"}, {"gameTime": "1 - 17:45", "label": "Ball out of play", "position": "1065956", "team": "away", "visibility": "not shown"}, {"gameTime": "1 - 18:12", "label": "Clearance", "position": "1092290", "team": "not applicable", "visibility": "visible"}, {"gameTime": "1 - 18:48", "label": "Ball out of play", "position": "1128003", "team": "away", "visibility": "not shown"}, {"gameTime": "1 - 19:16", "label": "Throw-in", "position": "1156491", "team": "not applicable", "visibility": "visible"}, {"gameTime": "1 - 19:25", "label": "Shots off target", "position": "1165326", "team": "home", "visibility": "visible"}, {"gameTime": "1 - 19:53", "label": "Ball out of play", "position": "1193908", "team": "home", "visibility": "visible"}, {"gameTime": "1 - 19:55", "label": "Clearance", "position": "1195188", "team": "not applicable", "visibility": "not shown"}, {"gameTime": "1 - 20:23", "label": "Ball out of play", "position": "1223278", "team": "away", "visibility": "not shown"}, {"gameTime": "1 - 20:29", "label": "Throw-in", "position": "1229142", "team": "not applicable", "visibility": "visible"}, {"gameTime": "1 - 21:03", "label": "Shots off target", "position": "1263879", "team": "home", "visibility": "not shown"}, {"gameTime": "1 - 21:25", "label": "Ball out of play", "position": "1285743", "team": "away", "visibility": "visible"}, {"gameTime": "1 - 21:26", "label": "Clearance", "position": "1286383", "team": "not applicable", "visibility": "visible"}, {"gameTime": "1 - 21:47", "label": "Ball out of play", "position": "1307093", "team": "home", "visibility": "not shown"}, {"gameTime": "1 - 21:58", "label": "Clearance", "position": "1318713", "team": "not applicable", "visibility": "visible"}, {"gameTime": "1 - 22:09", "label": "Ball out of play", "position": "1329784", "team": "away", "visibility": "not shown"}, {"gameTime": "1 - 22:40", "label": "Throw-in", "position": "1360779", "team": "not applicable", "visibility": "visible"}, {"gameTime": "1 - 22:57", "label": "Ball out of play", "position": "1377560", "team": "away", "visibility": "visible"}, {"gameTime": "1 - 23:43", "label": "Throw-in", "position": "1423033", "team": "not applicable", "visibility": "visible"}, {"gameTime": "1 - 23:55", "label": "Ball out of play", "position": "1435557", "team": "home", "visibility": "visible"}, {"gameTime": "1 - 24:55", "label": "Throw-in", "position": "1495877", "team": "not applicable", "visibility": "not shown"}, {"gameTime": "1 - 25:03", "label": "Ball out of play", "position": "1503182", "team": "home", "visibility": "visible"}, {"gameTime": "1 - 25:43", "label": "Clearance", "position": "1543728", "team": "not applicable", "visibility": "visible"}, {"gameTime": "1 - 26:18", "label": "Ball out of play", "position": "1578114", "team": "away", "visibility": "not shown"}, {"gameTime": "1 - 26:49", "label": "Corner", "position": "1609008", "team": "not applicable", "visibility": "visible"}, {"gameTime": "1 - 27:19", "label": "Ball out of play", "position": "1639059", "team": "home", "visibility": "visible"}, {"gameTime": "1 - 27:40", "label": "Clearance", "position": "1660240", "team": "not applicable", "visibility": "visible"}, {"gameTime": "1 - 28:16", "label": "Ball out of play", "position": "1696506", "team": "away", "visibility": "not shown"}, {"gameTime": "1 - 29:32", "label": "Corner", "position": "1772102", "team": "not applicable", "visibility": "visible"}, {"gameTime": "1 - 29:56", "label": "Ball out of play", "position": "1796869", "team": "home", "visibility": "visible"}, {"gameTime": "1 - 30:04", "label": "Throw-in", "position": "1804469", "team": "not applicable", "visibility": "visible"}, {"gameTime": "1 - 30:08", "label": "Foul", "position": "1808439", "team": "home", "visibility": "visible"}, {"gameTime": "1 - 31:15", "label": "Indirect free-kick", "position": "1875453", "team": "home", "visibility": "visible"}, {"gameTime": "1 - 31:43", "label": "Ball out of play", "position": "1903892", "team": "away", "visibility": "not shown"}, {"gameTime": "1 - 32:07", "label": "Clearance", "position": "1927126", "team": "not applicable", "visibility": "visible"}, {"gameTime": "1 - 32:24", "label": "Foul", "position": "1944964", "team": "home", "visibility": "not shown"}, {"gameTime": "1 - 32:45", "label": "Indirect free-kick", "position": "1965015", "team": "home", "visibility": "visible"}, {"gameTime": "1 - 33:10", "label": "Foul", "position": "1990309", "team": "away", "visibility": "not shown"}, {"gameTime": "1 - 33:20", "label": "Indirect free-kick", "position": "2000290", "team": "away", "visibility": "visible"}, {"gameTime": "1 - 33:44", "label": "Ball out of play", "position": "2024841", "team": "home", "visibility": "not shown"}, {"gameTime": "1 - 34:39", "label": "Throw-in", "position": "2079642", "team": "not applicable", "visibility": "not shown"}, {"gameTime": "1 - 34:48", "label": "Foul", "position": "2088984", "team": "away", "visibility": "visible"}, {"gameTime": "1 - 35:05", "label": "Indirect free-kick", "position": "2105677", "team": "home", "visibility": "visible"}, {"gameTime": "1 - 35:18", "label": "Ball out of play", "position": "2118615", "team": "away", "visibility": "not shown"}, {"gameTime": "1 - 35:25", "label": "Throw-in", "position": "2125739", "team": "not applicable", "visibility": "visible"}, {"gameTime": "1 - 35:47", "label": "Shots on target", "position": "2147810", "team": "home", "visibility": "not shown"}, {"gameTime": "1 - 36:36", "label": "Ball out of play", "position": "2196696", "team": "home", "visibility": "visible"}, {"gameTime": "1 - 36:39", "label": "Corner", "position": "2199936", "team": "not applicable", "visibility": "visible"}, {"gameTime": "1 - 37:08", "label": "Ball out of play", "position": "2228070", "team": "home", "visibility": "visible"}, {"gameTime": "1 - 37:09", "label": "Corner", "position": "2229744", "team": "not applicable", "visibility": "visible"}, {"gameTime": "1 - 37:28", "label": "Ball out of play", "position": "2248737", "team": "home", "visibility": "visible"}, {"gameTime": "1 - 37:43", "label": "Throw-in", "position": "2263040", "team": "not applicable", "visibility": "visible"}, {"gameTime": "1 - 37:48", "label": "Ball out of play", "position": "2268090", "team": "home", "visibility": "not shown"}, {"gameTime": "1 - 38:17", "label": "Clearance", "position": "2297995", "team": "not applicable", "visibility": "visible"}, {"gameTime": "1 - 38:43", "label": "Foul", "position": "2323871", "team": "away", "visibility": "visible"}, {"gameTime": "1 - 39:07", "label": "Indirect free-kick", "position": "2347938", "team": "away", "visibility": "visible"}, {"gameTime": "1 - 39:37", "label": "Shots on target", "position": "2377374", "team": "home", "visibility": "visible"}, {"gameTime": "1 - 40:18", "label": "Ball out of play", "position": "2418198", "team": "away", "visibility": "visible"}, {"gameTime": "1 - 40:19", "label": "Corner", "position": "2419238", "team": "not applicable", "visibility": "visible"}, {"gameTime": "1 - 40:53", "label": "Shots off target", "position": "2453721", "team": "away", "visibility": "visible"}, {"gameTime": "1 - 41:01", "label": "Ball out of play", "position": "2461329", "team": "away", "visibility": "visible"}, {"gameTime": "1 - 41:03", "label": "Clearance", "position": "2463975", "team": "not applicable", "visibility": "visible"}, {"gameTime": "1 - 41:26", "label": "Shots on target", "position": "2486192", "team": "home", "visibility": "not shown"}, {"gameTime": "1 - 42:32", "label": "Shots on target", "position": "2552108", "team": "away", "visibility": "visible"}, {"gameTime": "2 - 00:00", "label": "Foul", "position": "0", "team": "away", "visibility": "not shown"}, {"gameTime": "2 - 02:27", "label": "Indirect free-kick", "position": "147812", "team": "away", "visibility": "visible"}, {"gameTime": "2 - 02:53", "label": "Shots on target", "position": "173092", "team": "home", "visibility": "visible"}, {"gameTime": "2 - 03:45", "label": "Ball out of play", "position": "225398", "team": "home", "visibility": "visible"}, {"gameTime": "2 - 03:46", "label": "Corner", "position": "226318", "team": "not applicable", "visibility": "visible"}, {"gameTime": "2 - 04:06", "label": "Ball out of play", "position": "246474", "team": "home", "visibility": "visible"}, {"gameTime": "2 - 04:08", "label": "Corner", "position": "248231", "team": "not applicable", "visibility": "visible"}, {"gameTime": "2 - 04:34", "label": "Foul", "position": "274464", "team": "home", "visibility": "visible"}, {"gameTime": "2 - 04:43", "label": "Indirect free-kick", "position": "283511", "team": "home", "visibility": "visible"}, {"gameTime": "2 - 04:49", "label": "Shots off target", "position": "289278", "team": "away", "visibility": "visible"}, {"gameTime": "2 - 05:31", "label": "Ball out of play", "position": "331019", "team": "away", "visibility": "visible"}, {"gameTime": "2 - 05:33", "label": "Clearance", "position": "333511", "team": "not applicable", "visibility": "visible"}, {"gameTime": "2 - 05:44", "label": "Shots on target", "position": "344095", "team": "home", "visibility": "not shown"}, {"gameTime": "2 - 06:22", "label": "Shots on target", "position": "382069", "team": "home", "visibility": "visible"}, {"gameTime": "2 - 06:24", "label": "Ball out of play", "position": "384472", "team": "home", "visibility": "visible"}, {"gameTime": "2 - 06:24", "label": "Corner", "position": "384865", "team": "not applicable", "visibility": "visible"}, {"gameTime": "2 - 06:54", "label": "Shots on target", "position": "414631", "team": "home", "visibility": "visible"}, {"gameTime": "2 - 06:57", "label": "Offside", "position": "417002", "team": "home", "visibility": "visible"}, {"gameTime": "2 - 07:05", "label": "Indirect free-kick", "position": "425345", "team": "away", "visibility": "visible"}, {"gameTime": "2 - 07:13", "label": "Foul", "position": "433710", "team": "home", "visibility": "not shown"}, {"gameTime": "2 - 07:32", "label": "Shots on target", "position": "452154", "team": "away", "visibility": "visible"}, {"gameTime": "2 - 08:25", "label": "Direct free-kick", "position": "505033", "team": "home", "visibility": "visible"}, {"gameTime": "2 - 08:25", "label": "Foul", "position": "505033", "team": "home", "visibility": "visible"}, {"gameTime": "2 - 08:58", "label": "Indirect free-kick", "position": "538855", "team": "home", "visibility": "visible"}, {"gameTime": "2 - 09:07", "label": "Ball out of play", "position": "547984", "team": "away", "visibility": "visible"}, {"gameTime": "2 - 09:41", "label": "Throw-in", "position": "581763", "team": "not applicable", "visibility": "visible"}, {"gameTime": "2 - 09:44", "label": "Shots off target", "position": "584982", "team": "home", "visibility": "visible"}, {"gameTime": "2 - 09:58", "label": "Ball out of play", "position": "598918", "team": "home", "visibility": "visible"}, {"gameTime": "2 - 10:26", "label": "Throw-in", "position": "626877", "team": "not applicable", "visibility": "visible"}, {"gameTime": "2 - 10:39", "label": "Ball out of play", "position": "639155", "team": "away", "visibility": "visible"}, {"gameTime": "2 - 12:40", "label": "Throw-in", "position": "760706", "team": "not applicable", "visibility": "visible"}, {"gameTime": "2 - 12:49", "label": "Shots on target", "position": "769871", "team": "home", "visibility": "visible"}, {"gameTime": "2 - 12:57", "label": "Goal", "position": "777989", "team": "home", "visibility": "visible"}, {"gameTime": "2 - 12:58", "label": "Substitution", "position": "778575", "team": "home", "visibility": "visible"}, {"gameTime": "2 - 14:11", "label": "Kick-off", "position": "851640", "team": "away", "visibility": "visible"}, {"gameTime": "2 - 14:20", "label": "Shots on target", "position": "860802", "team": "away", "visibility": "not shown"}, {"gameTime": "2 - 16:26", "label": "Shots on target", "position": "986792", "team": "home", "visibility": "visible"}, {"gameTime": "2 - 18:04", "label": "Offside", "position": "1084653", "team": "home", "visibility": "visible"}, {"gameTime": "2 - 19:13", "label": "Indirect free-kick", "position": "1153384", "team": "home", "visibility": "visible"}, {"gameTime": "2 - 19:25", "label": "Shots on target", "position": "1165068", "team": "away", "visibility": "not shown"}, {"gameTime": "2 - 20:10", "label": "Goal", "position": "1210659", "team": "away", "visibility": "visible"}, {"gameTime": "2 - 20:10", "label": "Kick-off", "position": "1210979", "team": "away", "visibility": "visible"}, {"gameTime": "2 - 20:54", "label": "Shots on target", "position": "1254897", "team": "home", "visibility": "not shown"}, {"gameTime": "2 - 21:18", "label": "Goal", "position": "1278186", "team": "home", "visibility": "visible"}, {"gameTime": "2 - 21:18", "label": "Kick-off", "position": "1278880", "team": "home", "visibility": "visible"}, {"gameTime": "2 - 22:28", "label": "Foul", "position": "1348769", "team": "away", "visibility": "not shown"}, {"gameTime": "2 - 23:04", "label": "Substitution", "position": "1384595", "team": "home", "visibility": "visible"}, {"gameTime": "2 - 23:25", "label": "Indirect free-kick", "position": "1405080", "team": "away", "visibility": "visible"}, {"gameTime": "2 - 23:42", "label": "Ball out of play", "position": "1422117", "team": "away", "visibility": "not shown"}, {"gameTime": "2 - 24:16", "label": "Throw-in", "position": "1456035", "team": "not applicable", "visibility": "visible"}, {"gameTime": "2 - 24:24", "label": "Shots on target", "position": "1464831", "team": "away", "visibility": "not shown"}, {"gameTime": "2 - 24:58", "label": "Goal", "position": "1498927", "team": "away", "visibility": "visible"}, {"gameTime": "2 - 24:59", "label": "Kick-off", "position": "1499600", "team": "away", "visibility": "visible"}, {"gameTime": "2 - 25:34", "label": "Ball out of play", "position": "1534351", "team": "home", "visibility": "not shown"}, {"gameTime": "2 - 25:41", "label": "Throw-in", "position": "1541859", "team": "not applicable", "visibility": "visible"}, {"gameTime": "2 - 26:01", "label": "Ball out of play", "position": "1561799", "team": "home", "visibility": "visible"}, {"gameTime": "2 - 26:33", "label": "Throw-in", "position": "1593123", "team": "not applicable", "visibility": "visible"}, {"gameTime": "2 - 27:05", "label": "Foul", "position": "1625419", "team": "home", "visibility": "visible"}, {"gameTime": "2 - 27:13", "label": "Direct free-kick", "position": "1633024", "team": "away", "visibility": "visible"}, {"gameTime": "2 - 28:00", "label": "Shots on target", "position": "1680102", "team": "home", "visibility": "visible"}, {"gameTime": "2 - 28:00", "label": "Ball out of play", "position": "1680112", "team": "home", "visibility": "visible"}, {"gameTime": "2 - 28:01", "label": "Corner", "position": "1681312", "team": "not applicable", "visibility": "visible"}, {"gameTime": "2 - 28:35", "label": "Foul", "position": "1715867", "team": "home", "visibility": "visible"}, {"gameTime": "2 - 28:37", "label": "Indirect free-kick", "position": "1717269", "team": "home", "visibility": "visible"}, {"gameTime": "2 - 29:31", "label": "Ball out of play", "position": "1771339", "team": "away", "visibility": "visible"}, {"gameTime": "2 - 29:36", "label": "Throw-in", "position": "1776708", "team": "not applicable", "visibility": "visible"}, {"gameTime": "2 - 29:43", "label": "Ball out of play", "position": "1783053", "team": "away", "visibility": "not shown"}, {"gameTime": "2 - 29:52", "label": "Clearance", "position": "1792107", "team": "not applicable", "visibility": "visible"}, {"gameTime": "2 - 29:58", "label": "Ball out of play", "position": "1798784", "team": "home", "visibility": "visible"}, {"gameTime": "2 - 30:31", "label": "Throw-in", "position": "1831856", "team": "not applicable", "visibility": "visible"}, {"gameTime": "2 - 30:39", "label": "Ball out of play", "position": "1839728", "team": "home", "visibility": "visible"}, {"gameTime": "2 - 30:54", "label": "Throw-in", "position": "1854552", "team": "not applicable", "visibility": "visible"}, {"gameTime": "2 - 31:03", "label": "Ball out of play", "position": "1863646", "team": "home", "visibility": "visible"}, {"gameTime": "2 - 31:08", "label": "Throw-in", "position": "1868990", "team": "not applicable", "visibility": "visible"}, {"gameTime": "2 - 31:17", "label": "Shots on target", "position": "1877370", "team": "home", "visibility": "visible"}, {"gameTime": "2 - 31:39", "label": "Foul", "position": "1899818", "team": "home", "visibility": "visible"}, {"gameTime": "2 - 32:24", "label": "Direct free-kick", "position": "1944289", "team": "home", "visibility": "visible"}, {"gameTime": "2 - 32:54", "label": "Shots off target", "position": "1974923", "team": "away", "visibility": "visible"}, {"gameTime": "2 - 32:56", "label": "Ball out of play", "position": "1976530", "team": "away", "visibility": "visible"}, {"gameTime": "2 - 32:57", "label": "Clearance", "position": "1977010", "team": "not applicable", "visibility": "visible"}, {"gameTime": "2 - 33:19", "label": "Ball out of play", "position": "1999936", "team": "home", "visibility": "not shown"}, {"gameTime": "2 - 34:24", "label": "Throw-in", "position": "2064859", "team": "not applicable", "visibility": "visible"}, {"gameTime": "2 - 34:47", "label": "Ball out of play", "position": "2087933", "team": "away", "visibility": "visible"}, {"gameTime": "2 - 35:15", "label": "Throw-in", "position": "2115369", "team": "not applicable", "visibility": "not shown"}, {"gameTime": "2 - 35:26", "label": "Shots on target", "position": "2126930", "team": "away", "visibility": "visible"}, {"gameTime": "2 - 35:36", "label": "Foul", "position": "2136134", "team": "away", "visibility": "visible"}, {"gameTime": "2 - 36:29", "label": "Indirect free-kick", "position": "2189191", "team": "away", "visibility": "visible"}, {"gameTime": "2 - 36:48", "label": "Foul", "position": "2208510", "team": "home", "visibility": "not shown"}, {"gameTime": "2 - 37:21", "label": "Indirect free-kick", "position": "2241664", "team": "home", "visibility": "not shown"}, {"gameTime": "2 - 37:38", "label": "Shots on target", "position": "2258404", "team": "away", "visibility": "not shown"}, {"gameTime": "2 - 38:43", "label": "Ball out of play", "position": "2323630", "team": "home", "visibility": "visible"}, {"gameTime": "2 - 38:53", "label": "Throw-in", "position": "2333019", "team": "not applicable", "visibility": "visible"}, {"gameTime": "2 - 39:10", "label": "Shots on target", "position": "2350969", "team": "home", "visibility": "not shown"}, {"gameTime": "2 - 39:17", "label": "Shots off target", "position": "2357126", "team": "home", "visibility": "visible"}, {"gameTime": "2 - 40:14", "label": "Ball out of play", "position": "2414148", "team": "home", "visibility": "visible"}, {"gameTime": "2 - 40:15", "label": "Corner", "position": "2415028", "team": "not applicable", "visibility": "visible"}, {"gameTime": "2 - 40:51", "label": "Ball out of play", "position": "2451769", "team": "home", "visibility": "visible"}, {"gameTime": "2 - 41:31", "label": "Throw-in", "position": "2491419", "team": "not applicable", "visibility": "visible"}, {"gameTime": "2 - 41:47", "label": "Ball out of play", "position": "2507965", "team": "away", "visibility": "visible"}, {"gameTime": "2 - 42:30", "label": "Throw-in", "position": "2550680", "team": "not applicable", "visibility": "visible"}, {"gameTime": "2 - 42:31", "label": "Foul", "position": "2551688", "team": "home", "visibility": "visible"}, {"gameTime": "2 - 42:36", "label": "Indirect free-kick", "position": "2556402", "team": "away", "visibility": "visible"}, {"gameTime": "2 - 43:24", "label": "Ball out of play", "position": "2604556", "team": "home", "visibility": "not shown"}, {"gameTime": "2 - 45:00", "label": "Throw-in", "position": "2700491", "team": "not applicable", "visibility": "not shown"}, {"gameTime": "2 - 45:28", "label": "Ball out of play", "position": "2728121", "team": "home", "visibility": "not shown"}, {"gameTime": "2 - 45:37", "label": "Clearance", "position": "2737177", "team": "not applicable", "visibility": "visible"}, {"gameTime": "2 - 45:52", "label": "Foul", "position": "2752957", "team": "away", "visibility": "visible"}, {"gameTime": "2 - 47:19", "label": "Substitution", "position": "2839050", "team": "away", "visibility": "visible"}, {"gameTime": "2 - 47:57", "label": "Indirect free-kick", "position": "2877640", "team": "home", "visibility": "visible"}, {"gameTime": "2 - 48:30", "label": "Ball out of play", "position": "2910610", "team": "home", "visibility": "not shown"}, {"gameTime": "2 - 48:48", "label": "Ball out of play", "position": "2928616", "team": "not applicable", "visibility": "visible"}], "gameAwayTeam": "Aston Villa", "gameDate": "26/09/2015 - 17:00", "gameHomeTeam": "Liverpool", "gameScore": "3 - 2"}