{"UrlLocal": "italy_serie-a/2016-2017/2016-09-21 - 21-45 AS Roma 4 - 0 Crotone/", "UrlYoutube": "", "annotations": [{"gameTime": "1 - 00:00", "label": "Ball out of play", "position": "6", "team": "away", "visibility": "visible"}, {"gameTime": "1 - 00:24", "label": "Corner", "position": "24250", "team": "not applicable", "visibility": "visible"}, {"gameTime": "1 - 00:47", "label": "Shots off target", "position": "47029", "team": "home", "visibility": "visible"}, {"gameTime": "1 - 00:50", "label": "Ball out of play", "position": "50679", "team": "home", "visibility": "visible"}, {"gameTime": "1 - 00:51", "label": "Clearance", "position": "51513", "team": "not applicable", "visibility": "visible"}, {"gameTime": "1 - 01:17", "label": "Ball out of play", "position": "77511", "team": "away", "visibility": "visible"}, {"gameTime": "1 - 01:32", "label": "Corner", "position": "92141", "team": "not applicable", "visibility": "visible"}, {"gameTime": "1 - 01:48", "label": "Ball out of play", "position": "108502", "team": "home", "visibility": "visible"}, {"gameTime": "1 - 03:38", "label": "Throw-in", "position": "218982", "team": "not applicable", "visibility": "visible"}, {"gameTime": "1 - 03:53", "label": "Shots on target", "position": "233622", "team": "away", "visibility": "visible"}, {"gameTime": "1 - 04:32", "label": "Ball out of play", "position": "272784", "team": "home", "visibility": "visible"}, {"gameTime": "1 - 04:33", "label": "Clearance", "position": "273504", "team": "not applicable", "visibility": "visible"}, {"gameTime": "1 - 04:58", "label": "Ball out of play", "position": "298646", "team": "away", "visibility": "not shown"}, {"gameTime": "1 - 05:14", "label": "Corner", "position": "314218", "team": "not applicable", "visibility": "visible"}, {"gameTime": "1 - 05:21", "label": "Shots on target", "position": "321940", "team": "home", "visibility": "not shown"}, {"gameTime": "1 - 09:52", "label": "Ball out of play", "position": "592843", "team": "away", "visibility": "visible"}, {"gameTime": "1 - 10:07", "label": "Throw-in", "position": "607088", "team": "not applicable", "visibility": "visible"}, {"gameTime": "1 - 10:26", "label": "Foul", "position": "626482", "team": "home", "visibility": "visible"}, {"gameTime": "1 - 10:59", "label": "Indirect free-kick", "position": "659713", "team": "away", "visibility": "visible"}, {"gameTime": "1 - 11:24", "label": "Shots on target", "position": "684795", "team": "home", "visibility": "visible"}, {"gameTime": "1 - 11:35", "label": "Ball out of play", "position": "695647", "team": "home", "visibility": "visible"}, {"gameTime": "1 - 11:37", "label": "Corner", "position": "697598", "team": "not applicable", "visibility": "visible"}, {"gameTime": "1 - 11:58", "label": "Foul", "position": "718237", "team": "home", "visibility": "not shown"}, {"gameTime": "1 - 14:12", "label": "Indirect free-kick", "position": "852761", "team": "away", "visibility": "visible"}, {"gameTime": "1 - 15:21", "label": "Ball out of play", "position": "921306", "team": "home", "visibility": "visible"}, {"gameTime": "1 - 15:45", "label": "Corner", "position": "945091", "team": "not applicable", "visibility": "visible"}, {"gameTime": "1 - 16:09", "label": "Foul", "position": "969461", "team": "home", "visibility": "visible"}, {"gameTime": "1 - 16:11", "label": "Indirect free-kick", "position": "971385", "team": "home", "visibility": "visible"}, {"gameTime": "1 - 16:49", "label": "Shots on target", "position": "1009935", "team": "home", "visibility": "visible"}, {"gameTime": "1 - 17:11", "label": "Ball out of play", "position": "1031691", "team": "away", "visibility": "visible"}, {"gameTime": "1 - 18:20", "label": "Throw-in", "position": "1100342", "team": "not applicable", "visibility": "visible"}, {"gameTime": "1 - 18:38", "label": "Foul", "position": "1118230", "team": "away", "visibility": "not shown"}, {"gameTime": "1 - 19:16", "label": "Indirect free-kick", "position": "1156167", "team": "home", "visibility": "visible"}, {"gameTime": "1 - 19:32", "label": "Ball out of play", "position": "1172784", "team": "away", "visibility": "not shown"}, {"gameTime": "1 - 19:38", "label": "Throw-in", "position": "1178192", "team": "not applicable", "visibility": "visible"}, {"gameTime": "1 - 19:52", "label": "Ball out of play", "position": "1192820", "team": "away", "visibility": "visible"}, {"gameTime": "1 - 21:47", "label": "Corner", "position": "1307613", "team": "not applicable", "visibility": "visible"}, {"gameTime": "1 - 21:59", "label": "Offside", "position": "1319574", "team": "home", "visibility": "not shown"}, {"gameTime": "1 - 22:02", "label": "Indirect free-kick", "position": "1322986", "team": "home", "visibility": "visible"}, {"gameTime": "1 - 22:28", "label": "Ball out of play", "position": "1348560", "team": "away", "visibility": "visible"}, {"gameTime": "1 - 22:36", "label": "Throw-in", "position": "1356447", "team": "not applicable", "visibility": "visible"}, {"gameTime": "1 - 22:49", "label": "Ball out of play", "position": "1369421", "team": "away", "visibility": "visible"}, {"gameTime": "1 - 24:50", "label": "Throw-in", "position": "1490231", "team": "not applicable", "visibility": "visible"}, {"gameTime": "1 - 25:08", "label": "Shots on target", "position": "1508555", "team": "home", "visibility": "visible"}, {"gameTime": "1 - 25:15", "label": "Goal", "position": "1515274", "team": "home", "visibility": "visible"}, {"gameTime": "1 - 25:15", "label": "Kick-off", "position": "1515770", "team": "home", "visibility": "visible"}, {"gameTime": "1 - 26:02", "label": "Ball out of play", "position": "1562163", "team": "away", "visibility": "visible"}, {"gameTime": "1 - 26:18", "label": "Throw-in", "position": "1578807", "team": "not applicable", "visibility": "visible"}, {"gameTime": "1 - 26:25", "label": "Shots on target", "position": "1585141", "team": "home", "visibility": "visible"}, {"gameTime": "1 - 26:42", "label": "Ball out of play", "position": "1602210", "team": "home", "visibility": "visible"}, {"gameTime": "1 - 27:27", "label": "Clearance", "position": "1647360", "team": "not applicable", "visibility": "visible"}, {"gameTime": "1 - 27:56", "label": "Shots off target", "position": "1676840", "team": "away", "visibility": "visible"}, {"gameTime": "1 - 28:19", "label": "Ball out of play", "position": "1699971", "team": "home", "visibility": "visible"}, {"gameTime": "1 - 28:21", "label": "Clearance", "position": "1701351", "team": "not applicable", "visibility": "visible"}, {"gameTime": "1 - 28:49", "label": "Ball out of play", "position": "1729408", "team": "away", "visibility": "visible"}, {"gameTime": "1 - 28:55", "label": "Throw-in", "position": "1735484", "team": "not applicable", "visibility": "visible"}, {"gameTime": "1 - 29:04", "label": "Ball out of play", "position": "1744405", "team": "home", "visibility": "visible"}, {"gameTime": "1 - 30:15", "label": "Throw-in", "position": "1815900", "team": "not applicable", "visibility": "visible"}, {"gameTime": "1 - 30:25", "label": "Foul", "position": "1825764", "team": "away", "visibility": "visible"}, {"gameTime": "1 - 30:45", "label": "Indirect free-kick", "position": "1845594", "team": "away", "visibility": "visible"}, {"gameTime": "1 - 30:54", "label": "Shots off target", "position": "1854951", "team": "home", "visibility": "not shown"}, {"gameTime": "1 - 31:31", "label": "Ball out of play", "position": "1891528", "team": "away", "visibility": "visible"}, {"gameTime": "1 - 31:32", "label": "Clearance", "position": "1892088", "team": "not applicable", "visibility": "visible"}, {"gameTime": "1 - 31:53", "label": "Indirect free-kick", "position": "1913322", "team": "home", "visibility": "not shown"}, {"gameTime": "1 - 33:20", "label": "Shots off target", "position": "2000502", "team": "home", "visibility": "visible"}, {"gameTime": "1 - 34:04", "label": "Ball out of play", "position": "2044232", "team": "away", "visibility": "visible"}, {"gameTime": "1 - 34:05", "label": "Corner", "position": "2045244", "team": "not applicable", "visibility": "visible"}, {"gameTime": "1 - 34:39", "label": "Offside", "position": "2079223", "team": "away", "visibility": "visible"}, {"gameTime": "1 - 34:44", "label": "Indirect free-kick", "position": "2084882", "team": "away", "visibility": "visible"}, {"gameTime": "1 - 35:02", "label": "Shots on target", "position": "2102820", "team": "home", "visibility": "not shown"}, {"gameTime": "1 - 36:11", "label": "Goal", "position": "2171477", "team": "home", "visibility": "visible"}, {"gameTime": "1 - 36:11", "label": "Kick-off", "position": "2171832", "team": "home", "visibility": "visible"}, {"gameTime": "1 - 37:05", "label": "Offside", "position": "2225952", "team": "away", "visibility": "visible"}, {"gameTime": "1 - 41:12", "label": "Indirect free-kick", "position": "2472815", "team": "away", "visibility": "visible"}, {"gameTime": "1 - 41:26", "label": "Ball out of play", "position": "2486027", "team": "home", "visibility": "not shown"}, {"gameTime": "1 - 41:59", "label": "Corner", "position": "2519703", "team": "not applicable", "visibility": "visible"}, {"gameTime": "1 - 42:31", "label": "Shots on target", "position": "2551465", "team": "home", "visibility": "visible"}, {"gameTime": "1 - 42:54", "label": "Ball out of play", "position": "2574958", "team": "home", "visibility": "visible"}, {"gameTime": "1 - 43:09", "label": "Throw-in", "position": "2589298", "team": "not applicable", "visibility": "visible"}, {"gameTime": "1 - 43:20", "label": "Ball out of play", "position": "2600138", "team": "away", "visibility": "not shown"}, {"gameTime": "1 - 43:32", "label": "Throw-in", "position": "2612041", "team": "not applicable", "visibility": "not shown"}, {"gameTime": "1 - 43:41", "label": "Shots off target", "position": "2621494", "team": "away", "visibility": "visible"}, {"gameTime": "1 - 44:06", "label": "Clearance", "position": "2646166", "team": "home", "visibility": "visible"}, {"gameTime": "1 - 44:18", "label": "Foul", "position": "2658751", "team": "away", "visibility": "not shown"}, {"gameTime": "1 - 44:21", "label": "Indirect free-kick", "position": "2661487", "team": "home", "visibility": "visible"}, {"gameTime": "1 - 44:36", "label": "Indirect free-kick", "position": "2676053", "team": "away", "visibility": "visible"}, {"gameTime": "2 - 00:00", "label": "Kick-off", "position": "0", "team": "away", "visibility": "visible"}, {"gameTime": "2 - 00:00", "label": "Foul", "position": "904", "team": "home", "visibility": "not shown"}, {"gameTime": "2 - 00:22", "label": "Indirect free-kick", "position": "22713", "team": "home", "visibility": "visible"}, {"gameTime": "2 - 00:35", "label": "Foul", "position": "35178", "team": "away", "visibility": "visible"}, {"gameTime": "2 - 00:46", "label": "Indirect free-kick", "position": "46302", "team": "home", "visibility": "visible"}, {"gameTime": "2 - 01:15", "label": "Shots on target", "position": "75667", "team": "away", "visibility": "visible"}, {"gameTime": "2 - 02:04", "label": "Shots on target", "position": "124948", "team": "home", "visibility": "visible"}, {"gameTime": "2 - 02:34", "label": "Goal", "position": "154805", "team": "home", "visibility": "visible"}, {"gameTime": "2 - 02:36", "label": "Kick-off", "position": "156381", "team": "home", "visibility": "visible"}, {"gameTime": "2 - 03:12", "label": "Foul", "position": "192993", "team": "away", "visibility": "not shown"}, {"gameTime": "2 - 03:49", "label": "Yellow card", "position": "229394", "team": "away", "visibility": "visible"}, {"gameTime": "2 - 03:53", "label": "Indirect free-kick", "position": "233825", "team": "away", "visibility": "visible"}, {"gameTime": "2 - 05:14", "label": "Shots on target", "position": "314602", "team": "home", "visibility": "visible"}, {"gameTime": "2 - 05:15", "label": "Ball out of play", "position": "315558", "team": "home", "visibility": "visible"}, {"gameTime": "2 - 05:25", "label": "Throw-in", "position": "325489", "team": "not applicable", "visibility": "visible"}, {"gameTime": "2 - 05:30", "label": "Foul", "position": "330850", "team": "home", "visibility": "not shown"}, {"gameTime": "2 - 06:07", "label": "Indirect free-kick", "position": "367009", "team": "home", "visibility": "visible"}, {"gameTime": "2 - 06:44", "label": "Ball out of play", "position": "404482", "team": "away", "visibility": "visible"}, {"gameTime": "2 - 07:03", "label": "Throw-in", "position": "423453", "team": "not applicable", "visibility": "visible"}, {"gameTime": "2 - 07:18", "label": "Ball out of play", "position": "438856", "team": "away", "visibility": "visible"}, {"gameTime": "2 - 07:24", "label": "Shots on target", "position": "444014", "team": "not applicable", "visibility": "visible"}, {"gameTime": "2 - 08:45", "label": "Ball out of play", "position": "525965", "team": "away", "visibility": "visible"}, {"gameTime": "2 - 08:48", "label": "Corner", "position": "528145", "team": "not applicable", "visibility": "visible"}, {"gameTime": "2 - 09:21", "label": "Ball out of play", "position": "561572", "team": "away", "visibility": "visible"}, {"gameTime": "2 - 09:29", "label": "Clearance", "position": "569592", "team": "not applicable", "visibility": "visible"}, {"gameTime": "2 - 09:35", "label": "Ball out of play", "position": "575742", "team": "home", "visibility": "not shown"}, {"gameTime": "2 - 10:06", "label": "Throw-in", "position": "606065", "team": "not applicable", "visibility": "visible"}, {"gameTime": "2 - 10:18", "label": "Shots on target", "position": "618568", "team": "away", "visibility": "visible"}, {"gameTime": "2 - 11:10", "label": "Goal", "position": "670705", "team": "home", "visibility": "visible"}, {"gameTime": "2 - 11:11", "label": "Kick-off", "position": "671395", "team": "home", "visibility": "visible"}, {"gameTime": "2 - 12:01", "label": "Ball out of play", "position": "721772", "team": "away", "visibility": "visible"}, {"gameTime": "2 - 12:11", "label": "Throw-in", "position": "731510", "team": "not applicable", "visibility": "visible"}, {"gameTime": "2 - 12:22", "label": "Ball out of play", "position": "742184", "team": "away", "visibility": "visible"}, {"gameTime": "2 - 12:55", "label": "Throw-in", "position": "775036", "team": "not applicable", "visibility": "not shown"}, {"gameTime": "2 - 13:05", "label": "Ball out of play", "position": "785053", "team": "home", "visibility": "not shown"}, {"gameTime": "2 - 13:25", "label": "Throw-in", "position": "805540", "team": "not applicable", "visibility": "visible"}, {"gameTime": "2 - 13:38", "label": "Foul", "position": "818809", "team": "away", "visibility": "visible"}, {"gameTime": "2 - 13:46", "label": "Substitution", "position": "826171", "team": "home", "visibility": "visible"}, {"gameTime": "2 - 14:23", "label": "Shots on target", "position": "863000", "team": "away", "visibility": "visible"}, {"gameTime": "2 - 14:30", "label": "Penalty", "position": "870996", "team": "away", "visibility": "visible"}, {"gameTime": "2 - 14:30", "label": "Ball out of play", "position": "870996", "team": "away", "visibility": "visible"}, {"gameTime": "2 - 14:37", "label": "Throw-in", "position": "877593", "team": "not applicable", "visibility": "visible"}, {"gameTime": "2 - 14:49", "label": "Ball out of play", "position": "889820", "team": "away", "visibility": "visible"}, {"gameTime": "2 - 14:54", "label": "Substitution", "position": "894281", "team": "not applicable", "visibility": "visible"}, {"gameTime": "2 - 15:00", "label": "Clearance", "position": "900000", "team": "away", "visibility": "visible"}, {"gameTime": "2 - 15:10", "label": "Ball out of play", "position": "910232", "team": "home", "visibility": "not shown"}, {"gameTime": "2 - 15:25", "label": "Corner", "position": "925982", "team": "not applicable", "visibility": "visible"}, {"gameTime": "2 - 15:52", "label": "Ball out of play", "position": "952215", "team": "home", "visibility": "visible"}, {"gameTime": "2 - 16:37", "label": "Clearance", "position": "997255", "team": "not applicable", "visibility": "visible"}, {"gameTime": "2 - 17:05", "label": "Shots off target", "position": "1025117", "team": "away", "visibility": "not shown"}, {"gameTime": "2 - 17:22", "label": "Ball out of play", "position": "1042870", "team": "home", "visibility": "visible"}, {"gameTime": "2 - 17:24", "label": "Clearance", "position": "1044043", "team": "not applicable", "visibility": "visible"}, {"gameTime": "2 - 17:50", "label": "Ball out of play", "position": "1070139", "team": "away", "visibility": "visible"}, {"gameTime": "2 - 17:56", "label": "Throw-in", "position": "1076393", "team": "not applicable", "visibility": "not shown"}, {"gameTime": "2 - 18:03", "label": "Foul", "position": "1083556", "team": "away", "visibility": "visible"}, {"gameTime": "2 - 19:33", "label": "Substitution", "position": "1173661", "team": "home", "visibility": "visible"}, {"gameTime": "2 - 20:00", "label": "Indirect free-kick", "position": "1200000", "team": "away", "visibility": "visible"}, {"gameTime": "2 - 20:08", "label": "Offside", "position": "1208538", "team": "away", "visibility": "visible"}, {"gameTime": "2 - 20:38", "label": "Substitution", "position": "1238242", "team": "away", "visibility": "visible"}, {"gameTime": "2 - 21:28", "label": "Indirect free-kick", "position": "1288000", "team": "home", "visibility": "visible"}, {"gameTime": "2 - 21:40", "label": "Foul", "position": "1300253", "team": "home", "visibility": "visible"}, {"gameTime": "2 - 21:43", "label": "Indirect free-kick", "position": "1303616", "team": "away", "visibility": "visible"}, {"gameTime": "2 - 22:02", "label": "Foul", "position": "1322097", "team": "home", "visibility": "visible"}, {"gameTime": "2 - 22:24", "label": "Indirect free-kick", "position": "1344622", "team": "home", "visibility": "visible"}, {"gameTime": "2 - 22:38", "label": "Shots off target", "position": "1358390", "team": "away", "visibility": "not shown"}, {"gameTime": "2 - 23:33", "label": "Ball out of play", "position": "1413066", "team": "home", "visibility": "visible"}, {"gameTime": "2 - 23:33", "label": "Clearance", "position": "1413904", "team": "not applicable", "visibility": "visible"}, {"gameTime": "2 - 23:45", "label": "Ball out of play", "position": "1425145", "team": "away", "visibility": "visible"}, {"gameTime": "2 - 23:54", "label": "Throw-in", "position": "1434030", "team": "not applicable", "visibility": "visible"}, {"gameTime": "2 - 23:58", "label": "Ball out of play", "position": "1438799", "team": "home", "visibility": "visible"}, {"gameTime": "2 - 24:35", "label": "Throw-in", "position": "1475750", "team": "not applicable", "visibility": "visible"}, {"gameTime": "2 - 24:49", "label": "Offside", "position": "1489725", "team": "home", "visibility": "visible"}, {"gameTime": "2 - 25:04", "label": "Indirect free-kick", "position": "1504831", "team": "away", "visibility": "visible"}, {"gameTime": "2 - 25:08", "label": "Offside", "position": "1508718", "team": "away", "visibility": "not shown"}, {"gameTime": "2 - 25:29", "label": "Substitution", "position": "1529505", "team": "away", "visibility": "visible"}, {"gameTime": "2 - 26:24", "label": "Indirect free-kick", "position": "1584000", "team": "home", "visibility": "visible"}, {"gameTime": "2 - 26:36", "label": "Ball out of play", "position": "1596579", "team": "home", "visibility": "not shown"}, {"gameTime": "2 - 26:52", "label": "Throw-in", "position": "1612240", "team": "not applicable", "visibility": "visible"}, {"gameTime": "2 - 27:03", "label": "Ball out of play", "position": "1623966", "team": "away", "visibility": "visible"}, {"gameTime": "2 - 29:52", "label": "Throw-in", "position": "1792818", "team": "not applicable", "visibility": "visible"}, {"gameTime": "2 - 29:58", "label": "Ball out of play", "position": "1798315", "team": "home", "visibility": "visible"}, {"gameTime": "2 - 30:40", "label": "Corner", "position": "1840158", "team": "not applicable", "visibility": "visible"}, {"gameTime": "2 - 31:04", "label": "Shots off target", "position": "1864748", "team": "home", "visibility": "visible"}, {"gameTime": "2 - 31:56", "label": "Ball out of play", "position": "1916706", "team": "home", "visibility": "visible"}, {"gameTime": "2 - 31:57", "label": "Clearance", "position": "1917436", "team": "not applicable", "visibility": "not shown"}, {"gameTime": "2 - 32:34", "label": "Shots on target", "position": "1954671", "team": "away", "visibility": "visible"}, {"gameTime": "2 - 32:46", "label": "Shots on target", "position": "1966652", "team": "away", "visibility": "visible"}, {"gameTime": "2 - 33:27", "label": "Ball out of play", "position": "2007058", "team": "home", "visibility": "visible"}, {"gameTime": "2 - 33:32", "label": "Substitution", "position": "2012890", "team": "not applicable", "visibility": "visible"}, {"gameTime": "2 - 34:27", "label": "Throw-in", "position": "2067000", "team": "home", "visibility": "visible"}, {"gameTime": "2 - 34:35", "label": "Foul", "position": "2075357", "team": "away", "visibility": "visible"}, {"gameTime": "2 - 34:56", "label": "Indirect free-kick", "position": "2096403", "team": "home", "visibility": "visible"}, {"gameTime": "2 - 35:03", "label": "Ball out of play", "position": "2103625", "team": "away", "visibility": "not shown"}, {"gameTime": "2 - 35:19", "label": "Throw-in", "position": "2119844", "team": "not applicable", "visibility": "visible"}, {"gameTime": "2 - 35:31", "label": "Ball out of play", "position": "2131272", "team": "away", "visibility": "visible"}, {"gameTime": "2 - 35:37", "label": "Corner", "position": "2137503", "team": "not applicable", "visibility": "visible"}, {"gameTime": "2 - 36:01", "label": "Ball out of play", "position": "2161094", "team": "away", "visibility": "visible"}, {"gameTime": "2 - 36:05", "label": "Clearance", "position": "2165434", "team": "not applicable", "visibility": "not shown"}, {"gameTime": "2 - 36:16", "label": "Ball out of play", "position": "2176558", "team": "home", "visibility": "not shown"}, {"gameTime": "2 - 37:44", "label": "Corner", "position": "2264860", "team": "not applicable", "visibility": "visible"}, {"gameTime": "2 - 38:07", "label": "Ball out of play", "position": "2287634", "team": "home", "visibility": "visible"}, {"gameTime": "2 - 39:35", "label": "Corner", "position": "2375314", "team": "not applicable", "visibility": "visible"}, {"gameTime": "2 - 39:56", "label": "Shots off target", "position": "2396390", "team": "home", "visibility": "visible"}, {"gameTime": "2 - 39:57", "label": "Ball out of play", "position": "2397785", "team": "home", "visibility": "visible"}, {"gameTime": "2 - 39:59", "label": "Clearance", "position": "2399145", "team": "not applicable", "visibility": "visible"}, {"gameTime": "2 - 40:35", "label": "Ball out of play", "position": "2435105", "team": "home", "visibility": "visible"}, {"gameTime": "2 - 40:49", "label": "Corner", "position": "2449174", "team": "not applicable", "visibility": "visible"}, {"gameTime": "2 - 41:11", "label": "Ball out of play", "position": "2471910", "team": "away", "visibility": "visible"}, {"gameTime": "2 - 41:18", "label": "Throw-in", "position": "2478261", "team": "not applicable", "visibility": "visible"}, {"gameTime": "2 - 41:35", "label": "Shots on target", "position": "2495604", "team": "away", "visibility": "visible"}, {"gameTime": "2 - 41:44", "label": "Ball out of play", "position": "2504302", "team": "away", "visibility": "visible"}, {"gameTime": "2 - 41:44", "label": "Corner", "position": "2504822", "team": "not applicable", "visibility": "visible"}, {"gameTime": "2 - 42:08", "label": "Ball out of play", "position": "2528652", "team": "away", "visibility": "visible"}, {"gameTime": "2 - 42:15", "label": "Throw-in", "position": "2535464", "team": "not applicable", "visibility": "visible"}, {"gameTime": "2 - 42:26", "label": "Shots off target", "position": "2546260", "team": "away", "visibility": "visible"}, {"gameTime": "2 - 42:51", "label": "Ball out of play", "position": "2571698", "team": "away", "visibility": "visible"}, {"gameTime": "2 - 42:52", "label": "Clearance", "position": "2572424", "team": "not applicable", "visibility": "visible"}, {"gameTime": "2 - 43:10", "label": "Shots on target", "position": "2590995", "team": "home", "visibility": "not shown"}, {"gameTime": "2 - 44:43", "label": "Shots off target", "position": "2683761", "team": "away", "visibility": "visible"}, {"gameTime": "2 - 44:55", "label": "Ball out of play", "position": "2695968", "team": "away", "visibility": "visible"}, {"gameTime": "2 - 44:56", "label": "Ball out of play", "position": "2696848", "team": "not applicable", "visibility": "visible"}], "gameAwayTeam": "Crotone", "gameDate": "21/09/2016 - 21:45", "gameHomeTeam": "AS Roma", "gameScore": "4 - 0"}