{"UrlLocal": "france_ligue-1/2016-2017/2017-03-12 - 23-00 Lorient 1 - 2 Paris SG/", "UrlYoutube": "", "annotations": [{"gameTime": "1 - 00:00", "label": "Foul", "position": "339", "team": "away", "visibility": "visible"}, {"gameTime": "1 - 01:27", "label": "Shots off target", "position": "87494", "team": "home", "visibility": "visible"}, {"gameTime": "1 - 02:31", "label": "Direct free-kick", "position": "151425", "team": "away", "visibility": "visible"}, {"gameTime": "1 - 02:31", "label": "Ball out of play", "position": "151425", "team": "away", "visibility": "visible"}, {"gameTime": "1 - 02:32", "label": "Clearance", "position": "152138", "team": "not applicable", "visibility": "visible"}, {"gameTime": "1 - 02:55", "label": "Ball out of play", "position": "175516", "team": "home", "visibility": "visible"}, {"gameTime": "1 - 04:15", "label": "Throw-in", "position": "255385", "team": "not applicable", "visibility": "visible"}, {"gameTime": "1 - 04:26", "label": "Ball out of play", "position": "266343", "team": "home", "visibility": "visible"}, {"gameTime": "1 - 04:35", "label": "Throw-in", "position": "275675", "team": "not applicable", "visibility": "visible"}, {"gameTime": "1 - 04:56", "label": "Ball out of play", "position": "296415", "team": "home", "visibility": "visible"}, {"gameTime": "1 - 05:27", "label": "Throw-in", "position": "327036", "team": "not applicable", "visibility": "visible"}, {"gameTime": "1 - 05:37", "label": "Shots off target", "position": "337003", "team": "home", "visibility": "visible"}, {"gameTime": "1 - 05:49", "label": "Ball out of play", "position": "349799", "team": "home", "visibility": "visible"}, {"gameTime": "1 - 05:51", "label": "Corner", "position": "351079", "team": "not applicable", "visibility": "visible"}, {"gameTime": "1 - 06:25", "label": "Ball out of play", "position": "385451", "team": "home", "visibility": "visible"}, {"gameTime": "1 - 06:44", "label": "Throw-in", "position": "404813", "team": "not applicable", "visibility": "visible"}, {"gameTime": "1 - 07:00", "label": "Ball out of play", "position": "420714", "team": "home", "visibility": "visible"}, {"gameTime": "1 - 07:06", "label": "Throw-in", "position": "426241", "team": "not applicable", "visibility": "visible"}, {"gameTime": "1 - 07:10", "label": "Ball out of play", "position": "430833", "team": "home", "visibility": "visible"}, {"gameTime": "1 - 07:13", "label": "Throw-in", "position": "433679", "team": "not applicable", "visibility": "visible"}, {"gameTime": "1 - 07:19", "label": "Ball out of play", "position": "439094", "team": "away", "visibility": "visible"}, {"gameTime": "1 - 08:39", "label": "Corner", "position": "519742", "team": "not applicable", "visibility": "visible"}, {"gameTime": "1 - 09:09", "label": "Ball out of play", "position": "549430", "team": "away", "visibility": "visible"}, {"gameTime": "1 - 09:25", "label": "Corner", "position": "565718", "team": "not applicable", "visibility": "visible"}, {"gameTime": "1 - 09:35", "label": "Offside", "position": "575503", "team": "away", "visibility": "not shown"}, {"gameTime": "1 - 09:48", "label": "Indirect free-kick", "position": "588053", "team": "away", "visibility": "visible"}, {"gameTime": "1 - 10:09", "label": "Ball out of play", "position": "609400", "team": "home", "visibility": "visible"}, {"gameTime": "1 - 10:56", "label": "Throw-in", "position": "656861", "team": "not applicable", "visibility": "visible"}, {"gameTime": "1 - 11:07", "label": "Foul", "position": "667872", "team": "away", "visibility": "visible"}, {"gameTime": "1 - 11:30", "label": "Direct free-kick", "position": "690880", "team": "away", "visibility": "visible"}, {"gameTime": "1 - 11:45", "label": "Ball out of play", "position": "705563", "team": "home", "visibility": "not shown"}, {"gameTime": "1 - 12:15", "label": "Throw-in", "position": "735547", "team": "not applicable", "visibility": "visible"}, {"gameTime": "1 - 12:19", "label": "Ball out of play", "position": "739957", "team": "home", "visibility": "not shown"}, {"gameTime": "1 - 12:56", "label": "Throw-in", "position": "776211", "team": "not applicable", "visibility": "visible"}, {"gameTime": "1 - 13:03", "label": "Ball out of play", "position": "783407", "team": "away", "visibility": "visible"}, {"gameTime": "1 - 13:17", "label": "Throw-in", "position": "797463", "team": "not applicable", "visibility": "visible"}, {"gameTime": "1 - 13:29", "label": "Ball out of play", "position": "809716", "team": "home", "visibility": "not shown"}, {"gameTime": "1 - 14:09", "label": "Corner", "position": "849740", "team": "not applicable", "visibility": "visible"}, {"gameTime": "1 - 14:46", "label": "Shots off target", "position": "886559", "team": "home", "visibility": "visible"}, {"gameTime": "1 - 15:02", "label": "Ball out of play", "position": "902435", "team": "home", "visibility": "visible"}, {"gameTime": "1 - 15:03", "label": "Clearance", "position": "903155", "team": "not applicable", "visibility": "visible"}, {"gameTime": "1 - 15:26", "label": "Offside", "position": "926280", "team": "away", "visibility": "not shown"}, {"gameTime": "1 - 15:49", "label": "Indirect free-kick", "position": "949231", "team": "away", "visibility": "visible"}, {"gameTime": "1 - 16:16", "label": "Ball out of play", "position": "976419", "team": "home", "visibility": "visible"}, {"gameTime": "1 - 17:00", "label": "Throw-in", "position": "1020655", "team": "not applicable", "visibility": "visible"}, {"gameTime": "1 - 17:14", "label": "Ball out of play", "position": "1034293", "team": "home", "visibility": "visible"}, {"gameTime": "1 - 17:16", "label": "Throw-in", "position": "1036829", "team": "not applicable", "visibility": "visible"}, {"gameTime": "1 - 17:28", "label": "Foul", "position": "1048048", "team": "home", "visibility": "not shown"}, {"gameTime": "1 - 18:01", "label": "Direct free-kick", "position": "1081354", "team": "away", "visibility": "visible"}, {"gameTime": "1 - 18:26", "label": "Ball out of play", "position": "1106619", "team": "home", "visibility": "not shown"}, {"gameTime": "1 - 18:49", "label": "Throw-in", "position": "1129432", "team": "not applicable", "visibility": "visible"}, {"gameTime": "1 - 19:04", "label": "Ball out of play", "position": "1144841", "team": "home", "visibility": "visible"}, {"gameTime": "1 - 19:24", "label": "Throw-in", "position": "1164324", "team": "not applicable", "visibility": "visible"}, {"gameTime": "1 - 19:33", "label": "Ball out of play", "position": "1173092", "team": "home", "visibility": "visible"}, {"gameTime": "1 - 20:53", "label": "Clearance", "position": "1253508", "team": "not applicable", "visibility": "visible"}, {"gameTime": "1 - 21:17", "label": "Ball out of play", "position": "1277350", "team": "home", "visibility": "visible"}, {"gameTime": "1 - 21:57", "label": "Throw-in", "position": "1317992", "team": "not applicable", "visibility": "visible"}, {"gameTime": "1 - 22:07", "label": "Foul", "position": "1327823", "team": "home", "visibility": "visible"}, {"gameTime": "1 - 22:35", "label": "Direct free-kick", "position": "1355266", "team": "home", "visibility": "visible"}, {"gameTime": "1 - 23:34", "label": "Ball out of play", "position": "1414343", "team": "away", "visibility": "visible"}, {"gameTime": "1 - 23:36", "label": "Corner", "position": "1416427", "team": "not applicable", "visibility": "not shown"}, {"gameTime": "1 - 23:54", "label": "Shots on target", "position": "1434144", "team": "away", "visibility": "visible"}, {"gameTime": "1 - 24:00", "label": "Ball out of play", "position": "1440456", "team": "away", "visibility": "visible"}, {"gameTime": "1 - 24:06", "label": "Throw-in", "position": "1446530", "team": "not applicable", "visibility": "visible"}, {"gameTime": "1 - 24:20", "label": "Ball out of play", "position": "1460728", "team": "away", "visibility": "visible"}, {"gameTime": "1 - 24:23", "label": "Throw-in", "position": "1463927", "team": "not applicable", "visibility": "visible"}, {"gameTime": "1 - 24:48", "label": "Ball out of play", "position": "1488044", "team": "home", "visibility": "not shown"}, {"gameTime": "1 - 25:01", "label": "Clearance", "position": "1501658", "team": "not applicable", "visibility": "visible"}, {"gameTime": "1 - 25:11", "label": "Ball out of play", "position": "1511130", "team": "away", "visibility": "visible"}, {"gameTime": "1 - 25:46", "label": "Throw-in", "position": "1546791", "team": "not applicable", "visibility": "visible"}, {"gameTime": "1 - 25:53", "label": "Shots on target", "position": "1553937", "team": "away", "visibility": "visible"}, {"gameTime": "1 - 27:18", "label": "Ball out of play", "position": "1638586", "team": "away", "visibility": "visible"}, {"gameTime": "1 - 27:19", "label": "Corner", "position": "1639546", "team": "not applicable", "visibility": "visible"}, {"gameTime": "1 - 27:55", "label": "Shots on target", "position": "1675729", "team": "away", "visibility": "visible"}, {"gameTime": "1 - 27:56", "label": "Goal", "position": "1676750", "team": "away", "visibility": "visible"}, {"gameTime": "1 - 27:57", "label": "Kick-off", "position": "1677150", "team": "away", "visibility": "visible"}, {"gameTime": "1 - 28:49", "label": "Ball out of play", "position": "1729728", "team": "home", "visibility": "not shown"}, {"gameTime": "1 - 29:29", "label": "Throw-in", "position": "1769475", "team": "not applicable", "visibility": "visible"}, {"gameTime": "1 - 29:47", "label": "Ball out of play", "position": "1787440", "team": "away", "visibility": "visible"}, {"gameTime": "1 - 30:03", "label": "Shots on target", "position": "1803241", "team": "not applicable", "visibility": "visible"}, {"gameTime": "1 - 30:48", "label": "Ball out of play", "position": "1848497", "team": "home", "visibility": "visible"}, {"gameTime": "1 - 34:19", "label": "Throw-in", "position": "2059417", "team": "not applicable", "visibility": "visible"}, {"gameTime": "1 - 34:31", "label": "Ball out of play", "position": "2071992", "team": "away", "visibility": "visible"}, {"gameTime": "1 - 35:49", "label": "Throw-in", "position": "2149970", "team": "not applicable", "visibility": "visible"}, {"gameTime": "1 - 36:03", "label": "Ball out of play", "position": "2163187", "team": "home", "visibility": "visible"}, {"gameTime": "1 - 36:46", "label": "Clearance", "position": "2206039", "team": "not applicable", "visibility": "visible"}, {"gameTime": "1 - 36:58", "label": "Ball out of play", "position": "2218752", "team": "away", "visibility": "visible"}, {"gameTime": "1 - 38:14", "label": "Throw-in", "position": "2294977", "team": "not applicable", "visibility": "visible"}, {"gameTime": "1 - 38:25", "label": "Ball out of play", "position": "2305304", "team": "away", "visibility": "visible"}, {"gameTime": "1 - 38:32", "label": "Throw-in", "position": "2312865", "team": "not applicable", "visibility": "visible"}, {"gameTime": "1 - 38:46", "label": "Ball out of play", "position": "2326870", "team": "home", "visibility": "not shown"}, {"gameTime": "1 - 41:11", "label": "Throw-in", "position": "2471355", "team": "not applicable", "visibility": "visible"}, {"gameTime": "1 - 41:19", "label": "Shots off target", "position": "2479598", "team": "away", "visibility": "visible"}, {"gameTime": "1 - 43:25", "label": "Ball out of play", "position": "2605860", "team": "home", "visibility": "visible"}, {"gameTime": "1 - 43:27", "label": "Clearance", "position": "2607039", "team": "not applicable", "visibility": "visible"}, {"gameTime": "1 - 43:53", "label": "Ball out of play", "position": "2633751", "team": "away", "visibility": "not shown"}, {"gameTime": "1 - 44:55", "label": "Ball out of play", "position": "2695015", "team": "not applicable", "visibility": "visible"}, {"gameTime": "2 - 00:00", "label": "Ball out of play", "position": "0", "team": "home", "visibility": "not shown"}, {"gameTime": "2 - 00:14", "label": "Throw-in", "position": "14048", "team": "not applicable", "visibility": "visible"}, {"gameTime": "2 - 00:23", "label": "Ball out of play", "position": "23406", "team": "away", "visibility": "visible"}, {"gameTime": "2 - 00:56", "label": "Corner", "position": "56971", "team": "not applicable", "visibility": "visible"}, {"gameTime": "2 - 01:27", "label": "Ball out of play", "position": "87363", "team": "away", "visibility": "visible"}, {"gameTime": "2 - 01:29", "label": "Corner", "position": "89160", "team": "not applicable", "visibility": "visible"}, {"gameTime": "2 - 01:35", "label": "Ball out of play", "position": "95792", "team": "away", "visibility": "not shown"}, {"gameTime": "2 - 01:45", "label": "Throw-in", "position": "105128", "team": "not applicable", "visibility": "visible"}, {"gameTime": "2 - 01:50", "label": "Ball out of play", "position": "110092", "team": "away", "visibility": "visible"}, {"gameTime": "2 - 02:03", "label": "Throw-in", "position": "123979", "team": "not applicable", "visibility": "visible"}, {"gameTime": "2 - 02:11", "label": "Foul", "position": "131053", "team": "away", "visibility": "visible"}, {"gameTime": "2 - 02:41", "label": "Direct free-kick", "position": "161033", "team": "home", "visibility": "visible"}, {"gameTime": "2 - 02:44", "label": "Ball out of play", "position": "164134", "team": "away", "visibility": "visible"}, {"gameTime": "2 - 02:52", "label": "Clearance", "position": "172455", "team": "not applicable", "visibility": "visible"}, {"gameTime": "2 - 03:19", "label": "Ball out of play", "position": "199859", "team": "home", "visibility": "not shown"}, {"gameTime": "2 - 03:44", "label": "Clearance", "position": "224487", "team": "not applicable", "visibility": "visible"}, {"gameTime": "2 - 03:58", "label": "Shots on target", "position": "238905", "team": "away", "visibility": "visible"}, {"gameTime": "2 - 06:06", "label": "Goal", "position": "366560", "team": "away", "visibility": "visible"}, {"gameTime": "2 - 06:08", "label": "Kick-off", "position": "368000", "team": "away", "visibility": "visible"}, {"gameTime": "2 - 07:11", "label": "Offside", "position": "431016", "team": "home", "visibility": "not shown"}, {"gameTime": "2 - 07:32", "label": "Indirect free-kick", "position": "452975", "team": "home", "visibility": "visible"}, {"gameTime": "2 - 07:38", "label": "Ball out of play", "position": "458973", "team": "away", "visibility": "visible"}, {"gameTime": "2 - 08:54", "label": "Throw-in", "position": "534014", "team": "not applicable", "visibility": "visible"}, {"gameTime": "2 - 09:06", "label": "Ball out of play", "position": "546743", "team": "home", "visibility": "visible"}, {"gameTime": "2 - 09:38", "label": "Throw-in", "position": "578702", "team": "not applicable", "visibility": "visible"}, {"gameTime": "2 - 09:50", "label": "Foul", "position": "590862", "team": "away", "visibility": "not shown"}, {"gameTime": "2 - 09:51", "label": "Direct free-kick", "position": "591480", "team": "home", "visibility": "not shown"}, {"gameTime": "2 - 10:31", "label": "Shots on target", "position": "631408", "team": "away", "visibility": "visible"}, {"gameTime": "2 - 10:32", "label": "Ball out of play", "position": "632757", "team": "away", "visibility": "visible"}, {"gameTime": "2 - 10:49", "label": "Throw-in", "position": "649570", "team": "not applicable", "visibility": "visible"}, {"gameTime": "2 - 10:53", "label": "Foul", "position": "653826", "team": "home", "visibility": "visible"}, {"gameTime": "2 - 11:43", "label": "Substitution", "position": "703089", "team": "home", "visibility": "visible"}, {"gameTime": "2 - 12:01", "label": "Direct free-kick", "position": "721000", "team": "home", "visibility": "visible"}, {"gameTime": "2 - 12:17", "label": "Offside", "position": "737342", "team": "away", "visibility": "not shown"}, {"gameTime": "2 - 14:08", "label": "Indirect free-kick", "position": "848995", "team": "home", "visibility": "visible"}, {"gameTime": "2 - 14:33", "label": "Foul", "position": "873162", "team": "away", "visibility": "not shown"}, {"gameTime": "2 - 14:38", "label": "Direct free-kick", "position": "878994", "team": "home", "visibility": "visible"}, {"gameTime": "2 - 14:48", "label": "Foul", "position": "888840", "team": "away", "visibility": "visible"}, {"gameTime": "2 - 15:31", "label": "Direct free-kick", "position": "931196", "team": "away", "visibility": "visible"}, {"gameTime": "2 - 15:38", "label": "Foul", "position": "938946", "team": "home", "visibility": "visible"}, {"gameTime": "2 - 16:09", "label": "Direct free-kick", "position": "969774", "team": "away", "visibility": "visible"}, {"gameTime": "2 - 16:29", "label": "Ball out of play", "position": "989768", "team": "home", "visibility": "visible"}, {"gameTime": "2 - 16:51", "label": "Throw-in", "position": "1011286", "team": "not applicable", "visibility": "visible"}, {"gameTime": "2 - 16:57", "label": "Ball out of play", "position": "1017513", "team": "away", "visibility": "visible"}, {"gameTime": "2 - 17:42", "label": "Corner", "position": "1062005", "team": "not applicable", "visibility": "visible"}, {"gameTime": "2 - 18:09", "label": "Shots on target", "position": "1089832", "team": "away", "visibility": "visible"}, {"gameTime": "2 - 18:12", "label": "Foul", "position": "1092238", "team": "away", "visibility": "visible"}, {"gameTime": "2 - 18:20", "label": "Direct free-kick", "position": "1100427", "team": "away", "visibility": "visible"}, {"gameTime": "2 - 18:49", "label": "Ball out of play", "position": "1129414", "team": "home", "visibility": "visible"}, {"gameTime": "2 - 20:14", "label": "Throw-in", "position": "1214634", "team": "not applicable", "visibility": "visible"}, {"gameTime": "2 - 20:31", "label": "Ball out of play", "position": "1231094", "team": "home", "visibility": "visible"}, {"gameTime": "2 - 22:18", "label": "Corner", "position": "1338555", "team": "not applicable", "visibility": "visible"}, {"gameTime": "2 - 22:48", "label": "Shots on target", "position": "1368920", "team": "home", "visibility": "visible"}, {"gameTime": "2 - 22:50", "label": "Goal", "position": "1370350", "team": "home", "visibility": "visible"}, {"gameTime": "2 - 22:51", "label": "Kick-off", "position": "1371000", "team": "home", "visibility": "visible"}, {"gameTime": "2 - 23:54", "label": "Ball out of play", "position": "1434888", "team": "away", "visibility": "not shown"}, {"gameTime": "2 - 24:47", "label": "Throw-in", "position": "1487668", "team": "not applicable", "visibility": "visible"}, {"gameTime": "2 - 25:03", "label": "Foul", "position": "1503479", "team": "away", "visibility": "visible"}, {"gameTime": "2 - 26:28", "label": "Yellow card", "position": "1588326", "team": "home", "visibility": "visible"}, {"gameTime": "2 - 26:39", "label": "Shots off target", "position": "1599000", "team": "home", "visibility": "visible"}, {"gameTime": "2 - 29:11", "label": "Direct free-kick", "position": "1751088", "team": "away", "visibility": "visible"}, {"gameTime": "2 - 29:11", "label": "Ball out of play", "position": "1751088", "team": "away", "visibility": "visible"}, {"gameTime": "2 - 29:25", "label": "Throw-in", "position": "1765528", "team": "not applicable", "visibility": "visible"}, {"gameTime": "2 - 29:47", "label": "Foul", "position": "1787381", "team": "away", "visibility": "visible"}, {"gameTime": "2 - 29:50", "label": "Yellow card", "position": "1790218", "team": "away", "visibility": "visible"}, {"gameTime": "2 - 29:58", "label": "Direct free-kick", "position": "1798000", "team": "away", "visibility": "visible"}, {"gameTime": "2 - 30:24", "label": "Foul", "position": "1824163", "team": "home", "visibility": "visible"}, {"gameTime": "2 - 31:10", "label": "Direct free-kick", "position": "1870375", "team": "home", "visibility": "not shown"}, {"gameTime": "2 - 31:16", "label": "Ball out of play", "position": "1876595", "team": "away", "visibility": "visible"}, {"gameTime": "2 - 32:05", "label": "Throw-in", "position": "1925072", "team": "not applicable", "visibility": "visible"}, {"gameTime": "2 - 32:25", "label": "Shots off target", "position": "1945906", "team": "home", "visibility": "not shown"}, {"gameTime": "2 - 35:16", "label": "Ball out of play", "position": "2116483", "team": "away", "visibility": "visible"}, {"gameTime": "2 - 35:17", "label": "Ball out of play", "position": "2117563", "team": "not applicable", "visibility": "visible"}, {"gameTime": "2 - 35:17", "label": "Substitution", "position": "2117563", "team": "not applicable", "visibility": "visible"}, {"gameTime": "2 - 35:59", "label": "Clearance", "position": "2159000", "team": "away", "visibility": "visible"}, {"gameTime": "2 - 36:06", "label": "Ball out of play", "position": "2166028", "team": "home", "visibility": "not shown"}, {"gameTime": "2 - 36:21", "label": "Corner", "position": "2181438", "team": "not applicable", "visibility": "visible"}, {"gameTime": "2 - 36:55", "label": "Shots on target", "position": "2215403", "team": "away", "visibility": "visible"}, {"gameTime": "2 - 37:35", "label": "Ball out of play", "position": "2255370", "team": "away", "visibility": "visible"}, {"gameTime": "2 - 37:36", "label": "Yellow card", "position": "2256890", "team": "not applicable", "visibility": "visible"}, {"gameTime": "2 - 37:52", "label": "Corner", "position": "2272000", "team": "home", "visibility": "visible"}, {"gameTime": "2 - 38:03", "label": "Shots on target", "position": "2283096", "team": "away", "visibility": "visible"}, {"gameTime": "2 - 38:18", "label": "Ball out of play", "position": "2298972", "team": "away", "visibility": "visible"}, {"gameTime": "2 - 39:04", "label": "Throw-in", "position": "2344755", "team": "not applicable", "visibility": "visible"}, {"gameTime": "2 - 39:09", "label": "Ball out of play", "position": "2349325", "team": "home", "visibility": "not shown"}, {"gameTime": "2 - 39:52", "label": "Substitution", "position": "2392750", "team": "not applicable", "visibility": "visible"}, {"gameTime": "2 - 40:18", "label": "Throw-in", "position": "2418000", "team": "home", "visibility": "visible"}, {"gameTime": "2 - 40:36", "label": "Ball out of play", "position": "2436184", "team": "away", "visibility": "visible"}, {"gameTime": "2 - 41:40", "label": "Throw-in", "position": "2500803", "team": "not applicable", "visibility": "visible"}, {"gameTime": "2 - 41:44", "label": "Shots off target", "position": "2504035", "team": "home", "visibility": "not shown"}, {"gameTime": "2 - 42:04", "label": "Ball out of play", "position": "2524098", "team": "away", "visibility": "visible"}, {"gameTime": "2 - 42:05", "label": "Substitution", "position": "2525795", "team": "not applicable", "visibility": "visible"}, {"gameTime": "2 - 42:41", "label": "Clearance", "position": "2561000", "team": "away", "visibility": "visible"}, {"gameTime": "2 - 42:48", "label": "Ball out of play", "position": "2568277", "team": "home", "visibility": "visible"}, {"gameTime": "2 - 43:41", "label": "Throw-in", "position": "2621374", "team": "not applicable", "visibility": "visible"}, {"gameTime": "2 - 43:51", "label": "Ball out of play", "position": "2631166", "team": "away", "visibility": "visible"}, {"gameTime": "2 - 43:58", "label": "Throw-in", "position": "2638236", "team": "not applicable", "visibility": "visible"}, {"gameTime": "2 - 44:04", "label": "Shots off target", "position": "2644942", "team": "away", "visibility": "visible"}, {"gameTime": "2 - 44:13", "label": "Ball out of play", "position": "2653145", "team": "away", "visibility": "visible"}, {"gameTime": "2 - 44:13", "label": "Clearance", "position": "2653600", "team": "not applicable", "visibility": "visible"}, {"gameTime": "2 - 44:33", "label": "Offside", "position": "2673267", "team": "home", "visibility": "not shown"}, {"gameTime": "2 - 44:46", "label": "Offside", "position": "2686162", "team": "home", "visibility": "visible"}], "gameAwayTeam": "Paris SG", "gameDate": "12/03/2017 - 23:00", "gameHomeTeam": "Lorient", "gameScore": "1 - 2"}