{"UrlLocal": "italy_serie-a/2016-2017/2016-11-06 - 17-00 Palermo 1 - 2 AC Milan/", "UrlYoutube": "", "annotations": [{"gameTime": "1 - 01:19", "label": "Kick-off", "position": "79794", "team": "not applicable", "visibility": "visible"}, {"gameTime": "1 - 01:40", "label": "Ball out of play", "position": "100239", "team": "home", "visibility": "not shown"}, {"gameTime": "1 - 01:51", "label": "Clearance", "position": "111694", "team": "not applicable", "visibility": "visible"}, {"gameTime": "1 - 02:00", "label": "Ball out of play", "position": "120704", "team": "away", "visibility": "visible"}, {"gameTime": "1 - 02:22", "label": "Throw-in", "position": "142682", "team": "home", "visibility": "visible"}, {"gameTime": "1 - 03:06", "label": "Foul", "position": "186446", "team": "away", "visibility": "visible"}, {"gameTime": "1 - 03:47", "label": "Direct free-kick", "position": "227988", "team": "home", "visibility": "visible"}, {"gameTime": "1 - 03:57", "label": "Foul", "position": "237123", "team": "away", "visibility": "not shown"}, {"gameTime": "1 - 04:30", "label": "Direct free-kick", "position": "270138", "team": "away", "visibility": "visible"}, {"gameTime": "1 - 04:43", "label": "Foul", "position": "283725", "team": "home", "visibility": "visible"}, {"gameTime": "1 - 05:20", "label": "Indirect free-kick", "position": "320163", "team": "home", "visibility": "visible"}, {"gameTime": "1 - 05:41", "label": "Foul", "position": "341300", "team": "away", "visibility": "not shown"}, {"gameTime": "1 - 06:06", "label": "Indirect free-kick", "position": "366900", "team": "not applicable", "visibility": "visible"}, {"gameTime": "1 - 06:25", "label": "Ball out of play", "position": "385196", "team": "home", "visibility": "visible"}, {"gameTime": "1 - 06:27", "label": "Throw-in", "position": "387774", "team": "not applicable", "visibility": "visible"}, {"gameTime": "1 - 06:46", "label": "Ball out of play", "position": "406760", "team": "home", "visibility": "visible"}, {"gameTime": "1 - 08:09", "label": "Throw-in", "position": "489503", "team": "not applicable", "visibility": "visible"}, {"gameTime": "1 - 08:19", "label": "Ball out of play", "position": "499206", "team": "away", "visibility": "visible"}, {"gameTime": "1 - 08:22", "label": "Throw-in", "position": "502164", "team": "not applicable", "visibility": "visible"}, {"gameTime": "1 - 08:32", "label": "Ball out of play", "position": "512439", "team": "away", "visibility": "visible"}, {"gameTime": "1 - 08:33", "label": "Throw-in", "position": "513669", "team": "home", "visibility": "visible"}, {"gameTime": "1 - 09:04", "label": "Foul", "position": "544549", "team": "away", "visibility": "visible"}, {"gameTime": "1 - 09:07", "label": "Direct free-kick", "position": "547030", "team": "away", "visibility": "visible"}, {"gameTime": "1 - 09:09", "label": "Shots off target", "position": "549120", "team": "not applicable", "visibility": "visible"}, {"gameTime": "1 - 09:24", "label": "Ball out of play", "position": "564515", "team": "home", "visibility": "visible"}, {"gameTime": "1 - 09:56", "label": "Clearance", "position": "596223", "team": "home", "visibility": "visible"}, {"gameTime": "1 - 10:53", "label": "Foul", "position": "653586", "team": "away", "visibility": "visible"}, {"gameTime": "1 - 10:53", "label": "Shots off target", "position": "653586", "team": "away", "visibility": "visible"}, {"gameTime": "1 - 10:54", "label": "Direct free-kick", "position": "654881", "team": "not applicable", "visibility": "visible"}, {"gameTime": "1 - 11:10", "label": "Ball out of play", "position": "670130", "team": "home", "visibility": "visible"}, {"gameTime": "1 - 11:42", "label": "Clearance", "position": "702001", "team": "not applicable", "visibility": "visible"}, {"gameTime": "1 - 11:52", "label": "Ball out of play", "position": "712584", "team": "away", "visibility": "visible"}, {"gameTime": "1 - 12:05", "label": "Throw-in", "position": "725357", "team": "away", "visibility": "visible"}, {"gameTime": "1 - 12:06", "label": "Shots off target", "position": "726311", "team": "not applicable", "visibility": "visible"}, {"gameTime": "1 - 12:35", "label": "Ball out of play", "position": "755274", "team": "home", "visibility": "visible"}, {"gameTime": "1 - 12:58", "label": "Clearance", "position": "778172", "team": "away", "visibility": "visible"}, {"gameTime": "1 - 13:40", "label": "Foul", "position": "820618", "team": "home", "visibility": "visible"}, {"gameTime": "1 - 14:20", "label": "Direct free-kick", "position": "860967", "team": "away", "visibility": "visible"}, {"gameTime": "1 - 14:21", "label": "Shots on target", "position": "861599", "team": "away", "visibility": "visible"}, {"gameTime": "1 - 15:06", "label": "Goal", "position": "906037", "team": "home", "visibility": "not shown"}, {"gameTime": "1 - 15:59", "label": "Kick-off", "position": "959648", "team": "not applicable", "visibility": "visible"}, {"gameTime": "1 - 16:13", "label": "Ball out of play", "position": "973992", "team": "away", "visibility": "visible"}, {"gameTime": "1 - 16:52", "label": "Throw-in", "position": "1012050", "team": "away", "visibility": "visible"}, {"gameTime": "1 - 17:41", "label": "Shots on target", "position": "1061766", "team": "not applicable", "visibility": "visible"}, {"gameTime": "1 - 17:46", "label": "Ball out of play", "position": "1066075", "team": "home", "visibility": "visible"}, {"gameTime": "1 - 18:25", "label": "Throw-in", "position": "1105468", "team": "not applicable", "visibility": "visible"}, {"gameTime": "1 - 18:45", "label": "Ball out of play", "position": "1125954", "team": "home", "visibility": "visible"}, {"gameTime": "1 - 18:55", "label": "Corner", "position": "1135095", "team": "away", "visibility": "visible"}, {"gameTime": "1 - 19:46", "label": "Foul", "position": "1186590", "team": "home", "visibility": "visible"}, {"gameTime": "1 - 19:46", "label": "Direct free-kick", "position": "1186590", "team": "home", "visibility": "visible"}, {"gameTime": "1 - 20:18", "label": "Shots on target", "position": "1218059", "team": "away", "visibility": "visible"}, {"gameTime": "1 - 20:50", "label": "Foul", "position": "1250455", "team": "home", "visibility": "visible"}, {"gameTime": "1 - 21:15", "label": "Indirect free-kick", "position": "1275274", "team": "not applicable", "visibility": "visible"}, {"gameTime": "1 - 22:00", "label": "Ball out of play", "position": "1320259", "team": "not applicable", "visibility": "visible"}, {"gameTime": "1 - 22:04", "label": "Ball out of play", "position": "1324199", "team": "home", "visibility": "not shown"}, {"gameTime": "1 - 22:16", "label": "Throw-in", "position": "1336030", "team": "away", "visibility": "visible"}, {"gameTime": "1 - 22:19", "label": "Shots on target", "position": "1339406", "team": "not applicable", "visibility": "visible"}, {"gameTime": "1 - 22:46", "label": "Ball out of play", "position": "1366422", "team": "home", "visibility": "visible"}, {"gameTime": "1 - 23:01", "label": "Clearance", "position": "1381177", "team": "home", "visibility": "visible"}, {"gameTime": "1 - 23:03", "label": "Shots on target", "position": "1383458", "team": "not applicable", "visibility": "visible"}, {"gameTime": "1 - 23:28", "label": "Ball out of play", "position": "1408522", "team": "home", "visibility": "visible"}, {"gameTime": "1 - 23:29", "label": "Corner", "position": "1409993", "team": "home", "visibility": "visible"}, {"gameTime": "1 - 23:30", "label": "Shots off target", "position": "1410753", "team": "not applicable", "visibility": "visible"}, {"gameTime": "1 - 23:49", "label": "Ball out of play", "position": "1429209", "team": "away", "visibility": "visible"}, {"gameTime": "1 - 24:44", "label": "Clearance", "position": "1484513", "team": "not applicable", "visibility": "visible"}, {"gameTime": "1 - 24:49", "label": "Ball out of play", "position": "1489773", "team": "home", "visibility": "visible"}, {"gameTime": "1 - 25:00", "label": "Throw-in", "position": "1500221", "team": "away", "visibility": "visible"}, {"gameTime": "1 - 25:10", "label": "Foul", "position": "1510396", "team": "away", "visibility": "visible"}, {"gameTime": "1 - 25:43", "label": "Yellow card", "position": "1543182", "team": "home", "visibility": "visible"}, {"gameTime": "1 - 26:32", "label": "Indirect free-kick", "position": "1592944", "team": "home", "visibility": "visible"}, {"gameTime": "1 - 27:03", "label": "Offside", "position": "1623531", "team": "away", "visibility": "not shown"}, {"gameTime": "1 - 27:10", "label": "Indirect free-kick", "position": "1630930", "team": "not applicable", "visibility": "visible"}, {"gameTime": "1 - 27:31", "label": "Ball out of play", "position": "1651330", "team": "away", "visibility": "visible"}, {"gameTime": "1 - 27:35", "label": "Corner", "position": "1655487", "team": "away", "visibility": "visible"}, {"gameTime": "1 - 27:36", "label": "Shots off target", "position": "1656519", "team": "not applicable", "visibility": "visible"}, {"gameTime": "1 - 27:48", "label": "Ball out of play", "position": "1668376", "team": "home", "visibility": "visible"}, {"gameTime": "1 - 27:57", "label": "Clearance", "position": "1677217", "team": "home", "visibility": "visible"}, {"gameTime": "1 - 28:42", "label": "Foul", "position": "1722963", "team": "away", "visibility": "visible"}, {"gameTime": "1 - 28:45", "label": "Direct free-kick", "position": "1725758", "team": "not applicable", "visibility": "visible"}, {"gameTime": "1 - 29:34", "label": "Ball out of play", "position": "1774806", "team": "away", "visibility": "visible"}, {"gameTime": "1 - 29:41", "label": "Foul", "position": "1781907", "team": "home", "visibility": "visible"}, {"gameTime": "1 - 31:00", "label": "Indirect free-kick", "position": "1860828", "team": "not applicable", "visibility": "visible"}, {"gameTime": "1 - 31:25", "label": "Ball out of play", "position": "1885932", "team": "home", "visibility": "visible"}, {"gameTime": "1 - 31:32", "label": "Corner", "position": "1892950", "team": "not applicable", "visibility": "visible"}, {"gameTime": "1 - 31:35", "label": "Ball out of play", "position": "1895944", "team": "home", "visibility": "visible"}, {"gameTime": "1 - 31:49", "label": "Throw-in", "position": "1909370", "team": "home", "visibility": "visible"}, {"gameTime": "1 - 32:15", "label": "Shots on target", "position": "1935842", "team": "not applicable", "visibility": "visible"}, {"gameTime": "1 - 32:21", "label": "Ball out of play", "position": "1941968", "team": "away", "visibility": "visible"}, {"gameTime": "1 - 32:53", "label": "Throw-in", "position": "1973952", "team": "not applicable", "visibility": "visible"}, {"gameTime": "1 - 33:07", "label": "Ball out of play", "position": "1987471", "team": "away", "visibility": "visible"}, {"gameTime": "1 - 33:21", "label": "Throw-in", "position": "2001725", "team": "not applicable", "visibility": "visible"}, {"gameTime": "1 - 33:29", "label": "Ball out of play", "position": "2009999", "team": "home", "visibility": "visible"}, {"gameTime": "1 - 33:37", "label": "Clearance", "position": "2017929", "team": "not applicable", "visibility": "visible"}, {"gameTime": "1 - 33:46", "label": "Ball out of play", "position": "2026500", "team": "away", "visibility": "visible"}, {"gameTime": "1 - 33:50", "label": "Throw-in", "position": "2030656", "team": "not applicable", "visibility": "visible"}, {"gameTime": "1 - 34:05", "label": "Ball out of play", "position": "2045230", "team": "home", "visibility": "visible"}, {"gameTime": "1 - 34:30", "label": "Throw-in", "position": "2070929", "team": "not applicable", "visibility": "visible"}, {"gameTime": "1 - 34:49", "label": "Ball out of play", "position": "2089324", "team": "away", "visibility": "visible"}, {"gameTime": "1 - 35:05", "label": "Throw-in", "position": "2105989", "team": "not applicable", "visibility": "visible"}, {"gameTime": "1 - 35:22", "label": "Ball out of play", "position": "2122418", "team": "home", "visibility": "visible"}, {"gameTime": "1 - 35:50", "label": "Corner", "position": "2150944", "team": "home", "visibility": "visible"}, {"gameTime": "1 - 35:57", "label": "Foul", "position": "2157500", "team": "away", "visibility": "not shown"}, {"gameTime": "1 - 36:29", "label": "Indirect free-kick", "position": "2189754", "team": "away", "visibility": "visible"}, {"gameTime": "1 - 38:13", "label": "Foul", "position": "2293792", "team": "home", "visibility": "visible"}, {"gameTime": "1 - 38:54", "label": "Indirect free-kick", "position": "2334149", "team": "home", "visibility": "visible"}, {"gameTime": "1 - 39:12", "label": "Foul", "position": "2352187", "team": "away", "visibility": "visible"}, {"gameTime": "1 - 40:15", "label": "Indirect free-kick", "position": "2415067", "team": "not applicable", "visibility": "visible"}, {"gameTime": "1 - 40:18", "label": "Ball out of play", "position": "2418062", "team": "home", "visibility": "not shown"}, {"gameTime": "1 - 41:04", "label": "Throw-in", "position": "2464866", "team": "not applicable", "visibility": "not shown"}, {"gameTime": "1 - 41:05", "label": "Ball out of play", "position": "2465969", "team": "away", "visibility": "not shown"}, {"gameTime": "1 - 41:10", "label": "Throw-in", "position": "2470346", "team": "not applicable", "visibility": "visible"}, {"gameTime": "1 - 41:16", "label": "Ball out of play", "position": "2476081", "team": "home", "visibility": "visible"}, {"gameTime": "1 - 41:46", "label": "Throw-in", "position": "2506114", "team": "home", "visibility": "visible"}, {"gameTime": "1 - 42:06", "label": "Foul", "position": "2526310", "team": "away", "visibility": "visible"}, {"gameTime": "1 - 42:29", "label": "Indirect free-kick", "position": "2549567", "team": "not applicable", "visibility": "visible"}, {"gameTime": "1 - 42:54", "label": "Ball out of play", "position": "2574524", "team": "away", "visibility": "visible"}, {"gameTime": "1 - 43:42", "label": "Corner", "position": "2622820", "team": "not applicable", "visibility": "visible"}, {"gameTime": "1 - 43:46", "label": "Ball out of play", "position": "2626788", "team": "home", "visibility": "visible"}, {"gameTime": "1 - 43:55", "label": "Throw-in", "position": "2635476", "team": "not applicable", "visibility": "visible"}, {"gameTime": "1 - 44:01", "label": "Ball out of play", "position": "2641780", "team": "home", "visibility": "visible"}, {"gameTime": "1 - 44:17", "label": "Throw-in", "position": "2657530", "team": "not applicable", "visibility": "visible"}, {"gameTime": "1 - 44:20", "label": "Ball out of play", "position": "2660877", "team": "home", "visibility": "visible"}, {"gameTime": "1 - 44:34", "label": "Throw-in", "position": "2674878", "team": "not applicable", "visibility": "visible"}, {"gameTime": "1 - 44:50", "label": "Ball out of play", "position": "2690298", "team": "home", "visibility": "visible"}, {"gameTime": "1 - 44:54", "label": "Throw-in", "position": "2694354", "team": "not applicable", "visibility": "visible"}, {"gameTime": "2 - 00:40", "label": "Kick-off", "position": "40441", "team": "not applicable", "visibility": "visible"}, {"gameTime": "2 - 00:55", "label": "Ball out of play", "position": "55394", "team": "home", "visibility": "visible"}, {"gameTime": "2 - 01:49", "label": "Throw-in", "position": "109618", "team": "away", "visibility": "visible"}, {"gameTime": "2 - 01:58", "label": "Foul", "position": "118561", "team": "home", "visibility": "visible"}, {"gameTime": "2 - 03:56", "label": "Indirect free-kick", "position": "236862", "team": "not applicable", "visibility": "visible"}, {"gameTime": "2 - 04:15", "label": "Ball out of play", "position": "255667", "team": "home", "visibility": "visible"}, {"gameTime": "2 - 04:18", "label": "Corner", "position": "258860", "team": "home", "visibility": "visible"}, {"gameTime": "2 - 05:16", "label": "Shots off target", "position": "316800", "team": "home", "visibility": "visible"}, {"gameTime": "2 - 05:29", "label": "Foul", "position": "329232", "team": "away", "visibility": "visible"}, {"gameTime": "2 - 05:50", "label": "Indirect free-kick", "position": "350216", "team": "not applicable", "visibility": "visible"}, {"gameTime": "2 - 05:52", "label": "Ball out of play", "position": "352585", "team": "home", "visibility": "visible"}, {"gameTime": "2 - 06:20", "label": "Throw-in", "position": "380102", "team": "home", "visibility": "visible"}, {"gameTime": "2 - 06:36", "label": "Foul", "position": "396851", "team": "away", "visibility": "visible"}, {"gameTime": "2 - 06:41", "label": "Indirect free-kick", "position": "401250", "team": "home", "visibility": "visible"}, {"gameTime": "2 - 08:00", "label": "Foul", "position": "480888", "team": "home", "visibility": "visible"}, {"gameTime": "2 - 08:50", "label": "Shots on target", "position": "530958", "team": "not applicable", "visibility": "visible"}, {"gameTime": "2 - 09:12", "label": "Ball out of play", "position": "552268", "team": "home", "visibility": "not shown"}, {"gameTime": "2 - 10:43", "label": "Clearance", "position": "643722", "team": "not applicable", "visibility": "visible"}, {"gameTime": "2 - 11:07", "label": "Ball out of play", "position": "667979", "team": "home", "visibility": "visible"}, {"gameTime": "2 - 11:43", "label": "Substitution", "position": "703479", "team": "home", "visibility": "visible"}, {"gameTime": "2 - 11:56", "label": "Substitution", "position": "716175", "team": "home", "visibility": "visible"}, {"gameTime": "2 - 11:57", "label": "Corner", "position": "717808", "team": "home", "visibility": "visible"}, {"gameTime": "2 - 11:59", "label": "Shots off target", "position": "719122", "team": "not applicable", "visibility": "visible"}, {"gameTime": "2 - 12:18", "label": "Ball out of play", "position": "738662", "team": "away", "visibility": "visible"}, {"gameTime": "2 - 12:33", "label": "Clearance", "position": "753094", "team": "home", "visibility": "visible"}, {"gameTime": "2 - 12:42", "label": "Foul", "position": "762102", "team": "away", "visibility": "not shown"}, {"gameTime": "2 - 12:56", "label": "Indirect free-kick", "position": "776464", "team": "home", "visibility": "visible"}, {"gameTime": "2 - 13:36", "label": "Foul", "position": "816383", "team": "away", "visibility": "visible"}, {"gameTime": "2 - 14:10", "label": "Direct free-kick", "position": "850062", "team": "not applicable", "visibility": "visible"}, {"gameTime": "2 - 14:23", "label": "Ball out of play", "position": "863309", "team": "away", "visibility": "visible"}, {"gameTime": "2 - 14:25", "label": "Throw-in", "position": "865422", "team": "home", "visibility": "visible"}, {"gameTime": "2 - 14:33", "label": "Foul", "position": "873658", "team": "away", "visibility": "visible"}, {"gameTime": "2 - 16:48", "label": "Indirect free-kick", "position": "1008445", "team": "not applicable", "visibility": "visible"}, {"gameTime": "2 - 17:31", "label": "Ball out of play", "position": "1051033", "team": "away", "visibility": "visible"}, {"gameTime": "2 - 17:47", "label": "Substitution", "position": "1067012", "team": "away", "visibility": "visible"}, {"gameTime": "2 - 18:03", "label": "Clearance", "position": "1083958", "team": "home", "visibility": "visible"}, {"gameTime": "2 - 18:09", "label": "Foul", "position": "1089545", "team": "home", "visibility": "visible"}, {"gameTime": "2 - 18:52", "label": "Yellow card", "position": "1132917", "team": "away", "visibility": "visible"}, {"gameTime": "2 - 18:52", "label": "Shots off target", "position": "1132943", "team": "away", "visibility": "visible"}, {"gameTime": "2 - 18:54", "label": "Direct free-kick", "position": "1134342", "team": "not applicable", "visibility": "visible"}, {"gameTime": "2 - 19:11", "label": "Ball out of play", "position": "1151659", "team": "home", "visibility": "visible"}, {"gameTime": "2 - 19:17", "label": "Clearance", "position": "1157451", "team": "not applicable", "visibility": "visible"}, {"gameTime": "2 - 19:28", "label": "Ball out of play", "position": "1168135", "team": "away", "visibility": "visible"}, {"gameTime": "2 - 19:29", "label": "Throw-in", "position": "1169862", "team": "home", "visibility": "visible"}, {"gameTime": "2 - 19:44", "label": "Foul", "position": "1184339", "team": "away", "visibility": "visible"}, {"gameTime": "2 - 20:28", "label": "Indirect free-kick", "position": "1228735", "team": "home", "visibility": "visible"}, {"gameTime": "2 - 20:45", "label": "Foul", "position": "1245349", "team": "away", "visibility": "visible"}, {"gameTime": "2 - 21:18", "label": "Indirect free-kick", "position": "1278860", "team": "home", "visibility": "visible"}, {"gameTime": "2 - 21:46", "label": "Shots off target", "position": "1306321", "team": "away", "visibility": "visible"}, {"gameTime": "2 - 21:56", "label": "Offside", "position": "1316742", "team": "home", "visibility": "visible"}, {"gameTime": "2 - 22:07", "label": "Indirect free-kick", "position": "1327735", "team": "away", "visibility": "visible"}, {"gameTime": "2 - 22:13", "label": "Foul", "position": "1333357", "team": "home", "visibility": "visible"}, {"gameTime": "2 - 23:10", "label": "Indirect free-kick", "position": "1390067", "team": "not applicable", "visibility": "visible"}, {"gameTime": "2 - 23:13", "label": "Ball out of play", "position": "1393303", "team": "home", "visibility": "visible"}, {"gameTime": "2 - 25:47", "label": "Throw-in", "position": "1547293", "team": "home", "visibility": "visible"}, {"gameTime": "2 - 25:47", "label": "Shots on target", "position": "1547998", "team": "home", "visibility": "visible"}, {"gameTime": "2 - 26:29", "label": "Goal", "position": "1589128", "team": "away", "visibility": "visible"}, {"gameTime": "2 - 27:07", "label": "Substitution", "position": "1627118", "team": "away", "visibility": "visible"}, {"gameTime": "2 - 27:24", "label": "Kick-off", "position": "1644989", "team": "home", "visibility": "visible"}, {"gameTime": "2 - 28:35", "label": "Foul", "position": "1715498", "team": "away", "visibility": "visible"}, {"gameTime": "2 - 28:35", "label": "Direct free-kick", "position": "1715498", "team": "away", "visibility": "visible"}, {"gameTime": "2 - 28:37", "label": "Shots on target", "position": "1717141", "team": "not applicable", "visibility": "visible"}, {"gameTime": "2 - 28:58", "label": "Ball out of play", "position": "1738535", "team": "away", "visibility": "visible"}, {"gameTime": "2 - 29:03", "label": "Corner", "position": "1743059", "team": "away", "visibility": "visible"}, {"gameTime": "2 - 29:04", "label": "Shots on target", "position": "1744430", "team": "not applicable", "visibility": "visible"}, {"gameTime": "2 - 29:31", "label": "Ball out of play", "position": "1771821", "team": "away", "visibility": "visible"}, {"gameTime": "2 - 29:34", "label": "Corner", "position": "1774815", "team": "away", "visibility": "visible"}, {"gameTime": "2 - 30:19", "label": "Foul", "position": "1819979", "team": "home", "visibility": "visible"}, {"gameTime": "2 - 30:22", "label": "Indirect free-kick", "position": "1822766", "team": "away", "visibility": "visible"}, {"gameTime": "2 - 30:38", "label": "Foul", "position": "1838509", "team": "home", "visibility": "visible"}, {"gameTime": "2 - 30:53", "label": "Indirect free-kick", "position": "1853388", "team": "not applicable", "visibility": "visible"}, {"gameTime": "2 - 31:02", "label": "Ball out of play", "position": "1862057", "team": "home", "visibility": "visible"}, {"gameTime": "2 - 32:11", "label": "Throw-in", "position": "1931389", "team": "away", "visibility": "visible"}, {"gameTime": "2 - 32:12", "label": "Shots off target", "position": "1932944", "team": "not applicable", "visibility": "visible"}, {"gameTime": "2 - 32:42", "label": "Ball out of play", "position": "1962884", "team": "home", "visibility": "visible"}, {"gameTime": "2 - 33:09", "label": "Clearance", "position": "1989272", "team": "home", "visibility": "visible"}, {"gameTime": "2 - 33:21", "label": "Foul", "position": "2001254", "team": "away", "visibility": "visible"}, {"gameTime": "2 - 33:36", "label": "Indirect free-kick", "position": "2016046", "team": "not applicable", "visibility": "visible"}, {"gameTime": "2 - 33:50", "label": "Ball out of play", "position": "2030381", "team": "away", "visibility": "visible"}, {"gameTime": "2 - 34:03", "label": "Substitution", "position": "2043348", "team": "home", "visibility": "visible"}, {"gameTime": "2 - 34:05", "label": "Throw-in", "position": "2045681", "team": "away", "visibility": "visible"}, {"gameTime": "2 - 34:18", "label": "Foul", "position": "2058511", "team": "home", "visibility": "visible"}, {"gameTime": "2 - 34:39", "label": "Indirect free-kick", "position": "2079927", "team": "home", "visibility": "visible"}, {"gameTime": "2 - 34:40", "label": "Shots off target", "position": "2080774", "team": "not applicable", "visibility": "visible"}, {"gameTime": "2 - 34:55", "label": "Ball out of play", "position": "2095525", "team": "away", "visibility": "not shown"}, {"gameTime": "2 - 35:13", "label": "Clearance", "position": "2113646", "team": "not applicable", "visibility": "visible"}, {"gameTime": "2 - 35:18", "label": "Ball out of play", "position": "2118509", "team": "home", "visibility": "visible"}, {"gameTime": "2 - 35:46", "label": "Throw-in", "position": "2146639", "team": "away", "visibility": "visible"}, {"gameTime": "2 - 35:48", "label": "Shots off target", "position": "2148481", "team": "not applicable", "visibility": "visible"}, {"gameTime": "2 - 36:10", "label": "Ball out of play", "position": "2170466", "team": "away", "visibility": "visible"}, {"gameTime": "2 - 36:14", "label": "Corner", "position": "2174068", "team": "away", "visibility": "visible"}, {"gameTime": "2 - 36:14", "label": "Shots on target", "position": "2174645", "team": "away", "visibility": "visible"}, {"gameTime": "2 - 36:15", "label": "Shots on target", "position": "2175863", "team": "away", "visibility": "visible"}, {"gameTime": "2 - 37:21", "label": "Goal", "position": "2241358", "team": "home", "visibility": "visible"}, {"gameTime": "2 - 38:18", "label": "Kick-off", "position": "2298522", "team": "not applicable", "visibility": "visible"}, {"gameTime": "2 - 38:21", "label": "Ball out of play", "position": "2301859", "team": "home", "visibility": "visible"}, {"gameTime": "2 - 38:39", "label": "Throw-in", "position": "2319812", "team": "not applicable", "visibility": "visible"}, {"gameTime": "2 - 39:10", "label": "Ball out of play", "position": "2350452", "team": "home", "visibility": "visible"}, {"gameTime": "2 - 39:21", "label": "Substitution", "position": "2361095", "team": "away", "visibility": "visible"}, {"gameTime": "2 - 40:13", "label": "Throw-in", "position": "2413068", "team": "home", "visibility": "visible"}, {"gameTime": "2 - 40:31", "label": "Foul", "position": "2431704", "team": "away", "visibility": "visible"}, {"gameTime": "2 - 42:03", "label": "Indirect free-kick", "position": "2523350", "team": "home", "visibility": "visible"}, {"gameTime": "2 - 42:26", "label": "Foul", "position": "2546141", "team": "away", "visibility": "visible"}, {"gameTime": "2 - 42:28", "label": "Indirect free-kick", "position": "2548792", "team": "away", "visibility": "visible"}, {"gameTime": "2 - 42:35", "label": "Foul", "position": "2555984", "team": "home", "visibility": "not shown"}, {"gameTime": "2 - 43:03", "label": "Indirect free-kick", "position": "2583097", "team": "not applicable", "visibility": "visible"}, {"gameTime": "2 - 43:19", "label": "Ball out of play", "position": "2599633", "team": "away", "visibility": "not shown"}, {"gameTime": "2 - 43:39", "label": "Clearance", "position": "2619460", "team": "home", "visibility": "visible"}, {"gameTime": "2 - 43:42", "label": "Foul", "position": "2622766", "team": "home", "visibility": "visible"}, {"gameTime": "2 - 44:23", "label": "Yellow card", "position": "2663558", "team": "not applicable", "visibility": "visible"}, {"gameTime": "2 - 44:30", "label": "Ball out of play", "position": "2670902", "team": "home", "visibility": "visible"}, {"gameTime": "2 - 44:33", "label": "Throw-in", "position": "2673567", "team": "not applicable", "visibility": "visible"}, {"gameTime": "2 - 44:44", "label": "Ball out of play", "position": "2684788", "team": "home", "visibility": "visible"}], "gameAwayTeam": "AC Milan", "gameDate": "06/11/2016 - 17:00", "gameHomeTeam": "Palermo", "gameScore": "1 - 2"}