{"UrlLocal": "england_epl/2016-2017/2017-04-09 - 18-00 Everton 4 - 2 Leicester/", "UrlYoutube": "", "annotations": [{"gameTime": "1 - 00:04", "label": "Kick-off", "position": "4804", "team": "not applicable", "visibility": "visible"}, {"gameTime": "1 - 00:16", "label": "Ball out of play", "position": "16674", "team": "home", "visibility": "visible"}, {"gameTime": "1 - 00:28", "label": "Throw-in", "position": "28953", "team": "home", "visibility": "visible"}, {"gameTime": "1 - 00:29", "label": "Shots on target", "position": "29215", "team": "home", "visibility": "visible"}, {"gameTime": "1 - 01:22", "label": "Goal", "position": "82585", "team": "away", "visibility": "not shown"}, {"gameTime": "1 - 02:11", "label": "Kick-off", "position": "131312", "team": "away", "visibility": "visible"}, {"gameTime": "1 - 02:25", "label": "Foul", "position": "145972", "team": "home", "visibility": "not shown"}, {"gameTime": "1 - 02:45", "label": "Indirect free-kick", "position": "165357", "team": "not applicable", "visibility": "visible"}, {"gameTime": "1 - 03:09", "label": "Ball out of play", "position": "189738", "team": "away", "visibility": "not shown"}, {"gameTime": "1 - 03:58", "label": "Clearance", "position": "238056", "team": "away", "visibility": "visible"}, {"gameTime": "1 - 03:58", "label": "Shots on target", "position": "238820", "team": "away", "visibility": "visible"}, {"gameTime": "1 - 04:43", "label": "Goal", "position": "283583", "team": "home", "visibility": "not shown"}, {"gameTime": "1 - 05:15", "label": "Kick-off", "position": "315709", "team": "not applicable", "visibility": "visible"}, {"gameTime": "1 - 05:28", "label": "Ball out of play", "position": "328806", "team": "away", "visibility": "visible"}, {"gameTime": "1 - 06:07", "label": "Throw-in", "position": "367478", "team": "not applicable", "visibility": "visible"}, {"gameTime": "1 - 06:13", "label": "Ball out of play", "position": "373697", "team": "home", "visibility": "not shown"}, {"gameTime": "1 - 06:20", "label": "Throw-in", "position": "380049", "team": "not applicable", "visibility": "visible"}, {"gameTime": "1 - 06:28", "label": "Ball out of play", "position": "388679", "team": "home", "visibility": "visible"}, {"gameTime": "1 - 06:31", "label": "Throw-in", "position": "391868", "team": "not applicable", "visibility": "visible"}, {"gameTime": "1 - 06:49", "label": "Ball out of play", "position": "409091", "team": "home", "visibility": "visible"}, {"gameTime": "1 - 06:51", "label": "Throw-in", "position": "411462", "team": "not applicable", "visibility": "visible"}, {"gameTime": "1 - 06:59", "label": "Ball out of play", "position": "419258", "team": "home", "visibility": "visible"}, {"gameTime": "1 - 07:29", "label": "Throw-in", "position": "449749", "team": "away", "visibility": "visible"}, {"gameTime": "1 - 07:40", "label": "Foul", "position": "460335", "team": "home", "visibility": "visible"}, {"gameTime": "1 - 07:59", "label": "Indirect free-kick", "position": "479721", "team": "not applicable", "visibility": "visible"}, {"gameTime": "1 - 08:06", "label": "Ball out of play", "position": "486681", "team": "away", "visibility": "not shown"}, {"gameTime": "1 - 08:40", "label": "Throw-in", "position": "520326", "team": "home", "visibility": "visible"}, {"gameTime": "1 - 09:28", "label": "Foul", "position": "568823", "team": "away", "visibility": "visible"}, {"gameTime": "1 - 09:28", "label": "Direct free-kick", "position": "568823", "team": "away", "visibility": "visible"}, {"gameTime": "1 - 09:30", "label": "Shots on target", "position": "570170", "team": "away", "visibility": "visible"}, {"gameTime": "1 - 10:16", "label": "Goal", "position": "616540", "team": "home", "visibility": "not shown"}, {"gameTime": "1 - 10:26", "label": "Kick-off", "position": "626160", "team": "not applicable", "visibility": "visible"}, {"gameTime": "1 - 10:34", "label": "Ball out of play", "position": "634254", "team": "home", "visibility": "not shown"}, {"gameTime": "1 - 10:39", "label": "Throw-in", "position": "639733", "team": "not applicable", "visibility": "visible"}, {"gameTime": "1 - 10:53", "label": "Ball out of play", "position": "653784", "team": "away", "visibility": "visible"}, {"gameTime": "1 - 11:24", "label": "Throw-in", "position": "684815", "team": "not applicable", "visibility": "visible"}, {"gameTime": "1 - 11:47", "label": "Ball out of play", "position": "707905", "team": "home", "visibility": "visible"}, {"gameTime": "1 - 12:09", "label": "Corner", "position": "729655", "team": "not applicable", "visibility": "visible"}, {"gameTime": "1 - 12:22", "label": "Ball out of play", "position": "742695", "team": "home", "visibility": "visible"}, {"gameTime": "1 - 12:53", "label": "Throw-in", "position": "773022", "team": "not applicable", "visibility": "visible"}, {"gameTime": "1 - 13:25", "label": "Ball out of play", "position": "805662", "team": "away", "visibility": "visible"}, {"gameTime": "1 - 13:33", "label": "Clearance", "position": "813977", "team": "away", "visibility": "visible"}, {"gameTime": "1 - 14:17", "label": "Shots on target", "position": "857310", "team": "not applicable", "visibility": "visible"}, {"gameTime": "1 - 14:23", "label": "Ball out of play", "position": "863136", "team": "home", "visibility": "not shown"}, {"gameTime": "1 - 14:25", "label": "Throw-in", "position": "865458", "team": "not applicable", "visibility": "visible"}, {"gameTime": "1 - 14:35", "label": "Ball out of play", "position": "875706", "team": "home", "visibility": "visible"}, {"gameTime": "1 - 14:49", "label": "Throw-in", "position": "889663", "team": "home", "visibility": "visible"}, {"gameTime": "1 - 15:00", "label": "Foul", "position": "900695", "team": "away", "visibility": "visible"}, {"gameTime": "1 - 15:04", "label": "Indirect free-kick", "position": "904986", "team": "not applicable", "visibility": "visible"}, {"gameTime": "1 - 15:21", "label": "Ball out of play", "position": "921873", "team": "home", "visibility": "visible"}, {"gameTime": "1 - 17:05", "label": "Throw-in", "position": "1025465", "team": "not applicable", "visibility": "visible"}, {"gameTime": "1 - 17:10", "label": "Ball out of play", "position": "1030081", "team": "home", "visibility": "visible"}, {"gameTime": "1 - 17:51", "label": "Throw-in", "position": "1071519", "team": "not applicable", "visibility": "visible"}, {"gameTime": "1 - 18:09", "label": "Ball out of play", "position": "1089995", "team": "away", "visibility": "visible"}, {"gameTime": "1 - 20:45", "label": "Throw-in", "position": "1245666", "team": "not applicable", "visibility": "visible"}, {"gameTime": "1 - 21:19", "label": "Ball out of play", "position": "1279229", "team": "away", "visibility": "visible"}, {"gameTime": "1 - 21:24", "label": "Clearance", "position": "1284957", "team": "not applicable", "visibility": "visible"}, {"gameTime": "1 - 21:37", "label": "Ball out of play", "position": "1297549", "team": "away", "visibility": "visible"}, {"gameTime": "1 - 21:48", "label": "Throw-in", "position": "1308725", "team": "not applicable", "visibility": "visible"}, {"gameTime": "1 - 21:57", "label": "Ball out of play", "position": "1317877", "team": "home", "visibility": "visible"}, {"gameTime": "1 - 22:37", "label": "Throw-in", "position": "1357680", "team": "home", "visibility": "visible"}, {"gameTime": "1 - 22:38", "label": "Shots on target", "position": "1358081", "team": "home", "visibility": "visible"}, {"gameTime": "1 - 23:11", "label": "Goal", "position": "1391289", "team": "away", "visibility": "not shown"}, {"gameTime": "1 - 23:32", "label": "Kick-off", "position": "1412589", "team": "not applicable", "visibility": "visible"}, {"gameTime": "1 - 23:45", "label": "Ball out of play", "position": "1425030", "team": "home", "visibility": "not shown"}, {"gameTime": "1 - 24:17", "label": "Throw-in", "position": "1457936", "team": "not applicable", "visibility": "visible"}, {"gameTime": "1 - 24:30", "label": "Ball out of play", "position": "1470150", "team": "away", "visibility": "visible"}, {"gameTime": "1 - 25:19", "label": "Throw-in", "position": "1519390", "team": "home", "visibility": "visible"}, {"gameTime": "1 - 26:06", "label": "Foul", "position": "1566506", "team": "away", "visibility": "visible"}, {"gameTime": "1 - 26:16", "label": "Indirect free-kick", "position": "1576110", "team": "away", "visibility": "visible"}, {"gameTime": "1 - 26:39", "label": "Foul", "position": "1599352", "team": "home", "visibility": "visible"}, {"gameTime": "1 - 27:08", "label": "Indirect free-kick", "position": "1628529", "team": "not applicable", "visibility": "visible"}, {"gameTime": "1 - 27:28", "label": "Ball out of play", "position": "1648304", "team": "home", "visibility": "visible"}, {"gameTime": "1 - 27:48", "label": "Throw-in", "position": "1668977", "team": "away", "visibility": "visible"}, {"gameTime": "1 - 28:43", "label": "Foul", "position": "1723134", "team": "home", "visibility": "visible"}, {"gameTime": "1 - 28:44", "label": "Yellow card", "position": "1724198", "team": "away", "visibility": "visible"}, {"gameTime": "1 - 29:17", "label": "Yellow card", "position": "1757099", "team": "home", "visibility": "not shown"}, {"gameTime": "1 - 29:50", "label": "Indirect free-kick", "position": "1790014", "team": "not applicable", "visibility": "visible"}, {"gameTime": "1 - 29:58", "label": "Ball out of play", "position": "1798182", "team": "home", "visibility": "not shown"}, {"gameTime": "1 - 30:09", "label": "Throw-in", "position": "1809631", "team": "not applicable", "visibility": "visible"}, {"gameTime": "1 - 30:20", "label": "Ball out of play", "position": "1820284", "team": "home", "visibility": "visible"}, {"gameTime": "1 - 31:18", "label": "Clearance", "position": "1878454", "team": "not applicable", "visibility": "visible"}, {"gameTime": "1 - 31:21", "label": "Ball out of play", "position": "1881945", "team": "home", "visibility": "visible"}, {"gameTime": "1 - 32:06", "label": "Throw-in", "position": "1926130", "team": "not applicable", "visibility": "visible"}, {"gameTime": "1 - 32:22", "label": "Ball out of play", "position": "1942442", "team": "away", "visibility": "visible"}, {"gameTime": "1 - 33:00", "label": "Throw-in", "position": "1980472", "team": "away", "visibility": "visible"}, {"gameTime": "1 - 33:59", "label": "Foul", "position": "2039377", "team": "home", "visibility": "visible"}, {"gameTime": "1 - 34:42", "label": "Direct free-kick", "position": "2082631", "team": "not applicable", "visibility": "visible"}, {"gameTime": "1 - 35:15", "label": "Ball out of play", "position": "2115580", "team": "away", "visibility": "visible"}, {"gameTime": "1 - 35:30", "label": "Throw-in", "position": "2130800", "team": "not applicable", "visibility": "visible"}, {"gameTime": "1 - 35:51", "label": "Ball out of play", "position": "2151670", "team": "home", "visibility": "visible"}, {"gameTime": "1 - 36:19", "label": "Throw-in", "position": "2179073", "team": "home", "visibility": "visible"}, {"gameTime": "1 - 36:39", "label": "Shots off target", "position": "2199519", "team": "home", "visibility": "visible"}, {"gameTime": "1 - 36:40", "label": "Shots off target", "position": "2200354", "team": "not applicable", "visibility": "visible"}, {"gameTime": "1 - 37:11", "label": "Ball out of play", "position": "2231926", "team": "away", "visibility": "visible"}, {"gameTime": "1 - 37:32", "label": "Clearance", "position": "2252202", "team": "not applicable", "visibility": "visible"}, {"gameTime": "1 - 37:42", "label": "Ball out of play", "position": "2262461", "team": "home", "visibility": "visible"}, {"gameTime": "1 - 38:55", "label": "Throw-in", "position": "2335341", "team": "home", "visibility": "visible"}, {"gameTime": "1 - 38:56", "label": "Shots off target", "position": "2336820", "team": "not applicable", "visibility": "visible"}, {"gameTime": "1 - 39:25", "label": "Ball out of play", "position": "2365130", "team": "home", "visibility": "visible"}, {"gameTime": "1 - 39:36", "label": "Corner", "position": "2376687", "team": "home", "visibility": "visible"}, {"gameTime": "1 - 39:37", "label": "Shots on target", "position": "2377565", "team": "not applicable", "visibility": "visible"}, {"gameTime": "1 - 40:04", "label": "Ball out of play", "position": "2404791", "team": "home", "visibility": "visible"}, {"gameTime": "1 - 40:06", "label": "Corner", "position": "2406277", "team": "home", "visibility": "visible"}, {"gameTime": "1 - 40:06", "label": "Shots on target", "position": "2406556", "team": "home", "visibility": "visible"}, {"gameTime": "1 - 41:02", "label": "Goal", "position": "2462683", "team": "away", "visibility": "visible"}, {"gameTime": "1 - 41:29", "label": "Kick-off", "position": "2489730", "team": "not applicable", "visibility": "visible"}, {"gameTime": "1 - 41:48", "label": "Ball out of play", "position": "2508365", "team": "home", "visibility": "visible"}, {"gameTime": "1 - 41:56", "label": "Throw-in", "position": "2516842", "team": "not applicable", "visibility": "visible"}, {"gameTime": "1 - 42:12", "label": "Ball out of play", "position": "2532150", "team": "home", "visibility": "visible"}, {"gameTime": "1 - 42:51", "label": "Throw-in", "position": "2571718", "team": "not applicable", "visibility": "visible"}, {"gameTime": "1 - 43:23", "label": "Ball out of play", "position": "2603681", "team": "home", "visibility": "not shown"}, {"gameTime": "1 - 43:49", "label": "Clearance", "position": "2629010", "team": "not applicable", "visibility": "visible"}, {"gameTime": "1 - 44:07", "label": "Ball out of play", "position": "2647177", "team": "home", "visibility": "visible"}, {"gameTime": "1 - 44:20", "label": "Throw-in", "position": "2660735", "team": "home", "visibility": "visible"}, {"gameTime": "1 - 44:31", "label": "Foul", "position": "2671183", "team": "home", "visibility": "visible"}, {"gameTime": "1 - 45:17", "label": "Yellow card", "position": "2717119", "team": "away", "visibility": "visible"}, {"gameTime": "1 - 45:18", "label": "Direct free-kick", "position": "2718789", "team": "away", "visibility": "visible"}, {"gameTime": "1 - 45:19", "label": "Shots off target", "position": "2719338", "team": "not applicable", "visibility": "visible"}, {"gameTime": "2 - 00:22", "label": "Kick-off", "position": "22110", "team": "away", "visibility": "visible"}, {"gameTime": "2 - 01:17", "label": "Foul", "position": "77986", "team": "home", "visibility": "visible"}, {"gameTime": "2 - 01:54", "label": "Indirect free-kick", "position": "114198", "team": "not applicable", "visibility": "visible"}, {"gameTime": "2 - 02:11", "label": "Ball out of play", "position": "131207", "team": "home", "visibility": "not shown"}, {"gameTime": "2 - 02:16", "label": "Throw-in", "position": "136002", "team": "away", "visibility": "visible"}, {"gameTime": "2 - 02:32", "label": "Foul", "position": "152508", "team": "home", "visibility": "visible"}, {"gameTime": "2 - 03:02", "label": "Indirect free-kick", "position": "182237", "team": "home", "visibility": "visible"}, {"gameTime": "2 - 03:20", "label": "Shots on target", "position": "200054", "team": "not applicable", "visibility": "visible"}, {"gameTime": "2 - 03:35", "label": "Ball out of play", "position": "215464", "team": "home", "visibility": "not shown"}, {"gameTime": "2 - 03:53", "label": "Throw-in", "position": "233437", "team": "not applicable", "visibility": "visible"}, {"gameTime": "2 - 04:11", "label": "Ball out of play", "position": "251715", "team": "home", "visibility": "visible"}, {"gameTime": "2 - 05:04", "label": "Throw-in", "position": "304291", "team": "away", "visibility": "visible"}, {"gameTime": "2 - 05:05", "label": "Shots off target", "position": "305177", "team": "not applicable", "visibility": "visible"}, {"gameTime": "2 - 05:31", "label": "Ball out of play", "position": "331556", "team": "away", "visibility": "visible"}, {"gameTime": "2 - 05:32", "label": "Corner", "position": "332889", "team": "away", "visibility": "visible"}, {"gameTime": "2 - 05:48", "label": "Foul", "position": "348373", "team": "home", "visibility": "not shown"}, {"gameTime": "2 - 07:01", "label": "Indirect free-kick", "position": "421078", "team": "not applicable", "visibility": "visible"}, {"gameTime": "2 - 07:14", "label": "Ball out of play", "position": "434064", "team": "home", "visibility": "not shown"}, {"gameTime": "2 - 08:01", "label": "Throw-in", "position": "481167", "team": "away", "visibility": "visible"}, {"gameTime": "2 - 08:15", "label": "Foul", "position": "495209", "team": "home", "visibility": "visible"}, {"gameTime": "2 - 09:11", "label": "Indirect free-kick", "position": "551553", "team": "not applicable", "visibility": "visible"}, {"gameTime": "2 - 09:33", "label": "Ball out of play", "position": "573160", "team": "home", "visibility": "visible"}, {"gameTime": "2 - 11:26", "label": "Throw-in", "position": "686597", "team": "not applicable", "visibility": "visible"}, {"gameTime": "2 - 11:53", "label": "Ball out of play", "position": "713939", "team": "home", "visibility": "visible"}, {"gameTime": "2 - 11:57", "label": "Corner", "position": "717094", "team": "home", "visibility": "visible"}, {"gameTime": "2 - 11:57", "label": "Shots on target", "position": "717283", "team": "home", "visibility": "visible"}, {"gameTime": "2 - 12:58", "label": "Goal", "position": "778332", "team": "away", "visibility": "not shown"}, {"gameTime": "2 - 15:00", "label": "Kick-off", "position": "900408", "team": "not applicable", "visibility": "visible"}, {"gameTime": "2 - 15:26", "label": "Ball out of play", "position": "926240", "team": "away", "visibility": "visible"}, {"gameTime": "2 - 15:35", "label": "Substitution", "position": "935182", "team": "away", "visibility": "visible"}, {"gameTime": "2 - 15:43", "label": "Substitution", "position": "943757", "team": "away", "visibility": "not shown"}, {"gameTime": "2 - 15:46", "label": "Throw-in", "position": "946924", "team": "not applicable", "visibility": "visible"}, {"gameTime": "2 - 15:57", "label": "Ball out of play", "position": "957908", "team": "away", "visibility": "visible"}, {"gameTime": "2 - 15:59", "label": "Throw-in", "position": "959052", "team": "not applicable", "visibility": "visible"}, {"gameTime": "2 - 16:13", "label": "Ball out of play", "position": "973180", "team": "home", "visibility": "visible"}, {"gameTime": "2 - 16:19", "label": "Throw-in", "position": "979750", "team": "not applicable", "visibility": "visible"}, {"gameTime": "2 - 16:29", "label": "Ball out of play", "position": "989982", "team": "home", "visibility": "visible"}, {"gameTime": "2 - 18:34", "label": "Throw-in", "position": "1114594", "team": "home", "visibility": "visible"}, {"gameTime": "2 - 18:46", "label": "Foul", "position": "1126649", "team": "away", "visibility": "visible"}, {"gameTime": "2 - 19:19", "label": "Yellow card", "position": "1159379", "team": "away", "visibility": "visible"}, {"gameTime": "2 - 19:21", "label": "Direct free-kick", "position": "1161788", "team": "not applicable", "visibility": "visible"}, {"gameTime": "2 - 19:48", "label": "Ball out of play", "position": "1188742", "team": "home", "visibility": "not shown"}, {"gameTime": "2 - 19:59", "label": "Clearance", "position": "1199408", "team": "not applicable", "visibility": "visible"}, {"gameTime": "2 - 20:05", "label": "Ball out of play", "position": "1205366", "team": "home", "visibility": "visible"}, {"gameTime": "2 - 20:43", "label": "Throw-in", "position": "1243171", "team": "not applicable", "visibility": "visible"}, {"gameTime": "2 - 21:03", "label": "Ball out of play", "position": "1263587", "team": "away", "visibility": "visible"}, {"gameTime": "2 - 21:05", "label": "Throw-in", "position": "1265415", "team": "not applicable", "visibility": "visible"}, {"gameTime": "2 - 21:14", "label": "Ball out of play", "position": "1274676", "team": "away", "visibility": "visible"}, {"gameTime": "2 - 21:25", "label": "Throw-in", "position": "1285162", "team": "not applicable", "visibility": "visible"}, {"gameTime": "2 - 21:30", "label": "Ball out of play", "position": "1290224", "team": "away", "visibility": "visible"}, {"gameTime": "2 - 21:32", "label": "Throw-in", "position": "1292915", "team": "not applicable", "visibility": "visible"}, {"gameTime": "2 - 21:52", "label": "Ball out of play", "position": "1312927", "team": "away", "visibility": "visible"}, {"gameTime": "2 - 22:28", "label": "Throw-in", "position": "1348879", "team": "not applicable", "visibility": "not shown"}, {"gameTime": "2 - 22:48", "label": "Ball out of play", "position": "1368664", "team": "away", "visibility": "visible"}, {"gameTime": "2 - 23:59", "label": "Throw-in", "position": "1439463", "team": "not applicable", "visibility": "visible"}, {"gameTime": "2 - 24:07", "label": "Ball out of play", "position": "1447621", "team": "away", "visibility": "visible"}, {"gameTime": "2 - 27:00", "label": "Throw-in", "position": "1620506", "team": "away", "visibility": "visible"}, {"gameTime": "2 - 27:30", "label": "Foul", "position": "1650976", "team": "home", "visibility": "visible"}, {"gameTime": "2 - 27:45", "label": "Substitution", "position": "1665067", "team": "away", "visibility": "visible"}, {"gameTime": "2 - 28:39", "label": "Indirect free-kick", "position": "1719364", "team": "away", "visibility": "visible"}, {"gameTime": "2 - 29:08", "label": "Foul", "position": "1748524", "team": "home", "visibility": "not shown"}, {"gameTime": "2 - 29:17", "label": "Indirect free-kick", "position": "1757917", "team": "not applicable", "visibility": "visible"}, {"gameTime": "2 - 29:30", "label": "Ball out of play", "position": "1770519", "team": "away", "visibility": "visible"}, {"gameTime": "2 - 29:52", "label": "Throw-in", "position": "1792976", "team": "not applicable", "visibility": "visible"}, {"gameTime": "2 - 30:09", "label": "Ball out of play", "position": "1809897", "team": "home", "visibility": "not shown"}, {"gameTime": "2 - 30:43", "label": "Throw-in", "position": "1843642", "team": "not applicable", "visibility": "visible"}, {"gameTime": "2 - 30:50", "label": "Ball out of play", "position": "1850395", "team": "away", "visibility": "visible"}, {"gameTime": "2 - 32:19", "label": "Throw-in", "position": "1939098", "team": "not applicable", "visibility": "visible"}, {"gameTime": "2 - 32:50", "label": "Ball out of play", "position": "1970584", "team": "away", "visibility": "visible"}, {"gameTime": "2 - 33:16", "label": "Substitution", "position": "1996409", "team": "away", "visibility": "visible"}, {"gameTime": "2 - 33:17", "label": "Corner", "position": "1997818", "team": "away", "visibility": "visible"}, {"gameTime": "2 - 33:23", "label": "Shots on target", "position": "2003056", "team": "home", "visibility": "visible"}, {"gameTime": "2 - 34:29", "label": "Foul", "position": "2069537", "team": "away", "visibility": "visible"}, {"gameTime": "2 - 34:29", "label": "Shots on target", "position": "2069537", "team": "away", "visibility": "visible"}, {"gameTime": "2 - 34:38", "label": "Direct free-kick", "position": "2078905", "team": "not applicable", "visibility": "visible"}, {"gameTime": "2 - 34:40", "label": "Ball out of play", "position": "2080989", "team": "away", "visibility": "not shown"}, {"gameTime": "2 - 35:10", "label": "Throw-in", "position": "2110321", "team": "not applicable", "visibility": "visible"}, {"gameTime": "2 - 35:32", "label": "Ball out of play", "position": "2132003", "team": "home", "visibility": "visible"}, {"gameTime": "2 - 35:42", "label": "Throw-in", "position": "2142795", "team": "not applicable", "visibility": "visible"}, {"gameTime": "2 - 35:45", "label": "Ball out of play", "position": "2145719", "team": "away", "visibility": "visible"}, {"gameTime": "2 - 36:04", "label": "Throw-in", "position": "2164069", "team": "away", "visibility": "visible"}, {"gameTime": "2 - 36:34", "label": "Foul", "position": "2194548", "team": "home", "visibility": "visible"}, {"gameTime": "2 - 38:11", "label": "Indirect free-kick", "position": "2291117", "team": "not applicable", "visibility": "visible"}, {"gameTime": "2 - 38:36", "label": "Ball out of play", "position": "2316478", "team": "home", "visibility": "not shown"}, {"gameTime": "2 - 39:19", "label": "Clearance", "position": "2359388", "team": "not applicable", "visibility": "visible"}, {"gameTime": "2 - 39:33", "label": "Ball out of play", "position": "2373501", "team": "home", "visibility": "visible"}, {"gameTime": "2 - 39:36", "label": "Throw-in", "position": "2376541", "team": "not applicable", "visibility": "visible"}, {"gameTime": "2 - 39:48", "label": "Ball out of play", "position": "2388833", "team": "home", "visibility": "visible"}, {"gameTime": "2 - 40:00", "label": "Throw-in", "position": "2400669", "team": "home", "visibility": "visible"}, {"gameTime": "2 - 41:07", "label": "Shots on target", "position": "2467682", "team": "not applicable", "visibility": "visible"}, {"gameTime": "2 - 41:34", "label": "Ball out of play", "position": "2494403", "team": "away", "visibility": "visible"}, {"gameTime": "2 - 41:36", "label": "Throw-in", "position": "2496994", "team": "not applicable", "visibility": "visible"}, {"gameTime": "2 - 41:56", "label": "Ball out of play", "position": "2516606", "team": "away", "visibility": "not shown"}, {"gameTime": "2 - 42:00", "label": "Corner", "position": "2520927", "team": "away", "visibility": "visible"}, {"gameTime": "2 - 42:03", "label": "Shots on target", "position": "2523171", "team": "not applicable", "visibility": "visible"}, {"gameTime": "2 - 42:17", "label": "Ball out of play", "position": "2537701", "team": "away", "visibility": "visible"}, {"gameTime": "2 - 42:35", "label": "Corner", "position": "2555139", "team": "not applicable", "visibility": "visible"}, {"gameTime": "2 - 42:59", "label": "Ball out of play", "position": "2579799", "team": "away", "visibility": "not shown"}, {"gameTime": "2 - 43:16", "label": "Clearance", "position": "2596548", "team": "away", "visibility": "visible"}, {"gameTime": "2 - 43:41", "label": "Foul", "position": "2621098", "team": "home", "visibility": "not shown"}, {"gameTime": "2 - 43:53", "label": "Indirect free-kick", "position": "2633581", "team": "not applicable", "visibility": "visible"}, {"gameTime": "2 - 44:07", "label": "Ball out of play", "position": "2647948", "team": "away", "visibility": "not shown"}, {"gameTime": "2 - 44:11", "label": "Clearance", "position": "2651645", "team": "away", "visibility": "not shown"}, {"gameTime": "2 - 44:45", "label": "Foul", "position": "2685096", "team": "home", "visibility": "visible"}, {"gameTime": "2 - 44:56", "label": "Indirect free-kick", "position": "2696580", "team": "not applicable", "visibility": "visible"}], "gameAwayTeam": "Leicester", "gameDate": "09/04/2017 - 18:00", "gameHomeTeam": "Everton", "gameScore": "4 - 2"}