{"UrlLocal": "england_epl/2016-2017/2016-08-20 - 19-30 Leicester 0 - 0 Arsenal/", "UrlYoutube": "", "annotations": [{"gameTime": "1 - 00:14", "label": "Kick-off", "position": "14619", "team": "home", "visibility": "visible"}, {"gameTime": "1 - 00:14", "label": "Shots on target", "position": "14979", "team": "not applicable", "visibility": "visible"}, {"gameTime": "1 - 00:38", "label": "Ball out of play", "position": "38092", "team": "home", "visibility": "visible"}, {"gameTime": "1 - 00:44", "label": "Corner", "position": "44788", "team": "not applicable", "visibility": "visible"}, {"gameTime": "1 - 01:05", "label": "Ball out of play", "position": "65214", "team": "away", "visibility": "not shown"}, {"gameTime": "1 - 01:13", "label": "Clearance", "position": "73096", "team": "not applicable", "visibility": "visible"}, {"gameTime": "1 - 01:22", "label": "Ball out of play", "position": "82613", "team": "away", "visibility": "not shown"}, {"gameTime": "1 - 01:55", "label": "Throw-in", "position": "115470", "team": "away", "visibility": "visible"}, {"gameTime": "1 - 01:56", "label": "Shots off target", "position": "116750", "team": "away", "visibility": "visible"}, {"gameTime": "1 - 01:58", "label": "Shots on target", "position": "118590", "team": "not applicable", "visibility": "visible"}, {"gameTime": "1 - 02:29", "label": "Ball out of play", "position": "149066", "team": "away", "visibility": "visible"}, {"gameTime": "1 - 02:50", "label": "Corner", "position": "170150", "team": "not applicable", "visibility": "visible"}, {"gameTime": "1 - 02:55", "label": "Ball out of play", "position": "175655", "team": "away", "visibility": "not shown"}, {"gameTime": "1 - 03:04", "label": "Throw-in", "position": "184061", "team": "not applicable", "visibility": "visible"}, {"gameTime": "1 - 03:32", "label": "Ball out of play", "position": "212618", "team": "home", "visibility": "not shown"}, {"gameTime": "1 - 04:09", "label": "Clearance", "position": "249347", "team": "home", "visibility": "visible"}, {"gameTime": "1 - 04:14", "label": "Foul", "position": "254875", "team": "away", "visibility": "not shown"}, {"gameTime": "1 - 04:42", "label": "Indirect free-kick", "position": "282420", "team": "not applicable", "visibility": "visible"}, {"gameTime": "1 - 04:51", "label": "Ball out of play", "position": "291562", "team": "away", "visibility": "visible"}, {"gameTime": "1 - 05:17", "label": "Throw-in", "position": "317429", "team": "not applicable", "visibility": "not shown"}, {"gameTime": "1 - 05:25", "label": "Ball out of play", "position": "325995", "team": "away", "visibility": "visible"}, {"gameTime": "1 - 05:27", "label": "Throw-in", "position": "327797", "team": "not applicable", "visibility": "visible"}, {"gameTime": "1 - 05:36", "label": "Ball out of play", "position": "336400", "team": "away", "visibility": "visible"}, {"gameTime": "1 - 05:41", "label": "Throw-in", "position": "341402", "team": "not applicable", "visibility": "visible"}, {"gameTime": "1 - 05:47", "label": "Ball out of play", "position": "347849", "team": "away", "visibility": "visible"}, {"gameTime": "1 - 05:49", "label": "Throw-in", "position": "349203", "team": "home", "visibility": "visible"}, {"gameTime": "1 - 06:20", "label": "Foul", "position": "380165", "team": "away", "visibility": "visible"}, {"gameTime": "1 - 06:22", "label": "Direct free-kick", "position": "382448", "team": "not applicable", "visibility": "visible"}, {"gameTime": "1 - 06:48", "label": "Ball out of play", "position": "408643", "team": "home", "visibility": "visible"}, {"gameTime": "1 - 06:57", "label": "Clearance", "position": "417950", "team": "not applicable", "visibility": "visible"}, {"gameTime": "1 - 07:10", "label": "Ball out of play", "position": "430675", "team": "away", "visibility": "visible"}, {"gameTime": "1 - 07:16", "label": "Throw-in", "position": "436040", "team": "not applicable", "visibility": "visible"}, {"gameTime": "1 - 07:25", "label": "Ball out of play", "position": "445618", "team": "home", "visibility": "visible"}, {"gameTime": "1 - 07:32", "label": "Throw-in", "position": "452922", "team": "home", "visibility": "visible"}, {"gameTime": "1 - 09:32", "label": "Shots off target", "position": "572695", "team": "not applicable", "visibility": "visible"}, {"gameTime": "1 - 09:41", "label": "Ball out of play", "position": "581458", "team": "away", "visibility": "not shown"}, {"gameTime": "1 - 10:27", "label": "Throw-in", "position": "627843", "team": "not applicable", "visibility": "visible"}, {"gameTime": "1 - 10:55", "label": "Ball out of play", "position": "655400", "team": "home", "visibility": "visible"}, {"gameTime": "1 - 11:01", "label": "Throw-in", "position": "661642", "team": "not applicable", "visibility": "visible"}, {"gameTime": "1 - 11:15", "label": "Ball out of play", "position": "675287", "team": "home", "visibility": "visible"}, {"gameTime": "1 - 11:25", "label": "Throw-in", "position": "685711", "team": "not applicable", "visibility": "visible"}, {"gameTime": "1 - 11:44", "label": "Ball out of play", "position": "704383", "team": "home", "visibility": "visible"}, {"gameTime": "1 - 11:58", "label": "Throw-in", "position": "718659", "team": "not applicable", "visibility": "visible"}, {"gameTime": "1 - 12:13", "label": "Ball out of play", "position": "733984", "team": "home", "visibility": "not shown"}, {"gameTime": "1 - 12:41", "label": "Throw-in", "position": "761870", "team": "not applicable", "visibility": "visible"}, {"gameTime": "1 - 13:00", "label": "Ball out of play", "position": "780065", "team": "away", "visibility": "visible"}, {"gameTime": "1 - 13:11", "label": "Throw-in", "position": "791184", "team": "home", "visibility": "visible"}, {"gameTime": "1 - 13:24", "label": "Foul", "position": "804651", "team": "away", "visibility": "visible"}, {"gameTime": "1 - 14:08", "label": "Indirect free-kick", "position": "848697", "team": "away", "visibility": "visible"}, {"gameTime": "1 - 14:34", "label": "Foul", "position": "874774", "team": "home", "visibility": "not shown"}, {"gameTime": "1 - 14:45", "label": "Indirect free-kick", "position": "885912", "team": "not applicable", "visibility": "visible"}, {"gameTime": "1 - 15:16", "label": "Ball out of play", "position": "916367", "team": "away", "visibility": "visible"}, {"gameTime": "1 - 15:18", "label": "Throw-in", "position": "918040", "team": "home", "visibility": "visible"}, {"gameTime": "1 - 15:28", "label": "Foul", "position": "928392", "team": "away", "visibility": "visible"}, {"gameTime": "1 - 15:47", "label": "Indirect free-kick", "position": "947193", "team": "not applicable", "visibility": "visible"}, {"gameTime": "1 - 15:59", "label": "Ball out of play", "position": "959477", "team": "home", "visibility": "not shown"}, {"gameTime": "1 - 16:29", "label": "Throw-in", "position": "989848", "team": "not applicable", "visibility": "visible"}, {"gameTime": "1 - 16:40", "label": "Ball out of play", "position": "1000982", "team": "away", "visibility": "not shown"}, {"gameTime": "1 - 17:05", "label": "Throw-in", "position": "1025480", "team": "not applicable", "visibility": "visible"}, {"gameTime": "1 - 17:24", "label": "Ball out of play", "position": "1044207", "team": "home", "visibility": "visible"}, {"gameTime": "1 - 18:20", "label": "Throw-in", "position": "1100655", "team": "not applicable", "visibility": "visible"}, {"gameTime": "1 - 18:37", "label": "Ball out of play", "position": "1117587", "team": "home", "visibility": "visible"}, {"gameTime": "1 - 18:44", "label": "Throw-in", "position": "1124199", "team": "not applicable", "visibility": "visible"}, {"gameTime": "1 - 18:52", "label": "Ball out of play", "position": "1132867", "team": "home", "visibility": "visible"}, {"gameTime": "1 - 20:03", "label": "Throw-in", "position": "1203583", "team": "away", "visibility": "visible"}, {"gameTime": "1 - 20:06", "label": "Shots off target", "position": "1206732", "team": "not applicable", "visibility": "visible"}, {"gameTime": "1 - 20:10", "label": "Ball out of play", "position": "1210493", "team": "away", "visibility": "not shown"}, {"gameTime": "1 - 20:29", "label": "Throw-in", "position": "1229301", "team": "not applicable", "visibility": "visible"}, {"gameTime": "1 - 20:57", "label": "Ball out of play", "position": "1257559", "team": "away", "visibility": "visible"}, {"gameTime": "1 - 21:20", "label": "Throw-in", "position": "1280342", "team": "not applicable", "visibility": "visible"}, {"gameTime": "1 - 21:42", "label": "Ball out of play", "position": "1302995", "team": "away", "visibility": "visible"}, {"gameTime": "1 - 21:56", "label": "Corner", "position": "1316489", "team": "away", "visibility": "visible"}, {"gameTime": "1 - 22:21", "label": "Foul", "position": "1341610", "team": "home", "visibility": "visible"}, {"gameTime": "1 - 23:00", "label": "Indirect free-kick", "position": "1380653", "team": "not applicable", "visibility": "visible"}, {"gameTime": "1 - 23:03", "label": "Ball out of play", "position": "1383101", "team": "away", "visibility": "visible"}, {"gameTime": "1 - 23:34", "label": "Yellow card", "position": "1414575", "team": "home", "visibility": "visible"}, {"gameTime": "1 - 23:41", "label": "Throw-in", "position": "1421128", "team": "not applicable", "visibility": "visible"}, {"gameTime": "1 - 23:58", "label": "Ball out of play", "position": "1438543", "team": "home", "visibility": "visible"}, {"gameTime": "1 - 24:36", "label": "Throw-in", "position": "1476350", "team": "away", "visibility": "visible"}, {"gameTime": "1 - 24:37", "label": "Shots off target", "position": "1477310", "team": "not applicable", "visibility": "visible"}, {"gameTime": "1 - 25:08", "label": "Ball out of play", "position": "1508474", "team": "home", "visibility": "not shown"}, {"gameTime": "1 - 25:33", "label": "Clearance", "position": "1533408", "team": "not applicable", "visibility": "visible"}, {"gameTime": "1 - 25:52", "label": "Ball out of play", "position": "1552318", "team": "home", "visibility": "visible"}, {"gameTime": "1 - 27:57", "label": "Throw-in", "position": "1677746", "team": "not applicable", "visibility": "visible"}, {"gameTime": "1 - 28:14", "label": "Ball out of play", "position": "1694114", "team": "away", "visibility": "visible"}, {"gameTime": "1 - 28:40", "label": "Throw-in", "position": "1720042", "team": "home", "visibility": "visible"}, {"gameTime": "1 - 28:55", "label": "Foul", "position": "1735061", "team": "away", "visibility": "not shown"}, {"gameTime": "1 - 29:36", "label": "Indirect free-kick", "position": "1776111", "team": "not applicable", "visibility": "visible"}, {"gameTime": "1 - 29:54", "label": "Ball out of play", "position": "1794110", "team": "home", "visibility": "visible"}, {"gameTime": "1 - 29:56", "label": "Throw-in", "position": "1796260", "team": "not applicable", "visibility": "visible"}, {"gameTime": "1 - 30:08", "label": "Ball out of play", "position": "1808894", "team": "away", "visibility": "visible"}, {"gameTime": "1 - 30:11", "label": "Throw-in", "position": "1811056", "team": "home", "visibility": "visible"}, {"gameTime": "1 - 30:41", "label": "Foul", "position": "1841810", "team": "away", "visibility": "visible"}, {"gameTime": "1 - 30:46", "label": "Direct free-kick", "position": "1846475", "team": "not applicable", "visibility": "visible"}, {"gameTime": "1 - 31:23", "label": "Ball out of play", "position": "1883013", "team": "away", "visibility": "visible"}, {"gameTime": "1 - 31:29", "label": "Corner", "position": "1889364", "team": "away", "visibility": "visible"}, {"gameTime": "1 - 31:30", "label": "Shots off target", "position": "1890861", "team": "not applicable", "visibility": "visible"}, {"gameTime": "1 - 31:58", "label": "Ball out of play", "position": "1918248", "team": "home", "visibility": "visible"}, {"gameTime": "1 - 32:26", "label": "Clearance", "position": "1946347", "team": "home", "visibility": "visible"}, {"gameTime": "1 - 32:39", "label": "Shots on target", "position": "1959376", "team": "not applicable", "visibility": "visible"}, {"gameTime": "1 - 32:47", "label": "Ball out of play", "position": "1967750", "team": "home", "visibility": "visible"}, {"gameTime": "1 - 33:29", "label": "Throw-in", "position": "2009339", "team": "away", "visibility": "visible"}, {"gameTime": "1 - 34:10", "label": "Shots on target", "position": "2050982", "team": "not applicable", "visibility": "visible"}, {"gameTime": "1 - 34:42", "label": "Ball out of play", "position": "2082566", "team": "home", "visibility": "visible"}, {"gameTime": "1 - 34:49", "label": "Clearance", "position": "2089279", "team": "away", "visibility": "visible"}, {"gameTime": "1 - 35:21", "label": "Foul", "position": "2121779", "team": "home", "visibility": "visible"}, {"gameTime": "1 - 35:49", "label": "Direct free-kick", "position": "2149633", "team": "not applicable", "visibility": "visible"}, {"gameTime": "1 - 35:58", "label": "Ball out of play", "position": "2158467", "team": "home", "visibility": "not shown"}, {"gameTime": "1 - 36:11", "label": "Throw-in", "position": "2171413", "team": "not applicable", "visibility": "visible"}, {"gameTime": "1 - 36:16", "label": "Ball out of play", "position": "2176884", "team": "home", "visibility": "visible"}, {"gameTime": "1 - 36:24", "label": "Throw-in", "position": "2184721", "team": "not applicable", "visibility": "visible"}, {"gameTime": "1 - 36:35", "label": "Ball out of play", "position": "2195116", "team": "home", "visibility": "not shown"}, {"gameTime": "1 - 37:50", "label": "Throw-in", "position": "2270347", "team": "away", "visibility": "visible"}, {"gameTime": "1 - 37:51", "label": "Shots off target", "position": "2271947", "team": "not applicable", "visibility": "visible"}, {"gameTime": "1 - 38:25", "label": "Ball out of play", "position": "2305968", "team": "home", "visibility": "visible"}, {"gameTime": "1 - 38:34", "label": "Clearance", "position": "2314570", "team": "away", "visibility": "visible"}, {"gameTime": "1 - 39:13", "label": "Foul", "position": "2353215", "team": "home", "visibility": "visible"}, {"gameTime": "1 - 39:52", "label": "Indirect free-kick", "position": "2392654", "team": "home", "visibility": "visible"}, {"gameTime": "1 - 40:19", "label": "Foul", "position": "2419966", "team": "away", "visibility": "not shown"}, {"gameTime": "1 - 40:42", "label": "Indirect free-kick", "position": "2442261", "team": "not applicable", "visibility": "visible"}, {"gameTime": "1 - 41:16", "label": "Ball out of play", "position": "2476173", "team": "away", "visibility": "visible"}, {"gameTime": "1 - 41:27", "label": "Corner", "position": "2487202", "team": "not applicable", "visibility": "visible"}, {"gameTime": "1 - 41:36", "label": "Ball out of play", "position": "2496289", "team": "away", "visibility": "visible"}, {"gameTime": "1 - 42:08", "label": "Throw-in", "position": "2528790", "team": "away", "visibility": "visible"}, {"gameTime": "1 - 42:55", "label": "Shots on target", "position": "2575812", "team": "away", "visibility": "visible"}, {"gameTime": "1 - 43:18", "label": "Offside", "position": "2598826", "team": "home", "visibility": "not shown"}, {"gameTime": "1 - 43:49", "label": "Indirect free-kick", "position": "2629472", "team": "not applicable", "visibility": "not shown"}, {"gameTime": "1 - 44:10", "label": "Ball out of play", "position": "2650713", "team": "home", "visibility": "visible"}, {"gameTime": "1 - 44:17", "label": "Throw-in", "position": "2657148", "team": "home", "visibility": "visible"}, {"gameTime": "1 - 44:37", "label": "Foul", "position": "2677000", "team": "home", "visibility": "visible"}, {"gameTime": "1 - 44:55", "label": "Yellow card", "position": "2695153", "team": "away", "visibility": "visible"}, {"gameTime": "1 - 45:15", "label": "Indirect free-kick", "position": "2715945", "team": "not applicable", "visibility": "visible"}, {"gameTime": "2 - 00:17", "label": "Kick-off", "position": "17394", "team": "not applicable", "visibility": "visible"}, {"gameTime": "2 - 00:29", "label": "Ball out of play", "position": "29781", "team": "home", "visibility": "visible"}, {"gameTime": "2 - 01:48", "label": "Throw-in", "position": "108841", "team": "not applicable", "visibility": "visible"}, {"gameTime": "2 - 01:59", "label": "Ball out of play", "position": "119526", "team": "away", "visibility": "visible"}, {"gameTime": "2 - 02:19", "label": "Throw-in", "position": "139137", "team": "away", "visibility": "visible"}, {"gameTime": "2 - 02:59", "label": "Foul", "position": "179544", "team": "home", "visibility": "visible"}, {"gameTime": "2 - 03:02", "label": "Indirect free-kick", "position": "182482", "team": "not applicable", "visibility": "visible"}, {"gameTime": "2 - 03:14", "label": "Ball out of play", "position": "194182", "team": "home", "visibility": "visible"}, {"gameTime": "2 - 03:51", "label": "Throw-in", "position": "231000", "team": "not applicable", "visibility": "visible"}, {"gameTime": "2 - 05:46", "label": "Ball out of play", "position": "346139", "team": "away", "visibility": "visible"}, {"gameTime": "2 - 06:08", "label": "Throw-in", "position": "368011", "team": "not applicable", "visibility": "visible"}, {"gameTime": "2 - 06:11", "label": "Ball out of play", "position": "371618", "team": "away", "visibility": "visible"}, {"gameTime": "2 - 07:17", "label": "Throw-in", "position": "437237", "team": "home", "visibility": "visible"}, {"gameTime": "2 - 07:30", "label": "Substitution", "position": "450807", "team": "home", "visibility": "not shown"}, {"gameTime": "2 - 08:37", "label": "Throw-in", "position": "517363", "team": "not applicable", "visibility": "visible"}, {"gameTime": "2 - 08:48", "label": "Ball out of play", "position": "528997", "team": "away", "visibility": "not shown"}, {"gameTime": "2 - 09:29", "label": "Throw-in", "position": "569671", "team": "away", "visibility": "visible"}, {"gameTime": "2 - 10:14", "label": "Foul", "position": "614558", "team": "home", "visibility": "visible"}, {"gameTime": "2 - 10:14", "label": "Direct free-kick", "position": "614558", "team": "home", "visibility": "visible"}, {"gameTime": "2 - 10:15", "label": "Shots off target", "position": "615638", "team": "not applicable", "visibility": "visible"}, {"gameTime": "2 - 10:33", "label": "Ball out of play", "position": "633068", "team": "away", "visibility": "not shown"}, {"gameTime": "2 - 10:42", "label": "Clearance", "position": "642868", "team": "not applicable", "visibility": "visible"}, {"gameTime": "2 - 10:45", "label": "Ball out of play", "position": "645477", "team": "home", "visibility": "not shown"}, {"gameTime": "2 - 10:58", "label": "Throw-in", "position": "658668", "team": "not applicable", "visibility": "visible"}, {"gameTime": "2 - 11:19", "label": "Ball out of play", "position": "679852", "team": "home", "visibility": "visible"}, {"gameTime": "2 - 11:34", "label": "Corner", "position": "694860", "team": "not applicable", "visibility": "visible"}, {"gameTime": "2 - 11:44", "label": "Ball out of play", "position": "704389", "team": "away", "visibility": "not shown"}, {"gameTime": "2 - 12:03", "label": "Throw-in", "position": "723057", "team": "not applicable", "visibility": "visible"}, {"gameTime": "2 - 12:08", "label": "Ball out of play", "position": "728220", "team": "home", "visibility": "not shown"}, {"gameTime": "2 - 12:30", "label": "Throw-in", "position": "750484", "team": "away", "visibility": "visible"}, {"gameTime": "2 - 12:47", "label": "Shots on target", "position": "767985", "team": "away", "visibility": "visible"}, {"gameTime": "2 - 13:17", "label": "Offside", "position": "797054", "team": "home", "visibility": "not shown"}, {"gameTime": "2 - 13:25", "label": "Indirect free-kick", "position": "805600", "team": "not applicable", "visibility": "visible"}, {"gameTime": "2 - 13:35", "label": "Ball out of play", "position": "815014", "team": "away", "visibility": "visible"}, {"gameTime": "2 - 14:47", "label": "Throw-in", "position": "887439", "team": "home", "visibility": "visible"}, {"gameTime": "2 - 15:00", "label": "Shots on target", "position": "900583", "team": "not applicable", "visibility": "visible"}, {"gameTime": "2 - 15:16", "label": "Ball out of play", "position": "916844", "team": "away", "visibility": "visible"}, {"gameTime": "2 - 18:31", "label": "Throw-in", "position": "1111934", "team": "not applicable", "visibility": "visible"}, {"gameTime": "2 - 18:50", "label": "Ball out of play", "position": "1130952", "team": "home", "visibility": "not shown"}, {"gameTime": "2 - 19:45", "label": "Throw-in", "position": "1185655", "team": "not applicable", "visibility": "visible"}, {"gameTime": "2 - 20:00", "label": "Ball out of play", "position": "1200479", "team": "home", "visibility": "not shown"}, {"gameTime": "2 - 21:18", "label": "Throw-in", "position": "1278209", "team": "not applicable", "visibility": "visible"}, {"gameTime": "2 - 21:42", "label": "Ball out of play", "position": "1302672", "team": "home", "visibility": "visible"}, {"gameTime": "2 - 22:00", "label": "Substitution", "position": "1320394", "team": "home", "visibility": "visible"}, {"gameTime": "2 - 22:25", "label": "Throw-in", "position": "1345713", "team": "not applicable", "visibility": "visible"}, {"gameTime": "2 - 22:45", "label": "Ball out of play", "position": "1365327", "team": "away", "visibility": "visible"}, {"gameTime": "2 - 23:22", "label": "Corner", "position": "1402850", "team": "not applicable", "visibility": "visible"}, {"gameTime": "2 - 23:40", "label": "Ball out of play", "position": "1420532", "team": "away", "visibility": "visible"}, {"gameTime": "2 - 24:22", "label": "Throw-in", "position": "1462774", "team": "home", "visibility": "visible"}, {"gameTime": "2 - 24:23", "label": "Shots off target", "position": "1463254", "team": "not applicable", "visibility": "visible"}, {"gameTime": "2 - 24:57", "label": "Ball out of play", "position": "1497012", "team": "away", "visibility": "visible"}, {"gameTime": "2 - 25:08", "label": "Clearance", "position": "1508534", "team": "not applicable", "visibility": "visible"}, {"gameTime": "2 - 25:17", "label": "Ball out of play", "position": "1517641", "team": "away", "visibility": "visible"}, {"gameTime": "2 - 25:19", "label": "Throw-in", "position": "1519939", "team": "not applicable", "visibility": "visible"}, {"gameTime": "2 - 25:32", "label": "Ball out of play", "position": "1532098", "team": "home", "visibility": "not shown"}, {"gameTime": "2 - 25:35", "label": "Throw-in", "position": "1535380", "team": "home", "visibility": "visible"}, {"gameTime": "2 - 25:45", "label": "Foul", "position": "1545604", "team": "away", "visibility": "visible"}, {"gameTime": "2 - 26:20", "label": "Indirect free-kick", "position": "1580021", "team": "home", "visibility": "visible"}, {"gameTime": "2 - 26:25", "label": "Foul", "position": "1585783", "team": "away", "visibility": "visible"}, {"gameTime": "2 - 27:01", "label": "Indirect free-kick", "position": "1621246", "team": "not applicable", "visibility": "visible"}, {"gameTime": "2 - 27:39", "label": "Ball out of play", "position": "1659000", "team": "away", "visibility": "visible"}, {"gameTime": "2 - 27:53", "label": "Substitution", "position": "1673080", "team": "away", "visibility": "visible"}, {"gameTime": "2 - 28:04", "label": "Substitution", "position": "1684557", "team": "away", "visibility": "visible"}, {"gameTime": "2 - 29:01", "label": "Clearance", "position": "1741306", "team": "away", "visibility": "visible"}, {"gameTime": "2 - 29:24", "label": "Shots on target", "position": "1764772", "team": "not applicable", "visibility": "visible"}, {"gameTime": "2 - 29:33", "label": "Ball out of play", "position": "1773460", "team": "away", "visibility": "not shown"}, {"gameTime": "2 - 31:04", "label": "Throw-in", "position": "1864438", "team": "not applicable", "visibility": "visible"}, {"gameTime": "2 - 31:30", "label": "Ball out of play", "position": "1890561", "team": "home", "visibility": "visible"}, {"gameTime": "2 - 31:35", "label": "Clearance", "position": "1895905", "team": "not applicable", "visibility": "visible"}, {"gameTime": "2 - 32:09", "label": "Ball out of play", "position": "1929252", "team": "away", "visibility": "visible"}, {"gameTime": "2 - 32:19", "label": "Substitution", "position": "1939590", "team": "away", "visibility": "not shown"}, {"gameTime": "2 - 32:39", "label": "Throw-in", "position": "1959378", "team": "not applicable", "visibility": "visible"}, {"gameTime": "2 - 32:56", "label": "Ball out of play", "position": "1976377", "team": "away", "visibility": "visible"}, {"gameTime": "2 - 33:21", "label": "Throw-in", "position": "2001266", "team": "not applicable", "visibility": "visible"}, {"gameTime": "2 - 33:30", "label": "Ball out of play", "position": "2010812", "team": "away", "visibility": "not shown"}, {"gameTime": "2 - 33:57", "label": "Throw-in", "position": "2037434", "team": "home", "visibility": "visible"}, {"gameTime": "2 - 34:05", "label": "Foul", "position": "2045427", "team": "away", "visibility": "not shown"}, {"gameTime": "2 - 35:10", "label": "Indirect free-kick", "position": "2110160", "team": "away", "visibility": "visible"}, {"gameTime": "2 - 35:10", "label": "Shots on target", "position": "2110769", "team": "not applicable", "visibility": "visible"}, {"gameTime": "2 - 35:39", "label": "Ball out of play", "position": "2139739", "team": "away", "visibility": "visible"}, {"gameTime": "2 - 37:43", "label": "Corner", "position": "2263568", "team": "away", "visibility": "visible"}, {"gameTime": "2 - 37:44", "label": "Shots off target", "position": "2264248", "team": "not applicable", "visibility": "visible"}, {"gameTime": "2 - 38:00", "label": "Ball out of play", "position": "2280088", "team": "away", "visibility": "not shown"}, {"gameTime": "2 - 40:32", "label": "Corner", "position": "2432351", "team": "home", "visibility": "visible"}, {"gameTime": "2 - 41:20", "label": "Foul", "position": "2480000", "team": "home", "visibility": "visible"}, {"gameTime": "2 - 41:39", "label": "Substitution", "position": "2499346", "team": "away", "visibility": "visible"}, {"gameTime": "2 - 42:09", "label": "Indirect free-kick", "position": "2529013", "team": "home", "visibility": "visible"}, {"gameTime": "2 - 42:49", "label": "Shots off target", "position": "2569194", "team": "away", "visibility": "visible"}, {"gameTime": "2 - 43:09", "label": "Shots on target", "position": "2589255", "team": "not applicable", "visibility": "not shown"}, {"gameTime": "2 - 43:41", "label": "Ball out of play", "position": "2621900", "team": "home", "visibility": "visible"}, {"gameTime": "2 - 45:42", "label": "Throw-in", "position": "2742220", "team": "not applicable", "visibility": "visible"}, {"gameTime": "2 - 45:56", "label": "Ball out of play", "position": "2756260", "team": "home", "visibility": "not shown"}, {"gameTime": "2 - 46:06", "label": "Throw-in", "position": "2766429", "team": "not applicable", "visibility": "visible"}, {"gameTime": "2 - 46:17", "label": "Ball out of play", "position": "2777898", "team": "home", "visibility": "not shown"}, {"gameTime": "2 - 46:28", "label": "Throw-in", "position": "2788099", "team": "home", "visibility": "visible"}, {"gameTime": "2 - 46:40", "label": "Shots on target", "position": "2800235", "team": "away", "visibility": "visible"}, {"gameTime": "2 - 46:48", "label": "Foul", "position": "2808400", "team": "away", "visibility": "visible"}, {"gameTime": "2 - 47:49", "label": "Yellow card", "position": "2869003", "team": "home", "visibility": "not shown"}], "gameAwayTeam": "Arsenal", "gameDate": "20/08/2016 - 19:30", "gameHomeTeam": "Leicester", "gameScore": "0 - 0"}