{"UrlLocal": "england_epl/2015-2016/2016-01-03 - 16-30 Crystal Palace 0 - 3 Chelsea/", "UrlYoutube": "", "annotations": [{"gameTime": "1 - 00:26", "label": "Kick-off", "position": "26370", "team": "not applicable", "visibility": "visible"}, {"gameTime": "1 - 01:02", "label": "Ball out of play", "position": "62266", "team": "home", "visibility": "visible"}, {"gameTime": "1 - 01:16", "label": "Corner", "position": "76840", "team": "not applicable", "visibility": "visible"}, {"gameTime": "1 - 01:24", "label": "Ball out of play", "position": "84330", "team": "away", "visibility": "visible"}, {"gameTime": "1 - 01:43", "label": "Throw-in", "position": "103023", "team": "home", "visibility": "visible"}, {"gameTime": "1 - 01:51", "label": "Foul", "position": "111802", "team": "away", "visibility": "visible"}, {"gameTime": "1 - 02:41", "label": "Indirect free-kick", "position": "161206", "team": "not applicable", "visibility": "not shown"}, {"gameTime": "1 - 02:45", "label": "Ball out of play", "position": "165058", "team": "away", "visibility": "not shown"}, {"gameTime": "1 - 04:42", "label": "Throw-in", "position": "282954", "team": "not applicable", "visibility": "visible"}, {"gameTime": "1 - 04:52", "label": "Ball out of play", "position": "292765", "team": "away", "visibility": "not shown"}, {"gameTime": "1 - 05:16", "label": "Throw-in", "position": "316755", "team": "not applicable", "visibility": "visible"}, {"gameTime": "1 - 05:28", "label": "Ball out of play", "position": "328125", "team": "home", "visibility": "visible"}, {"gameTime": "1 - 05:33", "label": "Throw-in", "position": "333160", "team": "not applicable", "visibility": "visible"}, {"gameTime": "1 - 06:06", "label": "Ball out of play", "position": "366036", "team": "home", "visibility": "visible"}, {"gameTime": "1 - 06:19", "label": "Corner", "position": "379997", "team": "not applicable", "visibility": "visible"}, {"gameTime": "1 - 06:41", "label": "Ball out of play", "position": "401193", "team": "away", "visibility": "visible"}, {"gameTime": "1 - 06:48", "label": "Throw-in", "position": "408497", "team": "home", "visibility": "visible"}, {"gameTime": "1 - 06:49", "label": "Shots off target", "position": "409359", "team": "not applicable", "visibility": "visible"}, {"gameTime": "1 - 07:15", "label": "Ball out of play", "position": "435243", "team": "away", "visibility": "visible"}, {"gameTime": "1 - 08:35", "label": "Clearance", "position": "515733", "team": "away", "visibility": "visible"}, {"gameTime": "1 - 08:37", "label": "Shots off target", "position": "517127", "team": "not applicable", "visibility": "visible"}, {"gameTime": "1 - 08:59", "label": "Ball out of play", "position": "539923", "team": "away", "visibility": "visible"}, {"gameTime": "1 - 09:19", "label": "Corner", "position": "559827", "team": "not applicable", "visibility": "visible"}, {"gameTime": "1 - 09:27", "label": "Ball out of play", "position": "567538", "team": "away", "visibility": "not shown"}, {"gameTime": "1 - 09:37", "label": "Clearance", "position": "577221", "team": "not applicable", "visibility": "visible"}, {"gameTime": "1 - 09:41", "label": "Ball out of play", "position": "581146", "team": "away", "visibility": "visible"}, {"gameTime": "1 - 10:11", "label": "Throw-in", "position": "611590", "team": "away", "visibility": "visible"}, {"gameTime": "1 - 10:34", "label": "Foul", "position": "634772", "team": "home", "visibility": "visible"}, {"gameTime": "1 - 11:02", "label": "Indirect free-kick", "position": "662708", "team": "not applicable", "visibility": "not shown"}, {"gameTime": "1 - 11:06", "label": "Ball out of play", "position": "666171", "team": "away", "visibility": "visible"}, {"gameTime": "1 - 12:03", "label": "Throw-in", "position": "723666", "team": "home", "visibility": "visible"}, {"gameTime": "1 - 12:10", "label": "Foul", "position": "730000", "team": "home", "visibility": "visible"}, {"gameTime": "1 - 12:32", "label": "Yellow card", "position": "752934", "team": "away", "visibility": "visible"}, {"gameTime": "1 - 13:10", "label": "Indirect free-kick", "position": "790999", "team": "not applicable", "visibility": "visible"}, {"gameTime": "1 - 13:43", "label": "Ball out of play", "position": "823812", "team": "home", "visibility": "not shown"}, {"gameTime": "1 - 14:01", "label": "Clearance", "position": "841742", "team": "away", "visibility": "visible"}, {"gameTime": "1 - 14:04", "label": "Foul", "position": "844337", "team": "not applicable", "visibility": "visible"}, {"gameTime": "1 - 15:34", "label": "Ball out of play", "position": "934000", "team": "away", "visibility": "visible"}, {"gameTime": "1 - 15:50", "label": "Substitution", "position": "950717", "team": "home", "visibility": "visible"}, {"gameTime": "1 - 15:54", "label": "Direct free-kick", "position": "954623", "team": "not applicable", "visibility": "visible"}, {"gameTime": "1 - 16:22", "label": "Ball out of play", "position": "982090", "team": "home", "visibility": "visible"}, {"gameTime": "1 - 16:35", "label": "Corner", "position": "995604", "team": "not applicable", "visibility": "visible"}, {"gameTime": "1 - 16:41", "label": "Ball out of play", "position": "1001915", "team": "home", "visibility": "not shown"}, {"gameTime": "1 - 20:05", "label": "Throw-in", "position": "1205676", "team": "away", "visibility": "visible"}, {"gameTime": "1 - 20:45", "label": "Foul", "position": "1245617", "team": "home", "visibility": "visible"}, {"gameTime": "1 - 22:42", "label": "Indirect free-kick", "position": "1362041", "team": "away", "visibility": "visible"}, {"gameTime": "1 - 22:45", "label": "Foul", "position": "1365909", "team": "not applicable", "visibility": "not shown"}, {"gameTime": "1 - 23:22", "label": "Ball out of play", "position": "1402246", "team": "home", "visibility": "visible"}, {"gameTime": "1 - 23:56", "label": "Direct free-kick", "position": "1436287", "team": "not applicable", "visibility": "visible"}, {"gameTime": "1 - 24:27", "label": "Ball out of play", "position": "1467270", "team": "home", "visibility": "visible"}, {"gameTime": "1 - 24:50", "label": "Corner", "position": "1490588", "team": "not applicable", "visibility": "visible"}, {"gameTime": "1 - 24:56", "label": "Ball out of play", "position": "1496378", "team": "away", "visibility": "not shown"}, {"gameTime": "1 - 25:13", "label": "Clearance", "position": "1513757", "team": "not applicable", "visibility": "visible"}, {"gameTime": "1 - 25:23", "label": "Ball out of play", "position": "1523016", "team": "away", "visibility": "not shown"}, {"gameTime": "1 - 26:09", "label": "Clearance", "position": "1569885", "team": "away", "visibility": "visible"}, {"gameTime": "1 - 26:45", "label": "Foul", "position": "1605295", "team": "home", "visibility": "visible"}, {"gameTime": "1 - 26:50", "label": "Clearance", "position": "1610823", "team": "not applicable", "visibility": "visible"}, {"gameTime": "1 - 27:10", "label": "Ball out of play", "position": "1630203", "team": "away", "visibility": "not shown"}, {"gameTime": "1 - 27:24", "label": "Clearance", "position": "1644578", "team": "home", "visibility": "visible"}, {"gameTime": "1 - 27:46", "label": "Foul", "position": "1666547", "team": "away", "visibility": "visible"}, {"gameTime": "1 - 28:04", "label": "Indirect free-kick", "position": "1684000", "team": "away", "visibility": "visible"}, {"gameTime": "1 - 28:04", "label": "Goal", "position": "1684319", "team": "away", "visibility": "visible"}, {"gameTime": "1 - 28:49", "label": "Shots on target", "position": "1729803", "team": "home", "visibility": "not shown"}, {"gameTime": "1 - 28:57", "label": "Kick-off", "position": "1737605", "team": "not applicable", "visibility": "visible"}, {"gameTime": "1 - 29:18", "label": "Ball out of play", "position": "1758415", "team": "away", "visibility": "visible"}, {"gameTime": "1 - 29:48", "label": "Clearance", "position": "1788075", "team": "home", "visibility": "visible"}, {"gameTime": "1 - 29:49", "label": "Shots off target", "position": "1789392", "team": "not applicable", "visibility": "visible"}, {"gameTime": "1 - 29:52", "label": "Ball out of play", "position": "1792777", "team": "away", "visibility": "not shown"}, {"gameTime": "1 - 30:05", "label": "Clearance", "position": "1805736", "team": "not applicable", "visibility": "visible"}, {"gameTime": "1 - 30:16", "label": "Ball out of play", "position": "1816870", "team": "away", "visibility": "visible"}, {"gameTime": "1 - 30:36", "label": "Clearance", "position": "1836616", "team": "not applicable", "visibility": "visible"}, {"gameTime": "1 - 31:01", "label": "Ball out of play", "position": "1861649", "team": "away", "visibility": "not shown"}, {"gameTime": "1 - 31:08", "label": "Clearance", "position": "1868378", "team": "not applicable", "visibility": "visible"}, {"gameTime": "1 - 31:17", "label": "Ball out of play", "position": "1877194", "team": "away", "visibility": "not shown"}, {"gameTime": "1 - 31:23", "label": "Throw-in", "position": "1883254", "team": "not applicable", "visibility": "visible"}, {"gameTime": "1 - 31:30", "label": "Ball out of play", "position": "1890388", "team": "home", "visibility": "visible"}, {"gameTime": "1 - 31:45", "label": "Clearance", "position": "1905712", "team": "not applicable", "visibility": "visible"}, {"gameTime": "1 - 31:56", "label": "Ball out of play", "position": "1916073", "team": "away", "visibility": "visible"}, {"gameTime": "1 - 34:05", "label": "Throw-in", "position": "2045890", "team": "not applicable", "visibility": "visible"}, {"gameTime": "1 - 34:19", "label": "Ball out of play", "position": "2059749", "team": "not applicable", "visibility": "visible"}, {"gameTime": "1 - 34:35", "label": "Ball out of play", "position": "2075307", "team": "away", "visibility": "visible"}, {"gameTime": "1 - 34:42", "label": "Corner", "position": "2082128", "team": "not applicable", "visibility": "visible"}, {"gameTime": "1 - 34:52", "label": "Ball out of play", "position": "2092884", "team": "home", "visibility": "visible"}, {"gameTime": "1 - 35:25", "label": "Clearance", "position": "2125295", "team": "away", "visibility": "visible"}, {"gameTime": "1 - 35:27", "label": "Shots on target", "position": "2127974", "team": "not applicable", "visibility": "visible"}, {"gameTime": "1 - 35:54", "label": "Ball out of play", "position": "2154665", "team": "away", "visibility": "visible"}, {"gameTime": "1 - 36:45", "label": "Corner", "position": "2205220", "team": "home", "visibility": "visible"}, {"gameTime": "1 - 36:59", "label": "Offside", "position": "2219763", "team": "home", "visibility": "visible"}, {"gameTime": "1 - 37:01", "label": "Throw-in", "position": "2221948", "team": "not applicable", "visibility": "visible"}, {"gameTime": "1 - 37:12", "label": "Ball out of play", "position": "2232928", "team": "home", "visibility": "visible"}, {"gameTime": "1 - 38:28", "label": "Throw-in", "position": "2308396", "team": "not applicable", "visibility": "not shown"}, {"gameTime": "1 - 38:55", "label": "Ball out of play", "position": "2335578", "team": "away", "visibility": "visible"}, {"gameTime": "1 - 40:19", "label": "Throw-in", "position": "2419902", "team": "not applicable", "visibility": "visible"}, {"gameTime": "1 - 40:44", "label": "Ball out of play", "position": "2444771", "team": "home", "visibility": "visible"}, {"gameTime": "1 - 43:04", "label": "Throw-in", "position": "2584062", "team": "not applicable", "visibility": "visible"}, {"gameTime": "1 - 43:13", "label": "Ball out of play", "position": "2593062", "team": "home", "visibility": "visible"}, {"gameTime": "1 - 43:39", "label": "Throw-in", "position": "2619164", "team": "not applicable", "visibility": "visible"}, {"gameTime": "1 - 44:03", "label": "Ball out of play", "position": "2643883", "team": "away", "visibility": "not shown"}, {"gameTime": "1 - 44:23", "label": "Clearance", "position": "2663500", "team": "away", "visibility": "visible"}, {"gameTime": "1 - 45:00", "label": "Foul", "position": "2700003", "team": "home", "visibility": "not shown"}, {"gameTime": "2 - 00:52", "label": "Kick-off", "position": "52209", "team": "not applicable", "visibility": "not shown"}, {"gameTime": "2 - 00:56", "label": "Ball out of play", "position": "56029", "team": "home", "visibility": "not shown"}, {"gameTime": "2 - 03:01", "label": "Throw-in", "position": "181200", "team": "not applicable", "visibility": "visible"}, {"gameTime": "2 - 03:19", "label": "Ball out of play", "position": "199773", "team": "home", "visibility": "visible"}, {"gameTime": "2 - 03:44", "label": "Throw-in", "position": "224844", "team": "not applicable", "visibility": "visible"}, {"gameTime": "2 - 04:13", "label": "Ball out of play", "position": "253257", "team": "away", "visibility": "visible"}, {"gameTime": "2 - 05:24", "label": "Clearance", "position": "324577", "team": "not applicable", "visibility": "visible"}, {"gameTime": "2 - 05:50", "label": "Ball out of play", "position": "350435", "team": "away", "visibility": "visible"}, {"gameTime": "2 - 05:53", "label": "Corner", "position": "353037", "team": "not applicable", "visibility": "visible"}, {"gameTime": "2 - 06:11", "label": "Ball out of play", "position": "371354", "team": "away", "visibility": "visible"}, {"gameTime": "2 - 06:34", "label": "Corner", "position": "394498", "team": "home", "visibility": "visible"}, {"gameTime": "2 - 07:24", "label": "Foul", "position": "444184", "team": "away", "visibility": "visible"}, {"gameTime": "2 - 07:25", "label": "Direct free-kick", "position": "445802", "team": "away", "visibility": "visible"}, {"gameTime": "2 - 07:26", "label": "Shots off target", "position": "446266", "team": "not applicable", "visibility": "visible"}, {"gameTime": "2 - 07:53", "label": "Ball out of play", "position": "473908", "team": "home", "visibility": "visible"}, {"gameTime": "2 - 07:57", "label": "Clearance", "position": "477721", "team": "not applicable", "visibility": "visible"}, {"gameTime": "2 - 08:05", "label": "Ball out of play", "position": "485593", "team": "away", "visibility": "not shown"}, {"gameTime": "2 - 08:47", "label": "Throw-in", "position": "527103", "team": "away", "visibility": "visible"}, {"gameTime": "2 - 08:51", "label": "Foul", "position": "531651", "team": "not applicable", "visibility": "visible"}, {"gameTime": "2 - 09:18", "label": "Ball out of play", "position": "558252", "team": "home", "visibility": "visible"}, {"gameTime": "2 - 11:02", "label": "Direct free-kick", "position": "662565", "team": "home", "visibility": "visible"}, {"gameTime": "2 - 11:09", "label": "Foul", "position": "669000", "team": "home", "visibility": "visible"}, {"gameTime": "2 - 11:33", "label": "Yellow card", "position": "693038", "team": "away", "visibility": "visible"}, {"gameTime": "2 - 11:44", "label": "Indirect free-kick", "position": "704628", "team": "home", "visibility": "visible"}, {"gameTime": "2 - 12:13", "label": "Foul", "position": "733582", "team": "not applicable", "visibility": "visible"}, {"gameTime": "2 - 12:29", "label": "Ball out of play", "position": "749857", "team": "away", "visibility": "visible"}, {"gameTime": "2 - 13:46", "label": "Throw-in", "position": "826273", "team": "home", "visibility": "visible"}, {"gameTime": "2 - 14:22", "label": "Shots on target", "position": "862021", "team": "not applicable", "visibility": "visible"}, {"gameTime": "2 - 14:30", "label": "Ball out of play", "position": "870467", "team": "away", "visibility": "visible"}, {"gameTime": "2 - 14:48", "label": "Throw-in", "position": "888025", "team": "away", "visibility": "visible"}, {"gameTime": "2 - 14:48", "label": "Shots on target", "position": "888680", "team": "away", "visibility": "visible"}, {"gameTime": "2 - 15:51", "label": "Goal", "position": "951028", "team": "home", "visibility": "visible"}, {"gameTime": "2 - 17:19", "label": "Kick-off", "position": "1039524", "team": "not applicable", "visibility": "not shown"}, {"gameTime": "2 - 17:34", "label": "Ball out of play", "position": "1054024", "team": "away", "visibility": "not shown"}, {"gameTime": "2 - 17:41", "label": "Throw-in", "position": "1061815", "team": "not applicable", "visibility": "visible"}, {"gameTime": "2 - 18:04", "label": "Ball out of play", "position": "1084927", "team": "not applicable", "visibility": "visible"}, {"gameTime": "2 - 18:16", "label": "Ball out of play", "position": "1096259", "team": "home", "visibility": "visible"}, {"gameTime": "2 - 18:49", "label": "Throw-in", "position": "1129176", "team": "home", "visibility": "visible"}, {"gameTime": "2 - 18:49", "label": "Foul", "position": "1129912", "team": "not applicable", "visibility": "visible"}, {"gameTime": "2 - 19:16", "label": "Ball out of play", "position": "1156349", "team": "away", "visibility": "not shown"}, {"gameTime": "2 - 20:03", "label": "Clearance", "position": "1203755", "team": "not applicable", "visibility": "visible"}, {"gameTime": "2 - 20:16", "label": "Ball out of play", "position": "1216771", "team": "away", "visibility": "visible"}, {"gameTime": "2 - 20:39", "label": "Throw-in", "position": "1239560", "team": "away", "visibility": "visible"}, {"gameTime": "2 - 20:40", "label": "Shots on target", "position": "1240120", "team": "away", "visibility": "visible"}, {"gameTime": "2 - 21:34", "label": "Goal", "position": "1294000", "team": "home", "visibility": "visible"}, {"gameTime": "2 - 21:50", "label": "Substitution", "position": "1310453", "team": "home", "visibility": "not shown"}, {"gameTime": "2 - 21:51", "label": "Kick-off", "position": "1311000", "team": "home", "visibility": "visible"}, {"gameTime": "2 - 22:34", "label": "Substitution", "position": "1354893", "team": "not applicable", "visibility": "visible"}, {"gameTime": "2 - 22:47", "label": "Ball out of play", "position": "1367654", "team": "away", "visibility": "visible"}, {"gameTime": "2 - 23:00", "label": "Throw-in", "position": "1380422", "team": "not applicable", "visibility": "visible"}, {"gameTime": "2 - 23:08", "label": "Ball out of play", "position": "1388426", "team": "away", "visibility": "visible"}, {"gameTime": "2 - 23:48", "label": "Throw-in", "position": "1428302", "team": "not applicable", "visibility": "visible"}, {"gameTime": "2 - 24:00", "label": "Ball out of play", "position": "1440349", "team": "home", "visibility": "visible"}, {"gameTime": "2 - 24:12", "label": "Throw-in", "position": "1452456", "team": "not applicable", "visibility": "visible"}, {"gameTime": "2 - 24:38", "label": "Ball out of play", "position": "1478595", "team": "away", "visibility": "visible"}, {"gameTime": "2 - 26:19", "label": "Clearance", "position": "1579862", "team": "not applicable", "visibility": "visible"}, {"gameTime": "2 - 26:42", "label": "Ball out of play", "position": "1602530", "team": "home", "visibility": "visible"}, {"gameTime": "2 - 27:22", "label": "Throw-in", "position": "1642326", "team": "not applicable", "visibility": "visible"}, {"gameTime": "2 - 27:34", "label": "Ball out of play", "position": "1654271", "team": "home", "visibility": "visible"}, {"gameTime": "2 - 27:49", "label": "Throw-in", "position": "1669553", "team": "not applicable", "visibility": "visible"}, {"gameTime": "2 - 27:56", "label": "Ball out of play", "position": "1676371", "team": "home", "visibility": "not shown"}, {"gameTime": "2 - 28:07", "label": "Throw-in", "position": "1687840", "team": "away", "visibility": "visible"}, {"gameTime": "2 - 28:12", "label": "Foul", "position": "1692923", "team": "not applicable", "visibility": "visible"}, {"gameTime": "2 - 28:29", "label": "Ball out of play", "position": "1709741", "team": "home", "visibility": "visible"}, {"gameTime": "2 - 28:35", "label": "Direct free-kick", "position": "1715302", "team": "not applicable", "visibility": "visible"}, {"gameTime": "2 - 29:02", "label": "Ball out of play", "position": "1742351", "team": "away", "visibility": "visible"}, {"gameTime": "2 - 29:17", "label": "Clearance", "position": "1757784", "team": "away", "visibility": "visible"}, {"gameTime": "2 - 29:23", "label": "Clearance", "position": "1763665", "team": "home", "visibility": "visible"}, {"gameTime": "2 - 29:55", "label": "Throw-in", "position": "1795066", "team": "not applicable", "visibility": "visible"}, {"gameTime": "2 - 31:10", "label": "Ball out of play", "position": "1870287", "team": "not applicable", "visibility": "visible"}, {"gameTime": "2 - 31:29", "label": "Ball out of play", "position": "1889080", "team": "away", "visibility": "visible"}, {"gameTime": "2 - 32:07", "label": "Throw-in", "position": "1927968", "team": "not applicable", "visibility": "visible"}, {"gameTime": "2 - 32:53", "label": "Ball out of play", "position": "1973841", "team": "home", "visibility": "visible"}, {"gameTime": "2 - 32:54", "label": "Shots off target", "position": "1974616", "team": "not applicable", "visibility": "visible"}, {"gameTime": "2 - 33:18", "label": "Ball out of play", "position": "1998906", "team": "home", "visibility": "visible"}, {"gameTime": "2 - 33:29", "label": "Corner", "position": "2009541", "team": "not applicable", "visibility": "visible"}, {"gameTime": "2 - 33:40", "label": "Ball out of play", "position": "2020376", "team": "home", "visibility": "visible"}, {"gameTime": "2 - 34:03", "label": "Throw-in", "position": "2043714", "team": "home", "visibility": "visible"}, {"gameTime": "2 - 34:06", "label": "Foul", "position": "2046082", "team": "not applicable", "visibility": "visible"}, {"gameTime": "2 - 34:16", "label": "Ball out of play", "position": "2056000", "team": "home", "visibility": "not shown"}, {"gameTime": "2 - 34:38", "label": "Yellow card", "position": "2078000", "team": "home", "visibility": "visible"}, {"gameTime": "2 - 34:55", "label": "Substitution", "position": "2095297", "team": "away", "visibility": "visible"}, {"gameTime": "2 - 36:14", "label": "Indirect free-kick", "position": "2174648", "team": "not applicable", "visibility": "visible"}, {"gameTime": "2 - 36:17", "label": "Ball out of play", "position": "2177064", "team": "home", "visibility": "visible"}, {"gameTime": "2 - 36:28", "label": "Throw-in", "position": "2188849", "team": "not applicable", "visibility": "visible"}, {"gameTime": "2 - 36:49", "label": "Ball out of play", "position": "2209947", "team": "away", "visibility": "visible"}, {"gameTime": "2 - 37:28", "label": "Corner", "position": "2248740", "team": "not applicable", "visibility": "visible"}, {"gameTime": "2 - 37:35", "label": "Ball out of play", "position": "2255981", "team": "home", "visibility": "not shown"}, {"gameTime": "2 - 37:59", "label": "Throw-in", "position": "2279896", "team": "not applicable", "visibility": "visible"}, {"gameTime": "2 - 38:12", "label": "Ball out of play", "position": "2292657", "team": "away", "visibility": "visible"}, {"gameTime": "2 - 39:48", "label": "Throw-in", "position": "2388089", "team": "not applicable", "visibility": "not shown"}, {"gameTime": "2 - 39:52", "label": "Ball out of play", "position": "2392569", "team": "away", "visibility": "not shown"}, {"gameTime": "2 - 41:01", "label": "Throw-in", "position": "2461607", "team": "not applicable", "visibility": "visible"}, {"gameTime": "2 - 41:08", "label": "Ball out of play", "position": "2468431", "team": "away", "visibility": "not shown"}, {"gameTime": "2 - 41:27", "label": "Corner", "position": "2487426", "team": "not applicable", "visibility": "visible"}, {"gameTime": "2 - 42:06", "label": "Ball out of play", "position": "2526000", "team": "away", "visibility": "visible"}, {"gameTime": "2 - 42:35", "label": "Substitution", "position": "2555088", "team": "away", "visibility": "not shown"}, {"gameTime": "2 - 43:15", "label": "Foul", "position": "2595143", "team": "home", "visibility": "visible"}, {"gameTime": "2 - 43:51", "label": "Direct free-kick", "position": "2631012", "team": "not applicable", "visibility": "visible"}, {"gameTime": "2 - 44:01", "label": "Ball out of play", "position": "2641215", "team": "away", "visibility": "visible"}, {"gameTime": "2 - 44:06", "label": "Throw-in", "position": "2646731", "team": "not applicable", "visibility": "visible"}, {"gameTime": "2 - 44:40", "label": "Ball out of play", "position": "2680107", "team": "home", "visibility": "visible"}, {"gameTime": "2 - 44:52", "label": "Clearance", "position": "2692252", "team": "not applicable", "visibility": "visible"}], "gameAwayTeam": "Chelsea", "gameDate": "03/01/2016 - 16:30", "gameHomeTeam": "Crystal Palace", "gameScore": "0 - 3"}