{"UrlLocal": "england_epl/2016-2017/2017-05-13 - 14-30 Manchester City 2 - 1 Leicester/", "UrlYoutube": "", "annotations": [{"gameTime": "1 - 00:22", "label": "Kick-off", "position": "22776", "team": "not applicable", "visibility": "visible"}, {"gameTime": "1 - 00:24", "label": "Ball out of play", "position": "24799", "team": "away", "visibility": "visible"}, {"gameTime": "1 - 00:59", "label": "Throw-in", "position": "59167", "team": "not applicable", "visibility": "visible"}, {"gameTime": "1 - 01:31", "label": "Ball out of play", "position": "91243", "team": "away", "visibility": "visible"}, {"gameTime": "1 - 02:36", "label": "Clearance", "position": "156242", "team": "not applicable", "visibility": "visible"}, {"gameTime": "1 - 03:00", "label": "Ball out of play", "position": "180829", "team": "home", "visibility": "visible"}, {"gameTime": "1 - 03:02", "label": "Corner", "position": "182260", "team": "home", "visibility": "visible"}, {"gameTime": "1 - 03:02", "label": "Shots off target", "position": "182671", "team": "not applicable", "visibility": "visible"}, {"gameTime": "1 - 03:23", "label": "Ball out of play", "position": "203217", "team": "away", "visibility": "not shown"}, {"gameTime": "1 - 03:31", "label": "Clearance", "position": "211350", "team": "not applicable", "visibility": "visible"}, {"gameTime": "1 - 03:39", "label": "Ball out of play", "position": "219876", "team": "home", "visibility": "visible"}, {"gameTime": "1 - 04:01", "label": "Throw-in", "position": "241723", "team": "away", "visibility": "visible"}, {"gameTime": "1 - 05:07", "label": "Shots on target", "position": "307737", "team": "not applicable", "visibility": "visible"}, {"gameTime": "1 - 05:44", "label": "Ball out of play", "position": "344140", "team": "away", "visibility": "not shown"}, {"gameTime": "1 - 06:08", "label": "Clearance", "position": "368738", "team": "not applicable", "visibility": "visible"}, {"gameTime": "1 - 06:21", "label": "Ball out of play", "position": "381115", "team": "home", "visibility": "visible"}, {"gameTime": "1 - 06:23", "label": "Throw-in", "position": "383822", "team": "not applicable", "visibility": "visible"}, {"gameTime": "1 - 06:36", "label": "Ball out of play", "position": "396282", "team": "home", "visibility": "visible"}, {"gameTime": "1 - 06:57", "label": "Throw-in", "position": "417971", "team": "away", "visibility": "visible"}, {"gameTime": "1 - 07:16", "label": "Foul", "position": "436939", "team": "home", "visibility": "not shown"}, {"gameTime": "1 - 07:48", "label": "Indirect free-kick", "position": "468030", "team": "not applicable", "visibility": "visible"}, {"gameTime": "1 - 08:17", "label": "Ball out of play", "position": "497723", "team": "away", "visibility": "visible"}, {"gameTime": "1 - 08:19", "label": "Corner", "position": "499305", "team": "away", "visibility": "visible"}, {"gameTime": "1 - 08:19", "label": "Shots off target", "position": "499625", "team": "not applicable", "visibility": "visible"}, {"gameTime": "1 - 08:28", "label": "Ball out of play", "position": "508216", "team": "home", "visibility": "not shown"}, {"gameTime": "1 - 09:22", "label": "Clearance", "position": "562894", "team": "away", "visibility": "visible"}, {"gameTime": "1 - 09:29", "label": "Foul", "position": "569775", "team": "home", "visibility": "visible"}, {"gameTime": "1 - 10:15", "label": "Indirect free-kick", "position": "615750", "team": "away", "visibility": "visible"}, {"gameTime": "1 - 11:05", "label": "Shots on target", "position": "665420", "team": "not applicable", "visibility": "visible"}, {"gameTime": "1 - 11:23", "label": "Ball out of play", "position": "683905", "team": "away", "visibility": "visible"}, {"gameTime": "1 - 13:41", "label": "Throw-in", "position": "821512", "team": "home", "visibility": "visible"}, {"gameTime": "1 - 14:18", "label": "Foul", "position": "858466", "team": "away", "visibility": "not shown"}, {"gameTime": "1 - 14:37", "label": "Indirect free-kick", "position": "877270", "team": "not applicable", "visibility": "visible"}, {"gameTime": "1 - 14:46", "label": "Ball out of play", "position": "886613", "team": "home", "visibility": "not shown"}, {"gameTime": "1 - 14:53", "label": "Throw-in", "position": "893751", "team": "away", "visibility": "not shown"}, {"gameTime": "1 - 15:44", "label": "Foul", "position": "944340", "team": "home", "visibility": "visible"}, {"gameTime": "1 - 16:03", "label": "Direct free-kick", "position": "963633", "team": "not applicable", "visibility": "visible"}, {"gameTime": "1 - 16:15", "label": "Ball out of play", "position": "975904", "team": "home", "visibility": "not shown"}, {"gameTime": "1 - 16:25", "label": "Throw-in", "position": "985879", "team": "not applicable", "visibility": "not shown"}, {"gameTime": "1 - 17:04", "label": "Ball out of play", "position": "1024906", "team": "home", "visibility": "not shown"}, {"gameTime": "1 - 17:39", "label": "Throw-in", "position": "1059070", "team": "not applicable", "visibility": "visible"}, {"gameTime": "1 - 18:19", "label": "Ball out of play", "position": "1099515", "team": "home", "visibility": "visible"}, {"gameTime": "1 - 18:33", "label": "Corner", "position": "1113418", "team": "home", "visibility": "visible"}, {"gameTime": "1 - 18:34", "label": "Shots off target", "position": "1114563", "team": "not applicable", "visibility": "visible"}, {"gameTime": "1 - 19:03", "label": "Ball out of play", "position": "1143071", "team": "home", "visibility": "visible"}, {"gameTime": "1 - 19:13", "label": "Corner", "position": "1153630", "team": "home", "visibility": "visible"}, {"gameTime": "1 - 20:07", "label": "Foul", "position": "1207651", "team": "away", "visibility": "visible"}, {"gameTime": "1 - 20:20", "label": "Direct free-kick", "position": "1220897", "team": "away", "visibility": "visible"}, {"gameTime": "1 - 20:48", "label": "Foul", "position": "1248993", "team": "home", "visibility": "visible"}, {"gameTime": "1 - 21:41", "label": "Indirect free-kick", "position": "1301357", "team": "not applicable", "visibility": "visible"}, {"gameTime": "1 - 22:02", "label": "Ball out of play", "position": "1322644", "team": "home", "visibility": "visible"}, {"gameTime": "1 - 22:22", "label": "Throw-in", "position": "1342493", "team": "home", "visibility": "visible"}, {"gameTime": "1 - 22:23", "label": "Shots off target", "position": "1343228", "team": "not applicable", "visibility": "visible"}, {"gameTime": "1 - 22:56", "label": "Ball out of play", "position": "1376495", "team": "home", "visibility": "visible"}, {"gameTime": "1 - 24:01", "label": "Corner", "position": "1441379", "team": "home", "visibility": "visible"}, {"gameTime": "1 - 24:02", "label": "Shots off target", "position": "1442365", "team": "not applicable", "visibility": "visible"}, {"gameTime": "1 - 24:24", "label": "Ball out of play", "position": "1464507", "team": "home", "visibility": "visible"}, {"gameTime": "1 - 25:18", "label": "Corner", "position": "1518207", "team": "away", "visibility": "visible"}, {"gameTime": "1 - 25:46", "label": "Foul", "position": "1546305", "team": "home", "visibility": "visible"}, {"gameTime": "1 - 26:26", "label": "Indirect free-kick", "position": "1586939", "team": "home", "visibility": "visible"}, {"gameTime": "1 - 26:27", "label": "Shots off target", "position": "1587725", "team": "not applicable", "visibility": "visible"}, {"gameTime": "1 - 26:50", "label": "Ball out of play", "position": "1610401", "team": "home", "visibility": "visible"}, {"gameTime": "1 - 26:56", "label": "Corner", "position": "1616593", "team": "not applicable", "visibility": "visible"}, {"gameTime": "1 - 27:13", "label": "Ball out of play", "position": "1633149", "team": "away", "visibility": "not shown"}, {"gameTime": "1 - 27:24", "label": "Throw-in", "position": "1644017", "team": "away", "visibility": "visible"}, {"gameTime": "1 - 27:32", "label": "Throw-in", "position": "1652616", "team": "home", "visibility": "not shown"}, {"gameTime": "1 - 28:23", "label": "Indirect free-kick", "position": "1703666", "team": "home", "visibility": "visible"}, {"gameTime": "1 - 28:24", "label": "Shots on target", "position": "1704446", "team": "home", "visibility": "visible"}, {"gameTime": "1 - 29:51", "label": "Goal", "position": "1791881", "team": "away", "visibility": "not shown"}, {"gameTime": "1 - 30:14", "label": "Kick-off", "position": "1814378", "team": "not applicable", "visibility": "visible"}, {"gameTime": "1 - 30:37", "label": "Ball out of play", "position": "1837825", "team": "home", "visibility": "visible"}, {"gameTime": "1 - 31:00", "label": "Throw-in", "position": "1860319", "team": "not applicable", "visibility": "visible"}, {"gameTime": "1 - 31:16", "label": "Ball out of play", "position": "1876490", "team": "home", "visibility": "not shown"}, {"gameTime": "1 - 32:15", "label": "Throw-in", "position": "1935190", "team": "not applicable", "visibility": "visible"}, {"gameTime": "1 - 32:52", "label": "Ball out of play", "position": "1972847", "team": "home", "visibility": "visible"}, {"gameTime": "1 - 34:16", "label": "Corner", "position": "2056140", "team": "away", "visibility": "visible"}, {"gameTime": "1 - 34:43", "label": "Foul", "position": "2083185", "team": "away", "visibility": "not shown"}, {"gameTime": "1 - 35:24", "label": "Yellow card", "position": "2124287", "team": "home", "visibility": "visible"}, {"gameTime": "1 - 35:24", "label": "Shots on target", "position": "2124287", "team": "home", "visibility": "visible"}, {"gameTime": "1 - 35:24", "label": "Penalty", "position": "2124727", "team": "home", "visibility": "visible"}, {"gameTime": "1 - 36:17", "label": "Goal", "position": "2177022", "team": "away", "visibility": "visible"}, {"gameTime": "1 - 36:23", "label": "Kick-off", "position": "2183884", "team": "not applicable", "visibility": "visible"}, {"gameTime": "1 - 36:35", "label": "Ball out of play", "position": "2195041", "team": "home", "visibility": "not shown"}, {"gameTime": "1 - 37:48", "label": "Throw-in", "position": "2268946", "team": "not applicable", "visibility": "visible"}, {"gameTime": "1 - 37:58", "label": "Ball out of play", "position": "2278563", "team": "home", "visibility": "visible"}, {"gameTime": "1 - 38:04", "label": "Throw-in", "position": "2284498", "team": "not applicable", "visibility": "visible"}, {"gameTime": "1 - 38:24", "label": "Ball out of play", "position": "2304209", "team": "home", "visibility": "visible"}, {"gameTime": "1 - 38:28", "label": "Throw-in", "position": "2308747", "team": "not applicable", "visibility": "visible"}, {"gameTime": "1 - 38:34", "label": "Ball out of play", "position": "2314764", "team": "home", "visibility": "visible"}, {"gameTime": "1 - 38:55", "label": "Throw-in", "position": "2335061", "team": "not applicable", "visibility": "visible"}, {"gameTime": "1 - 39:25", "label": "Ball out of play", "position": "2365093", "team": "away", "visibility": "not shown"}, {"gameTime": "1 - 39:41", "label": "Throw-in", "position": "2381193", "team": "not applicable", "visibility": "not shown"}, {"gameTime": "1 - 39:54", "label": "Ball out of play", "position": "2394945", "team": "home", "visibility": "not shown"}, {"gameTime": "1 - 40:39", "label": "Throw-in", "position": "2439592", "team": "not applicable", "visibility": "visible"}, {"gameTime": "1 - 40:42", "label": "Ball out of play", "position": "2442539", "team": "away", "visibility": "not shown"}, {"gameTime": "1 - 41:06", "label": "Throw-in", "position": "2466864", "team": "away", "visibility": "visible"}, {"gameTime": "1 - 41:07", "label": "Shots on target", "position": "2467317", "team": "away", "visibility": "visible"}, {"gameTime": "1 - 41:42", "label": "Goal", "position": "2502822", "team": "home", "visibility": "not shown"}, {"gameTime": "1 - 42:13", "label": "Kick-off", "position": "2533029", "team": "not applicable", "visibility": "visible"}, {"gameTime": "1 - 42:28", "label": "Ball out of play", "position": "2548574", "team": "away", "visibility": "not shown"}, {"gameTime": "1 - 43:01", "label": "Throw-in", "position": "2581513", "team": "home", "visibility": "visible"}, {"gameTime": "1 - 43:02", "label": "Shots off target", "position": "2582174", "team": "not applicable", "visibility": "visible"}, {"gameTime": "1 - 43:26", "label": "Ball out of play", "position": "2606824", "team": "away", "visibility": "visible"}, {"gameTime": "1 - 43:37", "label": "Clearance", "position": "2617876", "team": "not applicable", "visibility": "visible"}, {"gameTime": "1 - 43:59", "label": "Ball out of play", "position": "2639931", "team": "home", "visibility": "visible"}, {"gameTime": "1 - 44:25", "label": "Throw-in", "position": "2665134", "team": "home", "visibility": "visible"}, {"gameTime": "1 - 44:46", "label": "Shots on target", "position": "2686840", "team": "away", "visibility": "visible"}, {"gameTime": "2 - 00:38", "label": "Kick-off", "position": "38096", "team": "not applicable", "visibility": "visible"}, {"gameTime": "2 - 01:06", "label": "Ball out of play", "position": "66481", "team": "away", "visibility": "visible"}, {"gameTime": "2 - 01:09", "label": "Throw-in", "position": "69813", "team": "away", "visibility": "visible"}, {"gameTime": "2 - 01:10", "label": "Shots off target", "position": "70757", "team": "not applicable", "visibility": "visible"}, {"gameTime": "2 - 01:22", "label": "Ball out of play", "position": "82084", "team": "home", "visibility": "not shown"}, {"gameTime": "2 - 01:33", "label": "Clearance", "position": "93073", "team": "not applicable", "visibility": "visible"}, {"gameTime": "2 - 01:38", "label": "Ball out of play", "position": "98241", "team": "home", "visibility": "visible"}, {"gameTime": "2 - 03:06", "label": "Throw-in", "position": "186631", "team": "home", "visibility": "visible"}, {"gameTime": "2 - 03:22", "label": "Foul", "position": "202656", "team": "away", "visibility": "visible"}, {"gameTime": "2 - 03:46", "label": "Indirect free-kick", "position": "226184", "team": "away", "visibility": "visible"}, {"gameTime": "2 - 04:17", "label": "Shots off target", "position": "257296", "team": "home", "visibility": "visible"}, {"gameTime": "2 - 04:21", "label": "Foul", "position": "261662", "team": "home", "visibility": "visible"}, {"gameTime": "2 - 05:04", "label": "Yellow card", "position": "304795", "team": "away", "visibility": "visible"}, {"gameTime": "2 - 05:26", "label": "Indirect free-kick", "position": "326263", "team": "not applicable", "visibility": "visible"}, {"gameTime": "2 - 05:35", "label": "Ball out of play", "position": "335233", "team": "home", "visibility": "visible"}, {"gameTime": "2 - 05:37", "label": "Throw-in", "position": "337478", "team": "home", "visibility": "visible"}, {"gameTime": "2 - 05:38", "label": "Foul", "position": "338381", "team": "not applicable", "visibility": "visible"}, {"gameTime": "2 - 06:12", "label": "Ball out of play", "position": "372680", "team": "away", "visibility": "visible"}, {"gameTime": "2 - 06:23", "label": "Indirect free-kick", "position": "383040", "team": "not applicable", "visibility": "visible"}, {"gameTime": "2 - 06:35", "label": "Ball out of play", "position": "395634", "team": "home", "visibility": "visible"}, {"gameTime": "2 - 07:12", "label": "Throw-in", "position": "432983", "team": "not applicable", "visibility": "visible"}, {"gameTime": "2 - 08:52", "label": "Ball out of play", "position": "532701", "team": "away", "visibility": "visible"}, {"gameTime": "2 - 09:25", "label": "Throw-in", "position": "565997", "team": "not applicable", "visibility": "visible"}, {"gameTime": "2 - 09:31", "label": "Ball out of play", "position": "571945", "team": "home", "visibility": "not shown"}, {"gameTime": "2 - 09:49", "label": "Throw-in", "position": "589701", "team": "not applicable", "visibility": "visible"}, {"gameTime": "2 - 09:56", "label": "Ball out of play", "position": "596911", "team": "away", "visibility": "visible"}, {"gameTime": "2 - 10:24", "label": "Throw-in", "position": "624152", "team": "not applicable", "visibility": "visible"}, {"gameTime": "2 - 10:35", "label": "Ball out of play", "position": "635072", "team": "away", "visibility": "visible"}, {"gameTime": "2 - 10:43", "label": "Throw-in", "position": "643316", "team": "not applicable", "visibility": "visible"}, {"gameTime": "2 - 10:49", "label": "Ball out of play", "position": "649109", "team": "away", "visibility": "visible"}, {"gameTime": "2 - 10:56", "label": "Throw-in", "position": "656616", "team": "home", "visibility": "visible"}, {"gameTime": "2 - 11:36", "label": "Foul", "position": "696464", "team": "away", "visibility": "visible"}, {"gameTime": "2 - 11:47", "label": "Indirect free-kick", "position": "707886", "team": "not applicable", "visibility": "visible"}, {"gameTime": "2 - 12:06", "label": "Ball out of play", "position": "726586", "team": "away", "visibility": "visible"}, {"gameTime": "2 - 12:31", "label": "Corner", "position": "751801", "team": "away", "visibility": "visible"}, {"gameTime": "2 - 12:53", "label": "Foul", "position": "773681", "team": "home", "visibility": "visible"}, {"gameTime": "2 - 13:47", "label": "Indirect free-kick", "position": "827157", "team": "not applicable", "visibility": "visible"}, {"gameTime": "2 - 14:03", "label": "Ball out of play", "position": "843255", "team": "away", "visibility": "visible"}, {"gameTime": "2 - 15:55", "label": "Throw-in", "position": "955353", "team": "not applicable", "visibility": "visible"}, {"gameTime": "2 - 16:13", "label": "Ball out of play", "position": "973880", "team": "away", "visibility": "visible"}, {"gameTime": "2 - 16:36", "label": "Throw-in", "position": "996344", "team": "not applicable", "visibility": "visible"}, {"gameTime": "2 - 16:56", "label": "Ball out of play", "position": "1016796", "team": "away", "visibility": "visible"}, {"gameTime": "2 - 17:26", "label": "Throw-in", "position": "1046690", "team": "away", "visibility": "visible"}, {"gameTime": "2 - 17:44", "label": "Foul", "position": "1064135", "team": "home", "visibility": "not shown"}, {"gameTime": "2 - 18:17", "label": "Indirect free-kick", "position": "1097775", "team": "home", "visibility": "visible"}, {"gameTime": "2 - 18:22", "label": "Shots on target", "position": "1102561", "team": "home", "visibility": "visible"}, {"gameTime": "2 - 18:48", "label": "Foul", "position": "1128860", "team": "away", "visibility": "not shown"}, {"gameTime": "2 - 22:45", "label": "Indirect free-kick", "position": "1365559", "team": "away", "visibility": "visible"}, {"gameTime": "2 - 24:03", "label": "Substitution", "position": "1443144", "team": "home", "visibility": "visible"}, {"gameTime": "2 - 25:20", "label": "Shots on target", "position": "1520987", "team": "home", "visibility": "visible"}, {"gameTime": "2 - 25:45", "label": "Shots on target", "position": "1545231", "team": "home", "visibility": "visible"}, {"gameTime": "2 - 25:46", "label": "Shots on target", "position": "1546527", "team": "not applicable", "visibility": "visible"}, {"gameTime": "2 - 26:12", "label": "Ball out of play", "position": "1572752", "team": "away", "visibility": "not shown"}, {"gameTime": "2 - 27:46", "label": "Yellow card", "position": "1666042", "team": "away", "visibility": "visible"}, {"gameTime": "2 - 28:00", "label": "Substitution", "position": "1680529", "team": "home", "visibility": "visible"}, {"gameTime": "2 - 28:43", "label": "Corner", "position": "1723634", "team": "home", "visibility": "visible"}, {"gameTime": "2 - 28:45", "label": "Shots off target", "position": "1725062", "team": "not applicable", "visibility": "visible"}, {"gameTime": "2 - 29:14", "label": "Ball out of play", "position": "1754012", "team": "away", "visibility": "not shown"}, {"gameTime": "2 - 29:20", "label": "Clearance", "position": "1760292", "team": "away", "visibility": "visible"}, {"gameTime": "2 - 29:41", "label": "Foul", "position": "1781091", "team": "home", "visibility": "visible"}, {"gameTime": "2 - 30:32", "label": "Indirect free-kick", "position": "1832655", "team": "home", "visibility": "visible"}, {"gameTime": "2 - 31:29", "label": "Foul", "position": "1889881", "team": "away", "visibility": "visible"}, {"gameTime": "2 - 31:29", "label": "Penalty", "position": "1889881", "team": "away", "visibility": "visible"}, {"gameTime": "2 - 31:29", "label": "Foul", "position": "1889881", "team": "away", "visibility": "visible"}, {"gameTime": "2 - 31:56", "label": "Shots on target", "position": "1916380", "team": "home", "visibility": "not shown"}, {"gameTime": "2 - 32:07", "label": "Indirect free-kick", "position": "1927448", "team": "away", "visibility": "visible"}, {"gameTime": "2 - 32:42", "label": "Foul", "position": "1962273", "team": "home", "visibility": "not shown"}, {"gameTime": "2 - 32:54", "label": "Substitution", "position": "1974761", "team": "home", "visibility": "not shown"}, {"gameTime": "2 - 33:15", "label": "Indirect free-kick", "position": "1995758", "team": "not applicable", "visibility": "visible"}, {"gameTime": "2 - 33:39", "label": "Ball out of play", "position": "2019334", "team": "away", "visibility": "visible"}, {"gameTime": "2 - 33:51", "label": "Clearance", "position": "2031447", "team": "away", "visibility": "visible"}, {"gameTime": "2 - 33:57", "label": "Foul", "position": "2037574", "team": "away", "visibility": "visible"}, {"gameTime": "2 - 34:13", "label": "Yellow card", "position": "2053247", "team": "away", "visibility": "visible"}, {"gameTime": "2 - 34:29", "label": "Substitution", "position": "2069344", "team": "home", "visibility": "not shown"}, {"gameTime": "2 - 34:51", "label": "Indirect free-kick", "position": "2091448", "team": "home", "visibility": "visible"}, {"gameTime": "2 - 35:02", "label": "Foul", "position": "2102220", "team": "away", "visibility": "not shown"}, {"gameTime": "2 - 35:07", "label": "Indirect free-kick", "position": "2107012", "team": "home", "visibility": "visible"}, {"gameTime": "2 - 35:25", "label": "Foul", "position": "2125038", "team": "away", "visibility": "visible"}, {"gameTime": "2 - 35:50", "label": "Indirect free-kick", "position": "2150671", "team": "not applicable", "visibility": "visible"}, {"gameTime": "2 - 36:30", "label": "Ball out of play", "position": "2190053", "team": "home", "visibility": "visible"}, {"gameTime": "2 - 36:42", "label": "Substitution", "position": "2202180", "team": "home", "visibility": "visible"}, {"gameTime": "2 - 37:01", "label": "Throw-in", "position": "2221227", "team": "not applicable", "visibility": "visible"}, {"gameTime": "2 - 37:28", "label": "Ball out of play", "position": "2248626", "team": "home", "visibility": "visible"}, {"gameTime": "2 - 37:36", "label": "Corner", "position": "2256716", "team": "home", "visibility": "visible"}, {"gameTime": "2 - 37:37", "label": "Shots off target", "position": "2257165", "team": "not applicable", "visibility": "visible"}, {"gameTime": "2 - 37:52", "label": "Ball out of play", "position": "2272413", "team": "away", "visibility": "not shown"}, {"gameTime": "2 - 38:24", "label": "Clearance", "position": "2304481", "team": "not applicable", "visibility": "visible"}, {"gameTime": "2 - 38:40", "label": "Ball out of play", "position": "2320919", "team": "home", "visibility": "visible"}, {"gameTime": "2 - 38:43", "label": "Throw-in", "position": "2323659", "team": "home", "visibility": "visible"}, {"gameTime": "2 - 38:55", "label": "Foul", "position": "2335974", "team": "home", "visibility": "visible"}, {"gameTime": "2 - 39:10", "label": "Yellow card", "position": "2350731", "team": "away", "visibility": "visible"}, {"gameTime": "2 - 39:49", "label": "Indirect free-kick", "position": "2389897", "team": "away", "visibility": "visible"}, {"gameTime": "2 - 39:50", "label": "Shots off target", "position": "2390177", "team": "not applicable", "visibility": "visible"}, {"gameTime": "2 - 40:45", "label": "Ball out of play", "position": "2445507", "team": "home", "visibility": "visible"}, {"gameTime": "2 - 41:33", "label": "Clearance", "position": "2493378", "team": "away", "visibility": "visible"}, {"gameTime": "2 - 41:55", "label": "Foul", "position": "2515340", "team": "home", "visibility": "not shown"}, {"gameTime": "2 - 42:18", "label": "Indirect free-kick", "position": "2538962", "team": "not applicable", "visibility": "visible"}, {"gameTime": "2 - 42:29", "label": "Ball out of play", "position": "2549665", "team": "away", "visibility": "visible"}, {"gameTime": "2 - 42:34", "label": "Throw-in", "position": "2554982", "team": "not applicable", "visibility": "visible"}, {"gameTime": "2 - 42:43", "label": "Ball out of play", "position": "2563354", "team": "away", "visibility": "visible"}, {"gameTime": "2 - 42:57", "label": "Throw-in", "position": "2577048", "team": "not applicable", "visibility": "visible"}, {"gameTime": "2 - 43:16", "label": "Ball out of play", "position": "2596886", "team": "away", "visibility": "visible"}, {"gameTime": "2 - 43:23", "label": "Corner", "position": "2603301", "team": "not applicable", "visibility": "visible"}, {"gameTime": "2 - 43:36", "label": "Ball out of play", "position": "2616838", "team": "away", "visibility": "visible"}, {"gameTime": "2 - 43:58", "label": "Throw-in", "position": "2638128", "team": "not applicable", "visibility": "visible"}, {"gameTime": "2 - 44:24", "label": "Ball out of play", "position": "2664791", "team": "home", "visibility": "visible"}, {"gameTime": "2 - 44:42", "label": "Throw-in", "position": "2682833", "team": "away", "visibility": "visible"}, {"gameTime": "2 - 44:56", "label": "Shots off target", "position": "2696341", "team": "not applicable", "visibility": "visible"}, {"gameTime": "2 - 47:10", "label": "Ball out of play", "position": "2830443", "team": "away", "visibility": "visible"}, {"gameTime": "2 - 48:07", "label": "Throw-in", "position": "2887656", "team": "not applicable", "visibility": "visible"}, {"gameTime": "2 - 48:52", "label": "Ball out of play", "position": "2932264", "team": "home", "visibility": "visible"}, {"gameTime": "2 - 48:58", "label": "Substitution", "position": "2938937", "team": "home", "visibility": "not shown"}, {"gameTime": "2 - 49:16", "label": "Throw-in", "position": "2956515", "team": "not applicable", "visibility": "visible"}, {"gameTime": "2 - 49:32", "label": "Ball out of play", "position": "2972018", "team": "away", "visibility": "visible"}, {"gameTime": "2 - 49:46", "label": "Clearance", "position": "2986635", "team": "not applicable", "visibility": "visible"}, {"gameTime": "2 - 50:30", "label": "Ball out of play", "position": "3030232", "team": "home", "visibility": "visible"}, {"gameTime": "2 - 51:01", "label": "Clearance", "position": "3061315", "team": "not applicable", "visibility": "visible"}, {"gameTime": "2 - 51:23", "label": "Ball out of play", "position": "3083014", "team": "home", "visibility": "visible"}, {"gameTime": "2 - 51:40", "label": "Throw-in", "position": "3100695", "team": "not applicable", "visibility": "visible"}, {"gameTime": "2 - 51:49", "label": "Ball out of play", "position": "3109704", "team": "away", "visibility": "visible"}, {"gameTime": "2 - 51:54", "label": "Throw-in", "position": "3114578", "team": "away", "visibility": "visible"}, {"gameTime": "2 - 52:34", "label": "Foul", "position": "3154185", "team": "home", "visibility": "visible"}, {"gameTime": "2 - 52:37", "label": "Clearance", "position": "3157252", "team": "not applicable", "visibility": "not shown"}, {"gameTime": "2 - 52:40", "label": "Ball out of play", "position": "3160030", "team": "away", "visibility": "visible"}, {"gameTime": "2 - 52:52", "label": "Throw-in", "position": "3172705", "team": "home", "visibility": "visible"}, {"gameTime": "2 - 53:07", "label": "Foul", "position": "3187331", "team": "home", "visibility": "visible"}, {"gameTime": "2 - 53:51", "label": "Yellow card", "position": "3231909", "team": "away", "visibility": "visible"}, {"gameTime": "2 - 53:51", "label": "Direct free-kick", "position": "3231909", "team": "away", "visibility": "visible"}], "gameAwayTeam": "Leicester", "gameDate": "13/05/2017 - 14:30", "gameHomeTeam": "Manchester City", "gameScore": "2 - 1"}