{"UrlLocal": "italy_serie-a/2016-2017/2017-02-04 - 22-45 Bologna 1 - 7 Napoli/", "UrlYoutube": "", "annotations": [{"gameTime": "1 - 00:14", "label": "Kick-off", "position": "14818", "team": "home", "visibility": "visible"}, {"gameTime": "1 - 00:35", "label": "Offside", "position": "35062", "team": "away", "visibility": "not shown"}, {"gameTime": "1 - 01:07", "label": "Indirect free-kick", "position": "67176", "team": "not applicable", "visibility": "visible"}, {"gameTime": "1 - 01:16", "label": "Ball out of play", "position": "76869", "team": "home", "visibility": "visible"}, {"gameTime": "1 - 01:39", "label": "Throw-in", "position": "99701", "team": "home", "visibility": "visible"}, {"gameTime": "1 - 01:57", "label": "Foul", "position": "117377", "team": "away", "visibility": "visible"}, {"gameTime": "1 - 03:03", "label": "Indirect free-kick", "position": "183667", "team": "not applicable", "visibility": "visible"}, {"gameTime": "1 - 03:17", "label": "Ball out of play", "position": "197405", "team": "away", "visibility": "visible"}, {"gameTime": "1 - 03:23", "label": "Throw-in", "position": "203671", "team": "not applicable", "visibility": "visible"}, {"gameTime": "1 - 03:30", "label": "Ball out of play", "position": "210262", "team": "away", "visibility": "not shown"}, {"gameTime": "1 - 03:47", "label": "Throw-in", "position": "227343", "team": "away", "visibility": "visible"}, {"gameTime": "1 - 03:48", "label": "Shots on target", "position": "228556", "team": "away", "visibility": "visible"}, {"gameTime": "1 - 04:35", "label": "Goal", "position": "275568", "team": "home", "visibility": "visible"}, {"gameTime": "1 - 04:59", "label": "Kick-off", "position": "299259", "team": "not applicable", "visibility": "visible"}, {"gameTime": "1 - 05:20", "label": "Ball out of play", "position": "320126", "team": "home", "visibility": "visible"}, {"gameTime": "1 - 05:24", "label": "Corner", "position": "324052", "team": "home", "visibility": "visible"}, {"gameTime": "1 - 05:35", "label": "Shots on target", "position": "335280", "team": "away", "visibility": "visible"}, {"gameTime": "1 - 05:36", "label": "Shots on target", "position": "336009", "team": "away", "visibility": "visible"}, {"gameTime": "1 - 06:15", "label": "Goal", "position": "375388", "team": "home", "visibility": "not shown"}, {"gameTime": "1 - 06:26", "label": "Kick-off", "position": "386718", "team": "not applicable", "visibility": "visible"}, {"gameTime": "1 - 06:33", "label": "Ball out of play", "position": "393335", "team": "away", "visibility": "not shown"}, {"gameTime": "1 - 07:21", "label": "Throw-in", "position": "441196", "team": "home", "visibility": "visible"}, {"gameTime": "1 - 07:50", "label": "Shots on target", "position": "470623", "team": "not applicable", "visibility": "visible"}, {"gameTime": "1 - 07:57", "label": "Ball out of play", "position": "477024", "team": "away", "visibility": "visible"}, {"gameTime": "1 - 08:13", "label": "Throw-in", "position": "493905", "team": "away", "visibility": "visible"}, {"gameTime": "1 - 08:22", "label": "Offside", "position": "502004", "team": "home", "visibility": "visible"}, {"gameTime": "1 - 09:10", "label": "Indirect free-kick", "position": "550622", "team": "home", "visibility": "visible"}, {"gameTime": "1 - 09:42", "label": "Shots on target", "position": "582800", "team": "home", "visibility": "visible"}, {"gameTime": "1 - 09:53", "label": "Foul", "position": "593323", "team": "away", "visibility": "not shown"}, {"gameTime": "1 - 10:01", "label": "Indirect free-kick", "position": "601337", "team": "home", "visibility": "visible"}, {"gameTime": "1 - 10:04", "label": "Foul", "position": "604325", "team": "home", "visibility": "visible"}, {"gameTime": "1 - 10:32", "label": "Yellow card", "position": "632300", "team": "away", "visibility": "not shown"}, {"gameTime": "1 - 11:23", "label": "Indirect free-kick", "position": "683387", "team": "not applicable", "visibility": "visible"}, {"gameTime": "1 - 11:31", "label": "Ball out of play", "position": "691202", "team": "away", "visibility": "not shown"}, {"gameTime": "1 - 12:27", "label": "Throw-in", "position": "747777", "team": "away", "visibility": "visible"}, {"gameTime": "1 - 13:07", "label": "Shots on target", "position": "787554", "team": "not applicable", "visibility": "visible"}, {"gameTime": "1 - 13:13", "label": "Ball out of play", "position": "793067", "team": "home", "visibility": "visible"}, {"gameTime": "1 - 14:03", "label": "Throw-in", "position": "843736", "team": "not applicable", "visibility": "visible"}, {"gameTime": "1 - 14:19", "label": "Ball out of play", "position": "859749", "team": "away", "visibility": "not shown"}, {"gameTime": "1 - 14:47", "label": "Throw-in", "position": "887844", "team": "away", "visibility": "visible"}, {"gameTime": "1 - 14:55", "label": "Foul", "position": "895789", "team": "home", "visibility": "not shown"}, {"gameTime": "1 - 18:34", "label": "Indirect free-kick", "position": "1114629", "team": "home", "visibility": "visible"}, {"gameTime": "1 - 19:00", "label": "Foul", "position": "1140364", "team": "away", "visibility": "not shown"}, {"gameTime": "1 - 19:28", "label": "Indirect free-kick", "position": "1168375", "team": "away", "visibility": "visible"}, {"gameTime": "1 - 19:38", "label": "Foul", "position": "1178411", "team": "away", "visibility": "visible"}, {"gameTime": "1 - 20:34", "label": "Yellow card", "position": "1234432", "team": "home", "visibility": "visible"}, {"gameTime": "1 - 20:36", "label": "Direct free-kick", "position": "1236476", "team": "home", "visibility": "visible"}, {"gameTime": "1 - 21:05", "label": "Shots on target", "position": "1265149", "team": "not applicable", "visibility": "visible"}, {"gameTime": "1 - 21:12", "label": "Ball out of play", "position": "1272508", "team": "home", "visibility": "not shown"}, {"gameTime": "1 - 21:20", "label": "Throw-in", "position": "1280458", "team": "home", "visibility": "visible"}, {"gameTime": "1 - 21:41", "label": "Foul", "position": "1301916", "team": "away", "visibility": "visible"}, {"gameTime": "1 - 22:13", "label": "Indirect free-kick", "position": "1333515", "team": "away", "visibility": "visible"}, {"gameTime": "1 - 22:14", "label": "Shots off target", "position": "1334171", "team": "not applicable", "visibility": "visible"}, {"gameTime": "1 - 22:34", "label": "Ball out of play", "position": "1354179", "team": "home", "visibility": "not shown"}, {"gameTime": "1 - 22:59", "label": "Clearance", "position": "1379385", "team": "not applicable", "visibility": "not shown"}, {"gameTime": "1 - 23:20", "label": "Ball out of play", "position": "1400116", "team": "home", "visibility": "not shown"}, {"gameTime": "1 - 23:24", "label": "Corner", "position": "1404033", "team": "away", "visibility": "visible"}, {"gameTime": "1 - 24:10", "label": "Foul", "position": "1450884", "team": "away", "visibility": "visible"}, {"gameTime": "1 - 25:04", "label": "Yellow card", "position": "1504517", "team": "home", "visibility": "visible"}, {"gameTime": "1 - 25:04", "label": "Shots on target", "position": "1504517", "team": "home", "visibility": "visible"}, {"gameTime": "1 - 25:34", "label": "Penalty", "position": "1534733", "team": "away", "visibility": "visible"}, {"gameTime": "1 - 25:40", "label": "Foul", "position": "1540062", "team": "away", "visibility": "visible"}, {"gameTime": "1 - 26:52", "label": "Red card", "position": "1612639", "team": "home", "visibility": "not shown"}, {"gameTime": "1 - 26:59", "label": "Indirect free-kick", "position": "1619795", "team": "not applicable", "visibility": "visible"}, {"gameTime": "1 - 27:06", "label": "Ball out of play", "position": "1626310", "team": "home", "visibility": "visible"}, {"gameTime": "1 - 27:12", "label": "Throw-in", "position": "1632062", "team": "home", "visibility": "visible"}, {"gameTime": "1 - 27:36", "label": "Foul", "position": "1656841", "team": "away", "visibility": "visible"}, {"gameTime": "1 - 28:40", "label": "Indirect free-kick", "position": "1720271", "team": "home", "visibility": "visible"}, {"gameTime": "1 - 28:41", "label": "Shots off target", "position": "1721373", "team": "not applicable", "visibility": "visible"}, {"gameTime": "1 - 29:08", "label": "Ball out of play", "position": "1748246", "team": "away", "visibility": "visible"}, {"gameTime": "1 - 29:22", "label": "Clearance", "position": "1762395", "team": "not applicable", "visibility": "visible"}, {"gameTime": "1 - 29:44", "label": "Ball out of play", "position": "1784298", "team": "away", "visibility": "visible"}, {"gameTime": "1 - 29:55", "label": "Throw-in", "position": "1795659", "team": "not applicable", "visibility": "visible"}, {"gameTime": "1 - 30:07", "label": "Ball out of play", "position": "1807019", "team": "home", "visibility": "visible"}, {"gameTime": "1 - 31:02", "label": "Throw-in", "position": "1862188", "team": "home", "visibility": "visible"}, {"gameTime": "1 - 31:02", "label": "Foul", "position": "1862321", "team": "home", "visibility": "visible"}, {"gameTime": "1 - 31:06", "label": "Foul", "position": "1866412", "team": "home", "visibility": "not shown"}, {"gameTime": "1 - 32:42", "label": "Red card", "position": "1962800", "team": "away", "visibility": "visible"}, {"gameTime": "1 - 32:42", "label": "Shots on target", "position": "1962800", "team": "away", "visibility": "visible"}, {"gameTime": "1 - 32:43", "label": "Direct free-kick", "position": "1963646", "team": "away", "visibility": "visible"}, {"gameTime": "1 - 33:34", "label": "Goal", "position": "2014398", "team": "home", "visibility": "not shown"}, {"gameTime": "1 - 33:47", "label": "Kick-off", "position": "2027101", "team": "home", "visibility": "visible"}, {"gameTime": "1 - 33:57", "label": "Foul", "position": "2037047", "team": "away", "visibility": "visible"}, {"gameTime": "1 - 34:40", "label": "Indirect free-kick", "position": "2080046", "team": "away", "visibility": "visible"}, {"gameTime": "1 - 34:46", "label": "Foul", "position": "2086226", "team": "home", "visibility": "not shown"}, {"gameTime": "1 - 35:23", "label": "Indirect free-kick", "position": "2123600", "team": "home", "visibility": "visible"}, {"gameTime": "1 - 35:23", "label": "Shots on target", "position": "2123960", "team": "home", "visibility": "visible"}, {"gameTime": "1 - 35:52", "label": "Goal", "position": "2152769", "team": "away", "visibility": "not shown"}, {"gameTime": "1 - 36:16", "label": "Kick-off", "position": "2176938", "team": "not applicable", "visibility": "visible"}, {"gameTime": "1 - 37:01", "label": "Ball out of play", "position": "2221365", "team": "home", "visibility": "not shown"}, {"gameTime": "1 - 39:07", "label": "Clearance", "position": "2347808", "team": "away", "visibility": "visible"}, {"gameTime": "1 - 39:50", "label": "Shots on target", "position": "2390730", "team": "away", "visibility": "visible"}, {"gameTime": "1 - 40:11", "label": "Foul", "position": "2411483", "team": "home", "visibility": "not shown"}, {"gameTime": "1 - 40:53", "label": "Indirect free-kick", "position": "2453600", "team": "home", "visibility": "visible"}, {"gameTime": "1 - 42:33", "label": "Shots on target", "position": "2553560", "team": "away", "visibility": "visible"}, {"gameTime": "1 - 42:34", "label": "Shots on target", "position": "2554542", "team": "away", "visibility": "visible"}, {"gameTime": "1 - 43:36", "label": "Goal", "position": "2616752", "team": "home", "visibility": "not shown"}, {"gameTime": "1 - 43:58", "label": "Kick-off", "position": "2638433", "team": "home", "visibility": "visible"}, {"gameTime": "1 - 44:17", "label": "Foul", "position": "2657009", "team": "away", "visibility": "not shown"}, {"gameTime": "2 - 00:00", "label": "Kick-off", "position": "1", "team": "home", "visibility": "not shown"}, {"gameTime": "2 - 00:19", "label": "Substitution", "position": "19305", "team": "away", "visibility": "visible"}, {"gameTime": "2 - 01:26", "label": "Shots on target", "position": "86276", "team": "not applicable", "visibility": "visible"}, {"gameTime": "2 - 01:39", "label": "Ball out of play", "position": "99237", "team": "away", "visibility": "not shown"}, {"gameTime": "2 - 02:02", "label": "Throw-in", "position": "122308", "team": "away", "visibility": "visible"}, {"gameTime": "2 - 02:03", "label": "Shots off target", "position": "123150", "team": "not applicable", "visibility": "visible"}, {"gameTime": "2 - 02:17", "label": "Ball out of play", "position": "137199", "team": "home", "visibility": "not shown"}, {"gameTime": "2 - 03:11", "label": "Clearance", "position": "191973", "team": "not applicable", "visibility": "visible"}, {"gameTime": "2 - 03:14", "label": "Ball out of play", "position": "194828", "team": "home", "visibility": "visible"}, {"gameTime": "2 - 03:53", "label": "Throw-in", "position": "233332", "team": "not applicable", "visibility": "visible"}, {"gameTime": "2 - 04:21", "label": "Ball out of play", "position": "261008", "team": "away", "visibility": "visible"}, {"gameTime": "2 - 04:33", "label": "Clearance", "position": "273511", "team": "not applicable", "visibility": "visible"}, {"gameTime": "2 - 04:40", "label": "Ball out of play", "position": "280925", "team": "away", "visibility": "not shown"}, {"gameTime": "2 - 05:20", "label": "Throw-in", "position": "320952", "team": "not applicable", "visibility": "visible"}, {"gameTime": "2 - 05:30", "label": "Ball out of play", "position": "330004", "team": "away", "visibility": "not shown"}, {"gameTime": "2 - 06:45", "label": "Clearance", "position": "405247", "team": "home", "visibility": "visible"}, {"gameTime": "2 - 08:39", "label": "Shots on target", "position": "519976", "team": "not applicable", "visibility": "visible"}, {"gameTime": "2 - 08:47", "label": "Ball out of play", "position": "527516", "team": "away", "visibility": "visible"}, {"gameTime": "2 - 08:55", "label": "Throw-in", "position": "535018", "team": "away", "visibility": "visible"}, {"gameTime": "2 - 09:07", "label": "Offside", "position": "547027", "team": "home", "visibility": "not shown"}, {"gameTime": "2 - 10:03", "label": "Indirect free-kick", "position": "603306", "team": "away", "visibility": "visible"}, {"gameTime": "2 - 10:04", "label": "Shots off target", "position": "604039", "team": "not applicable", "visibility": "visible"}, {"gameTime": "2 - 10:17", "label": "Ball out of play", "position": "617548", "team": "home", "visibility": "not shown"}, {"gameTime": "2 - 11:58", "label": "Clearance", "position": "718200", "team": "not applicable", "visibility": "visible"}, {"gameTime": "2 - 12:17", "label": "Ball out of play", "position": "737046", "team": "away", "visibility": "not shown"}, {"gameTime": "2 - 12:27", "label": "Clearance", "position": "747438", "team": "away", "visibility": "visible"}, {"gameTime": "2 - 15:32", "label": "Shots on target", "position": "932700", "team": "home", "visibility": "visible"}, {"gameTime": "2 - 15:36", "label": "Foul", "position": "936317", "team": "home", "visibility": "visible"}, {"gameTime": "2 - 16:31", "label": "Yellow card", "position": "991672", "team": "away", "visibility": "visible"}, {"gameTime": "2 - 16:39", "label": "Substitution", "position": "999595", "team": "away", "visibility": "not shown"}, {"gameTime": "2 - 16:53", "label": "Indirect free-kick", "position": "1013059", "team": "not applicable", "visibility": "visible"}, {"gameTime": "2 - 17:01", "label": "Ball out of play", "position": "1021279", "team": "away", "visibility": "visible"}, {"gameTime": "2 - 20:08", "label": "Throw-in", "position": "1208424", "team": "not applicable", "visibility": "visible"}, {"gameTime": "2 - 20:16", "label": "Ball out of play", "position": "1216481", "team": "away", "visibility": "visible"}, {"gameTime": "2 - 21:38", "label": "Throw-in", "position": "1298012", "team": "home", "visibility": "visible"}, {"gameTime": "2 - 22:04", "label": "Foul", "position": "1324634", "team": "home", "visibility": "visible"}, {"gameTime": "2 - 22:14", "label": "Substitution", "position": "1334055", "team": "away", "visibility": "not shown"}, {"gameTime": "2 - 22:32", "label": "Indirect free-kick", "position": "1352250", "team": "not applicable", "visibility": "visible"}, {"gameTime": "2 - 22:34", "label": "Ball out of play", "position": "1354299", "team": "home", "visibility": "visible"}, {"gameTime": "2 - 23:27", "label": "Throw-in", "position": "1407360", "team": "away", "visibility": "visible"}, {"gameTime": "2 - 24:03", "label": "Foul", "position": "1443246", "team": "home", "visibility": "not shown"}, {"gameTime": "2 - 24:39", "label": "Indirect free-kick", "position": "1479360", "team": "away", "visibility": "visible"}, {"gameTime": "2 - 24:40", "label": "Shots on target", "position": "1480097", "team": "away", "visibility": "visible"}, {"gameTime": "2 - 25:31", "label": "Goal", "position": "1531334", "team": "home", "visibility": "visible"}, {"gameTime": "2 - 25:44", "label": "Kick-off", "position": "1544815", "team": "not applicable", "visibility": "visible"}, {"gameTime": "2 - 25:53", "label": "Ball out of play", "position": "1553230", "team": "home", "visibility": "not shown"}, {"gameTime": "2 - 26:07", "label": "Throw-in", "position": "1567842", "team": "home", "visibility": "visible"}, {"gameTime": "2 - 26:30", "label": "Foul", "position": "1590429", "team": "away", "visibility": "not shown"}, {"gameTime": "2 - 27:10", "label": "Indirect free-kick", "position": "1630993", "team": "not applicable", "visibility": "visible"}, {"gameTime": "2 - 27:34", "label": "Ball out of play", "position": "1654992", "team": "away", "visibility": "visible"}, {"gameTime": "2 - 27:42", "label": "Substitution", "position": "1662212", "team": "away", "visibility": "not shown"}, {"gameTime": "2 - 28:15", "label": "Throw-in", "position": "1695000", "team": "away", "visibility": "visible"}, {"gameTime": "2 - 28:15", "label": "Shots on target", "position": "1695902", "team": "away", "visibility": "visible"}, {"gameTime": "2 - 29:07", "label": "Goal", "position": "1747601", "team": "home", "visibility": "not shown"}, {"gameTime": "2 - 29:29", "label": "Kick-off", "position": "1769404", "team": "away", "visibility": "visible"}, {"gameTime": "2 - 29:36", "label": "Foul", "position": "1776386", "team": "away", "visibility": "visible"}, {"gameTime": "2 - 30:20", "label": "Yellow card", "position": "1820818", "team": "home", "visibility": "visible"}, {"gameTime": "2 - 30:20", "label": "Direct free-kick", "position": "1820818", "team": "home", "visibility": "visible"}, {"gameTime": "2 - 30:21", "label": "Shots off target", "position": "1821778", "team": "not applicable", "visibility": "visible"}, {"gameTime": "2 - 30:33", "label": "Ball out of play", "position": "1833152", "team": "away", "visibility": "visible"}, {"gameTime": "2 - 33:37", "label": "Clearance", "position": "2017781", "team": "not applicable", "visibility": "visible"}, {"gameTime": "2 - 34:21", "label": "Ball out of play", "position": "2061674", "team": "home", "visibility": "visible"}, {"gameTime": "2 - 34:23", "label": "Substitution", "position": "2063034", "team": "away", "visibility": "visible"}, {"gameTime": "2 - 34:33", "label": "Substitution", "position": "2073955", "team": "home", "visibility": "not shown"}, {"gameTime": "2 - 34:52", "label": "Throw-in", "position": "2092486", "team": "not applicable", "visibility": "visible"}, {"gameTime": "2 - 35:20", "label": "Ball out of play", "position": "2120953", "team": "home", "visibility": "not shown"}, {"gameTime": "2 - 35:31", "label": "Clearance", "position": "2131622", "team": "not applicable", "visibility": "visible"}, {"gameTime": "2 - 35:46", "label": "Ball out of play", "position": "2146218", "team": "away", "visibility": "visible"}, {"gameTime": "2 - 36:30", "label": "Throw-in", "position": "2190639", "team": "not applicable", "visibility": "visible"}, {"gameTime": "2 - 36:49", "label": "Ball out of play", "position": "2209128", "team": "home", "visibility": "not shown"}, {"gameTime": "2 - 37:44", "label": "Clearance", "position": "2264620", "team": "home", "visibility": "visible"}, {"gameTime": "2 - 37:45", "label": "Shots off target", "position": "2265923", "team": "not applicable", "visibility": "visible"}, {"gameTime": "2 - 38:09", "label": "Ball out of play", "position": "2289964", "team": "away", "visibility": "not shown"}, {"gameTime": "2 - 39:00", "label": "Clearance", "position": "2340201", "team": "away", "visibility": "visible"}, {"gameTime": "2 - 39:08", "label": "Foul", "position": "2348126", "team": "home", "visibility": "not shown"}, {"gameTime": "2 - 39:38", "label": "Indirect free-kick", "position": "2378879", "team": "not applicable", "visibility": "visible"}, {"gameTime": "2 - 40:04", "label": "Ball out of play", "position": "2404482", "team": "home", "visibility": "visible"}, {"gameTime": "2 - 40:14", "label": "Corner", "position": "2414289", "team": "home", "visibility": "visible"}, {"gameTime": "2 - 40:14", "label": "Shots off target", "position": "2414729", "team": "not applicable", "visibility": "visible"}, {"gameTime": "2 - 40:31", "label": "Ball out of play", "position": "2431811", "team": "away", "visibility": "not shown"}, {"gameTime": "2 - 40:50", "label": "Clearance", "position": "2450637", "team": "not applicable", "visibility": "visible"}, {"gameTime": "2 - 41:05", "label": "Ball out of play", "position": "2465692", "team": "away", "visibility": "not shown"}, {"gameTime": "2 - 43:11", "label": "Clearance", "position": "2591061", "team": "not applicable", "visibility": "visible"}, {"gameTime": "2 - 43:31", "label": "Ball out of play", "position": "2611705", "team": "away", "visibility": "visible"}, {"gameTime": "2 - 44:09", "label": "Throw-in", "position": "2649605", "team": "away", "visibility": "visible"}, {"gameTime": "2 - 44:10", "label": "Shots on target", "position": "2650129", "team": "away", "visibility": "visible"}], "gameAwayTeam": "Napoli", "gameDate": "04/02/2017 - 22:45", "gameHomeTeam": "Bologna", "gameScore": "1 - 7"}