{"UrlLocal": "england_epl/2015-2016/2015-10-17 - 17-00 Chelsea 2 - 0 Aston Villa/", "UrlYoutube": "", "annotations": [{"gameTime": "1 - 00:00", "label": "Foul", "position": "0", "team": "away", "visibility": "not shown"}, {"gameTime": "1 - 00:22", "label": "Indirect free-kick", "position": "22685", "team": "home", "visibility": "visible"}, {"gameTime": "1 - 00:30", "label": "Ball out of play", "position": "30215", "team": "away", "visibility": "not shown"}, {"gameTime": "1 - 01:13", "label": "Throw-in", "position": "73521", "team": "not applicable", "visibility": "visible"}, {"gameTime": "1 - 01:27", "label": "Foul", "position": "87372", "team": "home", "visibility": "visible"}, {"gameTime": "1 - 01:38", "label": "Indirect free-kick", "position": "98133", "team": "home", "visibility": "visible"}, {"gameTime": "1 - 02:10", "label": "Ball out of play", "position": "130173", "team": "away", "visibility": "visible"}, {"gameTime": "1 - 02:20", "label": "Throw-in", "position": "140666", "team": "not applicable", "visibility": "visible"}, {"gameTime": "1 - 02:26", "label": "Ball out of play", "position": "146404", "team": "away", "visibility": "visible"}, {"gameTime": "1 - 03:33", "label": "Throw-in", "position": "213335", "team": "not applicable", "visibility": "visible"}, {"gameTime": "1 - 03:47", "label": "Foul", "position": "227017", "team": "away", "visibility": "not shown"}, {"gameTime": "1 - 04:06", "label": "Direct free-kick", "position": "246418", "team": "home", "visibility": "visible"}, {"gameTime": "1 - 04:44", "label": "Shots off target", "position": "284189", "team": "away", "visibility": "visible"}, {"gameTime": "1 - 04:47", "label": "Ball out of play", "position": "287346", "team": "away", "visibility": "visible"}, {"gameTime": "1 - 04:48", "label": "Clearance", "position": "288106", "team": "not applicable", "visibility": "visible"}, {"gameTime": "1 - 05:10", "label": "Ball out of play", "position": "310624", "team": "home", "visibility": "not shown"}, {"gameTime": "1 - 05:19", "label": "Throw-in", "position": "319213", "team": "not applicable", "visibility": "visible"}, {"gameTime": "1 - 05:24", "label": "Ball out of play", "position": "324832", "team": "away", "visibility": "not shown"}, {"gameTime": "1 - 05:28", "label": "Throw-in", "position": "328706", "team": "not applicable", "visibility": "visible"}, {"gameTime": "1 - 05:56", "label": "Shots on target", "position": "356078", "team": "home", "visibility": "visible"}, {"gameTime": "1 - 06:32", "label": "Ball out of play", "position": "392328", "team": "home", "visibility": "visible"}, {"gameTime": "1 - 06:34", "label": "Corner", "position": "394128", "team": "not applicable", "visibility": "visible"}, {"gameTime": "1 - 06:54", "label": "Ball out of play", "position": "414989", "team": "home", "visibility": "visible"}, {"gameTime": "1 - 08:30", "label": "Throw-in", "position": "510494", "team": "not applicable", "visibility": "visible"}, {"gameTime": "1 - 08:42", "label": "Ball out of play", "position": "522095", "team": "away", "visibility": "not shown"}, {"gameTime": "1 - 09:51", "label": "Throw-in", "position": "591132", "team": "not applicable", "visibility": "visible"}, {"gameTime": "1 - 10:13", "label": "Shots on target", "position": "613508", "team": "home", "visibility": "visible"}, {"gameTime": "1 - 10:41", "label": "Shots off target", "position": "641147", "team": "away", "visibility": "visible"}, {"gameTime": "1 - 10:42", "label": "Ball out of play", "position": "642846", "team": "away", "visibility": "visible"}, {"gameTime": "1 - 10:45", "label": "Throw-in", "position": "645245", "team": "not applicable", "visibility": "visible"}, {"gameTime": "1 - 11:12", "label": "Foul", "position": "672924", "team": "home", "visibility": "not shown"}, {"gameTime": "1 - 11:20", "label": "Indirect free-kick", "position": "680201", "team": "away", "visibility": "visible"}, {"gameTime": "1 - 11:29", "label": "Ball out of play", "position": "689805", "team": "home", "visibility": "visible"}, {"gameTime": "1 - 12:25", "label": "Throw-in", "position": "745149", "team": "not applicable", "visibility": "visible"}, {"gameTime": "1 - 12:47", "label": "Ball out of play", "position": "767227", "team": "away", "visibility": "visible"}, {"gameTime": "1 - 13:42", "label": "Throw-in", "position": "822745", "team": "not applicable", "visibility": "visible"}, {"gameTime": "1 - 13:58", "label": "Ball out of play", "position": "838121", "team": "away", "visibility": "visible"}, {"gameTime": "1 - 14:16", "label": "Corner", "position": "856863", "team": "not applicable", "visibility": "visible"}, {"gameTime": "1 - 14:39", "label": "Shots on target", "position": "879238", "team": "home", "visibility": "visible"}, {"gameTime": "1 - 15:02", "label": "Ball out of play", "position": "902341", "team": "away", "visibility": "visible"}, {"gameTime": "1 - 15:29", "label": "Throw-in", "position": "929155", "team": "not applicable", "visibility": "not shown"}, {"gameTime": "1 - 15:47", "label": "Ball out of play", "position": "947662", "team": "away", "visibility": "visible"}, {"gameTime": "1 - 15:54", "label": "Throw-in", "position": "954538", "team": "not applicable", "visibility": "visible"}, {"gameTime": "1 - 16:10", "label": "Offside", "position": "970332", "team": "away", "visibility": "visible"}, {"gameTime": "1 - 16:52", "label": "Indirect free-kick", "position": "1012484", "team": "home", "visibility": "visible"}, {"gameTime": "1 - 17:10", "label": "Foul", "position": "1030573", "team": "away", "visibility": "not shown"}, {"gameTime": "1 - 17:14", "label": "Indirect free-kick", "position": "1034213", "team": "home", "visibility": "not shown"}, {"gameTime": "1 - 17:25", "label": "Ball out of play", "position": "1045437", "team": "away", "visibility": "not shown"}, {"gameTime": "1 - 17:40", "label": "Throw-in", "position": "1060269", "team": "not applicable", "visibility": "visible"}, {"gameTime": "1 - 17:47", "label": "Ball out of play", "position": "1067381", "team": "home", "visibility": "visible"}, {"gameTime": "1 - 17:50", "label": "Throw-in", "position": "1070215", "team": "not applicable", "visibility": "visible"}, {"gameTime": "1 - 18:02", "label": "Foul", "position": "1082222", "team": "home", "visibility": "visible"}, {"gameTime": "1 - 18:08", "label": "Indirect free-kick", "position": "1088722", "team": "home", "visibility": "visible"}, {"gameTime": "1 - 18:39", "label": "Foul", "position": "1119728", "team": "away", "visibility": "visible"}, {"gameTime": "1 - 18:57", "label": "Indirect free-kick", "position": "1137471", "team": "away", "visibility": "visible"}, {"gameTime": "1 - 19:12", "label": "Ball out of play", "position": "1152854", "team": "home", "visibility": "not shown"}, {"gameTime": "1 - 19:33", "label": "Throw-in", "position": "1173690", "team": "not applicable", "visibility": "visible"}, {"gameTime": "1 - 19:48", "label": "Ball out of play", "position": "1188784", "team": "away", "visibility": "visible"}, {"gameTime": "1 - 20:01", "label": "Throw-in", "position": "1201562", "team": "not applicable", "visibility": "visible"}, {"gameTime": "1 - 20:24", "label": "Foul", "position": "1224021", "team": "away", "visibility": "visible"}, {"gameTime": "1 - 21:48", "label": "Direct free-kick", "position": "1308955", "team": "home", "visibility": "visible"}, {"gameTime": "1 - 22:44", "label": "Shots off target", "position": "1364044", "team": "away", "visibility": "visible"}, {"gameTime": "1 - 22:44", "label": "Ball out of play", "position": "1364045", "team": "away", "visibility": "visible"}, {"gameTime": "1 - 22:44", "label": "Clearance", "position": "1364885", "team": "not applicable", "visibility": "visible"}, {"gameTime": "1 - 23:07", "label": "Ball out of play", "position": "1387367", "team": "home", "visibility": "not shown"}, {"gameTime": "1 - 23:13", "label": "Throw-in", "position": "1393632", "team": "not applicable", "visibility": "not shown"}, {"gameTime": "1 - 23:30", "label": "Foul", "position": "1410576", "team": "home", "visibility": "visible"}, {"gameTime": "1 - 23:38", "label": "Direct free-kick", "position": "1418348", "team": "away", "visibility": "visible"}, {"gameTime": "1 - 24:01", "label": "Ball out of play", "position": "1441949", "team": "home", "visibility": "visible"}, {"gameTime": "1 - 24:46", "label": "Throw-in", "position": "1486938", "team": "not applicable", "visibility": "visible"}, {"gameTime": "1 - 25:14", "label": "Foul", "position": "1514050", "team": "away", "visibility": "visible"}, {"gameTime": "1 - 25:48", "label": "Indirect free-kick", "position": "1548996", "team": "away", "visibility": "visible"}, {"gameTime": "1 - 25:57", "label": "Ball out of play", "position": "1557834", "team": "home", "visibility": "visible"}, {"gameTime": "1 - 26:31", "label": "Throw-in", "position": "1591686", "team": "not applicable", "visibility": "visible"}, {"gameTime": "1 - 26:35", "label": "Ball out of play", "position": "1595318", "team": "home", "visibility": "not shown"}, {"gameTime": "1 - 27:10", "label": "Throw-in", "position": "1630533", "team": "not applicable", "visibility": "visible"}, {"gameTime": "1 - 27:13", "label": "Ball out of play", "position": "1633305", "team": "home", "visibility": "not shown"}, {"gameTime": "1 - 27:35", "label": "Throw-in", "position": "1655983", "team": "not applicable", "visibility": "visible"}, {"gameTime": "1 - 27:58", "label": "Foul", "position": "1678135", "team": "away", "visibility": "visible"}, {"gameTime": "1 - 28:12", "label": "Indirect free-kick", "position": "1692301", "team": "away", "visibility": "visible"}, {"gameTime": "1 - 28:37", "label": "Ball out of play", "position": "1717911", "team": "home", "visibility": "visible"}, {"gameTime": "1 - 28:56", "label": "Corner", "position": "1736988", "team": "not applicable", "visibility": "visible"}, {"gameTime": "1 - 29:16", "label": "Foul", "position": "1756167", "team": "home", "visibility": "visible"}, {"gameTime": "1 - 29:22", "label": "Direct free-kick", "position": "1762060", "team": "away", "visibility": "visible"}, {"gameTime": "1 - 30:15", "label": "Shots on target", "position": "1815065", "team": "home", "visibility": "visible"}, {"gameTime": "1 - 30:16", "label": "Foul", "position": "1816123", "team": "home", "visibility": "visible"}, {"gameTime": "1 - 30:21", "label": "Indirect free-kick", "position": "1821772", "team": "home", "visibility": "visible"}, {"gameTime": "1 - 30:45", "label": "Shots off target", "position": "1845724", "team": "away", "visibility": "visible"}, {"gameTime": "1 - 31:06", "label": "Ball out of play", "position": "1866341", "team": "away", "visibility": "visible"}, {"gameTime": "1 - 31:06", "label": "Clearance", "position": "1866876", "team": "not applicable", "visibility": "visible"}, {"gameTime": "1 - 31:33", "label": "Ball out of play", "position": "1893699", "team": "home", "visibility": "not shown"}, {"gameTime": "1 - 31:45", "label": "Throw-in", "position": "1905898", "team": "not applicable", "visibility": "visible"}, {"gameTime": "1 - 31:51", "label": "Foul", "position": "1911165", "team": "home", "visibility": "not shown"}, {"gameTime": "1 - 31:54", "label": "Direct free-kick", "position": "1914419", "team": "away", "visibility": "visible"}, {"gameTime": "1 - 32:24", "label": "Shots off target", "position": "1944787", "team": "home", "visibility": "visible"}, {"gameTime": "1 - 32:26", "label": "Ball out of play", "position": "1946492", "team": "home", "visibility": "visible"}, {"gameTime": "1 - 32:27", "label": "Clearance", "position": "1947212", "team": "not applicable", "visibility": "visible"}, {"gameTime": "1 - 33:01", "label": "Shots on target", "position": "1981346", "team": "away", "visibility": "visible"}, {"gameTime": "1 - 33:21", "label": "Goal", "position": "2001943", "team": "home", "visibility": "visible"}, {"gameTime": "1 - 33:22", "label": "Kick-off", "position": "2002239", "team": "home", "visibility": "visible"}, {"gameTime": "1 - 34:09", "label": "Ball out of play", "position": "2049349", "team": "away", "visibility": "not shown"}, {"gameTime": "1 - 34:49", "label": "Throw-in", "position": "2089076", "team": "not applicable", "visibility": "visible"}, {"gameTime": "1 - 35:09", "label": "Ball out of play", "position": "2109295", "team": "home", "visibility": "not shown"}, {"gameTime": "1 - 35:12", "label": "Throw-in", "position": "2112274", "team": "not applicable", "visibility": "visible"}, {"gameTime": "1 - 35:19", "label": "Ball out of play", "position": "2119753", "team": "home", "visibility": "visible"}, {"gameTime": "1 - 35:22", "label": "Throw-in", "position": "2122510", "team": "not applicable", "visibility": "visible"}, {"gameTime": "1 - 35:31", "label": "Ball out of play", "position": "2131434", "team": "home", "visibility": "not shown"}, {"gameTime": "1 - 35:46", "label": "Throw-in", "position": "2146064", "team": "not applicable", "visibility": "visible"}, {"gameTime": "1 - 35:59", "label": "Foul", "position": "2159084", "team": "away", "visibility": "visible"}, {"gameTime": "1 - 36:01", "label": "Indirect free-kick", "position": "2161322", "team": "home", "visibility": "visible"}, {"gameTime": "1 - 36:11", "label": "Foul", "position": "2171357", "team": "away", "visibility": "visible"}, {"gameTime": "1 - 36:14", "label": "Indirect free-kick", "position": "2174520", "team": "home", "visibility": "visible"}, {"gameTime": "1 - 36:26", "label": "Ball out of play", "position": "2186067", "team": "away", "visibility": "not shown"}, {"gameTime": "1 - 36:47", "label": "Throw-in", "position": "2207104", "team": "not applicable", "visibility": "visible"}, {"gameTime": "1 - 36:57", "label": "Foul", "position": "2217338", "team": "away", "visibility": "visible"}, {"gameTime": "1 - 37:02", "label": "Direct free-kick", "position": "2222825", "team": "away", "visibility": "visible"}, {"gameTime": "1 - 37:58", "label": "Shots on target", "position": "2278388", "team": "home", "visibility": "visible"}, {"gameTime": "1 - 37:58", "label": "Foul", "position": "2278397", "team": "home", "visibility": "visible"}, {"gameTime": "1 - 38:31", "label": "Indirect free-kick", "position": "2311823", "team": "home", "visibility": "visible"}, {"gameTime": "1 - 39:02", "label": "Shots on target", "position": "2342733", "team": "away", "visibility": "not shown"}, {"gameTime": "1 - 39:09", "label": "Foul", "position": "2349269", "team": "away", "visibility": "visible"}, {"gameTime": "1 - 40:24", "label": "Indirect free-kick", "position": "2424455", "team": "away", "visibility": "visible"}, {"gameTime": "1 - 40:55", "label": "Foul", "position": "2455192", "team": "home", "visibility": "not shown"}, {"gameTime": "1 - 42:23", "label": "Indirect free-kick", "position": "2543554", "team": "home", "visibility": "visible"}, {"gameTime": "1 - 42:41", "label": "Ball out of play", "position": "2561364", "team": "away", "visibility": "not shown"}, {"gameTime": "1 - 42:52", "label": "Clearance", "position": "2572163", "team": "not applicable", "visibility": "visible"}, {"gameTime": "1 - 43:21", "label": "Ball out of play", "position": "2601097", "team": "away", "visibility": "not shown"}, {"gameTime": "1 - 43:25", "label": "Throw-in", "position": "2605920", "team": "not applicable", "visibility": "visible"}, {"gameTime": "1 - 43:36", "label": "Foul", "position": "2616853", "team": "away", "visibility": "visible"}, {"gameTime": "1 - 43:50", "label": "Indirect free-kick", "position": "2630391", "team": "home", "visibility": "visible"}, {"gameTime": "1 - 44:35", "label": "Ball out of play", "position": "2675344", "team": "away", "visibility": "visible"}, {"gameTime": "1 - 44:53", "label": "Ball out of play", "position": "2693210", "team": "not applicable", "visibility": "visible"}, {"gameTime": "2 - 00:00", "label": "Substitution", "position": "0", "team": "home", "visibility": "not shown"}, {"gameTime": "2 - 00:00", "label": "Ball out of play", "position": "0", "team": "home", "visibility": "not shown"}, {"gameTime": "2 - 00:11", "label": "Throw-in", "position": "11229", "team": "not applicable", "visibility": "visible"}, {"gameTime": "2 - 00:20", "label": "Shots off target", "position": "20091", "team": "home", "visibility": "visible"}, {"gameTime": "2 - 00:53", "label": "Ball out of play", "position": "53236", "team": "away", "visibility": "visible"}, {"gameTime": "2 - 00:54", "label": "Clearance", "position": "54516", "team": "not applicable", "visibility": "visible"}, {"gameTime": "2 - 01:23", "label": "Foul", "position": "83602", "team": "home", "visibility": "visible"}, {"gameTime": "2 - 01:41", "label": "Indirect free-kick", "position": "101275", "team": "home", "visibility": "visible"}, {"gameTime": "2 - 02:08", "label": "Ball out of play", "position": "128837", "team": "away", "visibility": "visible"}, {"gameTime": "2 - 02:25", "label": "Throw-in", "position": "145282", "team": "not applicable", "visibility": "visible"}, {"gameTime": "2 - 02:41", "label": "Foul", "position": "161964", "team": "home", "visibility": "visible"}, {"gameTime": "2 - 02:59", "label": "Yellow card", "position": "179749", "team": "away", "visibility": "visible"}, {"gameTime": "2 - 03:08", "label": "Indirect free-kick", "position": "188840", "team": "away", "visibility": "visible"}, {"gameTime": "2 - 03:40", "label": "Ball out of play", "position": "220608", "team": "home", "visibility": "not shown"}, {"gameTime": "2 - 03:49", "label": "Throw-in", "position": "229624", "team": "not applicable", "visibility": "visible"}, {"gameTime": "2 - 03:59", "label": "Ball out of play", "position": "239409", "team": "home", "visibility": "not shown"}, {"gameTime": "2 - 04:04", "label": "Clearance", "position": "244899", "team": "not applicable", "visibility": "visible"}, {"gameTime": "2 - 04:31", "label": "Ball out of play", "position": "271634", "team": "away", "visibility": "visible"}, {"gameTime": "2 - 04:40", "label": "Throw-in", "position": "280715", "team": "not applicable", "visibility": "visible"}, {"gameTime": "2 - 04:51", "label": "Ball out of play", "position": "291216", "team": "home", "visibility": "visible"}, {"gameTime": "2 - 05:00", "label": "Throw-in", "position": "300761", "team": "not applicable", "visibility": "visible"}, {"gameTime": "2 - 05:14", "label": "Ball out of play", "position": "314850", "team": "away", "visibility": "visible"}, {"gameTime": "2 - 05:37", "label": "Throw-in", "position": "337907", "team": "not applicable", "visibility": "visible"}, {"gameTime": "2 - 05:48", "label": "Ball out of play", "position": "348589", "team": "away", "visibility": "visible"}, {"gameTime": "2 - 05:50", "label": "Throw-in", "position": "350380", "team": "not applicable", "visibility": "visible"}, {"gameTime": "2 - 05:59", "label": "Goal", "position": "359874", "team": "away", "visibility": "not shown"}, {"gameTime": "2 - 08:04", "label": "Kick-off", "position": "484000", "team": "home", "visibility": "visible"}, {"gameTime": "2 - 09:01", "label": "Ball out of play", "position": "541138", "team": "away", "visibility": "not shown"}, {"gameTime": "2 - 09:10", "label": "Throw-in", "position": "550049", "team": "not applicable", "visibility": "not shown"}, {"gameTime": "2 - 09:14", "label": "Ball out of play", "position": "554813", "team": "away", "visibility": "visible"}, {"gameTime": "2 - 09:34", "label": "Throw-in", "position": "574908", "team": "not applicable", "visibility": "visible"}, {"gameTime": "2 - 09:53", "label": "Foul", "position": "593345", "team": "home", "visibility": "visible"}, {"gameTime": "2 - 10:21", "label": "Indirect free-kick", "position": "621445", "team": "home", "visibility": "visible"}, {"gameTime": "2 - 10:25", "label": "Ball out of play", "position": "625317", "team": "away", "visibility": "not shown"}, {"gameTime": "2 - 10:28", "label": "Throw-in", "position": "628006", "team": "not applicable", "visibility": "visible"}, {"gameTime": "2 - 10:43", "label": "Foul", "position": "643075", "team": "home", "visibility": "not shown"}, {"gameTime": "2 - 10:54", "label": "Indirect free-kick", "position": "654499", "team": "home", "visibility": "not shown"}, {"gameTime": "2 - 11:12", "label": "Foul", "position": "672096", "team": "away", "visibility": "visible"}, {"gameTime": "2 - 12:36", "label": "Direct free-kick", "position": "756486", "team": "away", "visibility": "visible"}, {"gameTime": "2 - 13:11", "label": "Shots off target", "position": "791109", "team": "home", "visibility": "not shown"}, {"gameTime": "2 - 13:25", "label": "Ball out of play", "position": "805424", "team": "home", "visibility": "visible"}, {"gameTime": "2 - 13:26", "label": "Clearance", "position": "806264", "team": "not applicable", "visibility": "visible"}, {"gameTime": "2 - 13:54", "label": "Shots on target", "position": "834229", "team": "away", "visibility": "not shown"}, {"gameTime": "2 - 14:22", "label": "Foul", "position": "862897", "team": "home", "visibility": "visible"}, {"gameTime": "2 - 14:52", "label": "Indirect free-kick", "position": "892493", "team": "home", "visibility": "visible"}, {"gameTime": "2 - 15:05", "label": "Ball out of play", "position": "905981", "team": "away", "visibility": "not shown"}, {"gameTime": "2 - 15:10", "label": "Clearance", "position": "910921", "team": "not applicable", "visibility": "visible"}, {"gameTime": "2 - 15:46", "label": "Ball out of play", "position": "946022", "team": "home", "visibility": "not shown"}, {"gameTime": "2 - 16:01", "label": "Throw-in", "position": "961526", "team": "not applicable", "visibility": "visible"}, {"gameTime": "2 - 16:08", "label": "Foul", "position": "968792", "team": "away", "visibility": "visible"}, {"gameTime": "2 - 16:18", "label": "Yellow card", "position": "978746", "team": "away", "visibility": "visible"}, {"gameTime": "2 - 16:28", "label": "Indirect free-kick", "position": "988120", "team": "away", "visibility": "visible"}, {"gameTime": "2 - 16:40", "label": "Ball out of play", "position": "1000868", "team": "home", "visibility": "not shown"}, {"gameTime": "2 - 17:12", "label": "Clearance", "position": "1032564", "team": "not applicable", "visibility": "visible"}, {"gameTime": "2 - 17:30", "label": "Ball out of play", "position": "1050452", "team": "away", "visibility": "visible"}, {"gameTime": "2 - 18:05", "label": "Substitution", "position": "1085319", "team": "not applicable", "visibility": "visible"}, {"gameTime": "2 - 18:37", "label": "Throw-in", "position": "1117700", "team": "away", "visibility": "visible"}, {"gameTime": "2 - 18:50", "label": "Ball out of play", "position": "1130393", "team": "away", "visibility": "visible"}, {"gameTime": "2 - 19:37", "label": "Clearance", "position": "1177576", "team": "not applicable", "visibility": "visible"}, {"gameTime": "2 - 20:10", "label": "Ball out of play", "position": "1210619", "team": "home", "visibility": "visible"}, {"gameTime": "2 - 21:21", "label": "Throw-in", "position": "1281498", "team": "not applicable", "visibility": "visible"}, {"gameTime": "2 - 21:35", "label": "Ball out of play", "position": "1295732", "team": "away", "visibility": "visible"}, {"gameTime": "2 - 21:38", "label": "Throw-in", "position": "1298585", "team": "not applicable", "visibility": "visible"}, {"gameTime": "2 - 21:50", "label": "Ball out of play", "position": "1310672", "team": "away", "visibility": "visible"}, {"gameTime": "2 - 21:55", "label": "Throw-in", "position": "1315321", "team": "not applicable", "visibility": "visible"}, {"gameTime": "2 - 22:03", "label": "Foul", "position": "1323842", "team": "away", "visibility": "visible"}, {"gameTime": "2 - 22:20", "label": "Substitution", "position": "1340263", "team": "away", "visibility": "visible"}, {"gameTime": "2 - 22:54", "label": "Indirect free-kick", "position": "1374120", "team": "away", "visibility": "visible"}, {"gameTime": "2 - 23:16", "label": "Ball out of play", "position": "1396187", "team": "home", "visibility": "visible"}, {"gameTime": "2 - 24:42", "label": "Throw-in", "position": "1482144", "team": "not applicable", "visibility": "visible"}, {"gameTime": "2 - 24:52", "label": "Foul", "position": "1492176", "team": "away", "visibility": "visible"}, {"gameTime": "2 - 24:57", "label": "Direct free-kick", "position": "1497362", "team": "home", "visibility": "visible"}, {"gameTime": "2 - 25:34", "label": "Shots on target", "position": "1534663", "team": "away", "visibility": "visible"}, {"gameTime": "2 - 25:36", "label": "Shots on target", "position": "1536623", "team": "away", "visibility": "visible"}, {"gameTime": "2 - 25:38", "label": "Ball out of play", "position": "1538373", "team": "away", "visibility": "visible"}, {"gameTime": "2 - 25:38", "label": "Corner", "position": "1538573", "team": "not applicable", "visibility": "visible"}, {"gameTime": "2 - 25:51", "label": "Ball out of play", "position": "1551456", "team": "away", "visibility": "not shown"}, {"gameTime": "2 - 26:52", "label": "Corner", "position": "1612895", "team": "not applicable", "visibility": "not shown"}, {"gameTime": "2 - 27:15", "label": "Shots off target", "position": "1635782", "team": "away", "visibility": "visible"}, {"gameTime": "2 - 27:17", "label": "Ball out of play", "position": "1637586", "team": "away", "visibility": "visible"}, {"gameTime": "2 - 27:19", "label": "Clearance", "position": "1639386", "team": "not applicable", "visibility": "visible"}, {"gameTime": "2 - 27:54", "label": "Foul", "position": "1674655", "team": "home", "visibility": "visible"}, {"gameTime": "2 - 28:10", "label": "Yellow card", "position": "1690625", "team": "home", "visibility": "visible"}, {"gameTime": "2 - 28:36", "label": "Direct free-kick", "position": "1716763", "team": "home", "visibility": "visible"}, {"gameTime": "2 - 28:45", "label": "Foul", "position": "1725546", "team": "away", "visibility": "visible"}, {"gameTime": "2 - 29:01", "label": "Indirect free-kick", "position": "1741543", "team": "away", "visibility": "visible"}, {"gameTime": "2 - 29:35", "label": "Foul", "position": "1775077", "team": "home", "visibility": "visible"}, {"gameTime": "2 - 29:42", "label": "Indirect free-kick", "position": "1782024", "team": "home", "visibility": "visible"}, {"gameTime": "2 - 29:53", "label": "Ball out of play", "position": "1793986", "team": "away", "visibility": "visible"}, {"gameTime": "2 - 30:07", "label": "Throw-in", "position": "1807957", "team": "not applicable", "visibility": "visible"}, {"gameTime": "2 - 30:30", "label": "Ball out of play", "position": "1830047", "team": "away", "visibility": "not shown"}, {"gameTime": "2 - 30:40", "label": "Throw-in", "position": "1840030", "team": "not applicable", "visibility": "visible"}, {"gameTime": "2 - 30:50", "label": "Ball out of play", "position": "1850962", "team": "home", "visibility": "not shown"}, {"gameTime": "2 - 31:00", "label": "Throw-in", "position": "1860651", "team": "not applicable", "visibility": "visible"}, {"gameTime": "2 - 31:06", "label": "Ball out of play", "position": "1866467", "team": "away", "visibility": "visible"}, {"gameTime": "2 - 31:22", "label": "Throw-in", "position": "1882458", "team": "not applicable", "visibility": "visible"}, {"gameTime": "2 - 31:32", "label": "Ball out of play", "position": "1892758", "team": "home", "visibility": "not shown"}, {"gameTime": "2 - 31:50", "label": "Corner", "position": "1910158", "team": "not applicable", "visibility": "visible"}, {"gameTime": "2 - 32:08", "label": "Shots on target", "position": "1928407", "team": "away", "visibility": "visible"}, {"gameTime": "2 - 32:28", "label": "Foul", "position": "1948151", "team": "home", "visibility": "visible"}, {"gameTime": "2 - 33:22", "label": "Indirect free-kick", "position": "2002206", "team": "home", "visibility": "visible"}, {"gameTime": "2 - 33:33", "label": "Foul", "position": "2013647", "team": "away", "visibility": "not shown"}, {"gameTime": "2 - 34:02", "label": "Indirect free-kick", "position": "2042699", "team": "home", "visibility": "visible"}, {"gameTime": "2 - 34:08", "label": "Ball out of play", "position": "2048119", "team": "away", "visibility": "not shown"}, {"gameTime": "2 - 34:15", "label": "Clearance", "position": "2055133", "team": "not applicable", "visibility": "visible"}, {"gameTime": "2 - 34:35", "label": "Shots off target", "position": "2075439", "team": "home", "visibility": "not shown"}, {"gameTime": "2 - 34:53", "label": "Ball out of play", "position": "2093800", "team": "home", "visibility": "visible"}, {"gameTime": "2 - 34:54", "label": "Clearance", "position": "2094640", "team": "not applicable", "visibility": "visible"}, {"gameTime": "2 - 35:15", "label": "Foul", "position": "2115188", "team": "away", "visibility": "not shown"}, {"gameTime": "2 - 35:39", "label": "Indirect free-kick", "position": "2139567", "team": "home", "visibility": "visible"}, {"gameTime": "2 - 35:52", "label": "Foul", "position": "2152551", "team": "away", "visibility": "visible"}, {"gameTime": "2 - 36:25", "label": "Substitution", "position": "2185494", "team": "away", "visibility": "visible"}, {"gameTime": "2 - 37:30", "label": "Indirect free-kick", "position": "2250480", "team": "home", "visibility": "visible"}, {"gameTime": "2 - 37:43", "label": "Ball out of play", "position": "2263600", "team": "home", "visibility": "visible"}, {"gameTime": "2 - 37:58", "label": "Throw-in", "position": "2278153", "team": "not applicable", "visibility": "visible"}, {"gameTime": "2 - 38:06", "label": "Ball out of play", "position": "2286580", "team": "home", "visibility": "not shown"}, {"gameTime": "2 - 38:39", "label": "Corner", "position": "2319503", "team": "not applicable", "visibility": "visible"}, {"gameTime": "2 - 39:06", "label": "Foul", "position": "2346031", "team": "away", "visibility": "visible"}, {"gameTime": "2 - 39:49", "label": "Yellow card", "position": "2389294", "team": "away", "visibility": "visible"}, {"gameTime": "2 - 39:57", "label": "Indirect free-kick", "position": "2397440", "team": "away", "visibility": "visible"}, {"gameTime": "2 - 40:48", "label": "Ball out of play", "position": "2448114", "team": "home", "visibility": "visible"}, {"gameTime": "2 - 40:50", "label": "Throw-in", "position": "2450380", "team": "not applicable", "visibility": "visible"}, {"gameTime": "2 - 41:02", "label": "Ball out of play", "position": "2462527", "team": "home", "visibility": "visible"}, {"gameTime": "2 - 41:05", "label": "Throw-in", "position": "2465904", "team": "not applicable", "visibility": "visible"}, {"gameTime": "2 - 41:22", "label": "Foul", "position": "2482338", "team": "home", "visibility": "visible"}, {"gameTime": "2 - 41:27", "label": "Indirect free-kick", "position": "2487006", "team": "away", "visibility": "visible"}, {"gameTime": "2 - 41:46", "label": "Ball out of play", "position": "2506246", "team": "home", "visibility": "visible"}, {"gameTime": "2 - 43:31", "label": "Corner", "position": "2611770", "team": "not applicable", "visibility": "visible"}, {"gameTime": "2 - 43:50", "label": "Ball out of play", "position": "2630386", "team": "home", "visibility": "not shown"}, {"gameTime": "2 - 44:50", "label": "Clearance", "position": "2690063", "team": "not applicable", "visibility": "visible"}, {"gameTime": "2 - 45:21", "label": "Ball out of play", "position": "2721726", "team": "home", "visibility": "not shown"}, {"gameTime": "2 - 45:49", "label": "Substitution", "position": "2749962", "team": "not applicable", "visibility": "visible"}, {"gameTime": "2 - 46:19", "label": "Throw-in", "position": "2779560", "team": "home", "visibility": "visible"}, {"gameTime": "2 - 46:34", "label": "Throw-in", "position": "2794361", "team": "away", "visibility": "visible"}], "gameAwayTeam": "Aston Villa", "gameDate": "17/10/2015 - 17:00", "gameHomeTeam": "Chelsea", "gameScore": "2 - 0"}