{"UrlLocal": "spain_laliga/2015-2016/2015-09-23 - 22-00 Ath Bilbao 1 - 2 Real Madrid/", "UrlYoutube": "", "annotations": [{"gameTime": "1 - 01:09", "label": "Kick-off", "position": "69694", "team": "away", "visibility": "visible"}, {"gameTime": "1 - 01:31", "label": "Foul", "position": "91318", "team": "home", "visibility": "not shown"}, {"gameTime": "1 - 01:56", "label": "Indirect free-kick", "position": "116120", "team": "not applicable", "visibility": "visible"}, {"gameTime": "1 - 02:31", "label": "Ball out of play", "position": "151824", "team": "home", "visibility": "visible"}, {"gameTime": "1 - 02:32", "label": "Corner", "position": "152696", "team": "home", "visibility": "visible"}, {"gameTime": "1 - 02:53", "label": "Foul", "position": "173207", "team": "away", "visibility": "not shown"}, {"gameTime": "1 - 03:09", "label": "Indirect free-kick", "position": "189363", "team": "home", "visibility": "visible"}, {"gameTime": "1 - 03:19", "label": "Foul", "position": "199056", "team": "away", "visibility": "not shown"}, {"gameTime": "1 - 03:35", "label": "Indirect free-kick", "position": "215487", "team": "not applicable", "visibility": "visible"}, {"gameTime": "1 - 03:54", "label": "Ball out of play", "position": "234798", "team": "home", "visibility": "not shown"}, {"gameTime": "1 - 04:12", "label": "Clearance", "position": "252623", "team": "not applicable", "visibility": "visible"}, {"gameTime": "1 - 04:18", "label": "Ball out of play", "position": "258539", "team": "away", "visibility": "not shown"}, {"gameTime": "1 - 05:12", "label": "Throw-in", "position": "312361", "team": "away", "visibility": "visible"}, {"gameTime": "1 - 05:23", "label": "Foul", "position": "323991", "team": "home", "visibility": "not shown"}, {"gameTime": "1 - 05:35", "label": "Indirect free-kick", "position": "335062", "team": "not applicable", "visibility": "visible"}, {"gameTime": "1 - 05:40", "label": "Ball out of play", "position": "340289", "team": "home", "visibility": "not shown"}, {"gameTime": "1 - 06:31", "label": "Throw-in", "position": "391999", "team": "away", "visibility": "visible"}, {"gameTime": "1 - 06:33", "label": "Shots on target", "position": "393520", "team": "not applicable", "visibility": "visible"}, {"gameTime": "1 - 06:57", "label": "Ball out of play", "position": "417959", "team": "away", "visibility": "visible"}, {"gameTime": "1 - 07:03", "label": "Corner", "position": "423542", "team": "away", "visibility": "visible"}, {"gameTime": "1 - 07:04", "label": "Shots off target", "position": "424338", "team": "not applicable", "visibility": "visible"}, {"gameTime": "1 - 07:23", "label": "Ball out of play", "position": "443110", "team": "home", "visibility": "visible"}, {"gameTime": "1 - 09:08", "label": "Clearance", "position": "548656", "team": "not applicable", "visibility": "visible"}, {"gameTime": "1 - 09:21", "label": "Ball out of play", "position": "561928", "team": "away", "visibility": "not shown"}, {"gameTime": "1 - 09:27", "label": "Throw-in", "position": "567381", "team": "away", "visibility": "visible"}, {"gameTime": "1 - 09:56", "label": "Foul", "position": "596121", "team": "home", "visibility": "visible"}, {"gameTime": "1 - 10:13", "label": "Indirect free-kick", "position": "613806", "team": "not applicable", "visibility": "visible"}, {"gameTime": "1 - 10:22", "label": "Ball out of play", "position": "622660", "team": "away", "visibility": "visible"}, {"gameTime": "1 - 11:00", "label": "Throw-in", "position": "660510", "team": "away", "visibility": "visible"}, {"gameTime": "1 - 12:24", "label": "Shots on target", "position": "744131", "team": "not applicable", "visibility": "visible"}, {"gameTime": "1 - 12:32", "label": "Ball out of play", "position": "752307", "team": "away", "visibility": "not shown"}, {"gameTime": "1 - 13:20", "label": "Clearance", "position": "800508", "team": "away", "visibility": "visible"}, {"gameTime": "1 - 13:21", "label": "Shots off target", "position": "801201", "team": "not applicable", "visibility": "visible"}, {"gameTime": "1 - 13:28", "label": "Ball out of play", "position": "808912", "team": "home", "visibility": "not shown"}, {"gameTime": "1 - 14:15", "label": "Clearance", "position": "855120", "team": "away", "visibility": "visible"}, {"gameTime": "1 - 15:31", "label": "Shots on target", "position": "931152", "team": "not applicable", "visibility": "visible"}, {"gameTime": "1 - 15:43", "label": "Ball out of play", "position": "943592", "team": "away", "visibility": "not shown"}, {"gameTime": "1 - 17:14", "label": "Throw-in", "position": "1034908", "team": "home", "visibility": "visible"}, {"gameTime": "1 - 18:25", "label": "Foul", "position": "1105999", "team": "away", "visibility": "visible"}, {"gameTime": "1 - 18:25", "label": "Direct free-kick", "position": "1105999", "team": "away", "visibility": "visible"}, {"gameTime": "1 - 18:27", "label": "Shots off target", "position": "1107028", "team": "not applicable", "visibility": "visible"}, {"gameTime": "1 - 18:36", "label": "Ball out of play", "position": "1116101", "team": "home", "visibility": "not shown"}, {"gameTime": "1 - 18:37", "label": "Clearance", "position": "1117753", "team": "away", "visibility": "not shown"}, {"gameTime": "1 - 18:39", "label": "Shots on target", "position": "1119480", "team": "away", "visibility": "visible"}, {"gameTime": "1 - 19:30", "label": "Goal", "position": "1170950", "team": "home", "visibility": "not shown"}, {"gameTime": "1 - 19:57", "label": "Kick-off", "position": "1197226", "team": "home", "visibility": "visible"}, {"gameTime": "1 - 20:17", "label": "Foul", "position": "1217574", "team": "away", "visibility": "visible"}, {"gameTime": "1 - 21:27", "label": "Indirect free-kick", "position": "1287220", "team": "away", "visibility": "visible"}, {"gameTime": "1 - 21:32", "label": "Shots on target", "position": "1292605", "team": "not applicable", "visibility": "visible"}, {"gameTime": "1 - 21:43", "label": "Ball out of play", "position": "1303830", "team": "away", "visibility": "not shown"}, {"gameTime": "1 - 22:10", "label": "Throw-in", "position": "1330105", "team": "not applicable", "visibility": "not shown"}, {"gameTime": "1 - 22:27", "label": "Ball out of play", "position": "1347448", "team": "home", "visibility": "visible"}, {"gameTime": "1 - 22:49", "label": "Throw-in", "position": "1369742", "team": "away", "visibility": "visible"}, {"gameTime": "1 - 23:10", "label": "Foul", "position": "1390932", "team": "home", "visibility": "visible"}, {"gameTime": "1 - 23:25", "label": "Indirect free-kick", "position": "1405187", "team": "away", "visibility": "visible"}, {"gameTime": "1 - 23:26", "label": "Shots off target", "position": "1406846", "team": "not applicable", "visibility": "visible"}, {"gameTime": "1 - 23:50", "label": "Ball out of play", "position": "1430831", "team": "away", "visibility": "visible"}, {"gameTime": "1 - 24:08", "label": "Corner", "position": "1448796", "team": "away", "visibility": "visible"}, {"gameTime": "1 - 24:22", "label": "Shots on target", "position": "1462425", "team": "home", "visibility": "visible"}, {"gameTime": "1 - 24:59", "label": "Foul", "position": "1499100", "team": "away", "visibility": "visible"}, {"gameTime": "1 - 25:20", "label": "Indirect free-kick", "position": "1520242", "team": "not applicable", "visibility": "visible"}, {"gameTime": "1 - 25:40", "label": "Ball out of play", "position": "1540650", "team": "home", "visibility": "visible"}, {"gameTime": "1 - 26:01", "label": "Clearance", "position": "1561071", "team": "not applicable", "visibility": "not shown"}, {"gameTime": "1 - 26:07", "label": "Ball out of play", "position": "1567216", "team": "away", "visibility": "visible"}, {"gameTime": "1 - 26:57", "label": "Throw-in", "position": "1617313", "team": "not applicable", "visibility": "visible"}, {"gameTime": "1 - 27:20", "label": "Ball out of play", "position": "1640926", "team": "home", "visibility": "visible"}, {"gameTime": "1 - 27:48", "label": "Corner", "position": "1668912", "team": "away", "visibility": "visible"}, {"gameTime": "1 - 27:49", "label": "Shots off target", "position": "1669880", "team": "not applicable", "visibility": "visible"}, {"gameTime": "1 - 28:22", "label": "Ball out of play", "position": "1702049", "team": "home", "visibility": "visible"}, {"gameTime": "1 - 28:41", "label": "Clearance", "position": "1721485", "team": "home", "visibility": "visible"}, {"gameTime": "1 - 28:42", "label": "Shots off target", "position": "1722258", "team": "not applicable", "visibility": "visible"}, {"gameTime": "1 - 29:02", "label": "Ball out of play", "position": "1742433", "team": "away", "visibility": "not shown"}, {"gameTime": "1 - 29:49", "label": "Clearance", "position": "1789045", "team": "away", "visibility": "visible"}, {"gameTime": "1 - 30:41", "label": "Shots on target", "position": "1841767", "team": "home", "visibility": "visible"}, {"gameTime": "1 - 30:42", "label": "Shots on target", "position": "1842528", "team": "not applicable", "visibility": "visible"}, {"gameTime": "1 - 31:08", "label": "Ball out of play", "position": "1868990", "team": "home", "visibility": "visible"}, {"gameTime": "1 - 31:14", "label": "Corner", "position": "1874168", "team": "home", "visibility": "visible"}, {"gameTime": "1 - 31:34", "label": "Foul", "position": "1894001", "team": "away", "visibility": "visible"}, {"gameTime": "1 - 32:02", "label": "Indirect free-kick", "position": "1922837", "team": "not applicable", "visibility": "visible"}, {"gameTime": "1 - 32:25", "label": "Ball out of play", "position": "1945702", "team": "away", "visibility": "visible"}, {"gameTime": "1 - 33:53", "label": "Throw-in", "position": "2033046", "team": "away", "visibility": "visible"}, {"gameTime": "1 - 34:33", "label": "Shots on target", "position": "2073019", "team": "not applicable", "visibility": "visible"}, {"gameTime": "1 - 34:44", "label": "Ball out of play", "position": "2084905", "team": "away", "visibility": "visible"}, {"gameTime": "1 - 35:22", "label": "Throw-in", "position": "2122435", "team": "not applicable", "visibility": "visible"}, {"gameTime": "1 - 35:25", "label": "Ball out of play", "position": "2125453", "team": "home", "visibility": "visible"}, {"gameTime": "1 - 35:41", "label": "Throw-in", "position": "2141481", "team": "not applicable", "visibility": "visible"}, {"gameTime": "1 - 35:44", "label": "Ball out of play", "position": "2144917", "team": "home", "visibility": "visible"}, {"gameTime": "1 - 35:55", "label": "Throw-in", "position": "2155377", "team": "home", "visibility": "visible"}, {"gameTime": "1 - 36:10", "label": "Foul", "position": "2170616", "team": "away", "visibility": "visible"}, {"gameTime": "1 - 36:53", "label": "Indirect free-kick", "position": "2213130", "team": "away", "visibility": "visible"}, {"gameTime": "1 - 36:54", "label": "Shots on target", "position": "2214403", "team": "not applicable", "visibility": "visible"}, {"gameTime": "1 - 37:18", "label": "Ball out of play", "position": "2238315", "team": "away", "visibility": "visible"}, {"gameTime": "1 - 37:19", "label": "Corner", "position": "2239931", "team": "away", "visibility": "visible"}, {"gameTime": "1 - 37:20", "label": "Shots off target", "position": "2240915", "team": "not applicable", "visibility": "visible"}, {"gameTime": "1 - 37:43", "label": "Ball out of play", "position": "2263040", "team": "home", "visibility": "visible"}, {"gameTime": "1 - 39:16", "label": "Clearance", "position": "2356685", "team": "away", "visibility": "visible"}, {"gameTime": "1 - 40:23", "label": "Foul", "position": "2423005", "team": "home", "visibility": "visible"}, {"gameTime": "1 - 40:30", "label": "Direct free-kick", "position": "2430335", "team": "home", "visibility": "visible"}, {"gameTime": "1 - 40:35", "label": "Shots on target", "position": "2435495", "team": "not applicable", "visibility": "visible"}, {"gameTime": "1 - 40:50", "label": "Ball out of play", "position": "2450618", "team": "home", "visibility": "visible"}, {"gameTime": "1 - 40:54", "label": "Throw-in", "position": "2454910", "team": "not applicable", "visibility": "visible"}, {"gameTime": "1 - 41:11", "label": "Ball out of play", "position": "2471399", "team": "away", "visibility": "visible"}, {"gameTime": "1 - 41:44", "label": "Throw-in", "position": "2504143", "team": "away", "visibility": "visible"}, {"gameTime": "1 - 41:46", "label": "Shots on target", "position": "2506023", "team": "not applicable", "visibility": "visible"}, {"gameTime": "1 - 42:04", "label": "Ball out of play", "position": "2524782", "team": "away", "visibility": "visible"}, {"gameTime": "1 - 42:09", "label": "Corner", "position": "2529209", "team": "not applicable", "visibility": "visible"}, {"gameTime": "1 - 42:26", "label": "Ball out of play", "position": "2546445", "team": "away", "visibility": "visible"}, {"gameTime": "1 - 42:36", "label": "Throw-in", "position": "2556070", "team": "away", "visibility": "visible"}, {"gameTime": "1 - 42:36", "label": "Shots off target", "position": "2556991", "team": "not applicable", "visibility": "visible"}, {"gameTime": "1 - 42:53", "label": "Ball out of play", "position": "2573038", "team": "home", "visibility": "not shown"}, {"gameTime": "1 - 43:28", "label": "Clearance", "position": "2608909", "team": "away", "visibility": "visible"}, {"gameTime": "1 - 43:43", "label": "Foul", "position": "2623930", "team": "home", "visibility": "not shown"}, {"gameTime": "1 - 43:49", "label": "Indirect free-kick", "position": "2629556", "team": "away", "visibility": "not shown"}, {"gameTime": "1 - 44:01", "label": "Foul", "position": "2641265", "team": "home", "visibility": "visible"}, {"gameTime": "2 - 00:43", "label": "Kick-off", "position": "43831", "team": "not applicable", "visibility": "visible"}, {"gameTime": "2 - 00:51", "label": "Ball out of play", "position": "51962", "team": "home", "visibility": "not shown"}, {"gameTime": "2 - 02:08", "label": "Throw-in", "position": "128463", "team": "home", "visibility": "visible"}, {"gameTime": "2 - 02:27", "label": "Foul", "position": "147149", "team": "away", "visibility": "visible"}, {"gameTime": "2 - 02:42", "label": "Indirect free-kick", "position": "162873", "team": "away", "visibility": "visible"}, {"gameTime": "2 - 02:56", "label": "Offside", "position": "176771", "team": "home", "visibility": "not shown"}, {"gameTime": "2 - 03:32", "label": "Indirect free-kick", "position": "212777", "team": "not applicable", "visibility": "visible"}, {"gameTime": "2 - 04:00", "label": "Ball out of play", "position": "240034", "team": "away", "visibility": "visible"}, {"gameTime": "2 - 04:03", "label": "Corner", "position": "243930", "team": "not applicable", "visibility": "visible"}, {"gameTime": "2 - 04:18", "label": "Ball out of play", "position": "258559", "team": "away", "visibility": "not shown"}, {"gameTime": "2 - 04:48", "label": "Throw-in", "position": "288525", "team": "not applicable", "visibility": "visible"}, {"gameTime": "2 - 05:13", "label": "Ball out of play", "position": "313075", "team": "away", "visibility": "visible"}, {"gameTime": "2 - 05:41", "label": "Corner", "position": "341233", "team": "home", "visibility": "visible"}, {"gameTime": "2 - 05:44", "label": "Shots on target", "position": "344143", "team": "not applicable", "visibility": "visible"}, {"gameTime": "2 - 06:07", "label": "Ball out of play", "position": "367330", "team": "home", "visibility": "visible"}, {"gameTime": "2 - 06:12", "label": "Corner", "position": "372097", "team": "home", "visibility": "visible"}, {"gameTime": "2 - 06:12", "label": "Shots off target", "position": "372335", "team": "away", "visibility": "visible"}, {"gameTime": "2 - 06:39", "label": "Foul", "position": "399440", "team": "away", "visibility": "visible"}, {"gameTime": "2 - 07:54", "label": "Yellow card", "position": "474458", "team": "home", "visibility": "visible"}, {"gameTime": "2 - 07:55", "label": "Direct free-kick", "position": "475933", "team": "home", "visibility": "visible"}, {"gameTime": "2 - 08:03", "label": "Shots on target", "position": "483738", "team": "not applicable", "visibility": "visible"}, {"gameTime": "2 - 08:11", "label": "Ball out of play", "position": "491629", "team": "home", "visibility": "not shown"}, {"gameTime": "2 - 08:44", "label": "Clearance", "position": "524654", "team": "not applicable", "visibility": "visible"}, {"gameTime": "2 - 08:48", "label": "Ball out of play", "position": "528620", "team": "home", "visibility": "visible"}, {"gameTime": "2 - 09:03", "label": "Throw-in", "position": "543600", "team": "not applicable", "visibility": "visible"}, {"gameTime": "2 - 09:18", "label": "Ball out of play", "position": "558946", "team": "home", "visibility": "visible"}, {"gameTime": "2 - 10:55", "label": "Throw-in", "position": "655474", "team": "not applicable", "visibility": "visible"}, {"gameTime": "2 - 11:00", "label": "Ball out of play", "position": "660358", "team": "away", "visibility": "not shown"}, {"gameTime": "2 - 11:28", "label": "Throw-in", "position": "688707", "team": "away", "visibility": "visible"}, {"gameTime": "2 - 11:52", "label": "Foul", "position": "712400", "team": "away", "visibility": "visible"}, {"gameTime": "2 - 12:39", "label": "Yellow card", "position": "759355", "team": "home", "visibility": "visible"}, {"gameTime": "2 - 12:41", "label": "Direct free-kick", "position": "761862", "team": "not applicable", "visibility": "visible"}, {"gameTime": "2 - 13:14", "label": "Ball out of play", "position": "794310", "team": "away", "visibility": "not shown"}, {"gameTime": "2 - 14:35", "label": "Clearance", "position": "875794", "team": "not applicable", "visibility": "visible"}, {"gameTime": "2 - 14:44", "label": "Ball out of play", "position": "884982", "team": "home", "visibility": "not shown"}, {"gameTime": "2 - 15:11", "label": "Clearance", "position": "911004", "team": "home", "visibility": "visible"}, {"gameTime": "2 - 15:49", "label": "Foul", "position": "949801", "team": "away", "visibility": "visible"}, {"gameTime": "2 - 16:10", "label": "Indirect free-kick", "position": "970192", "team": "not applicable", "visibility": "visible"}, {"gameTime": "2 - 16:13", "label": "Ball out of play", "position": "973350", "team": "home", "visibility": "visible"}, {"gameTime": "2 - 16:51", "label": "Throw-in", "position": "1011050", "team": "home", "visibility": "visible"}, {"gameTime": "2 - 17:56", "label": "Shots on target", "position": "1076865", "team": "home", "visibility": "visible"}, {"gameTime": "2 - 18:16", "label": "Foul", "position": "1096662", "team": "home", "visibility": "visible"}, {"gameTime": "2 - 18:37", "label": "Yellow card", "position": "1117208", "team": "away", "visibility": "visible"}, {"gameTime": "2 - 18:52", "label": "Indirect free-kick", "position": "1132589", "team": "not applicable", "visibility": "not shown"}, {"gameTime": "2 - 19:18", "label": "Ball out of play", "position": "1158582", "team": "away", "visibility": "visible"}, {"gameTime": "2 - 19:36", "label": "Throw-in", "position": "1176723", "team": "not applicable", "visibility": "visible"}, {"gameTime": "2 - 20:06", "label": "Ball out of play", "position": "1206650", "team": "away", "visibility": "visible"}, {"gameTime": "2 - 20:08", "label": "Corner", "position": "1208411", "team": "away", "visibility": "visible"}, {"gameTime": "2 - 20:09", "label": "Shots off target", "position": "1209367", "team": "not applicable", "visibility": "visible"}, {"gameTime": "2 - 20:28", "label": "Ball out of play", "position": "1228596", "team": "home", "visibility": "visible"}, {"gameTime": "2 - 20:47", "label": "Clearance", "position": "1247977", "team": "home", "visibility": "visible"}, {"gameTime": "2 - 21:00", "label": "Foul", "position": "1260638", "team": "home", "visibility": "visible"}, {"gameTime": "2 - 21:31", "label": "Yellow card", "position": "1291214", "team": "away", "visibility": "visible"}, {"gameTime": "2 - 21:55", "label": "Indirect free-kick", "position": "1315785", "team": "home", "visibility": "visible"}, {"gameTime": "2 - 21:56", "label": "Shots on target", "position": "1316440", "team": "home", "visibility": "visible"}, {"gameTime": "2 - 22:57", "label": "Goal", "position": "1377658", "team": "away", "visibility": "not shown"}, {"gameTime": "2 - 24:37", "label": "Kick-off", "position": "1477359", "team": "away", "visibility": "visible"}, {"gameTime": "2 - 24:37", "label": "Shots on target", "position": "1477760", "team": "away", "visibility": "visible"}, {"gameTime": "2 - 25:31", "label": "Goal", "position": "1531736", "team": "home", "visibility": "not shown"}, {"gameTime": "2 - 25:38", "label": "Kick-off", "position": "1538351", "team": "home", "visibility": "visible"}, {"gameTime": "2 - 25:39", "label": "Shots off target", "position": "1539469", "team": "not applicable", "visibility": "visible"}, {"gameTime": "2 - 26:23", "label": "Ball out of play", "position": "1583395", "team": "away", "visibility": "visible"}, {"gameTime": "2 - 26:31", "label": "Substitution", "position": "1591728", "team": "home", "visibility": "visible"}, {"gameTime": "2 - 26:41", "label": "Substitution", "position": "1601056", "team": "away", "visibility": "visible"}, {"gameTime": "2 - 26:58", "label": "Clearance", "position": "1618769", "team": "away", "visibility": "visible"}, {"gameTime": "2 - 26:59", "label": "Shots off target", "position": "1619562", "team": "not applicable", "visibility": "visible"}, {"gameTime": "2 - 27:11", "label": "Ball out of play", "position": "1631026", "team": "home", "visibility": "not shown"}, {"gameTime": "2 - 28:52", "label": "Clearance", "position": "1732104", "team": "not applicable", "visibility": "visible"}, {"gameTime": "2 - 29:16", "label": "Ball out of play", "position": "1756770", "team": "home", "visibility": "visible"}, {"gameTime": "2 - 29:24", "label": "Corner", "position": "1764632", "team": "home", "visibility": "visible"}, {"gameTime": "2 - 29:33", "label": "Shots on target", "position": "1773363", "team": "not applicable", "visibility": "visible"}, {"gameTime": "2 - 29:56", "label": "Ball out of play", "position": "1796543", "team": "away", "visibility": "visible"}, {"gameTime": "2 - 30:01", "label": "Throw-in", "position": "1801670", "team": "not applicable", "visibility": "visible"}, {"gameTime": "2 - 30:21", "label": "Ball out of play", "position": "1821243", "team": "away", "visibility": "visible"}, {"gameTime": "2 - 31:02", "label": "Throw-in", "position": "1862336", "team": "not applicable", "visibility": "visible"}, {"gameTime": "2 - 31:27", "label": "Ball out of play", "position": "1887873", "team": "away", "visibility": "visible"}, {"gameTime": "2 - 31:31", "label": "Throw-in", "position": "1891606", "team": "not applicable", "visibility": "visible"}, {"gameTime": "2 - 31:51", "label": "Ball out of play", "position": "1911202", "team": "away", "visibility": "not shown"}, {"gameTime": "2 - 32:22", "label": "Corner", "position": "1942364", "team": "away", "visibility": "visible"}, {"gameTime": "2 - 32:41", "label": "Foul", "position": "1961505", "team": "away", "visibility": "visible"}, {"gameTime": "2 - 33:00", "label": "Yellow card", "position": "1980000", "team": "home", "visibility": "visible"}, {"gameTime": "2 - 33:14", "label": "Substitution", "position": "1994178", "team": "home", "visibility": "visible"}, {"gameTime": "2 - 33:17", "label": "Direct free-kick", "position": "1997252", "team": "home", "visibility": "visible"}, {"gameTime": "2 - 33:19", "label": "Shots off target", "position": "1999081", "team": "not applicable", "visibility": "visible"}, {"gameTime": "2 - 34:04", "label": "Ball out of play", "position": "2044952", "team": "away", "visibility": "not shown"}, {"gameTime": "2 - 34:15", "label": "Clearance", "position": "2055612", "team": "not applicable", "visibility": "visible"}, {"gameTime": "2 - 34:55", "label": "Ball out of play", "position": "2095197", "team": "away", "visibility": "visible"}, {"gameTime": "2 - 35:01", "label": "Substitution", "position": "2101023", "team": "away", "visibility": "visible"}, {"gameTime": "2 - 35:07", "label": "Throw-in", "position": "2107379", "team": "not applicable", "visibility": "visible"}, {"gameTime": "2 - 35:18", "label": "Ball out of play", "position": "2118337", "team": "away", "visibility": "visible"}, {"gameTime": "2 - 35:39", "label": "Throw-in", "position": "2139163", "team": "home", "visibility": "visible"}, {"gameTime": "2 - 35:46", "label": "Foul", "position": "2146998", "team": "home", "visibility": "not shown"}, {"gameTime": "2 - 36:03", "label": "Yellow card", "position": "2163021", "team": "away", "visibility": "not shown"}, {"gameTime": "2 - 38:38", "label": "Indirect free-kick", "position": "2318790", "team": "away", "visibility": "visible"}, {"gameTime": "2 - 38:40", "label": "Shots off target", "position": "2320016", "team": "not applicable", "visibility": "visible"}, {"gameTime": "2 - 38:58", "label": "Ball out of play", "position": "2338180", "team": "home", "visibility": "not shown"}, {"gameTime": "2 - 39:03", "label": "Substitution", "position": "2343015", "team": "home", "visibility": "not shown"}, {"gameTime": "2 - 39:44", "label": "Clearance", "position": "2384249", "team": "home", "visibility": "visible"}, {"gameTime": "2 - 40:33", "label": "Foul", "position": "2433454", "team": "away", "visibility": "visible"}, {"gameTime": "2 - 42:19", "label": "Indirect free-kick", "position": "2539315", "team": "home", "visibility": "visible"}, {"gameTime": "2 - 42:20", "label": "Shots on target", "position": "2540342", "team": "not applicable", "visibility": "visible"}, {"gameTime": "2 - 42:43", "label": "Ball out of play", "position": "2563994", "team": "home", "visibility": "visible"}, {"gameTime": "2 - 42:50", "label": "Corner", "position": "2570671", "team": "home", "visibility": "visible"}, {"gameTime": "2 - 43:34", "label": "Foul", "position": "2614000", "team": "away", "visibility": "visible"}, {"gameTime": "2 - 43:46", "label": "Substitution", "position": "2626048", "team": "away", "visibility": "visible"}, {"gameTime": "2 - 44:31", "label": "Direct free-kick", "position": "2671392", "team": "home", "visibility": "visible"}, {"gameTime": "2 - 44:41", "label": "Foul", "position": "2681010", "team": "home", "visibility": "not shown"}, {"gameTime": "2 - 44:57", "label": "Yellow card", "position": "2697690", "team": "away", "visibility": "visible"}, {"gameTime": "2 - 45:14", "label": "Indirect free-kick", "position": "2714906", "team": "home", "visibility": "visible"}, {"gameTime": "2 - 45:39", "label": "Foul", "position": "2739197", "team": "away", "visibility": "visible"}], "gameAwayTeam": "Real Madrid", "gameDate": "23/09/2015 - 22:00", "gameHomeTeam": "Ath Bilbao", "gameScore": "1 - 2"}