{"UrlLocal": "italy_serie-a/2014-2015/2015-05-03 - 21-45 Napoli 3 - 0 AC Milan/", "UrlYoutube": "", "annotations": [{"gameTime": "1 - 00:00", "label": "Foul", "position": "13", "team": "home", "visibility": "visible"}, {"gameTime": "1 - 00:40", "label": "Red card", "position": "40134", "team": "away", "visibility": "visible"}, {"gameTime": "1 - 00:49", "label": "Shots on target", "position": "49720", "team": "away", "visibility": "visible"}, {"gameTime": "1 - 02:59", "label": "Penalty", "position": "179348", "team": "home", "visibility": "visible"}, {"gameTime": "1 - 02:59", "label": "Ball out of play", "position": "179365", "team": "home", "visibility": "visible"}, {"gameTime": "1 - 03:01", "label": "Corner", "position": "181236", "team": "not applicable", "visibility": "visible"}, {"gameTime": "1 - 03:10", "label": "Shots on target", "position": "190116", "team": "home", "visibility": "visible"}, {"gameTime": "1 - 03:15", "label": "Shots off target", "position": "195904", "team": "home", "visibility": "visible"}, {"gameTime": "1 - 03:50", "label": "Ball out of play", "position": "230748", "team": "home", "visibility": "visible"}, {"gameTime": "1 - 03:51", "label": "Corner", "position": "231748", "team": "not applicable", "visibility": "visible"}, {"gameTime": "1 - 04:12", "label": "Ball out of play", "position": "252669", "team": "home", "visibility": "visible"}, {"gameTime": "1 - 06:36", "label": "Clearance", "position": "396639", "team": "not applicable", "visibility": "not shown"}, {"gameTime": "1 - 06:56", "label": "Foul", "position": "416483", "team": "away", "visibility": "not shown"}, {"gameTime": "1 - 08:45", "label": "Indirect free-kick", "position": "525860", "team": "home", "visibility": "visible"}, {"gameTime": "1 - 09:14", "label": "Ball out of play", "position": "554186", "team": "away", "visibility": "visible"}, {"gameTime": "1 - 09:42", "label": "Throw-in", "position": "582970", "team": "not applicable", "visibility": "visible"}, {"gameTime": "1 - 09:51", "label": "Ball out of play", "position": "591057", "team": "home", "visibility": "visible"}, {"gameTime": "1 - 10:29", "label": "Throw-in", "position": "629422", "team": "not applicable", "visibility": "visible"}, {"gameTime": "1 - 10:32", "label": "Foul", "position": "632492", "team": "home", "visibility": "not shown"}, {"gameTime": "1 - 11:13", "label": "Indirect free-kick", "position": "673956", "team": "home", "visibility": "visible"}, {"gameTime": "1 - 11:27", "label": "Shots on target", "position": "687019", "team": "away", "visibility": "not shown"}, {"gameTime": "1 - 12:19", "label": "Ball out of play", "position": "739815", "team": "away", "visibility": "visible"}, {"gameTime": "1 - 13:48", "label": "Clearance", "position": "828339", "team": "not applicable", "visibility": "visible"}, {"gameTime": "1 - 14:18", "label": "Shots off target", "position": "858939", "team": "away", "visibility": "visible"}, {"gameTime": "1 - 14:29", "label": "Ball out of play", "position": "869880", "team": "home", "visibility": "visible"}, {"gameTime": "1 - 14:31", "label": "Clearance", "position": "871226", "team": "not applicable", "visibility": "visible"}, {"gameTime": "1 - 16:03", "label": "Foul", "position": "963681", "team": "away", "visibility": "visible"}, {"gameTime": "1 - 16:48", "label": "Indirect free-kick", "position": "1008475", "team": "away", "visibility": "visible"}, {"gameTime": "1 - 16:53", "label": "Foul", "position": "1013152", "team": "home", "visibility": "not shown"}, {"gameTime": "1 - 17:11", "label": "Indirect free-kick", "position": "1031730", "team": "home", "visibility": "visible"}, {"gameTime": "1 - 17:28", "label": "Ball out of play", "position": "1048458", "team": "away", "visibility": "not shown"}, {"gameTime": "1 - 17:40", "label": "Throw-in", "position": "1060303", "team": "not applicable", "visibility": "visible"}, {"gameTime": "1 - 17:54", "label": "Ball out of play", "position": "1074294", "team": "away", "visibility": "visible"}, {"gameTime": "1 - 17:56", "label": "Throw-in", "position": "1076816", "team": "not applicable", "visibility": "visible"}, {"gameTime": "1 - 18:06", "label": "Ball out of play", "position": "1086242", "team": "away", "visibility": "visible"}, {"gameTime": "1 - 18:21", "label": "Throw-in", "position": "1101966", "team": "not applicable", "visibility": "visible"}, {"gameTime": "1 - 18:30", "label": "Ball out of play", "position": "1110593", "team": "home", "visibility": "visible"}, {"gameTime": "1 - 19:23", "label": "Throw-in", "position": "1163589", "team": "not applicable", "visibility": "visible"}, {"gameTime": "1 - 19:28", "label": "Shots off target", "position": "1168722", "team": "home", "visibility": "visible"}, {"gameTime": "1 - 19:51", "label": "Ball out of play", "position": "1191202", "team": "home", "visibility": "visible"}, {"gameTime": "1 - 19:52", "label": "Clearance", "position": "1192484", "team": "not applicable", "visibility": "visible"}, {"gameTime": "1 - 20:22", "label": "Foul", "position": "1222906", "team": "away", "visibility": "visible"}, {"gameTime": "1 - 20:39", "label": "Indirect free-kick", "position": "1239226", "team": "away", "visibility": "visible"}, {"gameTime": "1 - 21:32", "label": "Ball out of play", "position": "1292143", "team": "home", "visibility": "visible"}, {"gameTime": "1 - 21:40", "label": "Throw-in", "position": "1300902", "team": "not applicable", "visibility": "visible"}, {"gameTime": "1 - 21:57", "label": "Ball out of play", "position": "1317794", "team": "away", "visibility": "visible"}, {"gameTime": "1 - 22:27", "label": "Throw-in", "position": "1347486", "team": "not applicable", "visibility": "visible"}, {"gameTime": "1 - 22:44", "label": "Ball out of play", "position": "1364603", "team": "away", "visibility": "visible"}, {"gameTime": "1 - 23:21", "label": "Throw-in", "position": "1401206", "team": "not applicable", "visibility": "visible"}, {"gameTime": "1 - 23:40", "label": "Ball out of play", "position": "1420551", "team": "away", "visibility": "visible"}, {"gameTime": "1 - 24:02", "label": "Throw-in", "position": "1442710", "team": "not applicable", "visibility": "visible"}, {"gameTime": "1 - 24:16", "label": "Foul", "position": "1456551", "team": "away", "visibility": "visible"}, {"gameTime": "1 - 24:18", "label": "Indirect free-kick", "position": "1458203", "team": "home", "visibility": "visible"}, {"gameTime": "1 - 24:48", "label": "Ball out of play", "position": "1488686", "team": "away", "visibility": "visible"}, {"gameTime": "1 - 24:51", "label": "Corner", "position": "1491791", "team": "not applicable", "visibility": "visible"}, {"gameTime": "1 - 25:25", "label": "Ball out of play", "position": "1525753", "team": "away", "visibility": "visible"}, {"gameTime": "1 - 25:37", "label": "Throw-in", "position": "1537758", "team": "not applicable", "visibility": "visible"}, {"gameTime": "1 - 25:50", "label": "Ball out of play", "position": "1550273", "team": "away", "visibility": "visible"}, {"gameTime": "1 - 25:52", "label": "Throw-in", "position": "1552035", "team": "not applicable", "visibility": "visible"}, {"gameTime": "1 - 26:00", "label": "Foul", "position": "1560221", "team": "away", "visibility": "visible"}, {"gameTime": "1 - 26:02", "label": "Indirect free-kick", "position": "1562261", "team": "home", "visibility": "visible"}, {"gameTime": "1 - 26:44", "label": "Ball out of play", "position": "1604266", "team": "away", "visibility": "visible"}, {"gameTime": "1 - 26:48", "label": "Throw-in", "position": "1608677", "team": "not applicable", "visibility": "visible"}, {"gameTime": "1 - 27:00", "label": "Ball out of play", "position": "1620022", "team": "home", "visibility": "visible"}, {"gameTime": "1 - 27:58", "label": "Ball out of play", "position": "1678678", "team": "not applicable", "visibility": "visible"}, {"gameTime": "1 - 28:23", "label": "Ball out of play", "position": "1703498", "team": "not applicable", "visibility": "visible"}, {"gameTime": "1 - 28:45", "label": "Clearance", "position": "1725052", "team": "not applicable", "visibility": "visible"}, {"gameTime": "1 - 29:13", "label": "Ball out of play", "position": "1753507", "team": "away", "visibility": "visible"}, {"gameTime": "1 - 29:47", "label": "Throw-in", "position": "1787016", "team": "not applicable", "visibility": "visible"}, {"gameTime": "1 - 29:51", "label": "Foul", "position": "1791097", "team": "home", "visibility": "visible"}, {"gameTime": "1 - 30:07", "label": "Indirect free-kick", "position": "1807994", "team": "home", "visibility": "visible"}, {"gameTime": "1 - 30:37", "label": "Ball out of play", "position": "1837913", "team": "away", "visibility": "visible"}, {"gameTime": "1 - 31:03", "label": "Clearance", "position": "1863666", "team": "not applicable", "visibility": "visible"}, {"gameTime": "1 - 31:31", "label": "Ball out of play", "position": "1891463", "team": "away", "visibility": "visible"}, {"gameTime": "1 - 32:50", "label": "Throw-in", "position": "1970191", "team": "not applicable", "visibility": "visible"}, {"gameTime": "1 - 32:54", "label": "Ball out of play", "position": "1974092", "team": "home", "visibility": "not shown"}, {"gameTime": "1 - 33:03", "label": "Corner", "position": "1983899", "team": "not applicable", "visibility": "not shown"}, {"gameTime": "1 - 33:25", "label": "Ball out of play", "position": "2005689", "team": "home", "visibility": "not shown"}, {"gameTime": "1 - 33:31", "label": "Throw-in", "position": "2011933", "team": "not applicable", "visibility": "visible"}, {"gameTime": "1 - 33:36", "label": "Ball out of play", "position": "2016374", "team": "home", "visibility": "visible"}, {"gameTime": "1 - 34:19", "label": "Throw-in", "position": "2059706", "team": "not applicable", "visibility": "visible"}, {"gameTime": "1 - 34:25", "label": "Ball out of play", "position": "2065770", "team": "home", "visibility": "visible"}, {"gameTime": "1 - 35:08", "label": "Throw-in", "position": "2108301", "team": "not applicable", "visibility": "visible"}, {"gameTime": "1 - 35:11", "label": "Ball out of play", "position": "2111074", "team": "home", "visibility": "visible"}, {"gameTime": "1 - 36:07", "label": "Clearance", "position": "2167814", "team": "not applicable", "visibility": "visible"}, {"gameTime": "1 - 36:16", "label": "Ball out of play", "position": "2176068", "team": "home", "visibility": "not shown"}, {"gameTime": "1 - 37:12", "label": "Throw-in", "position": "2232575", "team": "not applicable", "visibility": "visible"}, {"gameTime": "1 - 37:26", "label": "Shots on target", "position": "2246997", "team": "away", "visibility": "visible"}, {"gameTime": "1 - 38:00", "label": "Ball out of play", "position": "2280837", "team": "away", "visibility": "visible"}, {"gameTime": "1 - 38:01", "label": "Clearance", "position": "2281831", "team": "not applicable", "visibility": "visible"}, {"gameTime": "1 - 38:18", "label": "Ball out of play", "position": "2298270", "team": "home", "visibility": "not shown"}, {"gameTime": "1 - 38:41", "label": "Clearance", "position": "2321130", "team": "not applicable", "visibility": "not shown"}, {"gameTime": "1 - 39:05", "label": "Shots off target", "position": "2345141", "team": "away", "visibility": "visible"}, {"gameTime": "1 - 39:16", "label": "Ball out of play", "position": "2356636", "team": "home", "visibility": "visible"}, {"gameTime": "1 - 39:19", "label": "Clearance", "position": "2359732", "team": "not applicable", "visibility": "visible"}, {"gameTime": "1 - 39:45", "label": "Foul", "position": "2385243", "team": "away", "visibility": "visible"}, {"gameTime": "1 - 39:55", "label": "Indirect free-kick", "position": "2395012", "team": "away", "visibility": "visible"}, {"gameTime": "1 - 39:58", "label": "Ball out of play", "position": "2398638", "team": "home", "visibility": "visible"}, {"gameTime": "1 - 41:15", "label": "Throw-in", "position": "2475047", "team": "not applicable", "visibility": "visible"}, {"gameTime": "1 - 41:21", "label": "Shots off target", "position": "2481839", "team": "home", "visibility": "visible"}, {"gameTime": "1 - 41:55", "label": "Ball out of play", "position": "2515163", "team": "home", "visibility": "visible"}, {"gameTime": "1 - 41:55", "label": "Clearance", "position": "2515963", "team": "not applicable", "visibility": "visible"}, {"gameTime": "1 - 42:22", "label": "Shots off target", "position": "2542733", "team": "away", "visibility": "visible"}, {"gameTime": "1 - 43:22", "label": "Ball out of play", "position": "2602320", "team": "home", "visibility": "visible"}, {"gameTime": "1 - 43:23", "label": "Clearance", "position": "2603280", "team": "not applicable", "visibility": "visible"}, {"gameTime": "1 - 43:50", "label": "Shots off target", "position": "2630141", "team": "away", "visibility": "visible"}, {"gameTime": "1 - 44:01", "label": "Ball out of play", "position": "2641516", "team": "home", "visibility": "visible"}, {"gameTime": "1 - 44:01", "label": "Corner", "position": "2641995", "team": "not applicable", "visibility": "visible"}, {"gameTime": "1 - 44:27", "label": "Ball out of play", "position": "2667376", "team": "home", "visibility": "not shown"}, {"gameTime": "1 - 44:46", "label": "Throw-in", "position": "2686293", "team": "not applicable", "visibility": "visible"}, {"gameTime": "1 - 44:50", "label": "Throw-in", "position": "2690872", "team": "home", "visibility": "visible"}, {"gameTime": "2 - 00:00", "label": "Shots on target", "position": "0", "team": "away", "visibility": "visible"}, {"gameTime": "2 - 00:28", "label": "Corner", "position": "28254", "team": "home", "visibility": "visible"}, {"gameTime": "2 - 00:54", "label": "Ball out of play", "position": "54100", "team": "home", "visibility": "visible"}, {"gameTime": "2 - 01:45", "label": "Throw-in", "position": "105013", "team": "not applicable", "visibility": "visible"}, {"gameTime": "2 - 01:50", "label": "Ball out of play", "position": "110573", "team": "home", "visibility": "visible"}, {"gameTime": "2 - 02:30", "label": "Throw-in", "position": "150150", "team": "not applicable", "visibility": "visible"}, {"gameTime": "2 - 02:45", "label": "Ball out of play", "position": "165767", "team": "away", "visibility": "visible"}, {"gameTime": "2 - 02:53", "label": "Throw-in", "position": "173807", "team": "not applicable", "visibility": "visible"}, {"gameTime": "2 - 02:57", "label": "Foul", "position": "177161", "team": "home", "visibility": "visible"}, {"gameTime": "2 - 03:05", "label": "Indirect free-kick", "position": "185247", "team": "away", "visibility": "visible"}, {"gameTime": "2 - 03:32", "label": "Ball out of play", "position": "212362", "team": "home", "visibility": "not shown"}, {"gameTime": "2 - 03:54", "label": "Throw-in", "position": "234183", "team": "not applicable", "visibility": "visible"}, {"gameTime": "2 - 03:57", "label": "Ball out of play", "position": "237596", "team": "home", "visibility": "visible"}, {"gameTime": "2 - 05:01", "label": "Corner", "position": "301184", "team": "not applicable", "visibility": "visible"}, {"gameTime": "2 - 05:14", "label": "Ball out of play", "position": "314179", "team": "home", "visibility": "not shown"}, {"gameTime": "2 - 05:22", "label": "Clearance", "position": "322312", "team": "not applicable", "visibility": "visible"}, {"gameTime": "2 - 05:46", "label": "Shots off target", "position": "346963", "team": "away", "visibility": "visible"}, {"gameTime": "2 - 06:12", "label": "Ball out of play", "position": "372182", "team": "home", "visibility": "visible"}, {"gameTime": "2 - 06:13", "label": "Clearance", "position": "373437", "team": "not applicable", "visibility": "visible"}, {"gameTime": "2 - 06:37", "label": "Shots on target", "position": "397354", "team": "away", "visibility": "visible"}, {"gameTime": "2 - 06:53", "label": "Ball out of play", "position": "413476", "team": "home", "visibility": "visible"}, {"gameTime": "2 - 06:54", "label": "Corner", "position": "414636", "team": "not applicable", "visibility": "visible"}, {"gameTime": "2 - 07:25", "label": "Shots off target", "position": "445044", "team": "home", "visibility": "visible"}, {"gameTime": "2 - 07:42", "label": "Ball out of play", "position": "462533", "team": "home", "visibility": "visible"}, {"gameTime": "2 - 07:47", "label": "Throw-in", "position": "467685", "team": "not applicable", "visibility": "visible"}, {"gameTime": "2 - 08:04", "label": "Shots off target", "position": "484548", "team": "away", "visibility": "visible"}, {"gameTime": "2 - 08:10", "label": "Ball out of play", "position": "490689", "team": "home", "visibility": "visible"}, {"gameTime": "2 - 08:14", "label": "Throw-in", "position": "494650", "team": "not applicable", "visibility": "visible"}, {"gameTime": "2 - 08:34", "label": "Ball out of play", "position": "514123", "team": "away", "visibility": "visible"}, {"gameTime": "2 - 08:57", "label": "Throw-in", "position": "537831", "team": "not applicable", "visibility": "visible"}, {"gameTime": "2 - 09:08", "label": "Ball out of play", "position": "548033", "team": "away", "visibility": "not shown"}, {"gameTime": "2 - 09:31", "label": "Substitution", "position": "571892", "team": "not applicable", "visibility": "visible"}, {"gameTime": "2 - 09:51", "label": "Throw-in", "position": "591760", "team": "home", "visibility": "visible"}, {"gameTime": "2 - 09:58", "label": "Shots off target", "position": "598726", "team": "away", "visibility": "not shown"}, {"gameTime": "2 - 10:40", "label": "Ball out of play", "position": "640474", "team": "home", "visibility": "visible"}, {"gameTime": "2 - 10:41", "label": "Substitution", "position": "641877", "team": "not applicable", "visibility": "visible"}, {"gameTime": "2 - 11:12", "label": "Clearance", "position": "672960", "team": "away", "visibility": "visible"}, {"gameTime": "2 - 11:21", "label": "Ball out of play", "position": "681705", "team": "away", "visibility": "not shown"}, {"gameTime": "2 - 11:52", "label": "Corner", "position": "712846", "team": "not applicable", "visibility": "visible"}, {"gameTime": "2 - 12:00", "label": "Foul", "position": "720672", "team": "home", "visibility": "not shown"}, {"gameTime": "2 - 12:09", "label": "Indirect free-kick", "position": "729949", "team": "home", "visibility": "visible"}, {"gameTime": "2 - 12:36", "label": "Foul", "position": "756967", "team": "away", "visibility": "visible"}, {"gameTime": "2 - 12:40", "label": "Indirect free-kick", "position": "760422", "team": "home", "visibility": "visible"}, {"gameTime": "2 - 12:47", "label": "Shots off target", "position": "767603", "team": "home", "visibility": "not shown"}, {"gameTime": "2 - 13:33", "label": "Ball out of play", "position": "813975", "team": "home", "visibility": "visible"}, {"gameTime": "2 - 13:37", "label": "Corner", "position": "817587", "team": "not applicable", "visibility": "visible"}, {"gameTime": "2 - 13:41", "label": "Shots on target", "position": "821103", "team": "home", "visibility": "visible"}, {"gameTime": "2 - 13:47", "label": "Shots on target", "position": "827384", "team": "home", "visibility": "visible"}, {"gameTime": "2 - 14:12", "label": "Ball out of play", "position": "852410", "team": "home", "visibility": "visible"}, {"gameTime": "2 - 14:14", "label": "Corner", "position": "854751", "team": "not applicable", "visibility": "visible"}, {"gameTime": "2 - 14:29", "label": "Ball out of play", "position": "869098", "team": "home", "visibility": "visible"}, {"gameTime": "2 - 14:35", "label": "Substitution", "position": "875043", "team": "not applicable", "visibility": "visible"}, {"gameTime": "2 - 15:15", "label": "Clearance", "position": "915000", "team": "away", "visibility": "visible"}, {"gameTime": "2 - 15:25", "label": "Foul", "position": "925543", "team": "away", "visibility": "not shown"}, {"gameTime": "2 - 15:51", "label": "Indirect free-kick", "position": "951124", "team": "away", "visibility": "visible"}, {"gameTime": "2 - 15:59", "label": "Shots on target", "position": "959700", "team": "home", "visibility": "not shown"}, {"gameTime": "2 - 16:33", "label": "Foul", "position": "993253", "team": "home", "visibility": "visible"}, {"gameTime": "2 - 16:44", "label": "Indirect free-kick", "position": "1004924", "team": "home", "visibility": "visible"}, {"gameTime": "2 - 17:19", "label": "Ball out of play", "position": "1039397", "team": "home", "visibility": "not shown"}, {"gameTime": "2 - 17:46", "label": "Corner", "position": "1066369", "team": "not applicable", "visibility": "visible"}, {"gameTime": "2 - 17:52", "label": "Ball out of play", "position": "1072575", "team": "home", "visibility": "visible"}, {"gameTime": "2 - 18:09", "label": "Throw-in", "position": "1089793", "team": "not applicable", "visibility": "visible"}, {"gameTime": "2 - 18:24", "label": "Shots on target", "position": "1104504", "team": "away", "visibility": "visible"}, {"gameTime": "2 - 18:52", "label": "Foul", "position": "1132201", "team": "home", "visibility": "visible"}, {"gameTime": "2 - 19:02", "label": "Yellow card", "position": "1142030", "team": "home", "visibility": "visible"}, {"gameTime": "2 - 19:08", "label": "Indirect free-kick", "position": "1148000", "team": "home", "visibility": "not shown"}, {"gameTime": "2 - 19:24", "label": "Foul", "position": "1164026", "team": "away", "visibility": "not shown"}, {"gameTime": "2 - 19:46", "label": "Indirect free-kick", "position": "1186819", "team": "home", "visibility": "visible"}, {"gameTime": "2 - 20:18", "label": "Ball out of play", "position": "1218043", "team": "away", "visibility": "visible"}, {"gameTime": "2 - 20:28", "label": "Throw-in", "position": "1228543", "team": "not applicable", "visibility": "visible"}, {"gameTime": "2 - 20:34", "label": "Ball out of play", "position": "1234476", "team": "home", "visibility": "visible"}, {"gameTime": "2 - 22:44", "label": "Substitution", "position": "1364727", "team": "not applicable", "visibility": "not shown"}, {"gameTime": "2 - 23:02", "label": "Corner", "position": "1382320", "team": "home", "visibility": "visible"}, {"gameTime": "2 - 23:10", "label": "Shots off target", "position": "1390062", "team": "home", "visibility": "visible"}, {"gameTime": "2 - 23:33", "label": "Ball out of play", "position": "1413569", "team": "home", "visibility": "visible"}, {"gameTime": "2 - 23:34", "label": "Clearance", "position": "1414610", "team": "not applicable", "visibility": "visible"}, {"gameTime": "2 - 24:00", "label": "Ball out of play", "position": "1440071", "team": "away", "visibility": "visible"}, {"gameTime": "2 - 24:07", "label": "Throw-in", "position": "1447828", "team": "not applicable", "visibility": "not shown"}, {"gameTime": "2 - 24:12", "label": "Shots on target", "position": "1452743", "team": "home", "visibility": "visible"}, {"gameTime": "2 - 24:33", "label": "Goal", "position": "1473133", "team": "home", "visibility": "visible"}, {"gameTime": "2 - 24:33", "label": "Yellow card", "position": "1473840", "team": "home", "visibility": "visible"}, {"gameTime": "2 - 25:04", "label": "Kick-off", "position": "1504720", "team": "home", "visibility": "not shown"}, {"gameTime": "2 - 25:35", "label": "Foul", "position": "1535315", "team": "away", "visibility": "not shown"}, {"gameTime": "2 - 26:12", "label": "Indirect free-kick", "position": "1572767", "team": "home", "visibility": "visible"}, {"gameTime": "2 - 26:22", "label": "Shots on target", "position": "1582640", "team": "away", "visibility": "not shown"}, {"gameTime": "2 - 28:35", "label": "Goal", "position": "1715496", "team": "home", "visibility": "visible"}, {"gameTime": "2 - 28:36", "label": "Kick-off", "position": "1716080", "team": "home", "visibility": "visible"}, {"gameTime": "2 - 29:33", "label": "Shots off target", "position": "1773241", "team": "away", "visibility": "not shown"}, {"gameTime": "2 - 30:14", "label": "Shots on target", "position": "1814280", "team": "home", "visibility": "visible"}, {"gameTime": "2 - 30:49", "label": "Goal", "position": "1849815", "team": "home", "visibility": "visible"}, {"gameTime": "2 - 30:50", "label": "Kick-off", "position": "1850160", "team": "home", "visibility": "visible"}, {"gameTime": "2 - 31:40", "label": "Ball out of play", "position": "1900476", "team": "away", "visibility": "not shown"}, {"gameTime": "2 - 32:37", "label": "Clearance", "position": "1957365", "team": "not applicable", "visibility": "visible"}, {"gameTime": "2 - 33:21", "label": "Ball out of play", "position": "2001525", "team": "away", "visibility": "visible"}, {"gameTime": "2 - 33:41", "label": "Throw-in", "position": "2021725", "team": "not applicable", "visibility": "visible"}, {"gameTime": "2 - 33:45", "label": "Ball out of play", "position": "2025904", "team": "home", "visibility": "visible"}, {"gameTime": "2 - 35:37", "label": "Throw-in", "position": "2137613", "team": "not applicable", "visibility": "visible"}, {"gameTime": "2 - 35:48", "label": "Foul", "position": "2148354", "team": "home", "visibility": "not shown"}, {"gameTime": "2 - 36:40", "label": "Direct free-kick", "position": "2200110", "team": "away", "visibility": "visible"}, {"gameTime": "2 - 37:38", "label": "Shots off target", "position": "2258934", "team": "home", "visibility": "visible"}, {"gameTime": "2 - 37:38", "label": "Ball out of play", "position": "2258974", "team": "home", "visibility": "visible"}, {"gameTime": "2 - 37:39", "label": "Substitution", "position": "2259993", "team": "not applicable", "visibility": "visible"}, {"gameTime": "2 - 38:10", "label": "Substitution", "position": "2290360", "team": "home", "visibility": "visible"}, {"gameTime": "2 - 38:43", "label": "Clearance", "position": "2323670", "team": "away", "visibility": "visible"}, {"gameTime": "2 - 38:55", "label": "Shots off target", "position": "2335918", "team": "away", "visibility": "visible"}, {"gameTime": "2 - 39:56", "label": "Foul", "position": "2396422", "team": "home", "visibility": "visible"}, {"gameTime": "2 - 39:59", "label": "Indirect free-kick", "position": "2399967", "team": "home", "visibility": "visible"}, {"gameTime": "2 - 40:17", "label": "Foul", "position": "2417037", "team": "away", "visibility": "visible"}, {"gameTime": "2 - 40:27", "label": "Indirect free-kick", "position": "2427330", "team": "away", "visibility": "visible"}, {"gameTime": "2 - 40:33", "label": "Foul", "position": "2433442", "team": "home", "visibility": "not shown"}, {"gameTime": "2 - 41:36", "label": "Indirect free-kick", "position": "2496012", "team": "home", "visibility": "visible"}, {"gameTime": "2 - 41:51", "label": "Ball out of play", "position": "2511418", "team": "away", "visibility": "not shown"}, {"gameTime": "2 - 42:43", "label": "Throw-in", "position": "2563695", "team": "not applicable", "visibility": "not shown"}, {"gameTime": "2 - 43:02", "label": "Foul", "position": "2582791", "team": "away", "visibility": "visible"}, {"gameTime": "2 - 43:09", "label": "Indirect free-kick", "position": "2589378", "team": "away", "visibility": "visible"}, {"gameTime": "2 - 43:27", "label": "Indirect free-kick", "position": "2607347", "team": "home", "visibility": "visible"}], "gameAwayTeam": "AC Milan", "gameDate": "03/05/2015 - 21:45", "gameHomeTeam": "Napoli", "gameScore": "3 - 0"}