{"UrlLocal": "italy_serie-a/2016-2017/2016-11-27 - 22-45 AS Roma 3 - 2 Pescara/", "UrlYoutube": "", "annotations": [{"gameTime": "1 - 00:00", "label": "Foul", "position": "20", "team": "away", "visibility": "not shown"}, {"gameTime": "1 - 01:28", "label": "Indirect free-kick", "position": "88392", "team": "away", "visibility": "visible"}, {"gameTime": "1 - 01:36", "label": "Ball out of play", "position": "96310", "team": "home", "visibility": "visible"}, {"gameTime": "1 - 02:02", "label": "Throw-in", "position": "122619", "team": "not applicable", "visibility": "visible"}, {"gameTime": "1 - 03:01", "label": "Ball out of play", "position": "181203", "team": "away", "visibility": "visible"}, {"gameTime": "1 - 03:14", "label": "Throw-in", "position": "194652", "team": "not applicable", "visibility": "visible"}, {"gameTime": "1 - 03:29", "label": "Ball out of play", "position": "209230", "team": "away", "visibility": "visible"}, {"gameTime": "1 - 03:36", "label": "Throw-in", "position": "216351", "team": "not applicable", "visibility": "visible"}, {"gameTime": "1 - 03:40", "label": "Ball out of play", "position": "220112", "team": "home", "visibility": "not shown"}, {"gameTime": "1 - 04:34", "label": "Substitution", "position": "274872", "team": "not applicable", "visibility": "visible"}, {"gameTime": "1 - 04:44", "label": "Clearance", "position": "284362", "team": "away", "visibility": "visible"}, {"gameTime": "1 - 05:03", "label": "Shots off target", "position": "303709", "team": "away", "visibility": "visible"}, {"gameTime": "1 - 05:16", "label": "Ball out of play", "position": "316743", "team": "home", "visibility": "visible"}, {"gameTime": "1 - 05:19", "label": "Clearance", "position": "319586", "team": "not applicable", "visibility": "visible"}, {"gameTime": "1 - 05:37", "label": "Ball out of play", "position": "337412", "team": "away", "visibility": "not shown"}, {"gameTime": "1 - 06:13", "label": "Corner", "position": "373325", "team": "not applicable", "visibility": "visible"}, {"gameTime": "1 - 06:33", "label": "Shots on target", "position": "393802", "team": "home", "visibility": "not shown"}, {"gameTime": "1 - 06:37", "label": "Goal", "position": "397107", "team": "home", "visibility": "visible"}, {"gameTime": "1 - 06:37", "label": "Kick-off", "position": "397720", "team": "home", "visibility": "visible"}, {"gameTime": "1 - 07:21", "label": "Foul", "position": "441551", "team": "away", "visibility": "not shown"}, {"gameTime": "1 - 08:16", "label": "Indirect free-kick", "position": "496030", "team": "home", "visibility": "visible"}, {"gameTime": "1 - 08:29", "label": "Foul", "position": "509768", "team": "away", "visibility": "not shown"}, {"gameTime": "1 - 09:05", "label": "Indirect free-kick", "position": "545234", "team": "away", "visibility": "visible"}, {"gameTime": "1 - 09:16", "label": "Shots on target", "position": "556935", "team": "home", "visibility": "not shown"}, {"gameTime": "1 - 09:54", "label": "Goal", "position": "594684", "team": "home", "visibility": "visible"}, {"gameTime": "1 - 09:55", "label": "Kick-off", "position": "595160", "team": "home", "visibility": "visible"}, {"gameTime": "1 - 10:41", "label": "Foul", "position": "641044", "team": "away", "visibility": "not shown"}, {"gameTime": "1 - 11:58", "label": "Indirect free-kick", "position": "718822", "team": "home", "visibility": "visible"}, {"gameTime": "1 - 12:21", "label": "Ball out of play", "position": "741680", "team": "away", "visibility": "visible"}, {"gameTime": "1 - 12:24", "label": "Throw-in", "position": "744985", "team": "not applicable", "visibility": "not shown"}, {"gameTime": "1 - 12:38", "label": "Ball out of play", "position": "758342", "team": "home", "visibility": "visible"}, {"gameTime": "1 - 14:21", "label": "Throw-in", "position": "861475", "team": "not applicable", "visibility": "visible"}, {"gameTime": "1 - 14:35", "label": "Shots on target", "position": "875437", "team": "home", "visibility": "visible"}, {"gameTime": "1 - 15:53", "label": "Ball out of play", "position": "953731", "team": "away", "visibility": "visible"}, {"gameTime": "1 - 16:30", "label": "Throw-in", "position": "990386", "team": "not applicable", "visibility": "visible"}, {"gameTime": "1 - 16:44", "label": "Foul", "position": "1004884", "team": "away", "visibility": "visible"}, {"gameTime": "1 - 16:47", "label": "Direct free-kick", "position": "1007731", "team": "home", "visibility": "visible"}, {"gameTime": "1 - 17:41", "label": "Ball out of play", "position": "1061473", "team": "away", "visibility": "visible"}, {"gameTime": "1 - 17:44", "label": "Corner", "position": "1064817", "team": "not applicable", "visibility": "visible"}, {"gameTime": "1 - 18:11", "label": "Shots on target", "position": "1091017", "team": "away", "visibility": "visible"}, {"gameTime": "1 - 18:14", "label": "Ball out of play", "position": "1094621", "team": "away", "visibility": "visible"}, {"gameTime": "1 - 18:35", "label": "Throw-in", "position": "1115520", "team": "not applicable", "visibility": "visible"}, {"gameTime": "1 - 18:39", "label": "Shots on target", "position": "1119576", "team": "home", "visibility": "visible"}, {"gameTime": "1 - 20:06", "label": "Shots off target", "position": "1206777", "team": "home", "visibility": "visible"}, {"gameTime": "1 - 20:46", "label": "Ball out of play", "position": "1246910", "team": "away", "visibility": "visible"}, {"gameTime": "1 - 20:48", "label": "Corner", "position": "1248432", "team": "not applicable", "visibility": "visible"}, {"gameTime": "1 - 20:59", "label": "Shots on target", "position": "1259566", "team": "away", "visibility": "not shown"}, {"gameTime": "1 - 21:05", "label": "Shots on target", "position": "1265324", "team": "away", "visibility": "visible"}, {"gameTime": "1 - 21:52", "label": "Foul", "position": "1312741", "team": "away", "visibility": "visible"}, {"gameTime": "1 - 22:07", "label": "Indirect free-kick", "position": "1327406", "team": "away", "visibility": "visible"}, {"gameTime": "1 - 22:18", "label": "Shots off target", "position": "1338764", "team": "home", "visibility": "visible"}, {"gameTime": "1 - 22:49", "label": "Ball out of play", "position": "1369840", "team": "home", "visibility": "visible"}, {"gameTime": "1 - 22:51", "label": "Corner", "position": "1371294", "team": "not applicable", "visibility": "visible"}, {"gameTime": "1 - 23:15", "label": "Shots on target", "position": "1395350", "team": "home", "visibility": "visible"}, {"gameTime": "1 - 23:37", "label": "Ball out of play", "position": "1417846", "team": "home", "visibility": "visible"}, {"gameTime": "1 - 23:48", "label": "Throw-in", "position": "1428294", "team": "not applicable", "visibility": "visible"}, {"gameTime": "1 - 24:00", "label": "Shots on target", "position": "1440741", "team": "away", "visibility": "visible"}, {"gameTime": "1 - 24:43", "label": "Foul", "position": "1483787", "team": "home", "visibility": "visible"}, {"gameTime": "1 - 26:24", "label": "Indirect free-kick", "position": "1584325", "team": "away", "visibility": "visible"}, {"gameTime": "1 - 27:00", "label": "Shots on target", "position": "1620298", "team": "home", "visibility": "visible"}, {"gameTime": "1 - 27:22", "label": "Shots on target", "position": "1642745", "team": "home", "visibility": "visible"}, {"gameTime": "1 - 27:24", "label": "Ball out of play", "position": "1644146", "team": "home", "visibility": "visible"}, {"gameTime": "1 - 27:25", "label": "Corner", "position": "1645265", "team": "not applicable", "visibility": "visible"}, {"gameTime": "1 - 27:51", "label": "Foul", "position": "1671111", "team": "home", "visibility": "visible"}, {"gameTime": "1 - 28:05", "label": "Indirect free-kick", "position": "1685209", "team": "home", "visibility": "visible"}, {"gameTime": "1 - 28:33", "label": "Foul", "position": "1713967", "team": "away", "visibility": "visible"}, {"gameTime": "1 - 29:34", "label": "Indirect free-kick", "position": "1774713", "team": "away", "visibility": "visible"}, {"gameTime": "1 - 29:46", "label": "Foul", "position": "1786383", "team": "home", "visibility": "not shown"}, {"gameTime": "1 - 30:24", "label": "Yellow card", "position": "1824384", "team": "away", "visibility": "visible"}, {"gameTime": "1 - 30:30", "label": "Indirect free-kick", "position": "1830722", "team": "away", "visibility": "visible"}, {"gameTime": "1 - 30:51", "label": "Ball out of play", "position": "1851705", "team": "home", "visibility": "visible"}, {"gameTime": "1 - 31:06", "label": "Throw-in", "position": "1866871", "team": "not applicable", "visibility": "visible"}, {"gameTime": "1 - 31:15", "label": "Foul", "position": "1875850", "team": "home", "visibility": "visible"}, {"gameTime": "1 - 31:39", "label": "Yellow card", "position": "1899405", "team": "home", "visibility": "visible"}, {"gameTime": "1 - 31:55", "label": "Direct free-kick", "position": "1915907", "team": "home", "visibility": "visible"}, {"gameTime": "1 - 32:54", "label": "Shots on target", "position": "1974059", "team": "away", "visibility": "visible"}, {"gameTime": "1 - 32:55", "label": "Foul", "position": "1975423", "team": "away", "visibility": "visible"}, {"gameTime": "1 - 33:44", "label": "Indirect free-kick", "position": "2024246", "team": "home", "visibility": "visible"}, {"gameTime": "1 - 34:07", "label": "Ball out of play", "position": "2047414", "team": "away", "visibility": "visible"}, {"gameTime": "1 - 34:11", "label": "Throw-in", "position": "2051620", "team": "not applicable", "visibility": "visible"}, {"gameTime": "1 - 34:22", "label": "Foul", "position": "2062712", "team": "home", "visibility": "visible"}, {"gameTime": "1 - 34:34", "label": "Indirect free-kick", "position": "2074988", "team": "away", "visibility": "visible"}, {"gameTime": "1 - 34:45", "label": "Offside", "position": "2085665", "team": "home", "visibility": "not shown"}, {"gameTime": "1 - 35:27", "label": "Indirect free-kick", "position": "2127325", "team": "away", "visibility": "visible"}, {"gameTime": "1 - 35:34", "label": "Ball out of play", "position": "2134612", "team": "home", "visibility": "not shown"}, {"gameTime": "1 - 35:57", "label": "Throw-in", "position": "2157455", "team": "not applicable", "visibility": "visible"}, {"gameTime": "1 - 36:02", "label": "Ball out of play", "position": "2162677", "team": "home", "visibility": "not shown"}, {"gameTime": "1 - 36:42", "label": "Throw-in", "position": "2202191", "team": "not applicable", "visibility": "visible"}, {"gameTime": "1 - 36:47", "label": "Shots off target", "position": "2207362", "team": "away", "visibility": "visible"}, {"gameTime": "1 - 37:25", "label": "Ball out of play", "position": "2245277", "team": "away", "visibility": "visible"}, {"gameTime": "1 - 37:26", "label": "Clearance", "position": "2246962", "team": "not applicable", "visibility": "visible"}, {"gameTime": "1 - 37:48", "label": "Foul", "position": "2268344", "team": "home", "visibility": "visible"}, {"gameTime": "1 - 37:56", "label": "Yellow card", "position": "2276277", "team": "home", "visibility": "visible"}, {"gameTime": "1 - 37:59", "label": "Indirect free-kick", "position": "2279128", "team": "home", "visibility": "visible"}, {"gameTime": "1 - 39:19", "label": "Ball out of play", "position": "2359218", "team": "away", "visibility": "visible"}, {"gameTime": "1 - 39:47", "label": "Throw-in", "position": "2387543", "team": "not applicable", "visibility": "not shown"}, {"gameTime": "1 - 40:02", "label": "Ball out of play", "position": "2402472", "team": "away", "visibility": "visible"}, {"gameTime": "1 - 40:08", "label": "Throw-in", "position": "2408408", "team": "not applicable", "visibility": "visible"}, {"gameTime": "1 - 40:20", "label": "Foul", "position": "2420415", "team": "away", "visibility": "visible"}, {"gameTime": "1 - 40:24", "label": "Indirect free-kick", "position": "2424221", "team": "home", "visibility": "visible"}, {"gameTime": "1 - 41:06", "label": "Foul", "position": "2466101", "team": "away", "visibility": "visible"}, {"gameTime": "1 - 41:13", "label": "Direct free-kick", "position": "2473046", "team": "home", "visibility": "visible"}, {"gameTime": "1 - 42:05", "label": "Ball out of play", "position": "2525890", "team": "away", "visibility": "visible"}, {"gameTime": "1 - 42:07", "label": "Corner", "position": "2527260", "team": "not applicable", "visibility": "visible"}, {"gameTime": "1 - 42:24", "label": "Shots on target", "position": "2544401", "team": "away", "visibility": "visible"}, {"gameTime": "1 - 42:32", "label": "Foul", "position": "2552158", "team": "away", "visibility": "visible"}, {"gameTime": "1 - 42:53", "label": "Indirect free-kick", "position": "2573316", "team": "away", "visibility": "visible"}, {"gameTime": "1 - 43:09", "label": "Shots off target", "position": "2589805", "team": "home", "visibility": "not shown"}, {"gameTime": "1 - 44:13", "label": "Ball out of play", "position": "2653843", "team": "home", "visibility": "visible"}, {"gameTime": "1 - 44:14", "label": "Clearance", "position": "2654401", "team": "not applicable", "visibility": "visible"}, {"gameTime": "1 - 44:43", "label": "Ball out of play", "position": "2683764", "team": "away", "visibility": "visible"}, {"gameTime": "1 - 44:49", "label": "Throw-in", "position": "2689612", "team": "not applicable", "visibility": "visible"}, {"gameTime": "1 - 44:59", "label": "Throw-in", "position": "2699372", "team": "away", "visibility": "visible"}, {"gameTime": "2 - 00:00", "label": "Kick-off", "position": "3", "team": "away", "visibility": "not shown"}, {"gameTime": "2 - 00:00", "label": "Foul", "position": "579", "team": "home", "visibility": "not shown"}, {"gameTime": "2 - 00:36", "label": "Indirect free-kick", "position": "36873", "team": "home", "visibility": "visible"}, {"gameTime": "2 - 00:49", "label": "Foul", "position": "49236", "team": "home", "visibility": "not shown"}, {"gameTime": "2 - 00:56", "label": "Indirect free-kick", "position": "56608", "team": "home", "visibility": "visible"}, {"gameTime": "2 - 01:03", "label": "Ball out of play", "position": "63733", "team": "away", "visibility": "not shown"}, {"gameTime": "2 - 01:21", "label": "Throw-in", "position": "81385", "team": "not applicable", "visibility": "visible"}, {"gameTime": "2 - 01:28", "label": "Ball out of play", "position": "88557", "team": "away", "visibility": "visible"}, {"gameTime": "2 - 01:37", "label": "Throw-in", "position": "97301", "team": "not applicable", "visibility": "visible"}, {"gameTime": "2 - 01:49", "label": "Foul", "position": "109075", "team": "home", "visibility": "visible"}, {"gameTime": "2 - 02:00", "label": "Indirect free-kick", "position": "120307", "team": "away", "visibility": "visible"}, {"gameTime": "2 - 02:06", "label": "Ball out of play", "position": "126762", "team": "home", "visibility": "not shown"}, {"gameTime": "2 - 02:43", "label": "Throw-in", "position": "163997", "team": "not applicable", "visibility": "visible"}, {"gameTime": "2 - 03:15", "label": "Foul", "position": "195291", "team": "home", "visibility": "not shown"}, {"gameTime": "2 - 04:42", "label": "Indirect free-kick", "position": "282654", "team": "home", "visibility": "visible"}, {"gameTime": "2 - 05:07", "label": "Ball out of play", "position": "307892", "team": "away", "visibility": "not shown"}, {"gameTime": "2 - 05:27", "label": "Throw-in", "position": "327053", "team": "not applicable", "visibility": "visible"}, {"gameTime": "2 - 05:34", "label": "Shots off target", "position": "334239", "team": "home", "visibility": "not shown"}, {"gameTime": "2 - 05:50", "label": "Ball out of play", "position": "350963", "team": "home", "visibility": "visible"}, {"gameTime": "2 - 05:51", "label": "Clearance", "position": "351238", "team": "not applicable", "visibility": "visible"}, {"gameTime": "2 - 06:24", "label": "Offside", "position": "384052", "team": "away", "visibility": "visible"}, {"gameTime": "2 - 06:28", "label": "Indirect free-kick", "position": "388760", "team": "home", "visibility": "visible"}, {"gameTime": "2 - 06:47", "label": "Ball out of play", "position": "407006", "team": "away", "visibility": "not shown"}, {"gameTime": "2 - 07:08", "label": "Throw-in", "position": "428052", "team": "not applicable", "visibility": "visible"}, {"gameTime": "2 - 07:19", "label": "Ball out of play", "position": "439507", "team": "away", "visibility": "visible"}, {"gameTime": "2 - 07:30", "label": "Throw-in", "position": "450318", "team": "not applicable", "visibility": "visible"}, {"gameTime": "2 - 07:34", "label": "Shots off target", "position": "454396", "team": "away", "visibility": "visible"}, {"gameTime": "2 - 07:38", "label": "Ball out of play", "position": "458405", "team": "away", "visibility": "visible"}, {"gameTime": "2 - 07:41", "label": "Corner", "position": "461263", "team": "not applicable", "visibility": "visible"}, {"gameTime": "2 - 08:01", "label": "Ball out of play", "position": "481857", "team": "away", "visibility": "visible"}, {"gameTime": "2 - 08:20", "label": "Throw-in", "position": "500016", "team": "not applicable", "visibility": "visible"}, {"gameTime": "2 - 08:29", "label": "Ball out of play", "position": "509457", "team": "home", "visibility": "visible"}, {"gameTime": "2 - 08:32", "label": "Throw-in", "position": "512689", "team": "not applicable", "visibility": "visible"}, {"gameTime": "2 - 08:40", "label": "Ball out of play", "position": "520337", "team": "away", "visibility": "visible"}, {"gameTime": "2 - 08:43", "label": "Throw-in", "position": "523871", "team": "not applicable", "visibility": "visible"}, {"gameTime": "2 - 08:50", "label": "Foul", "position": "530384", "team": "away", "visibility": "visible"}, {"gameTime": "2 - 08:52", "label": "Indirect free-kick", "position": "532170", "team": "home", "visibility": "visible"}, {"gameTime": "2 - 08:56", "label": "Ball out of play", "position": "536399", "team": "away", "visibility": "visible"}, {"gameTime": "2 - 09:15", "label": "Corner", "position": "555262", "team": "not applicable", "visibility": "visible"}, {"gameTime": "2 - 09:32", "label": "Foul", "position": "572863", "team": "home", "visibility": "visible"}, {"gameTime": "2 - 09:34", "label": "Direct free-kick", "position": "574435", "team": "away", "visibility": "visible"}, {"gameTime": "2 - 10:16", "label": "Foul", "position": "616549", "team": "home", "visibility": "visible"}, {"gameTime": "2 - 10:51", "label": "Indirect free-kick", "position": "651212", "team": "away", "visibility": "visible"}, {"gameTime": "2 - 10:56", "label": "Ball out of play", "position": "656482", "team": "home", "visibility": "not shown"}, {"gameTime": "2 - 11:14", "label": "Throw-in", "position": "674753", "team": "not applicable", "visibility": "not shown"}, {"gameTime": "2 - 11:22", "label": "Shots on target", "position": "682947", "team": "home", "visibility": "visible"}, {"gameTime": "2 - 12:12", "label": "Foul", "position": "732164", "team": "away", "visibility": "visible"}, {"gameTime": "2 - 12:18", "label": "Indirect free-kick", "position": "738461", "team": "away", "visibility": "visible"}, {"gameTime": "2 - 12:42", "label": "Shots off target", "position": "762582", "team": "home", "visibility": "not shown"}, {"gameTime": "2 - 13:12", "label": "Offside", "position": "792689", "team": "home", "visibility": "visible"}, {"gameTime": "2 - 13:24", "label": "Indirect free-kick", "position": "804786", "team": "home", "visibility": "visible"}, {"gameTime": "2 - 13:44", "label": "Shots on target", "position": "824097", "team": "away", "visibility": "not shown"}, {"gameTime": "2 - 14:41", "label": "Goal", "position": "881546", "team": "away", "visibility": "visible"}, {"gameTime": "2 - 14:42", "label": "Kick-off", "position": "882240", "team": "away", "visibility": "visible"}, {"gameTime": "2 - 15:12", "label": "Ball out of play", "position": "912947", "team": "home", "visibility": "not shown"}, {"gameTime": "2 - 15:34", "label": "Clearance", "position": "934867", "team": "not applicable", "visibility": "visible"}, {"gameTime": "2 - 15:45", "label": "Foul", "position": "945539", "team": "away", "visibility": "not shown"}, {"gameTime": "2 - 16:05", "label": "Indirect free-kick", "position": "965424", "team": "home", "visibility": "visible"}, {"gameTime": "2 - 16:16", "label": "Foul", "position": "976878", "team": "away", "visibility": "visible"}, {"gameTime": "2 - 16:29", "label": "Yellow card", "position": "989230", "team": "home", "visibility": "visible"}, {"gameTime": "2 - 16:34", "label": "Indirect free-kick", "position": "994931", "team": "home", "visibility": "visible"}, {"gameTime": "2 - 17:11", "label": "Foul", "position": "1031142", "team": "away", "visibility": "visible"}, {"gameTime": "2 - 17:26", "label": "Indirect free-kick", "position": "1046300", "team": "away", "visibility": "visible"}, {"gameTime": "2 - 17:44", "label": "Shots off target", "position": "1064126", "team": "home", "visibility": "not shown"}, {"gameTime": "2 - 18:15", "label": "Ball out of play", "position": "1095717", "team": "home", "visibility": "visible"}, {"gameTime": "2 - 18:16", "label": "Substitution", "position": "1096766", "team": "not applicable", "visibility": "visible"}, {"gameTime": "2 - 18:49", "label": "Clearance", "position": "1129480", "team": "home", "visibility": "visible"}, {"gameTime": "2 - 19:03", "label": "Foul", "position": "1143027", "team": "away", "visibility": "not shown"}, {"gameTime": "2 - 19:35", "label": "Indirect free-kick", "position": "1175413", "team": "home", "visibility": "visible"}, {"gameTime": "2 - 19:43", "label": "Foul", "position": "1183656", "team": "away", "visibility": "visible"}, {"gameTime": "2 - 20:06", "label": "Indirect free-kick", "position": "1206349", "team": "home", "visibility": "visible"}, {"gameTime": "2 - 20:51", "label": "Ball out of play", "position": "1251625", "team": "away", "visibility": "visible"}, {"gameTime": "2 - 21:09", "label": "Throw-in", "position": "1269487", "team": "not applicable", "visibility": "visible"}, {"gameTime": "2 - 21:17", "label": "Foul", "position": "1277628", "team": "away", "visibility": "visible"}, {"gameTime": "2 - 21:30", "label": "Yellow card", "position": "1290055", "team": "away", "visibility": "visible"}, {"gameTime": "2 - 21:38", "label": "Indirect free-kick", "position": "1298000", "team": "away", "visibility": "not shown"}, {"gameTime": "2 - 21:57", "label": "Ball out of play", "position": "1317742", "team": "home", "visibility": "not shown"}, {"gameTime": "2 - 22:38", "label": "Corner", "position": "1358656", "team": "not applicable", "visibility": "visible"}, {"gameTime": "2 - 22:53", "label": "Foul", "position": "1373334", "team": "home", "visibility": "visible"}, {"gameTime": "2 - 23:32", "label": "Penalty", "position": "1412793", "team": "away", "visibility": "visible"}, {"gameTime": "2 - 25:01", "label": "Shots on target", "position": "1501667", "team": "home", "visibility": "visible"}, {"gameTime": "2 - 25:01", "label": "Goal", "position": "1501667", "team": "home", "visibility": "visible"}, {"gameTime": "2 - 25:02", "label": "Kick-off", "position": "1502107", "team": "home", "visibility": "visible"}, {"gameTime": "2 - 25:47", "label": "Foul", "position": "1547595", "team": "away", "visibility": "visible"}, {"gameTime": "2 - 25:59", "label": "Indirect free-kick", "position": "1559038", "team": "home", "visibility": "visible"}, {"gameTime": "2 - 26:03", "label": "Foul", "position": "1563663", "team": "away", "visibility": "visible"}, {"gameTime": "2 - 26:08", "label": "Substitution", "position": "1568784", "team": "away", "visibility": "visible"}, {"gameTime": "2 - 26:29", "label": "Indirect free-kick", "position": "1589320", "team": "home", "visibility": "visible"}, {"gameTime": "2 - 26:38", "label": "Ball out of play", "position": "1598042", "team": "home", "visibility": "visible"}, {"gameTime": "2 - 26:47", "label": "Throw-in", "position": "1607373", "team": "not applicable", "visibility": "visible"}, {"gameTime": "2 - 26:51", "label": "Foul", "position": "1611720", "team": "home", "visibility": "visible"}, {"gameTime": "2 - 27:44", "label": "Indirect free-kick", "position": "1664137", "team": "home", "visibility": "visible"}, {"gameTime": "2 - 28:01", "label": "Shots on target", "position": "1681455", "team": "away", "visibility": "visible"}, {"gameTime": "2 - 28:17", "label": "Goal", "position": "1697367", "team": "away", "visibility": "visible"}, {"gameTime": "2 - 28:17", "label": "Kick-off", "position": "1697920", "team": "away", "visibility": "visible"}, {"gameTime": "2 - 28:45", "label": "Ball out of play", "position": "1725886", "team": "home", "visibility": "not shown"}, {"gameTime": "2 - 29:41", "label": "Corner", "position": "1781841", "team": "not applicable", "visibility": "visible"}, {"gameTime": "2 - 30:08", "label": "Ball out of play", "position": "1808519", "team": "home", "visibility": "visible"}, {"gameTime": "2 - 30:20", "label": "Corner", "position": "1820553", "team": "not applicable", "visibility": "visible"}, {"gameTime": "2 - 30:35", "label": "Ball out of play", "position": "1835846", "team": "home", "visibility": "visible"}, {"gameTime": "2 - 30:59", "label": "Clearance", "position": "1859498", "team": "not applicable", "visibility": "visible"}, {"gameTime": "2 - 31:19", "label": "Ball out of play", "position": "1879781", "team": "away", "visibility": "not shown"}, {"gameTime": "2 - 32:03", "label": "Substitution", "position": "1923927", "team": "not applicable", "visibility": "visible"}, {"gameTime": "2 - 32:39", "label": "Clearance", "position": "1959800", "team": "away", "visibility": "visible"}, {"gameTime": "2 - 32:51", "label": "Shots off target", "position": "1971935", "team": "home", "visibility": "visible"}, {"gameTime": "2 - 33:30", "label": "Ball out of play", "position": "2010381", "team": "away", "visibility": "visible"}, {"gameTime": "2 - 33:31", "label": "Clearance", "position": "2011377", "team": "not applicable", "visibility": "visible"}, {"gameTime": "2 - 33:55", "label": "Ball out of play", "position": "2035430", "team": "home", "visibility": "visible"}, {"gameTime": "2 - 34:37", "label": "Throw-in", "position": "2077504", "team": "not applicable", "visibility": "visible"}, {"gameTime": "2 - 34:47", "label": "Foul", "position": "2087905", "team": "away", "visibility": "not shown"}, {"gameTime": "2 - 35:08", "label": "Indirect free-kick", "position": "2108085", "team": "away", "visibility": "visible"}, {"gameTime": "2 - 35:42", "label": "Foul", "position": "2142368", "team": "home", "visibility": "visible"}, {"gameTime": "2 - 35:46", "label": "Indirect free-kick", "position": "2146410", "team": "away", "visibility": "visible"}, {"gameTime": "2 - 36:00", "label": "Offside", "position": "2160585", "team": "home", "visibility": "not shown"}, {"gameTime": "2 - 36:03", "label": "Indirect free-kick", "position": "2163316", "team": "home", "visibility": "visible"}, {"gameTime": "2 - 36:19", "label": "Foul", "position": "2179452", "team": "away", "visibility": "visible"}, {"gameTime": "2 - 36:38", "label": "Yellow card", "position": "2198013", "team": "away", "visibility": "visible"}, {"gameTime": "2 - 36:41", "label": "Indirect free-kick", "position": "2201155", "team": "away", "visibility": "visible"}, {"gameTime": "2 - 37:07", "label": "Shots on target", "position": "2227148", "team": "home", "visibility": "visible"}, {"gameTime": "2 - 37:17", "label": "Ball out of play", "position": "2237050", "team": "home", "visibility": "visible"}, {"gameTime": "2 - 37:19", "label": "Corner", "position": "2239051", "team": "not applicable", "visibility": "visible"}, {"gameTime": "2 - 37:44", "label": "Shots on target", "position": "2264619", "team": "home", "visibility": "visible"}, {"gameTime": "2 - 38:35", "label": "Ball out of play", "position": "2315737", "team": "home", "visibility": "visible"}, {"gameTime": "2 - 38:58", "label": "Throw-in", "position": "2338303", "team": "not applicable", "visibility": "visible"}, {"gameTime": "2 - 39:01", "label": "Shots off target", "position": "2341613", "team": "away", "visibility": "visible"}, {"gameTime": "2 - 39:25", "label": "Ball out of play", "position": "2365002", "team": "away", "visibility": "visible"}, {"gameTime": "2 - 39:25", "label": "Clearance", "position": "2365778", "team": "not applicable", "visibility": "visible"}, {"gameTime": "2 - 39:44", "label": "Foul", "position": "2384761", "team": "home", "visibility": "visible"}, {"gameTime": "2 - 39:54", "label": "Indirect free-kick", "position": "2394894", "team": "home", "visibility": "visible"}, {"gameTime": "2 - 40:08", "label": "Ball out of play", "position": "2408781", "team": "away", "visibility": "not shown"}, {"gameTime": "2 - 40:42", "label": "Throw-in", "position": "2442844", "team": "not applicable", "visibility": "visible"}, {"gameTime": "2 - 40:49", "label": "Ball out of play", "position": "2449044", "team": "away", "visibility": "visible"}, {"gameTime": "2 - 41:17", "label": "Throw-in", "position": "2477442", "team": "not applicable", "visibility": "visible"}, {"gameTime": "2 - 41:20", "label": "Ball out of play", "position": "2480482", "team": "away", "visibility": "visible"}, {"gameTime": "2 - 41:49", "label": "Clearance", "position": "2509900", "team": "not applicable", "visibility": "visible"}, {"gameTime": "2 - 41:56", "label": "Shots on target", "position": "2516996", "team": "home", "visibility": "not shown"}, {"gameTime": "2 - 43:15", "label": "Ball out of play", "position": "2595992", "team": "away", "visibility": "visible"}, {"gameTime": "2 - 43:16", "label": "Corner", "position": "2596783", "team": "not applicable", "visibility": "visible"}, {"gameTime": "2 - 43:40", "label": "Ball out of play", "position": "2620369", "team": "away", "visibility": "visible"}, {"gameTime": "2 - 43:42", "label": "Corner", "position": "2622763", "team": "not applicable", "visibility": "visible"}, {"gameTime": "2 - 44:06", "label": "Ball out of play", "position": "2646349", "team": "away", "visibility": "visible"}, {"gameTime": "2 - 44:14", "label": "Throw-in", "position": "2654023", "team": "not applicable", "visibility": "visible"}, {"gameTime": "2 - 44:37", "label": "Ball out of play", "position": "2677248", "team": "home", "visibility": "visible"}, {"gameTime": "2 - 45:16", "label": "Clearance", "position": "2716230", "team": "not applicable", "visibility": "visible"}, {"gameTime": "2 - 45:26", "label": "Ball out of play", "position": "2726194", "team": "away", "visibility": "visible"}, {"gameTime": "2 - 45:35", "label": "Throw-in", "position": "2735010", "team": "not applicable", "visibility": "visible"}, {"gameTime": "2 - 45:40", "label": "Foul", "position": "2740164", "team": "away", "visibility": "visible"}, {"gameTime": "2 - 45:49", "label": "Substitution", "position": "2749029", "team": "home", "visibility": "visible"}, {"gameTime": "2 - 46:24", "label": "Indirect free-kick", "position": "2784560", "team": "home", "visibility": "visible"}, {"gameTime": "2 - 46:34", "label": "Ball out of play", "position": "2794343", "team": "away", "visibility": "visible"}, {"gameTime": "2 - 46:55", "label": "Throw-in", "position": "2815528", "team": "not applicable", "visibility": "visible"}, {"gameTime": "2 - 47:15", "label": "Ball out of play", "position": "2835464", "team": "home", "visibility": "visible"}, {"gameTime": "2 - 47:19", "label": "Ball out of play", "position": "2839817", "team": "not applicable", "visibility": "visible"}], "gameAwayTeam": "Pescara", "gameDate": "27/11/2016 - 22:45", "gameHomeTeam": "AS Roma", "gameScore": "3 - 2"}