{"UrlLocal": "france_ligue-1/2015-2016/2015-09-19 - 18-30 Reims 1 - 1 Paris SG/", "UrlYoutube": "", "annotations": [{"gameTime": "1 - 00:18", "label": "Kick-off", "position": "18828", "team": "not applicable", "visibility": "visible"}, {"gameTime": "1 - 00:27", "label": "Ball out of play", "position": "27771", "team": "away", "visibility": "visible"}, {"gameTime": "1 - 00:29", "label": "Throw-in", "position": "29314", "team": "not applicable", "visibility": "visible"}, {"gameTime": "1 - 00:36", "label": "Ball out of play", "position": "36421", "team": "away", "visibility": "not shown"}, {"gameTime": "1 - 01:48", "label": "Throw-in", "position": "108954", "team": "not applicable", "visibility": "visible"}, {"gameTime": "1 - 01:54", "label": "Ball out of play", "position": "114814", "team": "away", "visibility": "visible"}, {"gameTime": "1 - 02:56", "label": "Throw-in", "position": "176907", "team": "away", "visibility": "not shown"}, {"gameTime": "1 - 03:24", "label": "Offside", "position": "204186", "team": "home", "visibility": "not shown"}, {"gameTime": "1 - 03:48", "label": "Indirect free-kick", "position": "228224", "team": "home", "visibility": "visible"}, {"gameTime": "1 - 03:55", "label": "Foul", "position": "235063", "team": "home", "visibility": "visible"}, {"gameTime": "1 - 05:01", "label": "Yellow card", "position": "301348", "team": "away", "visibility": "visible"}, {"gameTime": "1 - 05:02", "label": "Direct free-kick", "position": "302634", "team": "away", "visibility": "visible"}, {"gameTime": "1 - 06:33", "label": "Shots on target", "position": "393413", "team": "not applicable", "visibility": "visible"}, {"gameTime": "1 - 06:58", "label": "Ball out of play", "position": "418351", "team": "away", "visibility": "visible"}, {"gameTime": "1 - 07:04", "label": "Corner", "position": "424036", "team": "away", "visibility": "visible"}, {"gameTime": "1 - 09:02", "label": "Shots on target", "position": "542960", "team": "not applicable", "visibility": "visible"}, {"gameTime": "1 - 09:27", "label": "Ball out of play", "position": "567123", "team": "away", "visibility": "visible"}, {"gameTime": "1 - 10:34", "label": "Corner", "position": "634001", "team": "away", "visibility": "visible"}, {"gameTime": "1 - 10:36", "label": "Shots off target", "position": "636107", "team": "not applicable", "visibility": "visible"}, {"gameTime": "1 - 11:16", "label": "Ball out of play", "position": "676473", "team": "home", "visibility": "visible"}, {"gameTime": "1 - 13:21", "label": "Corner", "position": "801624", "team": "not applicable", "visibility": "visible"}, {"gameTime": "1 - 13:40", "label": "Ball out of play", "position": "820186", "team": "home", "visibility": "visible"}, {"gameTime": "1 - 13:43", "label": "Throw-in", "position": "823661", "team": "home", "visibility": "visible"}, {"gameTime": "1 - 14:40", "label": "Foul", "position": "880808", "team": "away", "visibility": "visible"}, {"gameTime": "1 - 14:42", "label": "Direct free-kick", "position": "882093", "team": "away", "visibility": "visible"}, {"gameTime": "1 - 14:42", "label": "Shots on target", "position": "882432", "team": "away", "visibility": "not shown"}, {"gameTime": "1 - 15:08", "label": "Offside", "position": "908365", "team": "home", "visibility": "not shown"}, {"gameTime": "1 - 15:44", "label": "Indirect free-kick", "position": "944845", "team": "not applicable", "visibility": "visible"}, {"gameTime": "1 - 16:01", "label": "Ball out of play", "position": "961761", "team": "away", "visibility": "visible"}, {"gameTime": "1 - 17:39", "label": "Throw-in", "position": "1059391", "team": "away", "visibility": "visible"}, {"gameTime": "1 - 18:22", "label": "Shots off target", "position": "1102535", "team": "not applicable", "visibility": "visible"}, {"gameTime": "1 - 18:26", "label": "Ball out of play", "position": "1106603", "team": "home", "visibility": "visible"}, {"gameTime": "1 - 18:29", "label": "Throw-in", "position": "1109782", "team": "home", "visibility": "visible"}, {"gameTime": "1 - 20:10", "label": "Shots on target", "position": "1210063", "team": "not applicable", "visibility": "visible"}, {"gameTime": "1 - 20:36", "label": "Ball out of play", "position": "1236844", "team": "home", "visibility": "visible"}, {"gameTime": "1 - 21:14", "label": "Corner", "position": "1274520", "team": "not applicable", "visibility": "visible"}, {"gameTime": "1 - 21:28", "label": "Ball out of play", "position": "1288033", "team": "home", "visibility": "not shown"}, {"gameTime": "1 - 21:37", "label": "Throw-in", "position": "1297797", "team": "not applicable", "visibility": "visible"}, {"gameTime": "1 - 23:24", "label": "Ball out of play", "position": "1404823", "team": "home", "visibility": "visible"}, {"gameTime": "1 - 23:51", "label": "Substitution", "position": "1431311", "team": "away", "visibility": "visible"}, {"gameTime": "1 - 24:40", "label": "Throw-in", "position": "1480232", "team": "not applicable", "visibility": "visible"}, {"gameTime": "1 - 25:03", "label": "Ball out of play", "position": "1503126", "team": "away", "visibility": "not shown"}, {"gameTime": "1 - 27:52", "label": "Clearance", "position": "1672579", "team": "not applicable", "visibility": "visible"}, {"gameTime": "1 - 28:19", "label": "Ball out of play", "position": "1699295", "team": "home", "visibility": "visible"}, {"gameTime": "1 - 28:22", "label": "Clearance", "position": "1702322", "team": "away", "visibility": "visible"}, {"gameTime": "1 - 28:47", "label": "Foul", "position": "1727277", "team": "home", "visibility": "not shown"}, {"gameTime": "1 - 29:00", "label": "Indirect free-kick", "position": "1740782", "team": "not applicable", "visibility": "visible"}, {"gameTime": "1 - 29:14", "label": "Ball out of play", "position": "1754960", "team": "away", "visibility": "visible"}, {"gameTime": "1 - 29:18", "label": "Throw-in", "position": "1758544", "team": "not applicable", "visibility": "visible"}, {"gameTime": "1 - 29:29", "label": "Ball out of play", "position": "1769181", "team": "home", "visibility": "visible"}, {"gameTime": "1 - 29:56", "label": "Throw-in", "position": "1796299", "team": "not applicable", "visibility": "visible"}, {"gameTime": "1 - 30:15", "label": "Ball out of play", "position": "1815149", "team": "away", "visibility": "visible"}, {"gameTime": "1 - 30:29", "label": "Clearance", "position": "1829142", "team": "not applicable", "visibility": "visible"}, {"gameTime": "1 - 30:44", "label": "Ball out of play", "position": "1844970", "team": "away", "visibility": "visible"}, {"gameTime": "1 - 31:06", "label": "Throw-in", "position": "1866892", "team": "not applicable", "visibility": "visible"}, {"gameTime": "1 - 31:29", "label": "Ball out of play", "position": "1889779", "team": "home", "visibility": "visible"}, {"gameTime": "1 - 31:34", "label": "Throw-in", "position": "1894237", "team": "not applicable", "visibility": "visible"}, {"gameTime": "1 - 31:39", "label": "Ball out of play", "position": "1899356", "team": "away", "visibility": "visible"}, {"gameTime": "1 - 32:02", "label": "Throw-in", "position": "1922564", "team": "not applicable", "visibility": "visible"}, {"gameTime": "1 - 32:26", "label": "Ball out of play", "position": "1946345", "team": "home", "visibility": "visible"}, {"gameTime": "1 - 32:32", "label": "Clearance", "position": "1952676", "team": "not applicable", "visibility": "visible"}, {"gameTime": "1 - 32:43", "label": "Ball out of play", "position": "1963525", "team": "away", "visibility": "not shown"}, {"gameTime": "1 - 33:10", "label": "Throw-in", "position": "1990924", "team": "not applicable", "visibility": "visible"}, {"gameTime": "1 - 33:27", "label": "Ball out of play", "position": "2007782", "team": "away", "visibility": "not shown"}, {"gameTime": "1 - 33:37", "label": "Corner", "position": "2017351", "team": "not applicable", "visibility": "visible"}, {"gameTime": "1 - 33:44", "label": "Ball out of play", "position": "2024836", "team": "away", "visibility": "not shown"}, {"gameTime": "1 - 36:07", "label": "Throw-in", "position": "2167014", "team": "away", "visibility": "not shown"}, {"gameTime": "1 - 36:40", "label": "Offside", "position": "2200711", "team": "home", "visibility": "visible"}, {"gameTime": "1 - 36:44", "label": "Indirect free-kick", "position": "2204529", "team": "not applicable", "visibility": "visible"}, {"gameTime": "1 - 36:57", "label": "Ball out of play", "position": "2217845", "team": "home", "visibility": "not shown"}, {"gameTime": "1 - 37:09", "label": "Throw-in", "position": "2229044", "team": "home", "visibility": "visible"}, {"gameTime": "1 - 37:11", "label": "Offside", "position": "2231619", "team": "away", "visibility": "visible"}, {"gameTime": "1 - 37:48", "label": "Indirect free-kick", "position": "2268738", "team": "away", "visibility": "not shown"}, {"gameTime": "1 - 38:18", "label": "Offside", "position": "2298241", "team": "home", "visibility": "visible"}, {"gameTime": "1 - 39:09", "label": "Indirect free-kick", "position": "2349762", "team": "not applicable", "visibility": "visible"}, {"gameTime": "1 - 39:15", "label": "Ball out of play", "position": "2355757", "team": "away", "visibility": "visible"}, {"gameTime": "1 - 40:42", "label": "Throw-in", "position": "2442660", "team": "home", "visibility": "visible"}, {"gameTime": "1 - 40:43", "label": "Shots on target", "position": "2443639", "team": "not applicable", "visibility": "visible"}, {"gameTime": "1 - 41:06", "label": "Ball out of play", "position": "2466229", "team": "away", "visibility": "not shown"}, {"gameTime": "1 - 41:55", "label": "Clearance", "position": "2515226", "team": "home", "visibility": "visible"}, {"gameTime": "1 - 42:28", "label": "Shots on target", "position": "2548597", "team": "away", "visibility": "visible"}, {"gameTime": "2 - 01:33", "label": "Kick-off", "position": "93268", "team": "away", "visibility": "visible"}, {"gameTime": "2 - 01:34", "label": "Shots off target", "position": "94021", "team": "not applicable", "visibility": "visible"}, {"gameTime": "2 - 02:00", "label": "Ball out of play", "position": "120464", "team": "home", "visibility": "not shown"}, {"gameTime": "2 - 02:27", "label": "Clearance", "position": "147497", "team": "not applicable", "visibility": "visible"}, {"gameTime": "2 - 02:29", "label": "Ball out of play", "position": "149309", "team": "away", "visibility": "not shown"}, {"gameTime": "2 - 03:05", "label": "Throw-in", "position": "185133", "team": "away", "visibility": "visible"}, {"gameTime": "2 - 03:46", "label": "Shots off target", "position": "226219", "team": "not applicable", "visibility": "visible"}, {"gameTime": "2 - 03:55", "label": "Ball out of play", "position": "235568", "team": "away", "visibility": "visible"}, {"gameTime": "2 - 05:03", "label": "Throw-in", "position": "303490", "team": "away", "visibility": "visible"}, {"gameTime": "2 - 05:04", "label": "Shots off target", "position": "304594", "team": "not applicable", "visibility": "visible"}, {"gameTime": "2 - 05:29", "label": "Ball out of play", "position": "329533", "team": "away", "visibility": "visible"}, {"gameTime": "2 - 05:36", "label": "Corner", "position": "336246", "team": "not applicable", "visibility": "visible"}, {"gameTime": "2 - 05:43", "label": "Ball out of play", "position": "343665", "team": "away", "visibility": "visible"}, {"gameTime": "2 - 06:12", "label": "Throw-in", "position": "372846", "team": "not applicable", "visibility": "visible"}, {"gameTime": "2 - 06:31", "label": "Ball out of play", "position": "391401", "team": "home", "visibility": "not shown"}, {"gameTime": "2 - 07:13", "label": "Throw-in", "position": "433577", "team": "away", "visibility": "visible"}, {"gameTime": "2 - 07:32", "label": "Shots off target", "position": "452839", "team": "away", "visibility": "visible"}, {"gameTime": "2 - 09:33", "label": "Foul", "position": "573118", "team": "home", "visibility": "visible"}, {"gameTime": "2 - 09:59", "label": "Substitution", "position": "599958", "team": "home", "visibility": "visible"}, {"gameTime": "2 - 10:02", "label": "Indirect free-kick", "position": "602627", "team": "away", "visibility": "visible"}, {"gameTime": "2 - 10:10", "label": "Foul", "position": "610022", "team": "away", "visibility": "visible"}, {"gameTime": "2 - 10:58", "label": "Indirect free-kick", "position": "658214", "team": "away", "visibility": "not shown"}, {"gameTime": "2 - 11:37", "label": "Offside", "position": "697541", "team": "home", "visibility": "not shown"}, {"gameTime": "2 - 12:29", "label": "Indirect free-kick", "position": "749453", "team": "home", "visibility": "visible"}, {"gameTime": "2 - 12:50", "label": "Foul", "position": "770797", "team": "away", "visibility": "not shown"}, {"gameTime": "2 - 13:14", "label": "Indirect free-kick", "position": "794714", "team": "not applicable", "visibility": "visible"}, {"gameTime": "2 - 13:36", "label": "Ball out of play", "position": "816776", "team": "away", "visibility": "visible"}, {"gameTime": "2 - 13:38", "label": "Corner", "position": "818689", "team": "away", "visibility": "visible"}, {"gameTime": "2 - 13:41", "label": "Shots on target", "position": "821217", "team": "away", "visibility": "visible"}, {"gameTime": "2 - 13:41", "label": "Shots on target", "position": "821665", "team": "not applicable", "visibility": "visible"}, {"gameTime": "2 - 14:07", "label": "Ball out of play", "position": "847355", "team": "home", "visibility": "not shown"}, {"gameTime": "2 - 15:02", "label": "Clearance", "position": "902912", "team": "home", "visibility": "visible"}, {"gameTime": "2 - 15:07", "label": "Foul", "position": "907643", "team": "away", "visibility": "not shown"}, {"gameTime": "2 - 16:04", "label": "Indirect free-kick", "position": "964508", "team": "away", "visibility": "visible"}, {"gameTime": "2 - 16:06", "label": "Shots on target", "position": "966415", "team": "away", "visibility": "visible"}, {"gameTime": "2 - 16:06", "label": "Shots on target", "position": "966415", "team": "away", "visibility": "visible"}, {"gameTime": "2 - 16:07", "label": "Shots off target", "position": "967895", "team": "not applicable", "visibility": "visible"}, {"gameTime": "2 - 16:31", "label": "Ball out of play", "position": "991869", "team": "home", "visibility": "not shown"}, {"gameTime": "2 - 17:32", "label": "Clearance", "position": "1052367", "team": "not applicable", "visibility": "visible"}, {"gameTime": "2 - 17:38", "label": "Ball out of play", "position": "1058644", "team": "home", "visibility": "not shown"}, {"gameTime": "2 - 18:25", "label": "Throw-in", "position": "1105095", "team": "home", "visibility": "visible"}, {"gameTime": "2 - 18:37", "label": "Foul", "position": "1117715", "team": "away", "visibility": "not shown"}, {"gameTime": "2 - 18:53", "label": "Indirect free-kick", "position": "1133083", "team": "away", "visibility": "visible"}, {"gameTime": "2 - 18:53", "label": "Shots off target", "position": "1133643", "team": "not applicable", "visibility": "visible"}, {"gameTime": "2 - 19:32", "label": "Ball out of play", "position": "1172379", "team": "away", "visibility": "visible"}, {"gameTime": "2 - 20:09", "label": "Substitution", "position": "1209042", "team": "away", "visibility": "visible"}, {"gameTime": "2 - 20:20", "label": "Substitution", "position": "1220794", "team": "home", "visibility": "visible"}, {"gameTime": "2 - 20:23", "label": "Clearance", "position": "1223882", "team": "not applicable", "visibility": "visible"}, {"gameTime": "2 - 20:36", "label": "Ball out of play", "position": "1236847", "team": "away", "visibility": "not shown"}, {"gameTime": "2 - 21:13", "label": "Throw-in", "position": "1273289", "team": "not applicable", "visibility": "visible"}, {"gameTime": "2 - 21:16", "label": "Ball out of play", "position": "1276312", "team": "away", "visibility": "not shown"}, {"gameTime": "2 - 21:32", "label": "Throw-in", "position": "1292537", "team": "away", "visibility": "visible"}, {"gameTime": "2 - 21:37", "label": "Foul", "position": "1297000", "team": "away", "visibility": "visible"}, {"gameTime": "2 - 21:38", "label": "Yellow card", "position": "1298551", "team": "away", "visibility": "visible"}, {"gameTime": "2 - 22:16", "label": "Yellow card", "position": "1336839", "team": "home", "visibility": "visible"}, {"gameTime": "2 - 22:19", "label": "Indirect free-kick", "position": "1339445", "team": "not applicable", "visibility": "visible"}, {"gameTime": "2 - 22:29", "label": "Ball out of play", "position": "1349282", "team": "home", "visibility": "visible"}, {"gameTime": "2 - 22:44", "label": "Throw-in", "position": "1364824", "team": "not applicable", "visibility": "visible"}, {"gameTime": "2 - 22:59", "label": "Ball out of play", "position": "1379808", "team": "home", "visibility": "visible"}, {"gameTime": "2 - 23:02", "label": "Throw-in", "position": "1382266", "team": "not applicable", "visibility": "visible"}, {"gameTime": "2 - 23:12", "label": "Ball out of play", "position": "1392000", "team": "away", "visibility": "visible"}, {"gameTime": "2 - 23:45", "label": "Clearance", "position": "1425556", "team": "not applicable", "visibility": "visible"}, {"gameTime": "2 - 23:51", "label": "Ball out of play", "position": "1431619", "team": "away", "visibility": "visible"}, {"gameTime": "2 - 24:58", "label": "Throw-in", "position": "1498015", "team": "away", "visibility": "visible"}, {"gameTime": "2 - 27:00", "label": "Shots on target", "position": "1620130", "team": "home", "visibility": "visible"}, {"gameTime": "2 - 27:00", "label": "Shots on target", "position": "1620130", "team": "home", "visibility": "visible"}, {"gameTime": "2 - 28:03", "label": "Shots off target", "position": "1683100", "team": "not applicable", "visibility": "visible"}, {"gameTime": "2 - 28:30", "label": "Ball out of play", "position": "1710786", "team": "home", "visibility": "not shown"}, {"gameTime": "2 - 28:36", "label": "Clearance", "position": "1716195", "team": "home", "visibility": "visible"}, {"gameTime": "2 - 28:46", "label": "Foul", "position": "1726235", "team": "home", "visibility": "visible"}, {"gameTime": "2 - 29:36", "label": "Yellow card", "position": "1776556", "team": "away", "visibility": "not shown"}, {"gameTime": "2 - 29:49", "label": "Indirect free-kick", "position": "1789006", "team": "not applicable", "visibility": "visible"}, {"gameTime": "2 - 30:18", "label": "Ball out of play", "position": "1818503", "team": "away", "visibility": "visible"}, {"gameTime": "2 - 30:37", "label": "Substitution", "position": "1837417", "team": "away", "visibility": "visible"}, {"gameTime": "2 - 30:38", "label": "Corner", "position": "1838607", "team": "away", "visibility": "visible"}, {"gameTime": "2 - 30:39", "label": "Shots off target", "position": "1839967", "team": "not applicable", "visibility": "visible"}, {"gameTime": "2 - 30:54", "label": "Ball out of play", "position": "1854412", "team": "away", "visibility": "visible"}, {"gameTime": "2 - 30:58", "label": "Corner", "position": "1858531", "team": "away", "visibility": "visible"}, {"gameTime": "2 - 31:00", "label": "Shots off target", "position": "1860522", "team": "not applicable", "visibility": "visible"}, {"gameTime": "2 - 31:19", "label": "Ball out of play", "position": "1879063", "team": "home", "visibility": "visible"}, {"gameTime": "2 - 31:31", "label": "Substitution", "position": "1891240", "team": "home", "visibility": "not shown"}, {"gameTime": "2 - 31:57", "label": "Clearance", "position": "1917084", "team": "not applicable", "visibility": "visible"}, {"gameTime": "2 - 32:27", "label": "Ball out of play", "position": "1947179", "team": "away", "visibility": "not shown"}, {"gameTime": "2 - 33:17", "label": "Throw-in", "position": "1997974", "team": "not applicable", "visibility": "visible"}, {"gameTime": "2 - 33:22", "label": "Ball out of play", "position": "2002381", "team": "away", "visibility": "visible"}, {"gameTime": "2 - 33:28", "label": "Throw-in", "position": "2008930", "team": "not applicable", "visibility": "visible"}, {"gameTime": "2 - 34:00", "label": "Ball out of play", "position": "2040998", "team": "away", "visibility": "visible"}, {"gameTime": "2 - 34:04", "label": "Corner", "position": "2044431", "team": "not applicable", "visibility": "visible"}, {"gameTime": "2 - 34:11", "label": "Ball out of play", "position": "2051705", "team": "away", "visibility": "visible"}, {"gameTime": "2 - 34:17", "label": "Throw-in", "position": "2057197", "team": "away", "visibility": "visible"}, {"gameTime": "2 - 34:34", "label": "Foul", "position": "2074996", "team": "away", "visibility": "visible"}, {"gameTime": "2 - 35:23", "label": "Yellow card", "position": "2123090", "team": "home", "visibility": "visible"}, {"gameTime": "2 - 35:57", "label": "Direct free-kick", "position": "2157151", "team": "not applicable", "visibility": "visible"}, {"gameTime": "2 - 36:06", "label": "Ball out of play", "position": "2166418", "team": "away", "visibility": "not shown"}, {"gameTime": "2 - 37:03", "label": "Throw-in", "position": "2223000", "team": "home", "visibility": "visible"}, {"gameTime": "2 - 37:03", "label": "Goal", "position": "2223578", "team": "home", "visibility": "visible"}, {"gameTime": "2 - 37:04", "label": "Shots on target", "position": "2224418", "team": "home", "visibility": "visible"}, {"gameTime": "2 - 38:06", "label": "Goal", "position": "2286287", "team": "away", "visibility": "not shown"}, {"gameTime": "2 - 38:15", "label": "Kick-off", "position": "2295000", "team": "away", "visibility": "visible"}, {"gameTime": "2 - 38:16", "label": "Goal", "position": "2296195", "team": "away", "visibility": "visible"}, {"gameTime": "2 - 38:16", "label": "Shots on target", "position": "2296635", "team": "away", "visibility": "visible"}, {"gameTime": "2 - 38:49", "label": "Goal", "position": "2329735", "team": "home", "visibility": "not shown"}, {"gameTime": "2 - 39:05", "label": "Kick-off", "position": "2345492", "team": "home", "visibility": "visible"}, {"gameTime": "2 - 39:30", "label": "Offside", "position": "2370180", "team": "home", "visibility": "not shown"}, {"gameTime": "2 - 40:00", "label": "Indirect free-kick", "position": "2400488", "team": "not applicable", "visibility": "visible"}, {"gameTime": "2 - 40:08", "label": "Ball out of play", "position": "2408482", "team": "away", "visibility": "visible"}, {"gameTime": "2 - 40:12", "label": "Throw-in", "position": "2412962", "team": "not applicable", "visibility": "visible"}, {"gameTime": "2 - 40:21", "label": "Ball out of play", "position": "2421759", "team": "away", "visibility": "visible"}, {"gameTime": "2 - 41:17", "label": "Throw-in", "position": "2477255", "team": "not applicable", "visibility": "not shown"}, {"gameTime": "2 - 41:34", "label": "Ball out of play", "position": "2494313", "team": "home", "visibility": "not shown"}, {"gameTime": "2 - 41:37", "label": "Throw-in", "position": "2497271", "team": "not applicable", "visibility": "visible"}, {"gameTime": "2 - 42:04", "label": "Ball out of play", "position": "2524279", "team": "home", "visibility": "not shown"}, {"gameTime": "2 - 42:23", "label": "Throw-in", "position": "2543102", "team": "not applicable", "visibility": "visible"}, {"gameTime": "2 - 42:35", "label": "Ball out of play", "position": "2555259", "team": "home", "visibility": "visible"}, {"gameTime": "2 - 42:47", "label": "Throw-in", "position": "2567468", "team": "home", "visibility": "visible"}, {"gameTime": "2 - 42:54", "label": "Foul", "position": "2574908", "team": "away", "visibility": "not shown"}, {"gameTime": "2 - 43:19", "label": "Indirect free-kick", "position": "2599871", "team": "not applicable", "visibility": "visible"}, {"gameTime": "2 - 43:40", "label": "Ball out of play", "position": "2620447", "team": "away", "visibility": "visible"}, {"gameTime": "2 - 43:42", "label": "Corner", "position": "2622184", "team": "away", "visibility": "visible"}, {"gameTime": "2 - 43:43", "label": "Shots off target", "position": "2623104", "team": "not applicable", "visibility": "visible"}, {"gameTime": "2 - 44:10", "label": "Ball out of play", "position": "2650223", "team": "home", "visibility": "not shown"}], "gameAwayTeam": "Paris SG", "gameDate": "19/09/2015 - 18:30", "gameHomeTeam": "Reims", "gameScore": "1 - 1"}