{"UrlLocal": "france_ligue-1/2016-2017/2017-04-09 - 22-00 Paris SG 4 - 0 Guingamp/", "UrlYoutube": "", "annotations": [{"gameTime": "1 - 00:00", "label": "Ball out of play", "position": "0", "team": "home", "visibility": "not shown"}, {"gameTime": "1 - 00:54", "label": "Corner", "position": "54692", "team": "not applicable", "visibility": "visible"}, {"gameTime": "1 - 01:22", "label": "Shots off target", "position": "82589", "team": "home", "visibility": "visible"}, {"gameTime": "1 - 01:23", "label": "Ball out of play", "position": "83883", "team": "home", "visibility": "visible"}, {"gameTime": "1 - 01:24", "label": "Clearance", "position": "84172", "team": "not applicable", "visibility": "visible"}, {"gameTime": "1 - 01:46", "label": "Ball out of play", "position": "106264", "team": "away", "visibility": "not shown"}, {"gameTime": "1 - 02:01", "label": "Throw-in", "position": "121142", "team": "not applicable", "visibility": "visible"}, {"gameTime": "1 - 02:09", "label": "Foul", "position": "129937", "team": "away", "visibility": "visible"}, {"gameTime": "1 - 02:11", "label": "Direct free-kick", "position": "131338", "team": "home", "visibility": "visible"}, {"gameTime": "1 - 03:02", "label": "Ball out of play", "position": "182735", "team": "away", "visibility": "visible"}, {"gameTime": "1 - 03:05", "label": "Corner", "position": "185343", "team": "not applicable", "visibility": "visible"}, {"gameTime": "1 - 03:34", "label": "Shots on target", "position": "214904", "team": "away", "visibility": "visible"}, {"gameTime": "1 - 03:39", "label": "Ball out of play", "position": "219453", "team": "away", "visibility": "visible"}, {"gameTime": "1 - 03:44", "label": "Corner", "position": "224460", "team": "not applicable", "visibility": "not shown"}, {"gameTime": "1 - 04:00", "label": "Foul", "position": "240525", "team": "away", "visibility": "visible"}, {"gameTime": "1 - 04:06", "label": "Indirect free-kick", "position": "246035", "team": "away", "visibility": "visible"}, {"gameTime": "1 - 04:46", "label": "Shots on target", "position": "286276", "team": "home", "visibility": "not shown"}, {"gameTime": "1 - 04:59", "label": "Foul", "position": "299447", "team": "away", "visibility": "visible"}, {"gameTime": "1 - 05:15", "label": "Indirect free-kick", "position": "315459", "team": "away", "visibility": "visible"}, {"gameTime": "1 - 05:24", "label": "Ball out of play", "position": "324675", "team": "home", "visibility": "visible"}, {"gameTime": "1 - 06:09", "label": "Throw-in", "position": "369008", "team": "not applicable", "visibility": "visible"}, {"gameTime": "1 - 06:12", "label": "Shots off target", "position": "372476", "team": "home", "visibility": "not shown"}, {"gameTime": "1 - 07:44", "label": "Ball out of play", "position": "464177", "team": "away", "visibility": "visible"}, {"gameTime": "1 - 07:45", "label": "Clearance", "position": "465283", "team": "not applicable", "visibility": "visible"}, {"gameTime": "1 - 08:06", "label": "Ball out of play", "position": "486964", "team": "home", "visibility": "not shown"}, {"gameTime": "1 - 08:28", "label": "Throw-in", "position": "508323", "team": "not applicable", "visibility": "visible"}, {"gameTime": "1 - 08:31", "label": "Ball out of play", "position": "511708", "team": "home", "visibility": "not shown"}, {"gameTime": "1 - 09:18", "label": "Throw-in", "position": "558671", "team": "not applicable", "visibility": "visible"}, {"gameTime": "1 - 09:34", "label": "Ball out of play", "position": "574149", "team": "away", "visibility": "visible"}, {"gameTime": "1 - 10:15", "label": "Throw-in", "position": "615689", "team": "not applicable", "visibility": "visible"}, {"gameTime": "1 - 10:20", "label": "Ball out of play", "position": "620572", "team": "home", "visibility": "visible"}, {"gameTime": "1 - 11:18", "label": "Corner", "position": "678630", "team": "not applicable", "visibility": "visible"}, {"gameTime": "1 - 11:46", "label": "Foul", "position": "706362", "team": "home", "visibility": "visible"}, {"gameTime": "1 - 11:48", "label": "Indirect free-kick", "position": "708654", "team": "home", "visibility": "visible"}, {"gameTime": "1 - 13:24", "label": "Ball out of play", "position": "804197", "team": "away", "visibility": "visible"}, {"gameTime": "1 - 14:30", "label": "Throw-in", "position": "870972", "team": "not applicable", "visibility": "visible"}, {"gameTime": "1 - 14:40", "label": "Ball out of play", "position": "880123", "team": "home", "visibility": "visible"}, {"gameTime": "1 - 15:56", "label": "Throw-in", "position": "956638", "team": "not applicable", "visibility": "visible"}, {"gameTime": "1 - 16:14", "label": "Ball out of play", "position": "974009", "team": "away", "visibility": "visible"}, {"gameTime": "1 - 16:28", "label": "Corner", "position": "988570", "team": "not applicable", "visibility": "visible"}, {"gameTime": "1 - 17:00", "label": "Shots off target", "position": "1020437", "team": "home", "visibility": "visible"}, {"gameTime": "1 - 17:01", "label": "Foul", "position": "1021510", "team": "home", "visibility": "visible"}, {"gameTime": "1 - 18:35", "label": "Direct free-kick", "position": "1115339", "team": "away", "visibility": "visible"}, {"gameTime": "1 - 19:07", "label": "Ball out of play", "position": "1147806", "team": "home", "visibility": "visible"}, {"gameTime": "1 - 19:14", "label": "Throw-in", "position": "1154215", "team": "not applicable", "visibility": "visible"}, {"gameTime": "1 - 19:19", "label": "Ball out of play", "position": "1159060", "team": "home", "visibility": "visible"}, {"gameTime": "1 - 20:01", "label": "Clearance", "position": "1201775", "team": "not applicable", "visibility": "visible"}, {"gameTime": "1 - 20:09", "label": "Shots off target", "position": "1209900", "team": "home", "visibility": "not shown"}, {"gameTime": "1 - 20:44", "label": "Ball out of play", "position": "1244340", "team": "away", "visibility": "visible"}, {"gameTime": "1 - 20:45", "label": "Clearance", "position": "1245471", "team": "not applicable", "visibility": "visible"}, {"gameTime": "1 - 20:56", "label": "Ball out of play", "position": "1256243", "team": "home", "visibility": "not shown"}, {"gameTime": "1 - 21:13", "label": "Throw-in", "position": "1273601", "team": "not applicable", "visibility": "not shown"}, {"gameTime": "1 - 21:32", "label": "Ball out of play", "position": "1292019", "team": "home", "visibility": "visible"}, {"gameTime": "1 - 21:34", "label": "Throw-in", "position": "1294396", "team": "not applicable", "visibility": "visible"}, {"gameTime": "1 - 21:48", "label": "Ball out of play", "position": "1308393", "team": "away", "visibility": "visible"}, {"gameTime": "1 - 21:51", "label": "Throw-in", "position": "1311272", "team": "not applicable", "visibility": "visible"}, {"gameTime": "1 - 22:02", "label": "Ball out of play", "position": "1322105", "team": "away", "visibility": "not shown"}, {"gameTime": "1 - 22:19", "label": "Clearance", "position": "1339288", "team": "not applicable", "visibility": "visible"}, {"gameTime": "1 - 22:48", "label": "Foul", "position": "1368463", "team": "away", "visibility": "visible"}, {"gameTime": "1 - 23:28", "label": "Indirect free-kick", "position": "1408675", "team": "away", "visibility": "visible"}, {"gameTime": "1 - 23:33", "label": "Ball out of play", "position": "1413046", "team": "home", "visibility": "not shown"}, {"gameTime": "1 - 23:41", "label": "Throw-in", "position": "1421199", "team": "not applicable", "visibility": "visible"}, {"gameTime": "1 - 23:54", "label": "Ball out of play", "position": "1434917", "team": "away", "visibility": "not shown"}, {"gameTime": "1 - 24:25", "label": "Corner", "position": "1465192", "team": "not applicable", "visibility": "visible"}, {"gameTime": "1 - 24:48", "label": "Ball out of play", "position": "1488605", "team": "home", "visibility": "visible"}, {"gameTime": "1 - 24:51", "label": "Clearance", "position": "1491837", "team": "not applicable", "visibility": "visible"}, {"gameTime": "1 - 25:14", "label": "Foul", "position": "1514856", "team": "away", "visibility": "not shown"}, {"gameTime": "1 - 26:08", "label": "Indirect free-kick", "position": "1568800", "team": "home", "visibility": "visible"}, {"gameTime": "1 - 26:33", "label": "Foul", "position": "1593486", "team": "away", "visibility": "visible"}, {"gameTime": "1 - 27:14", "label": "Indirect free-kick", "position": "1634685", "team": "away", "visibility": "visible"}, {"gameTime": "1 - 27:22", "label": "Ball out of play", "position": "1642297", "team": "home", "visibility": "visible"}, {"gameTime": "1 - 27:47", "label": "Throw-in", "position": "1667127", "team": "not applicable", "visibility": "visible"}, {"gameTime": "1 - 28:08", "label": "Ball out of play", "position": "1688409", "team": "home", "visibility": "visible"}, {"gameTime": "1 - 28:52", "label": "Throw-in", "position": "1732762", "team": "not applicable", "visibility": "visible"}, {"gameTime": "1 - 29:04", "label": "Ball out of play", "position": "1744512", "team": "home", "visibility": "visible"}, {"gameTime": "1 - 29:13", "label": "Throw-in", "position": "1753411", "team": "not applicable", "visibility": "visible"}, {"gameTime": "1 - 29:18", "label": "Ball out of play", "position": "1758353", "team": "home", "visibility": "not shown"}, {"gameTime": "1 - 30:45", "label": "Throw-in", "position": "1845934", "team": "not applicable", "visibility": "visible"}, {"gameTime": "1 - 30:48", "label": "Foul", "position": "1848337", "team": "home", "visibility": "visible"}, {"gameTime": "1 - 31:11", "label": "Yellow card", "position": "1871383", "team": "home", "visibility": "visible"}, {"gameTime": "1 - 31:27", "label": "Indirect free-kick", "position": "1887000", "team": "home", "visibility": "visible"}, {"gameTime": "1 - 32:48", "label": "Ball out of play", "position": "1968001", "team": "away", "visibility": "visible"}, {"gameTime": "1 - 33:19", "label": "Throw-in", "position": "1999415", "team": "not applicable", "visibility": "visible"}, {"gameTime": "1 - 33:31", "label": "Foul", "position": "2011946", "team": "home", "visibility": "not shown"}, {"gameTime": "1 - 33:51", "label": "Indirect free-kick", "position": "2031013", "team": "away", "visibility": "visible"}, {"gameTime": "1 - 34:19", "label": "Ball out of play", "position": "2059831", "team": "home", "visibility": "not shown"}, {"gameTime": "1 - 34:37", "label": "Throw-in", "position": "2077465", "team": "not applicable", "visibility": "not shown"}, {"gameTime": "1 - 34:46", "label": "Ball out of play", "position": "2086649", "team": "home", "visibility": "visible"}, {"gameTime": "1 - 35:17", "label": "Corner", "position": "2117763", "team": "not applicable", "visibility": "visible"}, {"gameTime": "1 - 35:47", "label": "Shots on target", "position": "2147181", "team": "home", "visibility": "visible"}, {"gameTime": "1 - 36:24", "label": "Ball out of play", "position": "2184554", "team": "home", "visibility": "visible"}, {"gameTime": "1 - 36:26", "label": "Corner", "position": "2186084", "team": "not applicable", "visibility": "visible"}, {"gameTime": "1 - 36:34", "label": "Ball out of play", "position": "2194756", "team": "home", "visibility": "not shown"}, {"gameTime": "1 - 36:57", "label": "Throw-in", "position": "2217138", "team": "not applicable", "visibility": "visible"}, {"gameTime": "1 - 37:10", "label": "Foul", "position": "2230888", "team": "away", "visibility": "not shown"}, {"gameTime": "1 - 37:18", "label": "Direct free-kick", "position": "2238419", "team": "home", "visibility": "visible"}, {"gameTime": "1 - 38:09", "label": "Shots off target", "position": "2289166", "team": "away", "visibility": "visible"}, {"gameTime": "1 - 38:10", "label": "Ball out of play", "position": "2290612", "team": "away", "visibility": "visible"}, {"gameTime": "1 - 38:11", "label": "Clearance", "position": "2291708", "team": "not applicable", "visibility": "visible"}, {"gameTime": "1 - 38:28", "label": "Ball out of play", "position": "2308022", "team": "home", "visibility": "visible"}, {"gameTime": "1 - 39:02", "label": "Throw-in", "position": "2342251", "team": "not applicable", "visibility": "visible"}, {"gameTime": "1 - 40:12", "label": "Offside", "position": "2412456", "team": "home", "visibility": "visible"}, {"gameTime": "1 - 41:02", "label": "Indirect free-kick", "position": "2462505", "team": "home", "visibility": "visible"}, {"gameTime": "1 - 41:26", "label": "Ball out of play", "position": "2486455", "team": "away", "visibility": "not shown"}, {"gameTime": "1 - 41:56", "label": "Substitution", "position": "2516908", "team": "not applicable", "visibility": "visible"}, {"gameTime": "1 - 42:04", "label": "Throw-in", "position": "2524000", "team": "home", "visibility": "visible"}, {"gameTime": "1 - 42:26", "label": "Foul", "position": "2546386", "team": "home", "visibility": "not shown"}, {"gameTime": "1 - 43:16", "label": "Indirect free-kick", "position": "2596284", "team": "home", "visibility": "visible"}, {"gameTime": "1 - 43:51", "label": "Ball out of play", "position": "2631530", "team": "away", "visibility": "visible"}, {"gameTime": "1 - 43:59", "label": "Throw-in", "position": "2639086", "team": "not applicable", "visibility": "visible"}, {"gameTime": "1 - 44:12", "label": "Ball out of play", "position": "2652087", "team": "home", "visibility": "visible"}, {"gameTime": "1 - 44:21", "label": "Throw-in", "position": "2661519", "team": "not applicable", "visibility": "visible"}, {"gameTime": "1 - 44:26", "label": "Ball out of play", "position": "2666815", "team": "home", "visibility": "visible"}, {"gameTime": "1 - 44:40", "label": "Throw-in", "position": "2680722", "team": "not applicable", "visibility": "visible"}, {"gameTime": "1 - 44:51", "label": "Throw-in", "position": "2691669", "team": "away", "visibility": "not shown"}, {"gameTime": "2 - 00:00", "label": "Kick-off", "position": "0", "team": "away", "visibility": "not shown"}, {"gameTime": "2 - 00:00", "label": "Ball out of play", "position": "38", "team": "away", "visibility": "not shown"}, {"gameTime": "2 - 01:36", "label": "Clearance", "position": "96602", "team": "not applicable", "visibility": "visible"}, {"gameTime": "2 - 01:58", "label": "Ball out of play", "position": "118625", "team": "away", "visibility": "visible"}, {"gameTime": "2 - 02:59", "label": "Throw-in", "position": "179330", "team": "not applicable", "visibility": "visible"}, {"gameTime": "2 - 03:05", "label": "Ball out of play", "position": "185347", "team": "home", "visibility": "not shown"}, {"gameTime": "2 - 03:28", "label": "Throw-in", "position": "208337", "team": "not applicable", "visibility": "visible"}, {"gameTime": "2 - 03:32", "label": "Ball out of play", "position": "212101", "team": "home", "visibility": "visible"}, {"gameTime": "2 - 04:16", "label": "Throw-in", "position": "256327", "team": "not applicable", "visibility": "visible"}, {"gameTime": "2 - 04:21", "label": "Ball out of play", "position": "261593", "team": "home", "visibility": "visible"}, {"gameTime": "2 - 04:46", "label": "Clearance", "position": "286354", "team": "not applicable", "visibility": "visible"}, {"gameTime": "2 - 05:08", "label": "Ball out of play", "position": "308162", "team": "away", "visibility": "visible"}, {"gameTime": "2 - 05:22", "label": "Throw-in", "position": "322901", "team": "not applicable", "visibility": "visible"}, {"gameTime": "2 - 05:29", "label": "Foul", "position": "329385", "team": "home", "visibility": "not shown"}, {"gameTime": "2 - 05:55", "label": "Indirect free-kick", "position": "355569", "team": "home", "visibility": "visible"}, {"gameTime": "2 - 06:46", "label": "Shots off target", "position": "406224", "team": "away", "visibility": "not shown"}, {"gameTime": "2 - 06:54", "label": "Ball out of play", "position": "414105", "team": "away", "visibility": "visible"}, {"gameTime": "2 - 06:54", "label": "Substitution", "position": "414846", "team": "not applicable", "visibility": "visible"}, {"gameTime": "2 - 07:24", "label": "Clearance", "position": "444651", "team": "home", "visibility": "visible"}, {"gameTime": "2 - 07:43", "label": "Ball out of play", "position": "463442", "team": "home", "visibility": "visible"}, {"gameTime": "2 - 07:56", "label": "Throw-in", "position": "476323", "team": "not applicable", "visibility": "visible"}, {"gameTime": "2 - 08:01", "label": "Ball out of play", "position": "481795", "team": "home", "visibility": "visible"}, {"gameTime": "2 - 08:03", "label": "Throw-in", "position": "483642", "team": "not applicable", "visibility": "visible"}, {"gameTime": "2 - 08:15", "label": "Foul", "position": "495601", "team": "away", "visibility": "visible"}, {"gameTime": "2 - 08:53", "label": "Direct free-kick", "position": "533851", "team": "away", "visibility": "visible"}, {"gameTime": "2 - 09:28", "label": "Ball out of play", "position": "568332", "team": "home", "visibility": "visible"}, {"gameTime": "2 - 09:30", "label": "Corner", "position": "570093", "team": "not applicable", "visibility": "visible"}, {"gameTime": "2 - 09:48", "label": "Ball out of play", "position": "588249", "team": "home", "visibility": "visible"}, {"gameTime": "2 - 09:50", "label": "Clearance", "position": "590430", "team": "not applicable", "visibility": "visible"}, {"gameTime": "2 - 10:14", "label": "Shots on target", "position": "614790", "team": "away", "visibility": "visible"}, {"gameTime": "2 - 10:35", "label": "Goal", "position": "635360", "team": "home", "visibility": "visible"}, {"gameTime": "2 - 10:37", "label": "Kick-off", "position": "637000", "team": "home", "visibility": "visible"}, {"gameTime": "2 - 11:45", "label": "Ball out of play", "position": "705077", "team": "away", "visibility": "visible"}, {"gameTime": "2 - 12:01", "label": "Throw-in", "position": "721267", "team": "not applicable", "visibility": "visible"}, {"gameTime": "2 - 12:06", "label": "Foul", "position": "726387", "team": "home", "visibility": "visible"}, {"gameTime": "2 - 12:33", "label": "Indirect free-kick", "position": "753109", "team": "away", "visibility": "visible"}, {"gameTime": "2 - 12:55", "label": "Ball out of play", "position": "775164", "team": "home", "visibility": "visible"}, {"gameTime": "2 - 13:04", "label": "Throw-in", "position": "784062", "team": "not applicable", "visibility": "visible"}, {"gameTime": "2 - 13:14", "label": "Ball out of play", "position": "794976", "team": "away", "visibility": "visible"}, {"gameTime": "2 - 13:17", "label": "Throw-in", "position": "797280", "team": "not applicable", "visibility": "visible"}, {"gameTime": "2 - 13:22", "label": "Ball out of play", "position": "802295", "team": "away", "visibility": "visible"}, {"gameTime": "2 - 13:40", "label": "Throw-in", "position": "820096", "team": "not applicable", "visibility": "visible"}, {"gameTime": "2 - 13:53", "label": "Shots on target", "position": "833580", "team": "away", "visibility": "visible"}, {"gameTime": "2 - 14:20", "label": "Goal", "position": "860760", "team": "home", "visibility": "visible"}, {"gameTime": "2 - 14:21", "label": "Kick-off", "position": "861680", "team": "home", "visibility": "visible"}, {"gameTime": "2 - 15:24", "label": "Shots off target", "position": "924791", "team": "away", "visibility": "not shown"}, {"gameTime": "2 - 16:02", "label": "Ball out of play", "position": "962724", "team": "home", "visibility": "visible"}, {"gameTime": "2 - 16:04", "label": "Clearance", "position": "964049", "team": "not applicable", "visibility": "visible"}, {"gameTime": "2 - 16:31", "label": "Foul", "position": "991665", "team": "away", "visibility": "visible"}, {"gameTime": "2 - 17:25", "label": "Yellow card", "position": "1045738", "team": "away", "visibility": "visible"}, {"gameTime": "2 - 17:32", "label": "Direct free-kick", "position": "1052000", "team": "away", "visibility": "visible"}, {"gameTime": "2 - 18:35", "label": "Shots off target", "position": "1115820", "team": "home", "visibility": "visible"}, {"gameTime": "2 - 18:35", "label": "Ball out of play", "position": "1115820", "team": "home", "visibility": "visible"}, {"gameTime": "2 - 18:36", "label": "Clearance", "position": "1116655", "team": "not applicable", "visibility": "visible"}, {"gameTime": "2 - 18:59", "label": "Ball out of play", "position": "1139758", "team": "away", "visibility": "visible"}, {"gameTime": "2 - 19:17", "label": "Throw-in", "position": "1157538", "team": "not applicable", "visibility": "visible"}, {"gameTime": "2 - 19:19", "label": "Foul", "position": "1159738", "team": "away", "visibility": "visible"}, {"gameTime": "2 - 19:32", "label": "Indirect free-kick", "position": "1172449", "team": "home", "visibility": "visible"}, {"gameTime": "2 - 19:51", "label": "Ball out of play", "position": "1191470", "team": "away", "visibility": "visible"}, {"gameTime": "2 - 19:55", "label": "Throw-in", "position": "1195278", "team": "not applicable", "visibility": "visible"}, {"gameTime": "2 - 20:04", "label": "Ball out of play", "position": "1204749", "team": "away", "visibility": "visible"}, {"gameTime": "2 - 20:12", "label": "Throw-in", "position": "1212153", "team": "not applicable", "visibility": "visible"}, {"gameTime": "2 - 20:24", "label": "Foul", "position": "1224982", "team": "home", "visibility": "visible"}, {"gameTime": "2 - 20:34", "label": "Substitution", "position": "1234958", "team": "home", "visibility": "visible"}, {"gameTime": "2 - 21:15", "label": "Indirect free-kick", "position": "1275665", "team": "away", "visibility": "visible"}, {"gameTime": "2 - 21:27", "label": "Ball out of play", "position": "1287403", "team": "away", "visibility": "visible"}, {"gameTime": "2 - 21:46", "label": "Throw-in", "position": "1306072", "team": "not applicable", "visibility": "visible"}, {"gameTime": "2 - 21:50", "label": "Ball out of play", "position": "1310658", "team": "home", "visibility": "visible"}, {"gameTime": "2 - 22:05", "label": "Throw-in", "position": "1325490", "team": "not applicable", "visibility": "visible"}, {"gameTime": "2 - 22:12", "label": "Foul", "position": "1332216", "team": "away", "visibility": "visible"}, {"gameTime": "2 - 22:16", "label": "Indirect free-kick", "position": "1336560", "team": "away", "visibility": "visible"}, {"gameTime": "2 - 22:28", "label": "Shots on target", "position": "1348713", "team": "home", "visibility": "visible"}, {"gameTime": "2 - 22:46", "label": "Shots off target", "position": "1366712", "team": "home", "visibility": "visible"}, {"gameTime": "2 - 23:02", "label": "Ball out of play", "position": "1382182", "team": "home", "visibility": "visible"}, {"gameTime": "2 - 23:03", "label": "Clearance", "position": "1383121", "team": "not applicable", "visibility": "visible"}, {"gameTime": "2 - 23:27", "label": "Foul", "position": "1407907", "team": "away", "visibility": "not shown"}, {"gameTime": "2 - 23:47", "label": "Indirect free-kick", "position": "1427181", "team": "home", "visibility": "visible"}, {"gameTime": "2 - 24:04", "label": "Shots on target", "position": "1444919", "team": "away", "visibility": "not shown"}, {"gameTime": "2 - 24:57", "label": "Goal", "position": "1497320", "team": "home", "visibility": "visible"}, {"gameTime": "2 - 24:58", "label": "Kick-off", "position": "1498200", "team": "home", "visibility": "visible"}, {"gameTime": "2 - 26:06", "label": "Ball out of play", "position": "1566196", "team": "away", "visibility": "visible"}, {"gameTime": "2 - 26:26", "label": "Throw-in", "position": "1586066", "team": "not applicable", "visibility": "visible"}, {"gameTime": "2 - 26:38", "label": "Foul", "position": "1598982", "team": "away", "visibility": "visible"}, {"gameTime": "2 - 27:11", "label": "Yellow card", "position": "1631881", "team": "away", "visibility": "visible"}, {"gameTime": "2 - 27:16", "label": "Indirect free-kick", "position": "1636000", "team": "away", "visibility": "visible"}, {"gameTime": "2 - 27:51", "label": "Ball out of play", "position": "1671447", "team": "home", "visibility": "not shown"}, {"gameTime": "2 - 28:13", "label": "Clearance", "position": "1693668", "team": "not applicable", "visibility": "visible"}, {"gameTime": "2 - 28:28", "label": "Offside", "position": "1708387", "team": "home", "visibility": "not shown"}, {"gameTime": "2 - 29:58", "label": "Indirect free-kick", "position": "1798884", "team": "home", "visibility": "visible"}, {"gameTime": "2 - 30:28", "label": "Ball out of play", "position": "1828542", "team": "away", "visibility": "visible"}, {"gameTime": "2 - 30:57", "label": "Throw-in", "position": "1857967", "team": "not applicable", "visibility": "visible"}, {"gameTime": "2 - 31:05", "label": "Foul", "position": "1865923", "team": "away", "visibility": "not shown"}, {"gameTime": "2 - 32:41", "label": "Indirect free-kick", "position": "1961936", "team": "away", "visibility": "visible"}, {"gameTime": "2 - 34:00", "label": "Shots off target", "position": "2040781", "team": "home", "visibility": "not shown"}, {"gameTime": "2 - 36:04", "label": "Ball out of play", "position": "2164004", "team": "away", "visibility": "visible"}, {"gameTime": "2 - 37:39", "label": "Substitution", "position": "2259090", "team": "not applicable", "visibility": "visible"}, {"gameTime": "2 - 38:02", "label": "Throw-in", "position": "2282046", "team": "home", "visibility": "visible"}, {"gameTime": "2 - 38:12", "label": "Ball out of play", "position": "2292713", "team": "away", "visibility": "visible"}, {"gameTime": "2 - 38:14", "label": "Throw-in", "position": "2294555", "team": "not applicable", "visibility": "visible"}, {"gameTime": "2 - 38:19", "label": "Foul", "position": "2299690", "team": "away", "visibility": "visible"}, {"gameTime": "2 - 38:25", "label": "Direct free-kick", "position": "2305478", "team": "home", "visibility": "visible"}, {"gameTime": "2 - 39:08", "label": "Shots on target", "position": "2348728", "team": "away", "visibility": "visible"}, {"gameTime": "2 - 39:21", "label": "Shots on target", "position": "2361385", "team": "away", "visibility": "visible"}, {"gameTime": "2 - 39:52", "label": "Ball out of play", "position": "2392274", "team": "away", "visibility": "visible"}, {"gameTime": "2 - 39:59", "label": "Substitution", "position": "2399274", "team": "not applicable", "visibility": "visible"}, {"gameTime": "2 - 40:25", "label": "Clearance", "position": "2425121", "team": "away", "visibility": "visible"}, {"gameTime": "2 - 40:38", "label": "Ball out of play", "position": "2438424", "team": "home", "visibility": "visible"}, {"gameTime": "2 - 41:38", "label": "Clearance", "position": "2498790", "team": "not applicable", "visibility": "visible"}, {"gameTime": "2 - 41:52", "label": "Ball out of play", "position": "2512888", "team": "away", "visibility": "not shown"}, {"gameTime": "2 - 44:21", "label": "Throw-in", "position": "2661307", "team": "not applicable", "visibility": "visible"}, {"gameTime": "2 - 44:30", "label": "Foul", "position": "2670078", "team": "away", "visibility": "not shown"}, {"gameTime": "2 - 44:42", "label": "Indirect free-kick", "position": "2682986", "team": "home", "visibility": "visible"}, {"gameTime": "2 - 44:49", "label": "Ball out of play", "position": "2689378", "team": "away", "visibility": "not shown"}, {"gameTime": "2 - 44:59", "label": "Clearance", "position": "2699360", "team": "not applicable", "visibility": "visible"}, {"gameTime": "2 - 45:05", "label": "Ball out of play", "position": "2705865", "team": "home", "visibility": "not shown"}, {"gameTime": "2 - 45:14", "label": "Corner", "position": "2714104", "team": "not applicable", "visibility": "visible"}, {"gameTime": "2 - 45:48", "label": "Ball out of play", "position": "2748907", "team": "away", "visibility": "visible"}, {"gameTime": "2 - 46:02", "label": "Throw-in", "position": "2762700", "team": "not applicable", "visibility": "visible"}, {"gameTime": "2 - 46:09", "label": "Shots on target", "position": "2769527", "team": "home", "visibility": "not shown"}, {"gameTime": "2 - 46:38", "label": "Goal", "position": "2798485", "team": "home", "visibility": "not shown"}, {"gameTime": "2 - 46:39", "label": "Goal", "position": "2799245", "team": "home", "visibility": "visible"}], "gameAwayTeam": "Guingamp", "gameDate": "09/04/2017 - 22:00", "gameHomeTeam": "Paris SG", "gameScore": "4 - 0"}