{"UrlLocal": "italy_serie-a/2016-2017/2017-05-20 - 21-45 Napoli 4 - 1 Fiorentina/", "UrlYoutube": "", "annotations": [{"gameTime": "1 - 00:23", "label": "Kick-off", "position": "23493", "team": "not applicable", "visibility": "visible"}, {"gameTime": "1 - 00:49", "label": "Ball out of play", "position": "49155", "team": "away", "visibility": "not shown"}, {"gameTime": "1 - 02:55", "label": "Clearance", "position": "175048", "team": "away", "visibility": "visible"}, {"gameTime": "1 - 03:14", "label": "Foul", "position": "194048", "team": "home", "visibility": "visible"}, {"gameTime": "1 - 03:33", "label": "Indirect free-kick", "position": "213042", "team": "home", "visibility": "visible"}, {"gameTime": "1 - 03:44", "label": "Offside", "position": "224417", "team": "away", "visibility": "visible"}, {"gameTime": "1 - 04:27", "label": "Indirect free-kick", "position": "267810", "team": "not applicable", "visibility": "visible"}, {"gameTime": "1 - 04:53", "label": "Ball out of play", "position": "293079", "team": "home", "visibility": "visible"}, {"gameTime": "1 - 04:54", "label": "Corner", "position": "294626", "team": "home", "visibility": "visible"}, {"gameTime": "1 - 04:58", "label": "Shots off target", "position": "298025", "team": "home", "visibility": "visible"}, {"gameTime": "1 - 04:59", "label": "Shots on target", "position": "299525", "team": "not applicable", "visibility": "visible"}, {"gameTime": "1 - 05:10", "label": "Ball out of play", "position": "310995", "team": "away", "visibility": "visible"}, {"gameTime": "1 - 05:43", "label": "Clearance", "position": "343258", "team": "not applicable", "visibility": "visible"}, {"gameTime": "1 - 05:49", "label": "Ball out of play", "position": "349307", "team": "away", "visibility": "visible"}, {"gameTime": "1 - 05:50", "label": "Throw-in", "position": "350687", "team": "home", "visibility": "visible"}, {"gameTime": "1 - 05:56", "label": "Foul", "position": "356274", "team": "away", "visibility": "not shown"}, {"gameTime": "1 - 06:56", "label": "Indirect free-kick", "position": "416765", "team": "not applicable", "visibility": "visible"}, {"gameTime": "1 - 07:22", "label": "Ball out of play", "position": "442260", "team": "home", "visibility": "visible"}, {"gameTime": "1 - 07:23", "label": "Corner", "position": "443713", "team": "home", "visibility": "visible"}, {"gameTime": "1 - 07:24", "label": "Shots on target", "position": "444876", "team": "home", "visibility": "visible"}, {"gameTime": "1 - 07:25", "label": "Shots on target", "position": "445316", "team": "home", "visibility": "visible"}, {"gameTime": "1 - 08:09", "label": "Goal", "position": "489150", "team": "away", "visibility": "not shown"}, {"gameTime": "1 - 09:29", "label": "Kick-off", "position": "569226", "team": "not applicable", "visibility": "visible"}, {"gameTime": "1 - 10:02", "label": "Ball out of play", "position": "602246", "team": "home", "visibility": "visible"}, {"gameTime": "1 - 11:53", "label": "Corner", "position": "713231", "team": "not applicable", "visibility": "visible"}, {"gameTime": "1 - 12:07", "label": "Ball out of play", "position": "727915", "team": "away", "visibility": "not shown"}, {"gameTime": "1 - 13:14", "label": "Throw-in", "position": "794098", "team": "not applicable", "visibility": "visible"}, {"gameTime": "1 - 13:26", "label": "Ball out of play", "position": "806510", "team": "home", "visibility": "visible"}, {"gameTime": "1 - 13:47", "label": "Throw-in", "position": "827153", "team": "not applicable", "visibility": "visible"}, {"gameTime": "1 - 13:55", "label": "Ball out of play", "position": "835670", "team": "home", "visibility": "not shown"}, {"gameTime": "1 - 14:20", "label": "Throw-in", "position": "860615", "team": "home", "visibility": "visible"}, {"gameTime": "1 - 14:31", "label": "Foul", "position": "871833", "team": "away", "visibility": "not shown"}, {"gameTime": "1 - 14:38", "label": "Indirect free-kick", "position": "878754", "team": "not applicable", "visibility": "visible"}, {"gameTime": "1 - 14:47", "label": "Ball out of play", "position": "887113", "team": "home", "visibility": "visible"}, {"gameTime": "1 - 16:01", "label": "Throw-in", "position": "961263", "team": "home", "visibility": "visible"}, {"gameTime": "1 - 16:21", "label": "Foul", "position": "981986", "team": "away", "visibility": "visible"}, {"gameTime": "1 - 17:12", "label": "Indirect free-kick", "position": "1032194", "team": "home", "visibility": "visible"}, {"gameTime": "1 - 17:12", "label": "Shots off target", "position": "1032514", "team": "not applicable", "visibility": "visible"}, {"gameTime": "1 - 17:20", "label": "Ball out of play", "position": "1040883", "team": "away", "visibility": "not shown"}, {"gameTime": "1 - 18:17", "label": "Clearance", "position": "1097823", "team": "not applicable", "visibility": "visible"}, {"gameTime": "1 - 18:24", "label": "Ball out of play", "position": "1104147", "team": "away", "visibility": "not shown"}, {"gameTime": "1 - 20:29", "label": "Throw-in", "position": "1229610", "team": "not applicable", "visibility": "visible"}, {"gameTime": "1 - 20:42", "label": "Ball out of play", "position": "1242878", "team": "away", "visibility": "not shown"}, {"gameTime": "1 - 21:25", "label": "Throw-in", "position": "1285984", "team": "away", "visibility": "visible"}, {"gameTime": "1 - 21:51", "label": "Foul", "position": "1311569", "team": "home", "visibility": "visible"}, {"gameTime": "1 - 22:59", "label": "Indirect free-kick", "position": "1379378", "team": "not applicable", "visibility": "visible"}, {"gameTime": "1 - 23:17", "label": "Ball out of play", "position": "1397726", "team": "home", "visibility": "not shown"}, {"gameTime": "1 - 24:54", "label": "Clearance", "position": "1494027", "team": "not applicable", "visibility": "visible"}, {"gameTime": "1 - 24:59", "label": "Ball out of play", "position": "1499012", "team": "home", "visibility": "visible"}, {"gameTime": "1 - 25:03", "label": "Throw-in", "position": "1503401", "team": "home", "visibility": "visible"}, {"gameTime": "1 - 25:04", "label": "Shots on target", "position": "1504306", "team": "not applicable", "visibility": "visible"}, {"gameTime": "1 - 25:23", "label": "Ball out of play", "position": "1523426", "team": "away", "visibility": "not shown"}, {"gameTime": "1 - 26:16", "label": "Clearance", "position": "1576964", "team": "away", "visibility": "visible"}, {"gameTime": "1 - 26:44", "label": "Foul", "position": "1604123", "team": "home", "visibility": "visible"}, {"gameTime": "1 - 27:52", "label": "Indirect free-kick", "position": "1672405", "team": "not applicable", "visibility": "visible"}, {"gameTime": "1 - 28:10", "label": "Ball out of play", "position": "1690874", "team": "away", "visibility": "not shown"}, {"gameTime": "1 - 28:31", "label": "Throw-in", "position": "1711218", "team": "home", "visibility": "visible"}, {"gameTime": "1 - 28:38", "label": "Foul", "position": "1718331", "team": "away", "visibility": "visible"}, {"gameTime": "1 - 29:22", "label": "Indirect free-kick", "position": "1762681", "team": "away", "visibility": "visible"}, {"gameTime": "1 - 29:24", "label": "Shots on target", "position": "1764183", "team": "not applicable", "visibility": "visible"}, {"gameTime": "1 - 29:46", "label": "Ball out of play", "position": "1786505", "team": "away", "visibility": "not shown"}, {"gameTime": "1 - 29:50", "label": "Corner", "position": "1790935", "team": "away", "visibility": "visible"}, {"gameTime": "1 - 29:52", "label": "Shots off target", "position": "1792358", "team": "not applicable", "visibility": "visible"}, {"gameTime": "1 - 30:08", "label": "Ball out of play", "position": "1808035", "team": "home", "visibility": "not shown"}, {"gameTime": "1 - 30:24", "label": "Clearance", "position": "1824450", "team": "not applicable", "visibility": "visible"}, {"gameTime": "1 - 30:38", "label": "Ball out of play", "position": "1838962", "team": "home", "visibility": "visible"}, {"gameTime": "1 - 30:43", "label": "Throw-in", "position": "1843597", "team": "home", "visibility": "visible"}, {"gameTime": "1 - 32:05", "label": "Shots on target", "position": "1925607", "team": "home", "visibility": "visible"}, {"gameTime": "1 - 32:06", "label": "Shots off target", "position": "1926753", "team": "not applicable", "visibility": "visible"}, {"gameTime": "1 - 32:22", "label": "Ball out of play", "position": "1942358", "team": "away", "visibility": "not shown"}, {"gameTime": "1 - 32:57", "label": "Clearance", "position": "1977297", "team": "away", "visibility": "visible"}, {"gameTime": "1 - 33:30", "label": "Foul", "position": "2010119", "team": "home", "visibility": "visible"}, {"gameTime": "1 - 33:56", "label": "Clearance", "position": "2036642", "team": "not applicable", "visibility": "visible"}, {"gameTime": "1 - 34:06", "label": "Ball out of play", "position": "2046273", "team": "home", "visibility": "visible"}, {"gameTime": "1 - 35:17", "label": "Throw-in", "position": "2117293", "team": "home", "visibility": "visible"}, {"gameTime": "1 - 35:17", "label": "Shots on target", "position": "2117811", "team": "home", "visibility": "visible"}, {"gameTime": "1 - 36:07", "label": "Goal", "position": "2167764", "team": "away", "visibility": "not shown"}, {"gameTime": "1 - 37:17", "label": "Kick-off", "position": "2237189", "team": "home", "visibility": "visible"}, {"gameTime": "1 - 37:53", "label": "Foul", "position": "2273481", "team": "away", "visibility": "not shown"}, {"gameTime": "1 - 38:59", "label": "Indirect free-kick", "position": "2339048", "team": "not applicable", "visibility": "visible"}, {"gameTime": "1 - 39:05", "label": "Ball out of play", "position": "2345277", "team": "away", "visibility": "not shown"}, {"gameTime": "1 - 39:40", "label": "Throw-in", "position": "2380242", "team": "away", "visibility": "visible"}, {"gameTime": "1 - 39:42", "label": "Shots on target", "position": "2382802", "team": "not applicable", "visibility": "visible"}, {"gameTime": "1 - 39:54", "label": "Ball out of play", "position": "2394257", "team": "away", "visibility": "not shown"}, {"gameTime": "1 - 40:00", "label": "Corner", "position": "2400377", "team": "not applicable", "visibility": "visible"}, {"gameTime": "1 - 40:04", "label": "Ball out of play", "position": "2404201", "team": "away", "visibility": "not shown"}, {"gameTime": "1 - 40:18", "label": "Throw-in", "position": "2418493", "team": "not applicable", "visibility": "visible"}, {"gameTime": "1 - 40:32", "label": "Ball out of play", "position": "2432031", "team": "home", "visibility": "not shown"}, {"gameTime": "1 - 40:43", "label": "Throw-in", "position": "2443979", "team": "not applicable", "visibility": "visible"}, {"gameTime": "1 - 40:50", "label": "Ball out of play", "position": "2450491", "team": "away", "visibility": "not shown"}, {"gameTime": "1 - 41:37", "label": "Throw-in", "position": "2497870", "team": "not applicable", "visibility": "visible"}, {"gameTime": "1 - 41:47", "label": "Ball out of play", "position": "2507246", "team": "away", "visibility": "visible"}, {"gameTime": "1 - 42:01", "label": "Throw-in", "position": "2521688", "team": "not applicable", "visibility": "visible"}, {"gameTime": "1 - 42:07", "label": "Ball out of play", "position": "2527902", "team": "home", "visibility": "not shown"}, {"gameTime": "1 - 42:37", "label": "Throw-in", "position": "2557065", "team": "home", "visibility": "visible"}, {"gameTime": "1 - 42:39", "label": "Foul", "position": "2559912", "team": "home", "visibility": "visible"}, {"gameTime": "1 - 43:14", "label": "Yellow card", "position": "2594319", "team": "away", "visibility": "visible"}, {"gameTime": "1 - 44:14", "label": "Direct free-kick", "position": "2654335", "team": "not applicable", "visibility": "visible"}, {"gameTime": "1 - 44:44", "label": "Ball out of play", "position": "2684878", "team": "home", "visibility": "visible"}, {"gameTime": "1 - 44:50", "label": "Throw-in", "position": "2690814", "team": "away", "visibility": "visible"}, {"gameTime": "2 - 00:12", "label": "Kick-off", "position": "12322", "team": "not applicable", "visibility": "visible"}, {"gameTime": "2 - 00:16", "label": "Ball out of play", "position": "16925", "team": "home", "visibility": "visible"}, {"gameTime": "2 - 01:24", "label": "Throw-in", "position": "84940", "team": "home", "visibility": "visible"}, {"gameTime": "2 - 01:40", "label": "Foul", "position": "100331", "team": "away", "visibility": "not shown"}, {"gameTime": "2 - 02:54", "label": "Indirect free-kick", "position": "174045", "team": "away", "visibility": "visible"}, {"gameTime": "2 - 02:57", "label": "Shots off target", "position": "177049", "team": "not applicable", "visibility": "visible"}, {"gameTime": "2 - 03:08", "label": "Ball out of play", "position": "188428", "team": "home", "visibility": "not shown"}, {"gameTime": "2 - 03:25", "label": "Clearance", "position": "205205", "team": "home", "visibility": "visible"}, {"gameTime": "2 - 03:32", "label": "Foul", "position": "212147", "team": "home", "visibility": "visible"}, {"gameTime": "2 - 03:51", "label": "Yellow card", "position": "231507", "team": "away", "visibility": "visible"}, {"gameTime": "2 - 04:11", "label": "Indirect free-kick", "position": "251583", "team": "not applicable", "visibility": "visible"}, {"gameTime": "2 - 04:29", "label": "Ball out of play", "position": "269159", "team": "away", "visibility": "visible"}, {"gameTime": "2 - 04:47", "label": "Corner", "position": "287189", "team": "not applicable", "visibility": "visible"}, {"gameTime": "2 - 04:59", "label": "Ball out of play", "position": "299610", "team": "home", "visibility": "visible"}, {"gameTime": "2 - 05:02", "label": "Throw-in", "position": "302687", "team": "away", "visibility": "visible"}, {"gameTime": "2 - 05:11", "label": "Foul", "position": "311992", "team": "home", "visibility": "not shown"}, {"gameTime": "2 - 05:26", "label": "Indirect free-kick", "position": "326447", "team": "away", "visibility": "visible"}, {"gameTime": "2 - 05:27", "label": "Shots off target", "position": "327759", "team": "not applicable", "visibility": "visible"}, {"gameTime": "2 - 05:49", "label": "Ball out of play", "position": "349941", "team": "home", "visibility": "visible"}, {"gameTime": "2 - 06:05", "label": "Clearance", "position": "365632", "team": "not applicable", "visibility": "visible"}, {"gameTime": "2 - 06:20", "label": "Ball out of play", "position": "380104", "team": "home", "visibility": "visible"}, {"gameTime": "2 - 06:25", "label": "Throw-in", "position": "385024", "team": "not applicable", "visibility": "visible"}, {"gameTime": "2 - 06:29", "label": "Ball out of play", "position": "389273", "team": "home", "visibility": "visible"}, {"gameTime": "2 - 06:39", "label": "Throw-in", "position": "399801", "team": "not applicable", "visibility": "visible"}, {"gameTime": "2 - 06:48", "label": "Ball out of play", "position": "408510", "team": "away", "visibility": "visible"}, {"gameTime": "2 - 08:03", "label": "Throw-in", "position": "483868", "team": "home", "visibility": "visible"}, {"gameTime": "2 - 08:04", "label": "Shots off target", "position": "484953", "team": "not applicable", "visibility": "visible"}, {"gameTime": "2 - 08:19", "label": "Ball out of play", "position": "499381", "team": "away", "visibility": "visible"}, {"gameTime": "2 - 08:29", "label": "Substitution", "position": "509540", "team": "away", "visibility": "not shown"}, {"gameTime": "2 - 08:36", "label": "Substitution", "position": "516952", "team": "away", "visibility": "not shown"}, {"gameTime": "2 - 09:07", "label": "Clearance", "position": "547210", "team": "not applicable", "visibility": "visible"}, {"gameTime": "2 - 09:26", "label": "Ball out of play", "position": "566929", "team": "away", "visibility": "visible"}, {"gameTime": "2 - 10:54", "label": "Corner", "position": "654419", "team": "home", "visibility": "visible"}, {"gameTime": "2 - 10:56", "label": "Shots off target", "position": "656415", "team": "not applicable", "visibility": "visible"}, {"gameTime": "2 - 11:30", "label": "Ball out of play", "position": "690127", "team": "home", "visibility": "visible"}, {"gameTime": "2 - 11:34", "label": "Corner", "position": "694225", "team": "home", "visibility": "visible"}, {"gameTime": "2 - 11:34", "label": "Shots on target", "position": "694756", "team": "home", "visibility": "visible"}, {"gameTime": "2 - 12:24", "label": "Goal", "position": "744126", "team": "away", "visibility": "not shown"}, {"gameTime": "2 - 12:35", "label": "Kick-off", "position": "755590", "team": "away", "visibility": "visible"}, {"gameTime": "2 - 12:38", "label": "Foul", "position": "758534", "team": "away", "visibility": "visible"}, {"gameTime": "2 - 13:20", "label": "Yellow card", "position": "800519", "team": "home", "visibility": "visible"}, {"gameTime": "2 - 13:20", "label": "Direct free-kick", "position": "800519", "team": "home", "visibility": "visible"}, {"gameTime": "2 - 13:21", "label": "Shots off target", "position": "801758", "team": "not applicable", "visibility": "visible"}, {"gameTime": "2 - 13:36", "label": "Ball out of play", "position": "816450", "team": "away", "visibility": "visible"}, {"gameTime": "2 - 13:48", "label": "Clearance", "position": "828082", "team": "not applicable", "visibility": "visible"}, {"gameTime": "2 - 14:00", "label": "Ball out of play", "position": "840226", "team": "home", "visibility": "visible"}, {"gameTime": "2 - 14:19", "label": "Throw-in", "position": "859977", "team": "away", "visibility": "visible"}, {"gameTime": "2 - 14:20", "label": "Shots on target", "position": "860747", "team": "away", "visibility": "visible"}, {"gameTime": "2 - 14:48", "label": "Goal", "position": "888018", "team": "home", "visibility": "not shown"}, {"gameTime": "2 - 15:49", "label": "Kick-off", "position": "949066", "team": "home", "visibility": "visible"}, {"gameTime": "2 - 16:52", "label": "Shots on target", "position": "1012645", "team": "away", "visibility": "visible"}, {"gameTime": "2 - 16:54", "label": "Shots off target", "position": "1014122", "team": "not applicable", "visibility": "visible"}, {"gameTime": "2 - 17:31", "label": "Ball out of play", "position": "1051068", "team": "home", "visibility": "visible"}, {"gameTime": "2 - 17:55", "label": "Clearance", "position": "1075848", "team": "home", "visibility": "visible"}, {"gameTime": "2 - 18:51", "label": "Shots off target", "position": "1131271", "team": "home", "visibility": "visible"}, {"gameTime": "2 - 18:53", "label": "Shots on target", "position": "1133024", "team": "home", "visibility": "visible"}, {"gameTime": "2 - 18:53", "label": "Shots on target", "position": "1133449", "team": "home", "visibility": "visible"}, {"gameTime": "2 - 19:50", "label": "Goal", "position": "1190493", "team": "home", "visibility": "visible"}, {"gameTime": "2 - 19:57", "label": "Substitution", "position": "1197670", "team": "away", "visibility": "not shown"}, {"gameTime": "2 - 21:18", "label": "Kick-off", "position": "1278829", "team": "not applicable", "visibility": "visible"}, {"gameTime": "2 - 21:35", "label": "Ball out of play", "position": "1295494", "team": "home", "visibility": "visible"}, {"gameTime": "2 - 21:53", "label": "Throw-in", "position": "1313394", "team": "not applicable", "visibility": "visible"}, {"gameTime": "2 - 22:03", "label": "Ball out of play", "position": "1323382", "team": "home", "visibility": "visible"}, {"gameTime": "2 - 22:12", "label": "Throw-in", "position": "1332104", "team": "not applicable", "visibility": "visible"}, {"gameTime": "2 - 22:18", "label": "Ball out of play", "position": "1338485", "team": "home", "visibility": "not shown"}, {"gameTime": "2 - 22:28", "label": "Throw-in", "position": "1348050", "team": "not applicable", "visibility": "visible"}, {"gameTime": "2 - 22:36", "label": "Ball out of play", "position": "1356090", "team": "away", "visibility": "not shown"}, {"gameTime": "2 - 22:47", "label": "Throw-in", "position": "1367266", "team": "not applicable", "visibility": "visible"}, {"gameTime": "2 - 23:18", "label": "Ball out of play", "position": "1398198", "team": "home", "visibility": "visible"}, {"gameTime": "2 - 23:24", "label": "Substitution", "position": "1404532", "team": "away", "visibility": "visible"}, {"gameTime": "2 - 24:19", "label": "Throw-in", "position": "1459153", "team": "away", "visibility": "visible"}, {"gameTime": "2 - 24:30", "label": "Shots on target", "position": "1470399", "team": "away", "visibility": "visible"}, {"gameTime": "2 - 24:40", "label": "Shots on target", "position": "1480142", "team": "away", "visibility": "visible"}, {"gameTime": "2 - 25:08", "label": "Shots on target", "position": "1508174", "team": "home", "visibility": "visible"}, {"gameTime": "2 - 25:34", "label": "Clearance", "position": "1534545", "team": "home", "visibility": "visible"}, {"gameTime": "2 - 25:37", "label": "Foul", "position": "1537875", "team": "away", "visibility": "visible"}, {"gameTime": "2 - 26:07", "label": "Indirect free-kick", "position": "1567077", "team": "not applicable", "visibility": "visible"}, {"gameTime": "2 - 26:14", "label": "Ball out of play", "position": "1574000", "team": "away", "visibility": "visible"}, {"gameTime": "2 - 26:55", "label": "Throw-in", "position": "1615200", "team": "away", "visibility": "visible"}, {"gameTime": "2 - 26:56", "label": "Shots off target", "position": "1616247", "team": "not applicable", "visibility": "visible"}, {"gameTime": "2 - 27:10", "label": "Ball out of play", "position": "1630269", "team": "away", "visibility": "not shown"}, {"gameTime": "2 - 27:13", "label": "Clearance", "position": "1633165", "team": "not applicable", "visibility": "not shown"}, {"gameTime": "2 - 27:25", "label": "Ball out of play", "position": "1645259", "team": "home", "visibility": "visible"}, {"gameTime": "2 - 27:40", "label": "Throw-in", "position": "1660459", "team": "home", "visibility": "visible"}, {"gameTime": "2 - 29:35", "label": "Shots on target", "position": "1775890", "team": "home", "visibility": "visible"}, {"gameTime": "2 - 29:53", "label": "Foul", "position": "1793166", "team": "away", "visibility": "visible"}, {"gameTime": "2 - 30:49", "label": "Indirect free-kick", "position": "1849279", "team": "away", "visibility": "visible"}, {"gameTime": "2 - 30:50", "label": "Shots off target", "position": "1850220", "team": "not applicable", "visibility": "visible"}, {"gameTime": "2 - 31:06", "label": "Ball out of play", "position": "1866230", "team": "home", "visibility": "not shown"}, {"gameTime": "2 - 31:41", "label": "Clearance", "position": "1901779", "team": "home", "visibility": "visible"}, {"gameTime": "2 - 32:32", "label": "Shots on target", "position": "1952316", "team": "not applicable", "visibility": "visible"}, {"gameTime": "2 - 33:18", "label": "Ball out of play", "position": "1998248", "team": "home", "visibility": "visible"}, {"gameTime": "2 - 33:35", "label": "Substitution", "position": "2015588", "team": "home", "visibility": "visible"}, {"gameTime": "2 - 33:37", "label": "Throw-in", "position": "2017527", "team": "not applicable", "visibility": "visible"}, {"gameTime": "2 - 33:52", "label": "Ball out of play", "position": "2032881", "team": "away", "visibility": "visible"}, {"gameTime": "2 - 34:18", "label": "Throw-in", "position": "2058141", "team": "not applicable", "visibility": "visible"}, {"gameTime": "2 - 34:41", "label": "Ball out of play", "position": "2081939", "team": "away", "visibility": "visible"}, {"gameTime": "2 - 34:43", "label": "Corner", "position": "2083180", "team": "away", "visibility": "visible"}, {"gameTime": "2 - 34:44", "label": "Shots off target", "position": "2084009", "team": "not applicable", "visibility": "visible"}, {"gameTime": "2 - 35:06", "label": "Ball out of play", "position": "2106755", "team": "away", "visibility": "visible"}, {"gameTime": "2 - 35:12", "label": "Substitution", "position": "2112193", "team": "home", "visibility": "not shown"}, {"gameTime": "2 - 36:18", "label": "Clearance", "position": "2178175", "team": "not applicable", "visibility": "visible"}, {"gameTime": "2 - 36:24", "label": "Ball out of play", "position": "2184965", "team": "away", "visibility": "visible"}, {"gameTime": "2 - 38:22", "label": "Throw-in", "position": "2302922", "team": "away", "visibility": "visible"}, {"gameTime": "2 - 38:24", "label": "Shots off target", "position": "2304594", "team": "not applicable", "visibility": "visible"}, {"gameTime": "2 - 38:34", "label": "Ball out of play", "position": "2314050", "team": "home", "visibility": "visible"}, {"gameTime": "2 - 38:53", "label": "Clearance", "position": "2333610", "team": "away", "visibility": "visible"}, {"gameTime": "2 - 38:54", "label": "Shots on target", "position": "2334634", "team": "not applicable", "visibility": "visible"}, {"gameTime": "2 - 39:26", "label": "Ball out of play", "position": "2366893", "team": "away", "visibility": "visible"}, {"gameTime": "2 - 39:30", "label": "Corner", "position": "2370558", "team": "not applicable", "visibility": "visible"}, {"gameTime": "2 - 39:52", "label": "Ball out of play", "position": "2392957", "team": "home", "visibility": "not shown"}, {"gameTime": "2 - 40:31", "label": "Clearance", "position": "2431900", "team": "not applicable", "visibility": "visible"}, {"gameTime": "2 - 41:07", "label": "Ball out of play", "position": "2467190", "team": "home", "visibility": "visible"}, {"gameTime": "2 - 41:19", "label": "Corner", "position": "2479956", "team": "not applicable", "visibility": "visible"}, {"gameTime": "2 - 41:45", "label": "Ball out of play", "position": "2505586", "team": "away", "visibility": "visible"}, {"gameTime": "2 - 42:41", "label": "Clearance", "position": "2561686", "team": "not applicable", "visibility": "not shown"}, {"gameTime": "2 - 42:53", "label": "Ball out of play", "position": "2573717", "team": "away", "visibility": "not shown"}], "gameAwayTeam": "Fiorentina", "gameDate": "20/05/2017 - 21:45", "gameHomeTeam": "Napoli", "gameScore": "4 - 1"}