{"UrlLocal": "england_epl/2016-2017/2016-10-02 - 18-30 Burnley 0 - 1 Arsenal/", "UrlYoutube": "", "annotations": [{"gameTime": "1 - 00:00", "label": "Ball out of play", "position": "14", "team": "home", "visibility": "visible"}, {"gameTime": "1 - 00:16", "label": "Throw-in", "position": "16735", "team": "not applicable", "visibility": "visible"}, {"gameTime": "1 - 00:24", "label": "Ball out of play", "position": "24650", "team": "away", "visibility": "visible"}, {"gameTime": "1 - 00:40", "label": "Clearance", "position": "40640", "team": "not applicable", "visibility": "visible"}, {"gameTime": "1 - 01:12", "label": "Ball out of play", "position": "72599", "team": "home", "visibility": "not shown"}, {"gameTime": "1 - 01:28", "label": "Throw-in", "position": "88365", "team": "not applicable", "visibility": "visible"}, {"gameTime": "1 - 01:38", "label": "Shots off target", "position": "98040", "team": "away", "visibility": "visible"}, {"gameTime": "1 - 01:58", "label": "Ball out of play", "position": "118128", "team": "away", "visibility": "visible"}, {"gameTime": "1 - 01:59", "label": "Clearance", "position": "119088", "team": "not applicable", "visibility": "visible"}, {"gameTime": "1 - 02:29", "label": "Ball out of play", "position": "149418", "team": "home", "visibility": "not shown"}, {"gameTime": "1 - 02:38", "label": "Throw-in", "position": "158371", "team": "not applicable", "visibility": "visible"}, {"gameTime": "1 - 02:56", "label": "Ball out of play", "position": "176929", "team": "home", "visibility": "visible"}, {"gameTime": "1 - 03:13", "label": "Throw-in", "position": "193694", "team": "not applicable", "visibility": "visible"}, {"gameTime": "1 - 03:22", "label": "Shots off target", "position": "202909", "team": "away", "visibility": "not shown"}, {"gameTime": "1 - 03:57", "label": "Ball out of play", "position": "237726", "team": "away", "visibility": "visible"}, {"gameTime": "1 - 03:59", "label": "Clearance", "position": "239366", "team": "not applicable", "visibility": "visible"}, {"gameTime": "1 - 04:35", "label": "Offside", "position": "275591", "team": "home", "visibility": "not shown"}, {"gameTime": "1 - 05:01", "label": "Indirect free-kick", "position": "301839", "team": "home", "visibility": "visible"}, {"gameTime": "1 - 05:35", "label": "Ball out of play", "position": "335923", "team": "away", "visibility": "visible"}, {"gameTime": "1 - 06:30", "label": "Throw-in", "position": "390313", "team": "not applicable", "visibility": "visible"}, {"gameTime": "1 - 06:38", "label": "Ball out of play", "position": "398177", "team": "away", "visibility": "not shown"}, {"gameTime": "1 - 06:54", "label": "Throw-in", "position": "414618", "team": "not applicable", "visibility": "visible"}, {"gameTime": "1 - 07:05", "label": "Ball out of play", "position": "425779", "team": "home", "visibility": "visible"}, {"gameTime": "1 - 07:36", "label": "Throw-in", "position": "456708", "team": "not applicable", "visibility": "visible"}, {"gameTime": "1 - 07:51", "label": "Foul", "position": "471379", "team": "home", "visibility": "visible"}, {"gameTime": "1 - 08:09", "label": "Indirect free-kick", "position": "489996", "team": "away", "visibility": "visible"}, {"gameTime": "1 - 08:18", "label": "Ball out of play", "position": "498557", "team": "home", "visibility": "not shown"}, {"gameTime": "1 - 08:29", "label": "Clearance", "position": "509603", "team": "not applicable", "visibility": "visible"}, {"gameTime": "1 - 08:57", "label": "Ball out of play", "position": "537284", "team": "away", "visibility": "visible"}, {"gameTime": "1 - 09:58", "label": "Throw-in", "position": "598429", "team": "not applicable", "visibility": "visible"}, {"gameTime": "1 - 10:04", "label": "Shots on target", "position": "604632", "team": "home", "visibility": "not shown"}, {"gameTime": "1 - 10:58", "label": "Foul", "position": "658134", "team": "away", "visibility": "visible"}, {"gameTime": "1 - 12:11", "label": "Indirect free-kick", "position": "731094", "team": "away", "visibility": "visible"}, {"gameTime": "1 - 12:52", "label": "Offside", "position": "772294", "team": "home", "visibility": "not shown"}, {"gameTime": "1 - 13:10", "label": "Indirect free-kick", "position": "790102", "team": "home", "visibility": "visible"}, {"gameTime": "1 - 13:36", "label": "Ball out of play", "position": "816742", "team": "away", "visibility": "visible"}, {"gameTime": "1 - 13:41", "label": "Throw-in", "position": "821132", "team": "not applicable", "visibility": "visible"}, {"gameTime": "1 - 13:56", "label": "Shots off target", "position": "836644", "team": "home", "visibility": "visible"}, {"gameTime": "1 - 14:07", "label": "Ball out of play", "position": "847058", "team": "home", "visibility": "visible"}, {"gameTime": "1 - 14:07", "label": "Clearance", "position": "847921", "team": "not applicable", "visibility": "visible"}, {"gameTime": "1 - 14:29", "label": "Ball out of play", "position": "869758", "team": "away", "visibility": "not shown"}, {"gameTime": "1 - 14:56", "label": "Throw-in", "position": "896683", "team": "not applicable", "visibility": "visible"}, {"gameTime": "1 - 15:14", "label": "Shots off target", "position": "914545", "team": "home", "visibility": "visible"}, {"gameTime": "1 - 16:00", "label": "Ball out of play", "position": "960501", "team": "away", "visibility": "visible"}, {"gameTime": "1 - 16:01", "label": "Clearance", "position": "961821", "team": "not applicable", "visibility": "visible"}, {"gameTime": "1 - 16:35", "label": "Ball out of play", "position": "995269", "team": "home", "visibility": "not shown"}, {"gameTime": "1 - 18:19", "label": "Corner", "position": "1099722", "team": "not applicable", "visibility": "visible"}, {"gameTime": "1 - 18:58", "label": "Foul", "position": "1138111", "team": "away", "visibility": "visible"}, {"gameTime": "1 - 19:47", "label": "Indirect free-kick", "position": "1187093", "team": "away", "visibility": "visible"}, {"gameTime": "1 - 20:30", "label": "Shots off target", "position": "1230957", "team": "home", "visibility": "visible"}, {"gameTime": "1 - 20:39", "label": "Shots on target", "position": "1239960", "team": "home", "visibility": "visible"}, {"gameTime": "1 - 20:42", "label": "Offside", "position": "1242855", "team": "home", "visibility": "visible"}, {"gameTime": "1 - 21:02", "label": "Indirect free-kick", "position": "1262206", "team": "home", "visibility": "visible"}, {"gameTime": "1 - 21:11", "label": "Ball out of play", "position": "1271182", "team": "away", "visibility": "visible"}, {"gameTime": "1 - 21:51", "label": "Throw-in", "position": "1311403", "team": "not applicable", "visibility": "visible"}, {"gameTime": "1 - 22:05", "label": "Clearance", "position": "1325635", "team": "away", "visibility": "visible"}, {"gameTime": "1 - 23:03", "label": "Ball out of play", "position": "1383868", "team": "home", "visibility": "not shown"}, {"gameTime": "1 - 25:15", "label": "Throw-in", "position": "1515133", "team": "not applicable", "visibility": "visible"}, {"gameTime": "1 - 25:32", "label": "Ball out of play", "position": "1532115", "team": "away", "visibility": "visible"}, {"gameTime": "1 - 25:35", "label": "Throw-in", "position": "1535596", "team": "not applicable", "visibility": "visible"}, {"gameTime": "1 - 25:52", "label": "Ball out of play", "position": "1552978", "team": "home", "visibility": "visible"}, {"gameTime": "1 - 26:18", "label": "Throw-in", "position": "1578489", "team": "not applicable", "visibility": "visible"}, {"gameTime": "1 - 26:39", "label": "Ball out of play", "position": "1599087", "team": "home", "visibility": "visible"}, {"gameTime": "1 - 28:50", "label": "Throw-in", "position": "1730357", "team": "not applicable", "visibility": "visible"}, {"gameTime": "1 - 29:04", "label": "Ball out of play", "position": "1744247", "team": "away", "visibility": "visible"}, {"gameTime": "1 - 29:16", "label": "Throw-in", "position": "1756844", "team": "not applicable", "visibility": "visible"}, {"gameTime": "1 - 29:34", "label": "Ball out of play", "position": "1774251", "team": "home", "visibility": "visible"}, {"gameTime": "1 - 30:35", "label": "Corner", "position": "1835987", "team": "not applicable", "visibility": "visible"}, {"gameTime": "1 - 30:52", "label": "Ball out of play", "position": "1852883", "team": "away", "visibility": "not shown"}, {"gameTime": "1 - 31:11", "label": "Throw-in", "position": "1871567", "team": "not applicable", "visibility": "visible"}, {"gameTime": "1 - 31:46", "label": "Ball out of play", "position": "1906258", "team": "away", "visibility": "visible"}, {"gameTime": "1 - 32:13", "label": "Throw-in", "position": "1933493", "team": "not applicable", "visibility": "visible"}, {"gameTime": "1 - 32:20", "label": "Ball out of play", "position": "1940248", "team": "home", "visibility": "visible"}, {"gameTime": "1 - 32:35", "label": "Throw-in", "position": "1955001", "team": "not applicable", "visibility": "visible"}, {"gameTime": "1 - 32:40", "label": "Ball out of play", "position": "1960175", "team": "home", "visibility": "visible"}, {"gameTime": "1 - 34:46", "label": "Throw-in", "position": "2086101", "team": "not applicable", "visibility": "visible"}, {"gameTime": "1 - 35:01", "label": "Ball out of play", "position": "2101741", "team": "home", "visibility": "visible"}, {"gameTime": "1 - 35:13", "label": "Throw-in", "position": "2113152", "team": "not applicable", "visibility": "visible"}, {"gameTime": "1 - 35:31", "label": "Shots off target", "position": "2131988", "team": "away", "visibility": "visible"}, {"gameTime": "1 - 37:34", "label": "Ball out of play", "position": "2254682", "team": "home", "visibility": "visible"}, {"gameTime": "1 - 37:35", "label": "Clearance", "position": "2255322", "team": "not applicable", "visibility": "visible"}, {"gameTime": "1 - 37:55", "label": "Foul", "position": "2275038", "team": "away", "visibility": "not shown"}, {"gameTime": "1 - 38:11", "label": "Indirect free-kick", "position": "2291398", "team": "home", "visibility": "not shown"}, {"gameTime": "1 - 38:31", "label": "Ball out of play", "position": "2311036", "team": "away", "visibility": "visible"}, {"gameTime": "1 - 38:46", "label": "Throw-in", "position": "2326353", "team": "not applicable", "visibility": "visible"}, {"gameTime": "1 - 38:59", "label": "Ball out of play", "position": "2339096", "team": "away", "visibility": "not shown"}, {"gameTime": "1 - 39:59", "label": "Clearance", "position": "2399793", "team": "not applicable", "visibility": "visible"}, {"gameTime": "1 - 40:26", "label": "Ball out of play", "position": "2426105", "team": "away", "visibility": "not shown"}, {"gameTime": "1 - 41:49", "label": "Clearance", "position": "2509941", "team": "not applicable", "visibility": "not shown"}, {"gameTime": "1 - 42:22", "label": "Ball out of play", "position": "2542575", "team": "home", "visibility": "not shown"}, {"gameTime": "1 - 43:31", "label": "Throw-in", "position": "2611400", "team": "not applicable", "visibility": "visible"}, {"gameTime": "1 - 43:51", "label": "Throw-in", "position": "2631078", "team": "home", "visibility": "visible"}, {"gameTime": "2 - 00:00", "label": "Ball out of play", "position": "0", "team": "away", "visibility": "not shown"}, {"gameTime": "2 - 02:05", "label": "Clearance", "position": "125908", "team": "not applicable", "visibility": "visible"}, {"gameTime": "2 - 02:31", "label": "Shots on target", "position": "151205", "team": "away", "visibility": "not shown"}, {"gameTime": "2 - 03:49", "label": "Ball out of play", "position": "229870", "team": "away", "visibility": "visible"}, {"gameTime": "2 - 04:16", "label": "Throw-in", "position": "256812", "team": "not applicable", "visibility": "not shown"}, {"gameTime": "2 - 04:30", "label": "Shots off target", "position": "270979", "team": "home", "visibility": "not shown"}, {"gameTime": "2 - 04:51", "label": "Ball out of play", "position": "291523", "team": "away", "visibility": "visible"}, {"gameTime": "2 - 04:52", "label": "Clearance", "position": "292683", "team": "not applicable", "visibility": "visible"}, {"gameTime": "2 - 05:26", "label": "Shots off target", "position": "326517", "team": "home", "visibility": "visible"}, {"gameTime": "2 - 05:51", "label": "Ball out of play", "position": "351018", "team": "home", "visibility": "visible"}, {"gameTime": "2 - 05:52", "label": "Clearance", "position": "352338", "team": "not applicable", "visibility": "visible"}, {"gameTime": "2 - 06:12", "label": "Ball out of play", "position": "372934", "team": "away", "visibility": "not shown"}, {"gameTime": "2 - 07:10", "label": "Throw-in", "position": "430771", "team": "not applicable", "visibility": "visible"}, {"gameTime": "2 - 07:28", "label": "Shots off target", "position": "448181", "team": "away", "visibility": "visible"}, {"gameTime": "2 - 07:53", "label": "Ball out of play", "position": "473997", "team": "away", "visibility": "visible"}, {"gameTime": "2 - 07:56", "label": "Throw-in", "position": "476437", "team": "not applicable", "visibility": "visible"}, {"gameTime": "2 - 08:11", "label": "Ball out of play", "position": "491918", "team": "home", "visibility": "not shown"}, {"gameTime": "2 - 08:37", "label": "Throw-in", "position": "517973", "team": "not applicable", "visibility": "visible"}, {"gameTime": "2 - 08:53", "label": "Foul", "position": "533738", "team": "away", "visibility": "visible"}, {"gameTime": "2 - 09:01", "label": "Indirect free-kick", "position": "541690", "team": "home", "visibility": "visible"}, {"gameTime": "2 - 09:06", "label": "Ball out of play", "position": "546090", "team": "away", "visibility": "not shown"}, {"gameTime": "2 - 09:46", "label": "Throw-in", "position": "586296", "team": "not applicable", "visibility": "visible"}, {"gameTime": "2 - 10:00", "label": "Ball out of play", "position": "600044", "team": "away", "visibility": "visible"}, {"gameTime": "2 - 10:12", "label": "Throw-in", "position": "612253", "team": "not applicable", "visibility": "visible"}, {"gameTime": "2 - 10:25", "label": "Shots on target", "position": "625996", "team": "home", "visibility": "visible"}, {"gameTime": "2 - 12:11", "label": "Ball out of play", "position": "731452", "team": "away", "visibility": "visible"}, {"gameTime": "2 - 12:20", "label": "Throw-in", "position": "740837", "team": "not applicable", "visibility": "visible"}, {"gameTime": "2 - 12:27", "label": "Ball out of play", "position": "747325", "team": "away", "visibility": "visible"}, {"gameTime": "2 - 13:06", "label": "Throw-in", "position": "786420", "team": "not applicable", "visibility": "visible"}, {"gameTime": "2 - 13:07", "label": "Ball out of play", "position": "787521", "team": "away", "visibility": "visible"}, {"gameTime": "2 - 13:43", "label": "Throw-in", "position": "823847", "team": "not applicable", "visibility": "visible"}, {"gameTime": "2 - 13:56", "label": "Shots on target", "position": "836152", "team": "home", "visibility": "not shown"}, {"gameTime": "2 - 14:02", "label": "Ball out of play", "position": "842935", "team": "home", "visibility": "visible"}, {"gameTime": "2 - 14:04", "label": "Corner", "position": "844175", "team": "not applicable", "visibility": "visible"}, {"gameTime": "2 - 14:32", "label": "Ball out of play", "position": "872201", "team": "home", "visibility": "visible"}, {"gameTime": "2 - 15:43", "label": "Substitution", "position": "943589", "team": "not applicable", "visibility": "visible"}, {"gameTime": "2 - 16:17", "label": "Throw-in", "position": "977617", "team": "home", "visibility": "visible"}, {"gameTime": "2 - 16:27", "label": "Shots off target", "position": "987802", "team": "away", "visibility": "not shown"}, {"gameTime": "2 - 18:14", "label": "Ball out of play", "position": "1094547", "team": "away", "visibility": "visible"}, {"gameTime": "2 - 18:15", "label": "Clearance", "position": "1095507", "team": "not applicable", "visibility": "visible"}, {"gameTime": "2 - 18:55", "label": "Ball out of play", "position": "1135450", "team": "home", "visibility": "not shown"}, {"gameTime": "2 - 19:19", "label": "Throw-in", "position": "1159935", "team": "not applicable", "visibility": "visible"}, {"gameTime": "2 - 19:29", "label": "Ball out of play", "position": "1169662", "team": "home", "visibility": "visible"}, {"gameTime": "2 - 20:43", "label": "Throw-in", "position": "1243828", "team": "not applicable", "visibility": "visible"}, {"gameTime": "2 - 20:51", "label": "Ball out of play", "position": "1251995", "team": "away", "visibility": "visible"}, {"gameTime": "2 - 22:40", "label": "Throw-in", "position": "1360001", "team": "not applicable", "visibility": "visible"}, {"gameTime": "2 - 22:58", "label": "Ball out of play", "position": "1378139", "team": "home", "visibility": "visible"}, {"gameTime": "2 - 23:20", "label": "Throw-in", "position": "1400235", "team": "not applicable", "visibility": "visible"}, {"gameTime": "2 - 23:38", "label": "Ball out of play", "position": "1418642", "team": "home", "visibility": "visible"}, {"gameTime": "2 - 24:58", "label": "Substitution", "position": "1498511", "team": "not applicable", "visibility": "visible"}, {"gameTime": "2 - 25:25", "label": "Substitution", "position": "1525760", "team": "away", "visibility": "not shown"}, {"gameTime": "2 - 25:28", "label": "Clearance", "position": "1528000", "team": "away", "visibility": "visible"}, {"gameTime": "2 - 25:58", "label": "Ball out of play", "position": "1558417", "team": "home", "visibility": "visible"}, {"gameTime": "2 - 26:03", "label": "Throw-in", "position": "1563110", "team": "not applicable", "visibility": "visible"}, {"gameTime": "2 - 26:13", "label": "Ball out of play", "position": "1573591", "team": "away", "visibility": "visible"}, {"gameTime": "2 - 26:56", "label": "Corner", "position": "1616991", "team": "not applicable", "visibility": "visible"}, {"gameTime": "2 - 27:23", "label": "Shots off target", "position": "1643922", "team": "away", "visibility": "not shown"}, {"gameTime": "2 - 27:26", "label": "Ball out of play", "position": "1646768", "team": "away", "visibility": "visible"}, {"gameTime": "2 - 27:29", "label": "Corner", "position": "1649048", "team": "not applicable", "visibility": "visible"}, {"gameTime": "2 - 27:38", "label": "Shots off target", "position": "1658977", "team": "away", "visibility": "not shown"}, {"gameTime": "2 - 27:49", "label": "Ball out of play", "position": "1669577", "team": "away", "visibility": "visible"}, {"gameTime": "2 - 27:50", "label": "Clearance", "position": "1670057", "team": "not applicable", "visibility": "visible"}, {"gameTime": "2 - 28:23", "label": "Ball out of play", "position": "1703692", "team": "home", "visibility": "not shown"}, {"gameTime": "2 - 28:39", "label": "Corner", "position": "1719895", "team": "not applicable", "visibility": "visible"}, {"gameTime": "2 - 29:06", "label": "Shots off target", "position": "1746858", "team": "home", "visibility": "visible"}, {"gameTime": "2 - 29:09", "label": "Foul", "position": "1749043", "team": "home", "visibility": "visible"}, {"gameTime": "2 - 30:16", "label": "Direct free-kick", "position": "1816575", "team": "home", "visibility": "visible"}, {"gameTime": "2 - 31:15", "label": "Shots off target", "position": "1875311", "team": "away", "visibility": "visible"}, {"gameTime": "2 - 31:15", "label": "Ball out of play", "position": "1875311", "team": "away", "visibility": "visible"}, {"gameTime": "2 - 31:19", "label": "Throw-in", "position": "1879773", "team": "not applicable", "visibility": "not shown"}, {"gameTime": "2 - 31:25", "label": "Ball out of play", "position": "1885848", "team": "away", "visibility": "visible"}, {"gameTime": "2 - 31:38", "label": "Throw-in", "position": "1898295", "team": "not applicable", "visibility": "visible"}, {"gameTime": "2 - 31:56", "label": "Ball out of play", "position": "1916187", "team": "home", "visibility": "visible"}, {"gameTime": "2 - 32:43", "label": "Throw-in", "position": "1963210", "team": "not applicable", "visibility": "visible"}, {"gameTime": "2 - 32:53", "label": "Ball out of play", "position": "1973642", "team": "home", "visibility": "visible"}, {"gameTime": "2 - 32:58", "label": "Throw-in", "position": "1978282", "team": "not applicable", "visibility": "visible"}, {"gameTime": "2 - 33:05", "label": "Ball out of play", "position": "1985226", "team": "home", "visibility": "visible"}, {"gameTime": "2 - 33:20", "label": "Throw-in", "position": "2000135", "team": "not applicable", "visibility": "visible"}, {"gameTime": "2 - 33:25", "label": "Ball out of play", "position": "2005006", "team": "away", "visibility": "not shown"}, {"gameTime": "2 - 33:58", "label": "Throw-in", "position": "2038079", "team": "not applicable", "visibility": "visible"}, {"gameTime": "2 - 34:18", "label": "Ball out of play", "position": "2058025", "team": "home", "visibility": "not shown"}, {"gameTime": "2 - 38:08", "label": "Clearance", "position": "2288915", "team": "not applicable", "visibility": "visible"}, {"gameTime": "2 - 38:42", "label": "Shots off target", "position": "2322791", "team": "home", "visibility": "visible"}, {"gameTime": "2 - 39:44", "label": "Ball out of play", "position": "2384256", "team": "away", "visibility": "visible"}, {"gameTime": "2 - 39:45", "label": "Clearance", "position": "2385376", "team": "not applicable", "visibility": "visible"}, {"gameTime": "2 - 40:23", "label": "Offside", "position": "2423084", "team": "home", "visibility": "visible"}, {"gameTime": "2 - 41:47", "label": "Indirect free-kick", "position": "2507662", "team": "home", "visibility": "visible"}, {"gameTime": "2 - 41:55", "label": "Shots on target", "position": "2515215", "team": "away", "visibility": "visible"}, {"gameTime": "2 - 43:12", "label": "Ball out of play", "position": "2592332", "team": "away", "visibility": "visible"}, {"gameTime": "2 - 44:49", "label": "Throw-in", "position": "2689420", "team": "not applicable", "visibility": "visible"}, {"gameTime": "2 - 44:51", "label": "Shots on target", "position": "2691312", "team": "away", "visibility": "not shown"}, {"gameTime": "2 - 45:09", "label": "Ball out of play", "position": "2709698", "team": "away", "visibility": "visible"}, {"gameTime": "2 - 46:02", "label": "Corner", "position": "2762283", "team": "not applicable", "visibility": "visible"}, {"gameTime": "2 - 46:09", "label": "Shots off target", "position": "2769416", "team": "away", "visibility": "visible"}, {"gameTime": "2 - 46:41", "label": "Ball out of play", "position": "2801419", "team": "away", "visibility": "visible"}, {"gameTime": "2 - 46:42", "label": "Corner", "position": "2802259", "team": "not applicable", "visibility": "visible"}, {"gameTime": "2 - 47:00", "label": "Shots on target", "position": "2820454", "team": "away", "visibility": "not shown"}, {"gameTime": "2 - 47:05", "label": "Goal", "position": "2825390", "team": "away", "visibility": "visible"}, {"gameTime": "2 - 47:06", "label": "Kick-off", "position": "2826000", "team": "away", "visibility": "visible"}, {"gameTime": "2 - 48:06", "label": "Kick-off", "position": "2886003", "team": "home", "visibility": "not shown"}], "gameAwayTeam": "Arsenal", "gameDate": "02/10/2016 - 18:30", "gameHomeTeam": "Burnley", "gameScore": "0 - 1"}