{"UrlLocal": "italy_serie-a/2016-2017/2016-11-26 - 22-45 Empoli 1 - 4 AC Milan/", "UrlYoutube": "", "annotations": [{"gameTime": "1 - 00:05", "label": "Kick-off", "position": "5292", "team": "not applicable", "visibility": "visible"}, {"gameTime": "1 - 00:12", "label": "Ball out of play", "position": "12492", "team": "away", "visibility": "visible"}, {"gameTime": "1 - 01:12", "label": "Throw-in", "position": "72364", "team": "home", "visibility": "visible"}, {"gameTime": "1 - 01:21", "label": "Foul", "position": "81449", "team": "away", "visibility": "not shown"}, {"gameTime": "1 - 02:02", "label": "Indirect free-kick", "position": "122278", "team": "home", "visibility": "visible"}, {"gameTime": "1 - 02:03", "label": "Shots off target", "position": "123425", "team": "not applicable", "visibility": "visible"}, {"gameTime": "1 - 02:22", "label": "Ball out of play", "position": "142119", "team": "away", "visibility": "not shown"}, {"gameTime": "1 - 03:06", "label": "Clearance", "position": "186735", "team": "away", "visibility": "visible"}, {"gameTime": "1 - 03:30", "label": "Shots on target", "position": "210127", "team": "away", "visibility": "visible"}, {"gameTime": "1 - 03:54", "label": "Foul", "position": "234387", "team": "away", "visibility": "visible"}, {"gameTime": "1 - 04:41", "label": "Yellow card", "position": "281770", "team": "home", "visibility": "visible"}, {"gameTime": "1 - 05:09", "label": "Direct free-kick", "position": "309184", "team": "away", "visibility": "visible"}, {"gameTime": "1 - 05:49", "label": "Foul", "position": "349231", "team": "home", "visibility": "visible"}, {"gameTime": "1 - 05:58", "label": "Indirect free-kick", "position": "358601", "team": "home", "visibility": "visible"}, {"gameTime": "1 - 07:04", "label": "Shots on target", "position": "424055", "team": "not applicable", "visibility": "visible"}, {"gameTime": "1 - 07:22", "label": "Ball out of play", "position": "442095", "team": "home", "visibility": "visible"}, {"gameTime": "1 - 07:26", "label": "Throw-in", "position": "446418", "team": "not applicable", "visibility": "visible"}, {"gameTime": "1 - 07:37", "label": "Ball out of play", "position": "457486", "team": "home", "visibility": "visible"}, {"gameTime": "1 - 08:59", "label": "Throw-in", "position": "539674", "team": "home", "visibility": "visible"}, {"gameTime": "1 - 09:00", "label": "Shots off target", "position": "540903", "team": "not applicable", "visibility": "visible"}, {"gameTime": "1 - 09:21", "label": "Ball out of play", "position": "561638", "team": "away", "visibility": "visible"}, {"gameTime": "1 - 09:35", "label": "Clearance", "position": "575637", "team": "not applicable", "visibility": "visible"}, {"gameTime": "1 - 09:52", "label": "Ball out of play", "position": "592160", "team": "away", "visibility": "visible"}, {"gameTime": "1 - 10:04", "label": "Substitution", "position": "604698", "team": "home", "visibility": "visible"}, {"gameTime": "1 - 10:08", "label": "Throw-in", "position": "608536", "team": "away", "visibility": "visible"}, {"gameTime": "1 - 10:54", "label": "Foul", "position": "654110", "team": "home", "visibility": "visible"}, {"gameTime": "1 - 11:00", "label": "Direct free-kick", "position": "660106", "team": "not applicable", "visibility": "visible"}, {"gameTime": "1 - 11:20", "label": "Ball out of play", "position": "680611", "team": "home", "visibility": "visible"}, {"gameTime": "1 - 11:27", "label": "Throw-in", "position": "687538", "team": "home", "visibility": "visible"}, {"gameTime": "1 - 11:29", "label": "Shots off target", "position": "689239", "team": "not applicable", "visibility": "visible"}, {"gameTime": "1 - 11:37", "label": "Ball out of play", "position": "697652", "team": "away", "visibility": "visible"}, {"gameTime": "1 - 11:50", "label": "Clearance", "position": "710614", "team": "not applicable", "visibility": "visible"}, {"gameTime": "1 - 11:59", "label": "Ball out of play", "position": "719397", "team": "away", "visibility": "visible"}, {"gameTime": "1 - 12:37", "label": "Throw-in", "position": "757965", "team": "not applicable", "visibility": "visible"}, {"gameTime": "1 - 12:43", "label": "Ball out of play", "position": "763888", "team": "away", "visibility": "visible"}, {"gameTime": "1 - 13:22", "label": "Throw-in", "position": "802682", "team": "not applicable", "visibility": "visible"}, {"gameTime": "1 - 13:34", "label": "Ball out of play", "position": "814774", "team": "away", "visibility": "not shown"}, {"gameTime": "1 - 13:45", "label": "Corner", "position": "825661", "team": "not applicable", "visibility": "visible"}, {"gameTime": "1 - 13:55", "label": "Ball out of play", "position": "835373", "team": "home", "visibility": "visible"}, {"gameTime": "1 - 14:12", "label": "Clearance", "position": "852452", "team": "away", "visibility": "visible"}, {"gameTime": "1 - 14:13", "label": "Shots on target", "position": "853051", "team": "away", "visibility": "visible"}, {"gameTime": "1 - 15:05", "label": "Goal", "position": "905380", "team": "home", "visibility": "visible"}, {"gameTime": "1 - 15:11", "label": "Kick-off", "position": "911434", "team": "not applicable", "visibility": "visible"}, {"gameTime": "1 - 15:16", "label": "Ball out of play", "position": "916664", "team": "home", "visibility": "visible"}, {"gameTime": "1 - 15:24", "label": "Throw-in", "position": "924330", "team": "not applicable", "visibility": "visible"}, {"gameTime": "1 - 15:39", "label": "Ball out of play", "position": "939966", "team": "away", "visibility": "visible"}, {"gameTime": "1 - 16:13", "label": "Clearance", "position": "973214", "team": "home", "visibility": "visible"}, {"gameTime": "1 - 16:14", "label": "Shots on target", "position": "974230", "team": "home", "visibility": "visible"}, {"gameTime": "1 - 16:53", "label": "Goal", "position": "1013036", "team": "away", "visibility": "not shown"}, {"gameTime": "1 - 17:24", "label": "Kick-off", "position": "1044659", "team": "not applicable", "visibility": "visible"}, {"gameTime": "1 - 17:38", "label": "Ball out of play", "position": "1058601", "team": "home", "visibility": "visible"}, {"gameTime": "1 - 17:44", "label": "Throw-in", "position": "1064776", "team": "home", "visibility": "visible"}, {"gameTime": "1 - 18:24", "label": "Foul", "position": "1104141", "team": "away", "visibility": "visible"}, {"gameTime": "1 - 18:27", "label": "Direct free-kick", "position": "1107541", "team": "not applicable", "visibility": "visible"}, {"gameTime": "1 - 18:55", "label": "Ball out of play", "position": "1135970", "team": "home", "visibility": "visible"}, {"gameTime": "1 - 19:06", "label": "Clearance", "position": "1146625", "team": "not applicable", "visibility": "visible"}, {"gameTime": "1 - 19:14", "label": "Ball out of play", "position": "1154273", "team": "away", "visibility": "visible"}, {"gameTime": "1 - 19:20", "label": "Throw-in", "position": "1160572", "team": "not applicable", "visibility": "visible"}, {"gameTime": "1 - 19:29", "label": "Ball out of play", "position": "1169583", "team": "away", "visibility": "visible"}, {"gameTime": "1 - 20:18", "label": "Throw-in", "position": "1218900", "team": "not applicable", "visibility": "visible"}, {"gameTime": "1 - 20:35", "label": "Ball out of play", "position": "1235802", "team": "home", "visibility": "visible"}, {"gameTime": "1 - 21:23", "label": "Clearance", "position": "1283186", "team": "away", "visibility": "visible"}, {"gameTime": "1 - 21:24", "label": "Shots on target", "position": "1284915", "team": "not applicable", "visibility": "visible"}, {"gameTime": "1 - 21:43", "label": "Ball out of play", "position": "1303737", "team": "away", "visibility": "visible"}, {"gameTime": "1 - 22:11", "label": "Corner", "position": "1331590", "team": "home", "visibility": "visible"}, {"gameTime": "1 - 22:13", "label": "Shots off target", "position": "1333260", "team": "not applicable", "visibility": "visible"}, {"gameTime": "1 - 22:37", "label": "Ball out of play", "position": "1357689", "team": "away", "visibility": "visible"}, {"gameTime": "1 - 23:06", "label": "Clearance", "position": "1386711", "team": "not applicable", "visibility": "visible"}, {"gameTime": "1 - 23:14", "label": "Ball out of play", "position": "1394525", "team": "away", "visibility": "visible"}, {"gameTime": "1 - 23:19", "label": "Throw-in", "position": "1399709", "team": "not applicable", "visibility": "visible"}, {"gameTime": "1 - 23:25", "label": "Ball out of play", "position": "1405890", "team": "home", "visibility": "visible"}, {"gameTime": "1 - 23:39", "label": "Throw-in", "position": "1419158", "team": "not applicable", "visibility": "visible"}, {"gameTime": "1 - 23:47", "label": "Ball out of play", "position": "1427776", "team": "away", "visibility": "visible"}, {"gameTime": "1 - 25:26", "label": "Throw-in", "position": "1526159", "team": "away", "visibility": "visible"}, {"gameTime": "1 - 25:35", "label": "Shots on target", "position": "1535779", "team": "not applicable", "visibility": "visible"}, {"gameTime": "1 - 25:56", "label": "Ball out of play", "position": "1556052", "team": "home", "visibility": "visible"}, {"gameTime": "1 - 26:03", "label": "Throw-in", "position": "1563025", "team": "not applicable", "visibility": "visible"}, {"gameTime": "1 - 26:14", "label": "Ball out of play", "position": "1574733", "team": "away", "visibility": "visible"}, {"gameTime": "1 - 26:33", "label": "Throw-in", "position": "1593630", "team": "not applicable", "visibility": "visible"}, {"gameTime": "1 - 26:43", "label": "Ball out of play", "position": "1603215", "team": "away", "visibility": "visible"}, {"gameTime": "1 - 27:12", "label": "Throw-in", "position": "1632287", "team": "away", "visibility": "visible"}, {"gameTime": "1 - 27:37", "label": "Foul", "position": "1657381", "team": "home", "visibility": "visible"}, {"gameTime": "1 - 27:46", "label": "Indirect free-kick", "position": "1666405", "team": "not applicable", "visibility": "visible"}, {"gameTime": "1 - 28:05", "label": "Ball out of play", "position": "1685672", "team": "away", "visibility": "visible"}, {"gameTime": "1 - 28:09", "label": "Throw-in", "position": "1689547", "team": "not applicable", "visibility": "visible"}, {"gameTime": "1 - 28:17", "label": "Ball out of play", "position": "1697799", "team": "away", "visibility": "visible"}, {"gameTime": "1 - 28:19", "label": "Throw-in", "position": "1699281", "team": "not applicable", "visibility": "visible"}, {"gameTime": "1 - 28:29", "label": "Ball out of play", "position": "1709069", "team": "home", "visibility": "visible"}, {"gameTime": "1 - 28:31", "label": "Throw-in", "position": "1711007", "team": "not applicable", "visibility": "visible"}, {"gameTime": "1 - 28:41", "label": "Ball out of play", "position": "1721305", "team": "home", "visibility": "visible"}, {"gameTime": "1 - 30:20", "label": "Throw-in", "position": "1820790", "team": "away", "visibility": "visible"}, {"gameTime": "1 - 30:27", "label": "Foul", "position": "1827147", "team": "away", "visibility": "visible"}, {"gameTime": "1 - 31:11", "label": "Yellow card", "position": "1871134", "team": "home", "visibility": "visible"}, {"gameTime": "1 - 31:51", "label": "Indirect free-kick", "position": "1911794", "team": "away", "visibility": "visible"}, {"gameTime": "1 - 31:52", "label": "Shots off target", "position": "1912678", "team": "not applicable", "visibility": "visible"}, {"gameTime": "1 - 32:13", "label": "Ball out of play", "position": "1933172", "team": "away", "visibility": "visible"}, {"gameTime": "1 - 32:15", "label": "Corner", "position": "1935388", "team": "away", "visibility": "visible"}, {"gameTime": "1 - 32:18", "label": "Shots off target", "position": "1938796", "team": "away", "visibility": "visible"}, {"gameTime": "1 - 32:43", "label": "Offside", "position": "1963105", "team": "home", "visibility": "not shown"}, {"gameTime": "1 - 33:54", "label": "Indirect free-kick", "position": "2034161", "team": "home", "visibility": "visible"}, {"gameTime": "1 - 33:54", "label": "Shots off target", "position": "2034896", "team": "not applicable", "visibility": "visible"}, {"gameTime": "1 - 34:18", "label": "Ball out of play", "position": "2058194", "team": "away", "visibility": "visible"}, {"gameTime": "1 - 34:56", "label": "Clearance", "position": "2096708", "team": "home", "visibility": "visible"}, {"gameTime": "1 - 34:57", "label": "Shots off target", "position": "2097442", "team": "not applicable", "visibility": "visible"}, {"gameTime": "1 - 35:17", "label": "Ball out of play", "position": "2117021", "team": "away", "visibility": "visible"}, {"gameTime": "1 - 36:09", "label": "Clearance", "position": "2169692", "team": "home", "visibility": "visible"}, {"gameTime": "1 - 36:14", "label": "Foul", "position": "2174662", "team": "home", "visibility": "visible"}, {"gameTime": "1 - 37:08", "label": "Yellow card", "position": "2228479", "team": "away", "visibility": "visible"}, {"gameTime": "1 - 37:08", "label": "Shots on target", "position": "2228479", "team": "away", "visibility": "visible"}, {"gameTime": "1 - 37:11", "label": "Direct free-kick", "position": "2231636", "team": "not applicable", "visibility": "visible"}, {"gameTime": "1 - 37:31", "label": "Ball out of play", "position": "2251579", "team": "away", "visibility": "visible"}, {"gameTime": "1 - 37:36", "label": "Corner", "position": "2256505", "team": "away", "visibility": "visible"}, {"gameTime": "1 - 37:39", "label": "Shots on target", "position": "2259993", "team": "away", "visibility": "visible"}, {"gameTime": "1 - 37:59", "label": "Offside", "position": "2279933", "team": "home", "visibility": "visible"}, {"gameTime": "1 - 38:56", "label": "Indirect free-kick", "position": "2336896", "team": "home", "visibility": "visible"}, {"gameTime": "1 - 39:35", "label": "Foul", "position": "2375246", "team": "away", "visibility": "visible"}, {"gameTime": "1 - 39:37", "label": "Direct free-kick", "position": "2377119", "team": "away", "visibility": "visible"}, {"gameTime": "1 - 40:15", "label": "Shots on target", "position": "2415430", "team": "home", "visibility": "visible"}, {"gameTime": "1 - 40:32", "label": "Shots on target", "position": "2432041", "team": "away", "visibility": "visible"}, {"gameTime": "1 - 40:40", "label": "Shots off target", "position": "2440619", "team": "not applicable", "visibility": "visible"}, {"gameTime": "1 - 40:56", "label": "Ball out of play", "position": "2456700", "team": "away", "visibility": "not shown"}, {"gameTime": "1 - 41:09", "label": "Throw-in", "position": "2469070", "team": "not applicable", "visibility": "visible"}, {"gameTime": "1 - 41:18", "label": "Ball out of play", "position": "2478212", "team": "away", "visibility": "visible"}, {"gameTime": "1 - 41:37", "label": "Throw-in", "position": "2497718", "team": "not applicable", "visibility": "not shown"}, {"gameTime": "1 - 41:46", "label": "Ball out of play", "position": "2506751", "team": "home", "visibility": "visible"}, {"gameTime": "1 - 41:58", "label": "Throw-in", "position": "2518712", "team": "away", "visibility": "visible"}, {"gameTime": "1 - 42:02", "label": "Foul", "position": "2522593", "team": "away", "visibility": "visible"}, {"gameTime": "1 - 42:38", "label": "Yellow card", "position": "2558937", "team": "home", "visibility": "visible"}, {"gameTime": "1 - 42:46", "label": "Indirect free-kick", "position": "2566087", "team": "not applicable", "visibility": "visible"}, {"gameTime": "1 - 43:05", "label": "Ball out of play", "position": "2585269", "team": "home", "visibility": "visible"}, {"gameTime": "1 - 43:20", "label": "Throw-in", "position": "2600930", "team": "not applicable", "visibility": "not shown"}, {"gameTime": "1 - 43:35", "label": "Ball out of play", "position": "2615874", "team": "away", "visibility": "visible"}, {"gameTime": "1 - 44:20", "label": "Throw-in", "position": "2660365", "team": "away", "visibility": "visible"}, {"gameTime": "1 - 44:22", "label": "Shots off target", "position": "2662409", "team": "not applicable", "visibility": "visible"}, {"gameTime": "1 - 44:39", "label": "Ball out of play", "position": "2679175", "team": "home", "visibility": "visible"}, {"gameTime": "2 - 00:12", "label": "Kick-off", "position": "12426", "team": "away", "visibility": "visible"}, {"gameTime": "2 - 00:29", "label": "Foul", "position": "29842", "team": "home", "visibility": "visible"}, {"gameTime": "2 - 00:39", "label": "Indirect free-kick", "position": "39551", "team": "home", "visibility": "visible"}, {"gameTime": "2 - 00:51", "label": "Foul", "position": "51866", "team": "away", "visibility": "not shown"}, {"gameTime": "2 - 04:02", "label": "Indirect free-kick", "position": "242480", "team": "not applicable", "visibility": "visible"}, {"gameTime": "2 - 04:24", "label": "Ball out of play", "position": "264169", "team": "home", "visibility": "not shown"}, {"gameTime": "2 - 04:27", "label": "Clearance", "position": "267388", "team": "not applicable", "visibility": "visible"}, {"gameTime": "2 - 04:41", "label": "Ball out of play", "position": "281796", "team": "home", "visibility": "visible"}, {"gameTime": "2 - 04:49", "label": "Throw-in", "position": "289502", "team": "home", "visibility": "visible"}, {"gameTime": "2 - 04:52", "label": "Foul", "position": "292418", "team": "away", "visibility": "visible"}, {"gameTime": "2 - 05:41", "label": "Indirect free-kick", "position": "341524", "team": "home", "visibility": "visible"}, {"gameTime": "2 - 05:48", "label": "Shots on target", "position": "348441", "team": "home", "visibility": "visible"}, {"gameTime": "2 - 06:53", "label": "Shots on target", "position": "413951", "team": "home", "visibility": "visible"}, {"gameTime": "2 - 08:18", "label": "Shots on target", "position": "498820", "team": "away", "visibility": "visible"}, {"gameTime": "2 - 08:49", "label": "Foul", "position": "529322", "team": "home", "visibility": "visible"}, {"gameTime": "2 - 09:01", "label": "Indirect free-kick", "position": "541132", "team": "not applicable", "visibility": "not shown"}, {"gameTime": "2 - 09:08", "label": "Ball out of play", "position": "548681", "team": "away", "visibility": "not shown"}, {"gameTime": "2 - 10:33", "label": "Throw-in", "position": "633175", "team": "not applicable", "visibility": "not shown"}, {"gameTime": "2 - 10:41", "label": "Ball out of play", "position": "641163", "team": "away", "visibility": "visible"}, {"gameTime": "2 - 11:41", "label": "Corner", "position": "701469", "team": "away", "visibility": "visible"}, {"gameTime": "2 - 11:42", "label": "Shots off target", "position": "702685", "team": "not applicable", "visibility": "visible"}, {"gameTime": "2 - 12:08", "label": "Ball out of play", "position": "728017", "team": "home", "visibility": "visible"}, {"gameTime": "2 - 12:29", "label": "Throw-in", "position": "749766", "team": "away", "visibility": "visible"}, {"gameTime": "2 - 13:04", "label": "Foul", "position": "784170", "team": "home", "visibility": "visible"}, {"gameTime": "2 - 13:10", "label": "Indirect free-kick", "position": "790749", "team": "away", "visibility": "visible"}, {"gameTime": "2 - 13:31", "label": "Foul", "position": "811935", "team": "home", "visibility": "visible"}, {"gameTime": "2 - 13:35", "label": "Indirect free-kick", "position": "815364", "team": "home", "visibility": "visible"}, {"gameTime": "2 - 13:50", "label": "Offside", "position": "830390", "team": "away", "visibility": "not shown"}, {"gameTime": "2 - 14:25", "label": "Indirect free-kick", "position": "865327", "team": "away", "visibility": "visible"}, {"gameTime": "2 - 14:26", "label": "Shots off target", "position": "866748", "team": "not applicable", "visibility": "visible"}, {"gameTime": "2 - 14:48", "label": "Ball out of play", "position": "888124", "team": "home", "visibility": "not shown"}, {"gameTime": "2 - 15:17", "label": "Clearance", "position": "917011", "team": "not applicable", "visibility": "visible"}, {"gameTime": "2 - 15:25", "label": "Ball out of play", "position": "925716", "team": "away", "visibility": "visible"}, {"gameTime": "2 - 15:48", "label": "Throw-in", "position": "948587", "team": "away", "visibility": "visible"}, {"gameTime": "2 - 15:49", "label": "Shots on target", "position": "949256", "team": "away", "visibility": "visible"}, {"gameTime": "2 - 16:44", "label": "Goal", "position": "1004530", "team": "home", "visibility": "visible"}, {"gameTime": "2 - 16:50", "label": "Kick-off", "position": "1010050", "team": "not applicable", "visibility": "visible"}, {"gameTime": "2 - 17:06", "label": "Ball out of play", "position": "1026512", "team": "away", "visibility": "visible"}, {"gameTime": "2 - 17:25", "label": "Throw-in", "position": "1045078", "team": "home", "visibility": "visible"}, {"gameTime": "2 - 17:47", "label": "Foul", "position": "1067467", "team": "away", "visibility": "visible"}, {"gameTime": "2 - 17:51", "label": "Indirect free-kick", "position": "1071870", "team": "not applicable", "visibility": "visible"}, {"gameTime": "2 - 17:58", "label": "Ball out of play", "position": "1078891", "team": "away", "visibility": "visible"}, {"gameTime": "2 - 18:16", "label": "Throw-in", "position": "1096611", "team": "away", "visibility": "visible"}, {"gameTime": "2 - 19:36", "label": "Goal", "position": "1176526", "team": "home", "visibility": "visible"}, {"gameTime": "2 - 19:43", "label": "Kick-off", "position": "1183724", "team": "away", "visibility": "visible"}, {"gameTime": "2 - 19:51", "label": "Foul", "position": "1191865", "team": "home", "visibility": "visible"}, {"gameTime": "2 - 20:07", "label": "Indirect free-kick", "position": "1207622", "team": "away", "visibility": "visible"}, {"gameTime": "2 - 20:14", "label": "Foul", "position": "1214701", "team": "home", "visibility": "visible"}, {"gameTime": "2 - 21:14", "label": "Indirect free-kick", "position": "1274662", "team": "away", "visibility": "visible"}, {"gameTime": "2 - 22:19", "label": "Foul", "position": "1339440", "team": "home", "visibility": "visible"}, {"gameTime": "2 - 22:44", "label": "Substitution", "position": "1364400", "team": "home", "visibility": "visible"}, {"gameTime": "2 - 22:54", "label": "Substitution", "position": "1374573", "team": "home", "visibility": "visible"}, {"gameTime": "2 - 23:02", "label": "Indirect free-kick", "position": "1382602", "team": "away", "visibility": "visible"}, {"gameTime": "2 - 23:14", "label": "Foul", "position": "1394828", "team": "home", "visibility": "not shown"}, {"gameTime": "2 - 23:41", "label": "Indirect free-kick", "position": "1421365", "team": "not applicable", "visibility": "visible"}, {"gameTime": "2 - 24:03", "label": "Ball out of play", "position": "1443313", "team": "away", "visibility": "visible"}, {"gameTime": "2 - 24:29", "label": "Throw-in", "position": "1469395", "team": "not applicable", "visibility": "visible"}, {"gameTime": "2 - 24:45", "label": "Ball out of play", "position": "1485605", "team": "away", "visibility": "visible"}, {"gameTime": "2 - 26:04", "label": "Clearance", "position": "1564831", "team": "home", "visibility": "visible"}, {"gameTime": "2 - 26:39", "label": "Foul", "position": "1599817", "team": "away", "visibility": "visible"}, {"gameTime": "2 - 28:29", "label": "Indirect free-kick", "position": "1709183", "team": "not applicable", "visibility": "visible"}, {"gameTime": "2 - 28:43", "label": "Ball out of play", "position": "1723280", "team": "home", "visibility": "visible"}, {"gameTime": "2 - 28:58", "label": "Substitution", "position": "1738853", "team": "away", "visibility": "visible"}, {"gameTime": "2 - 29:13", "label": "Throw-in", "position": "1753021", "team": "not applicable", "visibility": "visible"}, {"gameTime": "2 - 29:21", "label": "Ball out of play", "position": "1761972", "team": "home", "visibility": "visible"}, {"gameTime": "2 - 29:51", "label": "Throw-in", "position": "1791050", "team": "home", "visibility": "visible"}, {"gameTime": "2 - 29:51", "label": "Shots off target", "position": "1791590", "team": "not applicable", "visibility": "visible"}, {"gameTime": "2 - 30:17", "label": "Ball out of play", "position": "1817133", "team": "away", "visibility": "visible"}, {"gameTime": "2 - 31:15", "label": "Clearance", "position": "1875795", "team": "away", "visibility": "visible"}, {"gameTime": "2 - 31:29", "label": "Offside", "position": "1889193", "team": "home", "visibility": "not shown"}, {"gameTime": "2 - 31:51", "label": "Indirect free-kick", "position": "1911125", "team": "away", "visibility": "visible"}, {"gameTime": "2 - 31:51", "label": "Shots on target", "position": "1911794", "team": "away", "visibility": "visible"}, {"gameTime": "2 - 32:59", "label": "Goal", "position": "1979280", "team": "away", "visibility": "visible"}, {"gameTime": "2 - 33:02", "label": "Substitution", "position": "1982401", "team": "home", "visibility": "not shown"}, {"gameTime": "2 - 33:17", "label": "Kick-off", "position": "1997260", "team": "not applicable", "visibility": "not shown"}, {"gameTime": "2 - 33:31", "label": "Ball out of play", "position": "2011842", "team": "home", "visibility": "visible"}, {"gameTime": "2 - 33:49", "label": "Throw-in", "position": "2029413", "team": "home", "visibility": "visible"}, {"gameTime": "2 - 33:53", "label": "Shots on target", "position": "2033212", "team": "not applicable", "visibility": "visible"}, {"gameTime": "2 - 33:55", "label": "Ball out of play", "position": "2035226", "team": "home", "visibility": "visible"}, {"gameTime": "2 - 34:10", "label": "Throw-in", "position": "2050824", "team": "not applicable", "visibility": "visible"}, {"gameTime": "2 - 34:35", "label": "Ball out of play", "position": "2075123", "team": "home", "visibility": "visible"}, {"gameTime": "2 - 34:53", "label": "Corner", "position": "2093963", "team": "not applicable", "visibility": "visible"}, {"gameTime": "2 - 35:06", "label": "Ball out of play", "position": "2106340", "team": "home", "visibility": "visible"}, {"gameTime": "2 - 35:47", "label": "Corner", "position": "2147075", "team": "not applicable", "visibility": "visible"}, {"gameTime": "2 - 35:57", "label": "Ball out of play", "position": "2157074", "team": "away", "visibility": "visible"}, {"gameTime": "2 - 36:26", "label": "Throw-in", "position": "2186854", "team": "away", "visibility": "visible"}, {"gameTime": "2 - 36:41", "label": "Foul", "position": "2201642", "team": "home", "visibility": "not shown"}, {"gameTime": "2 - 37:09", "label": "Indirect free-kick", "position": "2229098", "team": "away", "visibility": "visible"}, {"gameTime": "2 - 37:12", "label": "Offside", "position": "2232802", "team": "home", "visibility": "visible"}, {"gameTime": "2 - 38:22", "label": "Indirect free-kick", "position": "2302236", "team": "not applicable", "visibility": "not shown"}, {"gameTime": "2 - 38:57", "label": "Ball out of play", "position": "2337154", "team": "away", "visibility": "visible"}, {"gameTime": "2 - 39:09", "label": "Substitution", "position": "2349117", "team": "home", "visibility": "not shown"}, {"gameTime": "2 - 40:08", "label": "Clearance", "position": "2408030", "team": "not applicable", "visibility": "visible"}, {"gameTime": "2 - 40:13", "label": "Ball out of play", "position": "2413932", "team": "away", "visibility": "visible"}, {"gameTime": "2 - 40:46", "label": "Throw-in", "position": "2446257", "team": "away", "visibility": "visible"}, {"gameTime": "2 - 41:05", "label": "Shots on target", "position": "2465805", "team": "away", "visibility": "visible"}, {"gameTime": "2 - 41:13", "label": "Foul", "position": "2473239", "team": "home", "visibility": "visible"}, {"gameTime": "2 - 41:49", "label": "Indirect free-kick", "position": "2509546", "team": "not applicable", "visibility": "visible"}, {"gameTime": "2 - 42:02", "label": "Ball out of play", "position": "2522422", "team": "home", "visibility": "visible"}, {"gameTime": "2 - 42:18", "label": "Throw-in", "position": "2538534", "team": "away", "visibility": "visible"}, {"gameTime": "2 - 42:19", "label": "Shots on target", "position": "2539267", "team": "not applicable", "visibility": "visible"}, {"gameTime": "2 - 42:49", "label": "Ball out of play", "position": "2569073", "team": "away", "visibility": "visible"}, {"gameTime": "2 - 42:59", "label": "Corner", "position": "2579968", "team": "not applicable", "visibility": "visible"}, {"gameTime": "2 - 43:02", "label": "Ball out of play", "position": "2582118", "team": "away", "visibility": "visible"}, {"gameTime": "2 - 43:18", "label": "Throw-in", "position": "2598288", "team": "home", "visibility": "visible"}, {"gameTime": "2 - 43:24", "label": "Foul", "position": "2604904", "team": "home", "visibility": "visible"}, {"gameTime": "2 - 44:03", "label": "Yellow card", "position": "2643484", "team": "away", "visibility": "not shown"}], "gameAwayTeam": "AC Milan", "gameDate": "26/11/2016 - 22:45", "gameHomeTeam": "Empoli", "gameScore": "1 - 4"}