{"UrlLocal": "italy_serie-a/2016-2017/2017-02-12 - 14-30 Crotone 0 - 2 AS Roma/", "UrlYoutube": "", "annotations": [{"gameTime": "1 - 00:00", "label": "Offside", "position": "37", "team": "home", "visibility": "not shown"}, {"gameTime": "1 - 00:14", "label": "Indirect free-kick", "position": "14362", "team": "home", "visibility": "visible"}, {"gameTime": "1 - 00:20", "label": "Foul", "position": "20551", "team": "away", "visibility": "not shown"}, {"gameTime": "1 - 00:45", "label": "Indirect free-kick", "position": "45572", "team": "away", "visibility": "visible"}, {"gameTime": "1 - 01:02", "label": "Offside", "position": "62228", "team": "home", "visibility": "visible"}, {"gameTime": "1 - 01:05", "label": "Indirect free-kick", "position": "65622", "team": "home", "visibility": "visible"}, {"gameTime": "1 - 01:11", "label": "Foul", "position": "71750", "team": "away", "visibility": "visible"}, {"gameTime": "1 - 02:00", "label": "Indirect free-kick", "position": "120563", "team": "away", "visibility": "visible"}, {"gameTime": "1 - 02:19", "label": "Ball out of play", "position": "139176", "team": "home", "visibility": "visible"}, {"gameTime": "1 - 02:26", "label": "Throw-in", "position": "146423", "team": "not applicable", "visibility": "visible"}, {"gameTime": "1 - 02:33", "label": "Ball out of play", "position": "153841", "team": "home", "visibility": "visible"}, {"gameTime": "1 - 02:59", "label": "Throw-in", "position": "179724", "team": "not applicable", "visibility": "not shown"}, {"gameTime": "1 - 03:13", "label": "Ball out of play", "position": "193054", "team": "home", "visibility": "visible"}, {"gameTime": "1 - 03:17", "label": "Clearance", "position": "197562", "team": "not applicable", "visibility": "visible"}, {"gameTime": "1 - 03:26", "label": "Ball out of play", "position": "206435", "team": "away", "visibility": "visible"}, {"gameTime": "1 - 04:17", "label": "Throw-in", "position": "257656", "team": "not applicable", "visibility": "visible"}, {"gameTime": "1 - 04:24", "label": "Ball out of play", "position": "264077", "team": "home", "visibility": "visible"}, {"gameTime": "1 - 04:28", "label": "Throw-in", "position": "268541", "team": "not applicable", "visibility": "visible"}, {"gameTime": "1 - 04:39", "label": "Ball out of play", "position": "279375", "team": "away", "visibility": "visible"}, {"gameTime": "1 - 05:48", "label": "Throw-in", "position": "348666", "team": "not applicable", "visibility": "visible"}, {"gameTime": "1 - 05:52", "label": "Foul", "position": "352838", "team": "home", "visibility": "visible"}, {"gameTime": "1 - 07:19", "label": "Indirect free-kick", "position": "439278", "team": "away", "visibility": "visible"}, {"gameTime": "1 - 07:40", "label": "Ball out of play", "position": "460733", "team": "home", "visibility": "not shown"}, {"gameTime": "1 - 08:02", "label": "Throw-in", "position": "482249", "team": "not applicable", "visibility": "visible"}, {"gameTime": "1 - 08:25", "label": "Foul", "position": "505364", "team": "away", "visibility": "visible"}, {"gameTime": "1 - 08:57", "label": "Indirect free-kick", "position": "537867", "team": "away", "visibility": "visible"}, {"gameTime": "1 - 09:30", "label": "Foul", "position": "570353", "team": "home", "visibility": "visible"}, {"gameTime": "1 - 09:41", "label": "Indirect free-kick", "position": "581406", "team": "home", "visibility": "visible"}, {"gameTime": "1 - 09:58", "label": "Shots on target", "position": "598148", "team": "away", "visibility": "not shown"}, {"gameTime": "1 - 10:35", "label": "Ball out of play", "position": "635369", "team": "home", "visibility": "visible"}, {"gameTime": "1 - 11:18", "label": "Throw-in", "position": "678473", "team": "not applicable", "visibility": "visible"}, {"gameTime": "1 - 11:31", "label": "Ball out of play", "position": "691838", "team": "home", "visibility": "visible"}, {"gameTime": "1 - 11:38", "label": "Clearance", "position": "698943", "team": "not applicable", "visibility": "visible"}, {"gameTime": "1 - 12:07", "label": "Offside", "position": "727293", "team": "home", "visibility": "not shown"}, {"gameTime": "1 - 14:38", "label": "Indirect free-kick", "position": "878619", "team": "home", "visibility": "visible"}, {"gameTime": "1 - 14:57", "label": "Foul", "position": "897501", "team": "away", "visibility": "not shown"}, {"gameTime": "1 - 15:27", "label": "Shots off target", "position": "927036", "team": "home", "visibility": "visible"}, {"gameTime": "1 - 16:43", "label": "Penalty", "position": "1003824", "team": "away", "visibility": "visible"}, {"gameTime": "1 - 16:43", "label": "Ball out of play", "position": "1003824", "team": "away", "visibility": "visible"}, {"gameTime": "1 - 16:44", "label": "Clearance", "position": "1004275", "team": "not applicable", "visibility": "visible"}, {"gameTime": "1 - 17:17", "label": "Ball out of play", "position": "1037590", "team": "home", "visibility": "visible"}, {"gameTime": "1 - 17:33", "label": "Throw-in", "position": "1053661", "team": "not applicable", "visibility": "visible"}, {"gameTime": "1 - 17:53", "label": "Ball out of play", "position": "1073249", "team": "home", "visibility": "visible"}, {"gameTime": "1 - 17:59", "label": "Throw-in", "position": "1079296", "team": "not applicable", "visibility": "visible"}, {"gameTime": "1 - 18:11", "label": "Ball out of play", "position": "1091850", "team": "away", "visibility": "not shown"}, {"gameTime": "1 - 18:14", "label": "Throw-in", "position": "1094029", "team": "not applicable", "visibility": "visible"}, {"gameTime": "1 - 18:26", "label": "Shots off target", "position": "1106821", "team": "home", "visibility": "visible"}, {"gameTime": "1 - 19:15", "label": "Ball out of play", "position": "1155377", "team": "away", "visibility": "visible"}, {"gameTime": "1 - 19:15", "label": "Clearance", "position": "1155808", "team": "not applicable", "visibility": "visible"}, {"gameTime": "1 - 19:41", "label": "Shots on target", "position": "1181726", "team": "home", "visibility": "visible"}, {"gameTime": "1 - 20:03", "label": "Foul", "position": "1203794", "team": "home", "visibility": "visible"}, {"gameTime": "1 - 21:54", "label": "Shots on target", "position": "1314310", "team": "away", "visibility": "visible"}, {"gameTime": "1 - 22:59", "label": "Direct free-kick", "position": "1379435", "team": "away", "visibility": "visible"}, {"gameTime": "1 - 22:59", "label": "Ball out of play", "position": "1379443", "team": "away", "visibility": "visible"}, {"gameTime": "1 - 23:10", "label": "Throw-in", "position": "1390825", "team": "not applicable", "visibility": "visible"}, {"gameTime": "1 - 23:27", "label": "Ball out of play", "position": "1407527", "team": "home", "visibility": "visible"}, {"gameTime": "1 - 23:33", "label": "Throw-in", "position": "1413417", "team": "not applicable", "visibility": "visible"}, {"gameTime": "1 - 23:38", "label": "Ball out of play", "position": "1418917", "team": "away", "visibility": "not shown"}, {"gameTime": "1 - 25:19", "label": "Throw-in", "position": "1519339", "team": "not applicable", "visibility": "not shown"}, {"gameTime": "1 - 25:27", "label": "Offside", "position": "1527315", "team": "home", "visibility": "visible"}, {"gameTime": "1 - 25:34", "label": "Indirect free-kick", "position": "1534114", "team": "home", "visibility": "visible"}, {"gameTime": "1 - 25:48", "label": "Foul", "position": "1548430", "team": "away", "visibility": "not shown"}, {"gameTime": "1 - 26:03", "label": "Direct free-kick", "position": "1563048", "team": "home", "visibility": "visible"}, {"gameTime": "1 - 26:40", "label": "Foul", "position": "1600798", "team": "away", "visibility": "visible"}, {"gameTime": "1 - 26:59", "label": "Indirect free-kick", "position": "1619385", "team": "away", "visibility": "visible"}, {"gameTime": "1 - 27:31", "label": "Ball out of play", "position": "1651701", "team": "home", "visibility": "not shown"}, {"gameTime": "1 - 27:36", "label": "Throw-in", "position": "1656484", "team": "not applicable", "visibility": "visible"}, {"gameTime": "1 - 27:44", "label": "Ball out of play", "position": "1664430", "team": "home", "visibility": "visible"}, {"gameTime": "1 - 28:26", "label": "Corner", "position": "1706049", "team": "not applicable", "visibility": "visible"}, {"gameTime": "1 - 28:51", "label": "Foul", "position": "1731491", "team": "away", "visibility": "visible"}, {"gameTime": "1 - 29:39", "label": "Direct free-kick", "position": "1779556", "team": "home", "visibility": "visible"}, {"gameTime": "1 - 30:32", "label": "Ball out of play", "position": "1832396", "team": "away", "visibility": "visible"}, {"gameTime": "1 - 30:36", "label": "Throw-in", "position": "1836027", "team": "not applicable", "visibility": "visible"}, {"gameTime": "1 - 30:41", "label": "Ball out of play", "position": "1841025", "team": "away", "visibility": "visible"}, {"gameTime": "1 - 31:18", "label": "Throw-in", "position": "1878922", "team": "not applicable", "visibility": "visible"}, {"gameTime": "1 - 31:32", "label": "Shots off target", "position": "1892201", "team": "away", "visibility": "visible"}, {"gameTime": "1 - 32:00", "label": "Ball out of play", "position": "1920119", "team": "away", "visibility": "visible"}, {"gameTime": "1 - 32:01", "label": "Corner", "position": "1921235", "team": "not applicable", "visibility": "visible"}, {"gameTime": "1 - 32:28", "label": "Foul", "position": "1948418", "team": "away", "visibility": "visible"}, {"gameTime": "1 - 34:53", "label": "Indirect free-kick", "position": "2093783", "team": "away", "visibility": "visible"}, {"gameTime": "1 - 35:09", "label": "Foul", "position": "2109388", "team": "home", "visibility": "not shown"}, {"gameTime": "1 - 35:36", "label": "Direct free-kick", "position": "2136794", "team": "home", "visibility": "visible"}, {"gameTime": "1 - 36:12", "label": "Foul", "position": "2172529", "team": "away", "visibility": "visible"}, {"gameTime": "1 - 36:45", "label": "Indirect free-kick", "position": "2205821", "team": "away", "visibility": "visible"}, {"gameTime": "1 - 37:16", "label": "Foul", "position": "2236085", "team": "home", "visibility": "not shown"}, {"gameTime": "1 - 37:23", "label": "Indirect free-kick", "position": "2243100", "team": "home", "visibility": "visible"}, {"gameTime": "1 - 37:31", "label": "Ball out of play", "position": "2251348", "team": "away", "visibility": "visible"}, {"gameTime": "1 - 37:58", "label": "Throw-in", "position": "2278396", "team": "not applicable", "visibility": "visible"}, {"gameTime": "1 - 38:13", "label": "Foul", "position": "2293391", "team": "home", "visibility": "visible"}, {"gameTime": "1 - 38:14", "label": "Indirect free-kick", "position": "2294642", "team": "away", "visibility": "visible"}, {"gameTime": "1 - 38:48", "label": "Shots on target", "position": "2328014", "team": "home", "visibility": "not shown"}, {"gameTime": "1 - 39:06", "label": "Goal", "position": "2346306", "team": "away", "visibility": "visible"}, {"gameTime": "1 - 39:07", "label": "Kick-off", "position": "2347038", "team": "away", "visibility": "visible"}, {"gameTime": "1 - 40:06", "label": "Ball out of play", "position": "2406159", "team": "home", "visibility": "visible"}, {"gameTime": "1 - 40:17", "label": "Throw-in", "position": "2417169", "team": "not applicable", "visibility": "visible"}, {"gameTime": "1 - 40:28", "label": "Ball out of play", "position": "2428182", "team": "home", "visibility": "visible"}, {"gameTime": "1 - 40:32", "label": "Throw-in", "position": "2432271", "team": "not applicable", "visibility": "visible"}, {"gameTime": "1 - 40:41", "label": "Shots off target", "position": "2441159", "team": "home", "visibility": "not shown"}, {"gameTime": "1 - 40:58", "label": "Ball out of play", "position": "2458393", "team": "home", "visibility": "visible"}, {"gameTime": "1 - 41:00", "label": "Clearance", "position": "2460228", "team": "not applicable", "visibility": "visible"}, {"gameTime": "1 - 41:22", "label": "Ball out of play", "position": "2482455", "team": "away", "visibility": "not shown"}, {"gameTime": "1 - 41:54", "label": "Corner", "position": "2514287", "team": "not applicable", "visibility": "visible"}, {"gameTime": "1 - 42:18", "label": "Ball out of play", "position": "2538138", "team": "home", "visibility": "visible"}, {"gameTime": "1 - 42:28", "label": "Throw-in", "position": "2548570", "team": "not applicable", "visibility": "visible"}, {"gameTime": "1 - 42:35", "label": "Ball out of play", "position": "2555242", "team": "home", "visibility": "visible"}, {"gameTime": "1 - 42:45", "label": "Corner", "position": "2565641", "team": "not applicable", "visibility": "visible"}, {"gameTime": "1 - 43:14", "label": "Offside", "position": "2594932", "team": "home", "visibility": "visible"}, {"gameTime": "1 - 43:31", "label": "Indirect free-kick", "position": "2611360", "team": "away", "visibility": "visible"}, {"gameTime": "1 - 43:36", "label": "Foul", "position": "2616045", "team": "home", "visibility": "visible"}, {"gameTime": "1 - 43:46", "label": "Indirect free-kick", "position": "2626282", "team": "home", "visibility": "visible"}, {"gameTime": "1 - 44:05", "label": "Indirect free-kick", "position": "2645385", "team": "away", "visibility": "visible"}, {"gameTime": "2 - 00:00", "label": "Foul", "position": "4", "team": "away", "visibility": "not shown"}, {"gameTime": "2 - 00:06", "label": "Indirect free-kick", "position": "6231", "team": "home", "visibility": "visible"}, {"gameTime": "2 - 00:49", "label": "Ball out of play", "position": "49011", "team": "away", "visibility": "visible"}, {"gameTime": "2 - 00:54", "label": "Throw-in", "position": "54591", "team": "not applicable", "visibility": "not shown"}, {"gameTime": "2 - 01:09", "label": "Ball out of play", "position": "69315", "team": "away", "visibility": "visible"}, {"gameTime": "2 - 01:15", "label": "Throw-in", "position": "75346", "team": "not applicable", "visibility": "visible"}, {"gameTime": "2 - 01:24", "label": "Shots on target", "position": "84071", "team": "away", "visibility": "visible"}, {"gameTime": "2 - 01:34", "label": "Foul", "position": "94372", "team": "away", "visibility": "visible"}, {"gameTime": "2 - 02:22", "label": "Indirect free-kick", "position": "142093", "team": "away", "visibility": "visible"}, {"gameTime": "2 - 02:41", "label": "Shots on target", "position": "161230", "team": "home", "visibility": "visible"}, {"gameTime": "2 - 03:14", "label": "Foul", "position": "194786", "team": "away", "visibility": "visible"}, {"gameTime": "2 - 03:19", "label": "Direct free-kick", "position": "199790", "team": "home", "visibility": "visible"}, {"gameTime": "2 - 03:56", "label": "Ball out of play", "position": "236552", "team": "away", "visibility": "visible"}, {"gameTime": "2 - 04:40", "label": "Throw-in", "position": "280728", "team": "not applicable", "visibility": "visible"}, {"gameTime": "2 - 04:55", "label": "Shots off target", "position": "295959", "team": "home", "visibility": "visible"}, {"gameTime": "2 - 05:08", "label": "Ball out of play", "position": "308509", "team": "away", "visibility": "visible"}, {"gameTime": "2 - 05:08", "label": "Clearance", "position": "308989", "team": "not applicable", "visibility": "visible"}, {"gameTime": "2 - 05:31", "label": "Ball out of play", "position": "331824", "team": "home", "visibility": "not shown"}, {"gameTime": "2 - 06:56", "label": "Throw-in", "position": "416809", "team": "not applicable", "visibility": "visible"}, {"gameTime": "2 - 07:02", "label": "Ball out of play", "position": "422164", "team": "home", "visibility": "not shown"}, {"gameTime": "2 - 07:18", "label": "Throw-in", "position": "438201", "team": "not applicable", "visibility": "visible"}, {"gameTime": "2 - 07:30", "label": "Shots off target", "position": "450427", "team": "home", "visibility": "visible"}, {"gameTime": "2 - 07:54", "label": "Ball out of play", "position": "474245", "team": "away", "visibility": "visible"}, {"gameTime": "2 - 07:54", "label": "Corner", "position": "474942", "team": "not applicable", "visibility": "visible"}, {"gameTime": "2 - 08:38", "label": "Shots on target", "position": "518438", "team": "away", "visibility": "visible"}, {"gameTime": "2 - 08:39", "label": "Ball out of play", "position": "519803", "team": "away", "visibility": "visible"}, {"gameTime": "2 - 09:02", "label": "Substitution", "position": "542449", "team": "not applicable", "visibility": "visible"}, {"gameTime": "2 - 09:25", "label": "Throw-in", "position": "565016", "team": "home", "visibility": "visible"}, {"gameTime": "2 - 09:33", "label": "Ball out of play", "position": "573444", "team": "home", "visibility": "visible"}, {"gameTime": "2 - 09:37", "label": "Throw-in", "position": "577414", "team": "not applicable", "visibility": "visible"}, {"gameTime": "2 - 09:43", "label": "Ball out of play", "position": "583266", "team": "home", "visibility": "visible"}, {"gameTime": "2 - 10:09", "label": "Throw-in", "position": "609957", "team": "not applicable", "visibility": "not shown"}, {"gameTime": "2 - 10:18", "label": "Offside", "position": "618718", "team": "away", "visibility": "visible"}, {"gameTime": "2 - 10:43", "label": "Indirect free-kick", "position": "643736", "team": "away", "visibility": "visible"}, {"gameTime": "2 - 10:48", "label": "Foul", "position": "648567", "team": "home", "visibility": "not shown"}, {"gameTime": "2 - 11:12", "label": "Foul", "position": "672330", "team": "home", "visibility": "visible"}, {"gameTime": "2 - 11:48", "label": "Direct free-kick", "position": "708156", "team": "away", "visibility": "visible"}, {"gameTime": "2 - 11:48", "label": "Indirect free-kick", "position": "708442", "team": "away", "visibility": "visible"}, {"gameTime": "2 - 12:07", "label": "Offside", "position": "727790", "team": "home", "visibility": "not shown"}, {"gameTime": "2 - 12:25", "label": "Indirect free-kick", "position": "745385", "team": "home", "visibility": "visible"}, {"gameTime": "2 - 12:49", "label": "Foul", "position": "769489", "team": "away", "visibility": "not shown"}, {"gameTime": "2 - 13:14", "label": "Indirect free-kick", "position": "794288", "team": "away", "visibility": "visible"}, {"gameTime": "2 - 13:29", "label": "Shots on target", "position": "809107", "team": "home", "visibility": "visible"}, {"gameTime": "2 - 13:37", "label": "Ball out of play", "position": "817306", "team": "home", "visibility": "visible"}, {"gameTime": "2 - 13:41", "label": "Throw-in", "position": "821539", "team": "not applicable", "visibility": "visible"}, {"gameTime": "2 - 13:44", "label": "Ball out of play", "position": "824702", "team": "home", "visibility": "not shown"}, {"gameTime": "2 - 13:50", "label": "Clearance", "position": "830516", "team": "not applicable", "visibility": "visible"}, {"gameTime": "2 - 14:11", "label": "Foul", "position": "851987", "team": "away", "visibility": "not shown"}, {"gameTime": "2 - 14:25", "label": "Direct free-kick", "position": "865738", "team": "home", "visibility": "visible"}, {"gameTime": "2 - 15:03", "label": "Shots on target", "position": "903252", "team": "away", "visibility": "visible"}, {"gameTime": "2 - 15:30", "label": "Ball out of play", "position": "930167", "team": "away", "visibility": "visible"}, {"gameTime": "2 - 15:31", "label": "Corner", "position": "931367", "team": "not applicable", "visibility": "visible"}, {"gameTime": "2 - 16:10", "label": "Shots off target", "position": "970085", "team": "away", "visibility": "visible"}, {"gameTime": "2 - 16:13", "label": "Foul", "position": "973817", "team": "away", "visibility": "visible"}, {"gameTime": "2 - 16:40", "label": "Indirect free-kick", "position": "1000339", "team": "away", "visibility": "visible"}, {"gameTime": "2 - 17:04", "label": "Ball out of play", "position": "1024608", "team": "home", "visibility": "not shown"}, {"gameTime": "2 - 17:24", "label": "Throw-in", "position": "1044953", "team": "not applicable", "visibility": "not shown"}, {"gameTime": "2 - 17:30", "label": "Ball out of play", "position": "1050332", "team": "home", "visibility": "visible"}, {"gameTime": "2 - 17:39", "label": "Throw-in", "position": "1059764", "team": "not applicable", "visibility": "visible"}, {"gameTime": "2 - 17:52", "label": "Ball out of play", "position": "1072316", "team": "home", "visibility": "visible"}, {"gameTime": "2 - 18:06", "label": "Throw-in", "position": "1086367", "team": "not applicable", "visibility": "visible"}, {"gameTime": "2 - 18:13", "label": "Offside", "position": "1093538", "team": "away", "visibility": "visible"}, {"gameTime": "2 - 19:14", "label": "Indirect free-kick", "position": "1154727", "team": "away", "visibility": "visible"}, {"gameTime": "2 - 19:34", "label": "Ball out of play", "position": "1174288", "team": "home", "visibility": "visible"}, {"gameTime": "2 - 20:28", "label": "Throw-in", "position": "1228258", "team": "not applicable", "visibility": "visible"}, {"gameTime": "2 - 20:45", "label": "Ball out of play", "position": "1245741", "team": "home", "visibility": "visible"}, {"gameTime": "2 - 20:53", "label": "Throw-in", "position": "1253748", "team": "not applicable", "visibility": "visible"}, {"gameTime": "2 - 21:01", "label": "Shots off target", "position": "1261444", "team": "home", "visibility": "visible"}, {"gameTime": "2 - 24:27", "label": "Ball out of play", "position": "1467916", "team": "away", "visibility": "visible"}, {"gameTime": "2 - 24:29", "label": "Clearance", "position": "1469174", "team": "not applicable", "visibility": "visible"}, {"gameTime": "2 - 24:53", "label": "Foul", "position": "1493867", "team": "home", "visibility": "visible"}, {"gameTime": "2 - 25:17", "label": "Indirect free-kick", "position": "1517664", "team": "away", "visibility": "visible"}, {"gameTime": "2 - 25:27", "label": "Ball out of play", "position": "1527927", "team": "home", "visibility": "not shown"}, {"gameTime": "2 - 25:35", "label": "Throw-in", "position": "1535721", "team": "not applicable", "visibility": "visible"}, {"gameTime": "2 - 25:49", "label": "Offside", "position": "1549206", "team": "home", "visibility": "visible"}, {"gameTime": "2 - 25:56", "label": "Indirect free-kick", "position": "1556681", "team": "home", "visibility": "visible"}, {"gameTime": "2 - 26:22", "label": "Ball out of play", "position": "1582160", "team": "away", "visibility": "not shown"}, {"gameTime": "2 - 26:26", "label": "Throw-in", "position": "1586732", "team": "not applicable", "visibility": "visible"}, {"gameTime": "2 - 26:32", "label": "Foul", "position": "1592548", "team": "home", "visibility": "visible"}, {"gameTime": "2 - 26:39", "label": "Indirect free-kick", "position": "1599462", "team": "home", "visibility": "visible"}, {"gameTime": "2 - 26:47", "label": "Foul", "position": "1607887", "team": "away", "visibility": "not shown"}, {"gameTime": "2 - 27:26", "label": "Indirect free-kick", "position": "1646103", "team": "home", "visibility": "visible"}, {"gameTime": "2 - 27:48", "label": "Ball out of play", "position": "1668831", "team": "away", "visibility": "visible"}, {"gameTime": "2 - 28:53", "label": "Throw-in", "position": "1733224", "team": "not applicable", "visibility": "visible"}, {"gameTime": "2 - 29:08", "label": "Ball out of play", "position": "1748199", "team": "away", "visibility": "visible"}, {"gameTime": "2 - 29:57", "label": "Substitution", "position": "1797313", "team": "not applicable", "visibility": "visible"}, {"gameTime": "2 - 30:21", "label": "Throw-in", "position": "1821517", "team": "home", "visibility": "visible"}, {"gameTime": "2 - 30:33", "label": "Ball out of play", "position": "1833430", "team": "away", "visibility": "visible"}, {"gameTime": "2 - 30:37", "label": "Throw-in", "position": "1837032", "team": "not applicable", "visibility": "visible"}, {"gameTime": "2 - 30:47", "label": "Shots on target", "position": "1847559", "team": "away", "visibility": "visible"}, {"gameTime": "2 - 31:23", "label": "Goal", "position": "1883120", "team": "away", "visibility": "visible"}, {"gameTime": "2 - 31:23", "label": "Kick-off", "position": "1883360", "team": "away", "visibility": "visible"}, {"gameTime": "2 - 32:33", "label": "Ball out of play", "position": "1953627", "team": "home", "visibility": "not shown"}, {"gameTime": "2 - 33:10", "label": "Throw-in", "position": "1990522", "team": "not applicable", "visibility": "visible"}, {"gameTime": "2 - 33:36", "label": "Ball out of play", "position": "2016576", "team": "away", "visibility": "visible"}, {"gameTime": "2 - 33:37", "label": "Throw-in", "position": "2017757", "team": "not applicable", "visibility": "visible"}, {"gameTime": "2 - 33:47", "label": "Ball out of play", "position": "2027068", "team": "home", "visibility": "visible"}, {"gameTime": "2 - 34:10", "label": "Substitution", "position": "2050584", "team": "not applicable", "visibility": "visible"}, {"gameTime": "2 - 34:54", "label": "Substitution", "position": "2094492", "team": "away", "visibility": "visible"}, {"gameTime": "2 - 35:04", "label": "Clearance", "position": "2104517", "team": "home", "visibility": "visible"}, {"gameTime": "2 - 35:13", "label": "Ball out of play", "position": "2113898", "team": "away", "visibility": "not shown"}, {"gameTime": "2 - 35:20", "label": "Throw-in", "position": "2120329", "team": "not applicable", "visibility": "visible"}, {"gameTime": "2 - 35:31", "label": "Shots on target", "position": "2131946", "team": "away", "visibility": "visible"}, {"gameTime": "2 - 36:27", "label": "Shots off target", "position": "2187060", "team": "home", "visibility": "visible"}, {"gameTime": "2 - 36:37", "label": "Ball out of play", "position": "2197081", "team": "home", "visibility": "visible"}, {"gameTime": "2 - 36:37", "label": "Clearance", "position": "2197830", "team": "not applicable", "visibility": "visible"}, {"gameTime": "2 - 36:57", "label": "Ball out of play", "position": "2217744", "team": "away", "visibility": "not shown"}, {"gameTime": "2 - 37:35", "label": "Throw-in", "position": "2255321", "team": "not applicable", "visibility": "visible"}, {"gameTime": "2 - 38:00", "label": "Ball out of play", "position": "2280568", "team": "home", "visibility": "visible"}, {"gameTime": "2 - 38:39", "label": "Throw-in", "position": "2319302", "team": "not applicable", "visibility": "visible"}, {"gameTime": "2 - 39:02", "label": "Offside", "position": "2342892", "team": "home", "visibility": "visible"}, {"gameTime": "2 - 39:29", "label": "Indirect free-kick", "position": "2369592", "team": "away", "visibility": "visible"}, {"gameTime": "2 - 39:58", "label": "Shots off target", "position": "2398218", "team": "home", "visibility": "not shown"}, {"gameTime": "2 - 41:20", "label": "Ball out of play", "position": "2480836", "team": "home", "visibility": "visible"}, {"gameTime": "2 - 41:22", "label": "Substitution", "position": "2482383", "team": "not applicable", "visibility": "visible"}, {"gameTime": "2 - 42:17", "label": "Clearance", "position": "2537988", "team": "away", "visibility": "visible"}, {"gameTime": "2 - 42:29", "label": "Ball out of play", "position": "2549329", "team": "away", "visibility": "not shown"}, {"gameTime": "2 - 42:45", "label": "Throw-in", "position": "2565320", "team": "not applicable", "visibility": "visible"}, {"gameTime": "2 - 42:50", "label": "Ball out of play", "position": "2570917", "team": "away", "visibility": "visible"}, {"gameTime": "2 - 42:56", "label": "Throw-in", "position": "2576273", "team": "not applicable", "visibility": "visible"}, {"gameTime": "2 - 43:06", "label": "Ball out of play", "position": "2586906", "team": "away", "visibility": "visible"}, {"gameTime": "2 - 43:41", "label": "Throw-in", "position": "2621099", "team": "not applicable", "visibility": "visible"}, {"gameTime": "2 - 43:51", "label": "Offside", "position": "2631538", "team": "home", "visibility": "visible"}, {"gameTime": "2 - 44:00", "label": "Indirect free-kick", "position": "2640096", "team": "home", "visibility": "visible"}, {"gameTime": "2 - 44:31", "label": "Foul", "position": "2671730", "team": "away", "visibility": "visible"}, {"gameTime": "2 - 44:35", "label": "Substitution", "position": "2675202", "team": "away", "visibility": "visible"}, {"gameTime": "2 - 45:12", "label": "Indirect free-kick", "position": "2712631", "team": "away", "visibility": "visible"}, {"gameTime": "2 - 45:19", "label": "Ball out of play", "position": "2719131", "team": "home", "visibility": "not shown"}, {"gameTime": "2 - 46:09", "label": "Ball out of play", "position": "2769277", "team": "not applicable", "visibility": "visible"}], "gameAwayTeam": "AS Roma", "gameDate": "12/02/2017 - 14:30", "gameHomeTeam": "Crotone", "gameScore": "0 - 2"}