{"UrlLocal": "france_ligue-1/2016-2017/2016-10-15 - 18-00 Nancy 1 - 2 Paris SG/", "UrlYoutube": "", "annotations": [{"gameTime": "1 - 00:59", "label": "Direct free-kick", "position": "59594", "team": "home", "visibility": "visible"}, {"gameTime": "1 - 01:04", "label": "Ball out of play", "position": "64274", "team": "away", "visibility": "not shown"}, {"gameTime": "1 - 01:47", "label": "Corner", "position": "107536", "team": "not applicable", "visibility": "visible"}, {"gameTime": "1 - 02:14", "label": "Ball out of play", "position": "134954", "team": "away", "visibility": "visible"}, {"gameTime": "1 - 02:45", "label": "Clearance", "position": "165822", "team": "not applicable", "visibility": "not shown"}, {"gameTime": "1 - 03:01", "label": "Ball out of play", "position": "181714", "team": "home", "visibility": "not shown"}, {"gameTime": "1 - 03:14", "label": "Throw-in", "position": "194068", "team": "not applicable", "visibility": "visible"}, {"gameTime": "1 - 03:20", "label": "Ball out of play", "position": "200122", "team": "away", "visibility": "visible"}, {"gameTime": "1 - 03:35", "label": "Throw-in", "position": "215819", "team": "not applicable", "visibility": "visible"}, {"gameTime": "1 - 03:51", "label": "Ball out of play", "position": "231071", "team": "home", "visibility": "visible"}, {"gameTime": "1 - 04:05", "label": "Throw-in", "position": "245668", "team": "not applicable", "visibility": "visible"}, {"gameTime": "1 - 04:13", "label": "Foul", "position": "253168", "team": "home", "visibility": "visible"}, {"gameTime": "1 - 04:32", "label": "Indirect free-kick", "position": "272920", "team": "away", "visibility": "visible"}, {"gameTime": "1 - 04:54", "label": "Ball out of play", "position": "294664", "team": "home", "visibility": "not shown"}, {"gameTime": "1 - 06:54", "label": "Throw-in", "position": "414078", "team": "not applicable", "visibility": "visible"}, {"gameTime": "1 - 07:06", "label": "Ball out of play", "position": "426710", "team": "away", "visibility": "visible"}, {"gameTime": "1 - 07:11", "label": "Throw-in", "position": "431667", "team": "not applicable", "visibility": "visible"}, {"gameTime": "1 - 07:18", "label": "Ball out of play", "position": "438642", "team": "away", "visibility": "visible"}, {"gameTime": "1 - 09:28", "label": "Throw-in", "position": "568574", "team": "not applicable", "visibility": "visible"}, {"gameTime": "1 - 09:37", "label": "Offside", "position": "577370", "team": "away", "visibility": "not shown"}, {"gameTime": "1 - 09:56", "label": "Indirect free-kick", "position": "596046", "team": "home", "visibility": "visible"}, {"gameTime": "1 - 10:06", "label": "Foul", "position": "606884", "team": "away", "visibility": "not shown"}, {"gameTime": "1 - 11:51", "label": "Direct free-kick", "position": "711063", "team": "home", "visibility": "visible"}, {"gameTime": "1 - 12:44", "label": "Shots on target", "position": "764749", "team": "away", "visibility": "visible"}, {"gameTime": "1 - 12:44", "label": "Goal", "position": "764796", "team": "away", "visibility": "visible"}, {"gameTime": "1 - 12:47", "label": "Kick-off", "position": "767796", "team": "away", "visibility": "visible"}, {"gameTime": "1 - 13:36", "label": "Ball out of play", "position": "816685", "team": "home", "visibility": "not shown"}, {"gameTime": "1 - 14:55", "label": "Throw-in", "position": "895774", "team": "not applicable", "visibility": "visible"}, {"gameTime": "1 - 15:11", "label": "Ball out of play", "position": "911067", "team": "away", "visibility": "visible"}, {"gameTime": "1 - 15:33", "label": "Throw-in", "position": "933579", "team": "not applicable", "visibility": "visible"}, {"gameTime": "1 - 15:58", "label": "Foul", "position": "958352", "team": "home", "visibility": "visible"}, {"gameTime": "1 - 16:08", "label": "Direct free-kick", "position": "968914", "team": "home", "visibility": "visible"}, {"gameTime": "1 - 16:25", "label": "Foul", "position": "985721", "team": "away", "visibility": "visible"}, {"gameTime": "1 - 16:42", "label": "Direct free-kick", "position": "1002375", "team": "home", "visibility": "visible"}, {"gameTime": "1 - 17:09", "label": "Shots on target", "position": "1029711", "team": "away", "visibility": "visible"}, {"gameTime": "1 - 17:33", "label": "Goal", "position": "1053560", "team": "away", "visibility": "visible"}, {"gameTime": "1 - 17:35", "label": "Kick-off", "position": "1055160", "team": "away", "visibility": "visible"}, {"gameTime": "1 - 18:37", "label": "Foul", "position": "1117486", "team": "home", "visibility": "visible"}, {"gameTime": "1 - 18:57", "label": "Direct free-kick", "position": "1137108", "team": "home", "visibility": "visible"}, {"gameTime": "1 - 19:19", "label": "Shots on target", "position": "1159073", "team": "away", "visibility": "visible"}, {"gameTime": "1 - 20:45", "label": "Ball out of play", "position": "1245811", "team": "away", "visibility": "visible"}, {"gameTime": "1 - 22:18", "label": "Corner", "position": "1338588", "team": "not applicable", "visibility": "visible"}, {"gameTime": "1 - 22:51", "label": "Ball out of play", "position": "1371771", "team": "home", "visibility": "visible"}, {"gameTime": "1 - 23:08", "label": "Throw-in", "position": "1388316", "team": "not applicable", "visibility": "visible"}, {"gameTime": "1 - 23:25", "label": "Ball out of play", "position": "1405569", "team": "away", "visibility": "visible"}, {"gameTime": "1 - 23:41", "label": "Throw-in", "position": "1421322", "team": "not applicable", "visibility": "visible"}, {"gameTime": "1 - 23:53", "label": "Ball out of play", "position": "1433495", "team": "home", "visibility": "visible"}, {"gameTime": "1 - 24:00", "label": "Throw-in", "position": "1440433", "team": "not applicable", "visibility": "visible"}, {"gameTime": "1 - 24:04", "label": "Clearance", "position": "1444506", "team": "home", "visibility": "visible"}, {"gameTime": "1 - 24:51", "label": "Throw-in", "position": "1491956", "team": "away", "visibility": "visible"}, {"gameTime": "1 - 25:10", "label": "Foul", "position": "1510203", "team": "away", "visibility": "visible"}, {"gameTime": "1 - 25:29", "label": "Direct free-kick", "position": "1529613", "team": "home", "visibility": "visible"}, {"gameTime": "1 - 26:09", "label": "Ball out of play", "position": "1569268", "team": "away", "visibility": "visible"}, {"gameTime": "1 - 28:22", "label": "Throw-in", "position": "1702918", "team": "not applicable", "visibility": "visible"}, {"gameTime": "1 - 28:34", "label": "Shots on target", "position": "1714799", "team": "home", "visibility": "visible"}, {"gameTime": "1 - 31:02", "label": "Ball out of play", "position": "1862173", "team": "home", "visibility": "visible"}, {"gameTime": "1 - 31:03", "label": "Corner", "position": "1863173", "team": "not applicable", "visibility": "visible"}, {"gameTime": "1 - 31:33", "label": "Offside", "position": "1893466", "team": "home", "visibility": "visible"}, {"gameTime": "1 - 32:31", "label": "Indirect free-kick", "position": "1951232", "team": "away", "visibility": "visible"}, {"gameTime": "1 - 32:54", "label": "Ball out of play", "position": "1974040", "team": "home", "visibility": "not shown"}, {"gameTime": "1 - 34:02", "label": "Throw-in", "position": "2042164", "team": "not applicable", "visibility": "visible"}, {"gameTime": "1 - 34:14", "label": "Throw-in", "position": "2054932", "team": "home", "visibility": "visible"}, {"gameTime": "1 - 34:49", "label": "Offside", "position": "2089742", "team": "home", "visibility": "visible"}, {"gameTime": "1 - 35:30", "label": "Indirect free-kick", "position": "2130816", "team": "away", "visibility": "visible"}, {"gameTime": "1 - 35:50", "label": "Shots on target", "position": "2150496", "team": "home", "visibility": "not shown"}, {"gameTime": "1 - 36:49", "label": "Foul", "position": "2209778", "team": "home", "visibility": "visible"}, {"gameTime": "1 - 38:14", "label": "Indirect free-kick", "position": "2294615", "team": "away", "visibility": "visible"}, {"gameTime": "1 - 38:53", "label": "Ball out of play", "position": "2333746", "team": "home", "visibility": "visible"}, {"gameTime": "1 - 38:58", "label": "Throw-in", "position": "2338440", "team": "not applicable", "visibility": "visible"}, {"gameTime": "1 - 39:04", "label": "Shots off target", "position": "2344964", "team": "home", "visibility": "visible"}, {"gameTime": "1 - 40:38", "label": "Clearance", "position": "2438155", "team": "home", "visibility": "visible"}, {"gameTime": "1 - 41:13", "label": "Ball out of play", "position": "2473067", "team": "home", "visibility": "visible"}, {"gameTime": "1 - 41:27", "label": "Throw-in", "position": "2487264", "team": "not applicable", "visibility": "visible"}, {"gameTime": "1 - 41:31", "label": "Ball out of play", "position": "2491928", "team": "home", "visibility": "not shown"}, {"gameTime": "1 - 42:16", "label": "Corner", "position": "2536137", "team": "not applicable", "visibility": "visible"}, {"gameTime": "1 - 42:38", "label": "Offside", "position": "2558379", "team": "home", "visibility": "visible"}, {"gameTime": "1 - 44:02", "label": "Indirect free-kick", "position": "2642144", "team": "home", "visibility": "visible"}, {"gameTime": "1 - 44:39", "label": "Indirect free-kick", "position": "2679487", "team": "away", "visibility": "not shown"}, {"gameTime": "2 - 00:00", "label": "Ball out of play", "position": "37", "team": "away", "visibility": "visible"}, {"gameTime": "2 - 00:52", "label": "Throw-in", "position": "52638", "team": "not applicable", "visibility": "visible"}, {"gameTime": "2 - 01:26", "label": "Ball out of play", "position": "86683", "team": "away", "visibility": "not shown"}, {"gameTime": "2 - 02:00", "label": "Throw-in", "position": "120005", "team": "not applicable", "visibility": "visible"}, {"gameTime": "2 - 02:08", "label": "Foul", "position": "128177", "team": "away", "visibility": "visible"}, {"gameTime": "2 - 03:33", "label": "Direct free-kick", "position": "213582", "team": "home", "visibility": "visible"}, {"gameTime": "2 - 03:38", "label": "Shots off target", "position": "218118", "team": "away", "visibility": "visible"}, {"gameTime": "2 - 04:21", "label": "Ball out of play", "position": "261446", "team": "away", "visibility": "visible"}, {"gameTime": "2 - 04:22", "label": "Clearance", "position": "262104", "team": "not applicable", "visibility": "visible"}, {"gameTime": "2 - 04:44", "label": "Offside", "position": "284514", "team": "home", "visibility": "not shown"}, {"gameTime": "2 - 05:15", "label": "Indirect free-kick", "position": "315142", "team": "away", "visibility": "visible"}, {"gameTime": "2 - 05:32", "label": "Ball out of play", "position": "332895", "team": "home", "visibility": "not shown"}, {"gameTime": "2 - 05:58", "label": "Throw-in", "position": "358323", "team": "not applicable", "visibility": "visible"}, {"gameTime": "2 - 06:07", "label": "Ball out of play", "position": "367112", "team": "away", "visibility": "not shown"}, {"gameTime": "2 - 06:24", "label": "Throw-in", "position": "384009", "team": "not applicable", "visibility": "visible"}, {"gameTime": "2 - 06:34", "label": "Shots off target", "position": "394057", "team": "away", "visibility": "visible"}, {"gameTime": "2 - 07:01", "label": "Ball out of play", "position": "421110", "team": "home", "visibility": "visible"}, {"gameTime": "2 - 07:01", "label": "Clearance", "position": "421733", "team": "not applicable", "visibility": "visible"}, {"gameTime": "2 - 07:27", "label": "Clearance", "position": "447242", "team": "away", "visibility": "visible"}, {"gameTime": "2 - 07:54", "label": "Throw-in", "position": "474976", "team": "away", "visibility": "visible"}, {"gameTime": "2 - 07:59", "label": "Ball out of play", "position": "479968", "team": "away", "visibility": "not shown"}, {"gameTime": "2 - 08:10", "label": "Clearance", "position": "490753", "team": "not applicable", "visibility": "visible"}, {"gameTime": "2 - 08:25", "label": "Foul", "position": "505070", "team": "home", "visibility": "not shown"}, {"gameTime": "2 - 08:52", "label": "Direct free-kick", "position": "532416", "team": "away", "visibility": "visible"}, {"gameTime": "2 - 09:45", "label": "Shots on target", "position": "585754", "team": "home", "visibility": "visible"}, {"gameTime": "2 - 09:46", "label": "Goal", "position": "586892", "team": "home", "visibility": "visible"}, {"gameTime": "2 - 09:47", "label": "Kick-off", "position": "587612", "team": "home", "visibility": "visible"}, {"gameTime": "2 - 10:30", "label": "Clearance", "position": "630415", "team": "away", "visibility": "not shown"}, {"gameTime": "2 - 10:51", "label": "Throw-in", "position": "651329", "team": "away", "visibility": "visible"}, {"gameTime": "2 - 10:57", "label": "Ball out of play", "position": "657125", "team": "away", "visibility": "not shown"}, {"gameTime": "2 - 11:24", "label": "Clearance", "position": "684421", "team": "not applicable", "visibility": "not shown"}, {"gameTime": "2 - 11:50", "label": "Foul", "position": "710356", "team": "away", "visibility": "visible"}, {"gameTime": "2 - 11:53", "label": "Direct free-kick", "position": "713061", "team": "away", "visibility": "visible"}, {"gameTime": "2 - 12:05", "label": "Ball out of play", "position": "725781", "team": "home", "visibility": "visible"}, {"gameTime": "2 - 12:26", "label": "Throw-in", "position": "746847", "team": "not applicable", "visibility": "visible"}, {"gameTime": "2 - 12:55", "label": "Foul", "position": "775250", "team": "away", "visibility": "not shown"}, {"gameTime": "2 - 13:12", "label": "Direct free-kick", "position": "792216", "team": "away", "visibility": "visible"}, {"gameTime": "2 - 13:48", "label": "Ball out of play", "position": "828689", "team": "home", "visibility": "visible"}, {"gameTime": "2 - 14:16", "label": "Clearance", "position": "856908", "team": "not applicable", "visibility": "visible"}, {"gameTime": "2 - 14:24", "label": "Ball out of play", "position": "864247", "team": "home", "visibility": "not shown"}, {"gameTime": "2 - 14:28", "label": "Throw-in", "position": "868283", "team": "not applicable", "visibility": "visible"}, {"gameTime": "2 - 14:32", "label": "Ball out of play", "position": "872526", "team": "home", "visibility": "visible"}, {"gameTime": "2 - 15:50", "label": "Substitution", "position": "950197", "team": "not applicable", "visibility": "visible"}, {"gameTime": "2 - 16:16", "label": "Substitution", "position": "976120", "team": "away", "visibility": "visible"}, {"gameTime": "2 - 16:36", "label": "Clearance", "position": "996120", "team": "home", "visibility": "visible"}, {"gameTime": "2 - 16:49", "label": "Ball out of play", "position": "1009695", "team": "away", "visibility": "not shown"}, {"gameTime": "2 - 17:13", "label": "Throw-in", "position": "1033846", "team": "not applicable", "visibility": "visible"}, {"gameTime": "2 - 17:23", "label": "Ball out of play", "position": "1043779", "team": "away", "visibility": "visible"}, {"gameTime": "2 - 17:50", "label": "Throw-in", "position": "1070024", "team": "not applicable", "visibility": "visible"}, {"gameTime": "2 - 18:01", "label": "Foul", "position": "1081035", "team": "home", "visibility": "visible"}, {"gameTime": "2 - 18:02", "label": "Direct free-kick", "position": "1082807", "team": "away", "visibility": "visible"}, {"gameTime": "2 - 18:40", "label": "Foul", "position": "1120488", "team": "home", "visibility": "visible"}, {"gameTime": "2 - 18:48", "label": "Direct free-kick", "position": "1128229", "team": "home", "visibility": "visible"}, {"gameTime": "2 - 19:15", "label": "Foul", "position": "1155837", "team": "away", "visibility": "not shown"}, {"gameTime": "2 - 19:48", "label": "Direct free-kick", "position": "1188544", "team": "home", "visibility": "visible"}, {"gameTime": "2 - 20:14", "label": "Offside", "position": "1214857", "team": "away", "visibility": "visible"}, {"gameTime": "2 - 20:16", "label": "Indirect free-kick", "position": "1216840", "team": "away", "visibility": "visible"}, {"gameTime": "2 - 20:31", "label": "Ball out of play", "position": "1231707", "team": "home", "visibility": "visible"}, {"gameTime": "2 - 20:42", "label": "Throw-in", "position": "1242727", "team": "not applicable", "visibility": "visible"}, {"gameTime": "2 - 21:02", "label": "Ball out of play", "position": "1262516", "team": "away", "visibility": "visible"}, {"gameTime": "2 - 21:17", "label": "Throw-in", "position": "1277956", "team": "not applicable", "visibility": "visible"}, {"gameTime": "2 - 21:29", "label": "Foul", "position": "1289241", "team": "away", "visibility": "visible"}, {"gameTime": "2 - 21:36", "label": "Direct free-kick", "position": "1296660", "team": "home", "visibility": "visible"}, {"gameTime": "2 - 21:56", "label": "Ball out of play", "position": "1316495", "team": "away", "visibility": "visible"}, {"gameTime": "2 - 22:13", "label": "Throw-in", "position": "1333587", "team": "not applicable", "visibility": "visible"}, {"gameTime": "2 - 22:20", "label": "Foul", "position": "1340611", "team": "home", "visibility": "not shown"}, {"gameTime": "2 - 22:27", "label": "Direct free-kick", "position": "1347666", "team": "home", "visibility": "visible"}, {"gameTime": "2 - 22:43", "label": "Shots off target", "position": "1363577", "team": "away", "visibility": "not shown"}, {"gameTime": "2 - 22:51", "label": "Ball out of play", "position": "1371863", "team": "away", "visibility": "visible"}, {"gameTime": "2 - 22:52", "label": "Clearance", "position": "1372565", "team": "not applicable", "visibility": "visible"}, {"gameTime": "2 - 23:15", "label": "Ball out of play", "position": "1395649", "team": "home", "visibility": "not shown"}, {"gameTime": "2 - 23:31", "label": "Throw-in", "position": "1411077", "team": "not applicable", "visibility": "visible"}, {"gameTime": "2 - 23:50", "label": "Foul", "position": "1430515", "team": "home", "visibility": "visible"}, {"gameTime": "2 - 24:42", "label": "Yellow card", "position": "1482384", "team": "home", "visibility": "visible"}, {"gameTime": "2 - 24:49", "label": "Direct free-kick", "position": "1489360", "team": "home", "visibility": "visible"}, {"gameTime": "2 - 25:48", "label": "Ball out of play", "position": "1548315", "team": "away", "visibility": "visible"}, {"gameTime": "2 - 25:56", "label": "Throw-in", "position": "1556503", "team": "not applicable", "visibility": "visible"}, {"gameTime": "2 - 26:00", "label": "Foul", "position": "1560142", "team": "away", "visibility": "visible"}, {"gameTime": "2 - 26:15", "label": "Direct free-kick", "position": "1575646", "team": "home", "visibility": "visible"}, {"gameTime": "2 - 26:24", "label": "Foul", "position": "1584301", "team": "away", "visibility": "visible"}, {"gameTime": "2 - 26:31", "label": "Direct free-kick", "position": "1591749", "team": "away", "visibility": "visible"}, {"gameTime": "2 - 27:08", "label": "Foul", "position": "1628067", "team": "home", "visibility": "not shown"}, {"gameTime": "2 - 28:06", "label": "Direct free-kick", "position": "1686794", "team": "away", "visibility": "visible"}, {"gameTime": "2 - 28:32", "label": "Foul", "position": "1712621", "team": "home", "visibility": "not shown"}, {"gameTime": "2 - 29:21", "label": "Indirect free-kick", "position": "1761100", "team": "away", "visibility": "visible"}, {"gameTime": "2 - 29:43", "label": "Foul", "position": "1783263", "team": "home", "visibility": "visible"}, {"gameTime": "2 - 30:53", "label": "Substitution", "position": "1853910", "team": "away", "visibility": "visible"}, {"gameTime": "2 - 31:25", "label": "Indirect free-kick", "position": "1885640", "team": "away", "visibility": "visible"}, {"gameTime": "2 - 31:36", "label": "Foul", "position": "1896574", "team": "home", "visibility": "not shown"}, {"gameTime": "2 - 32:32", "label": "Indirect free-kick", "position": "1952540", "team": "away", "visibility": "visible"}, {"gameTime": "2 - 32:44", "label": "Ball out of play", "position": "1964172", "team": "home", "visibility": "not shown"}, {"gameTime": "2 - 33:16", "label": "Throw-in", "position": "1996627", "team": "not applicable", "visibility": "visible"}, {"gameTime": "2 - 33:40", "label": "Foul", "position": "2020266", "team": "away", "visibility": "visible"}, {"gameTime": "2 - 33:46", "label": "Substitution", "position": "2026425", "team": "home", "visibility": "visible"}, {"gameTime": "2 - 34:16", "label": "Substitution", "position": "2056640", "team": "home", "visibility": "visible"}, {"gameTime": "2 - 34:28", "label": "Direct free-kick", "position": "2068240", "team": "home", "visibility": "visible"}, {"gameTime": "2 - 34:39", "label": "Foul", "position": "2079592", "team": "away", "visibility": "not shown"}, {"gameTime": "2 - 34:55", "label": "Direct free-kick", "position": "2095185", "team": "home", "visibility": "visible"}, {"gameTime": "2 - 35:39", "label": "Foul", "position": "2139846", "team": "away", "visibility": "not shown"}, {"gameTime": "2 - 35:55", "label": "Direct free-kick", "position": "2155439", "team": "home", "visibility": "visible"}, {"gameTime": "2 - 36:18", "label": "Ball out of play", "position": "2178024", "team": "away", "visibility": "visible"}, {"gameTime": "2 - 36:28", "label": "Throw-in", "position": "2188921", "team": "not applicable", "visibility": "visible"}, {"gameTime": "2 - 36:31", "label": "Foul", "position": "2191851", "team": "away", "visibility": "visible"}, {"gameTime": "2 - 38:14", "label": "Yellow card", "position": "2294627", "team": "away", "visibility": "visible"}, {"gameTime": "2 - 38:31", "label": "Direct free-kick", "position": "2311427", "team": "away", "visibility": "visible"}, {"gameTime": "2 - 39:09", "label": "Foul", "position": "2349146", "team": "home", "visibility": "visible"}, {"gameTime": "2 - 39:51", "label": "Direct free-kick", "position": "2391849", "team": "away", "visibility": "visible"}, {"gameTime": "2 - 40:17", "label": "Ball out of play", "position": "2417367", "team": "home", "visibility": "visible"}, {"gameTime": "2 - 40:26", "label": "Throw-in", "position": "2426088", "team": "not applicable", "visibility": "visible"}, {"gameTime": "2 - 40:41", "label": "Ball out of play", "position": "2441174", "team": "away", "visibility": "visible"}, {"gameTime": "2 - 40:58", "label": "Substitution", "position": "2458356", "team": "not applicable", "visibility": "visible"}, {"gameTime": "2 - 41:37", "label": "Throw-in", "position": "2497720", "team": "away", "visibility": "visible"}, {"gameTime": "2 - 41:48", "label": "Ball out of play", "position": "2508492", "team": "home", "visibility": "not shown"}, {"gameTime": "2 - 42:30", "label": "Corner", "position": "2550669", "team": "not applicable", "visibility": "visible"}, {"gameTime": "2 - 43:05", "label": "Ball out of play", "position": "2585437", "team": "home", "visibility": "visible"}, {"gameTime": "2 - 43:36", "label": "Throw-in", "position": "2616070", "team": "not applicable", "visibility": "visible"}, {"gameTime": "2 - 43:49", "label": "Throw-in", "position": "2629713", "team": "home", "visibility": "visible"}], "gameAwayTeam": "Paris SG", "gameDate": "15/10/2016 - 18:00", "gameHomeTeam": "Nancy", "gameScore": "1 - 2"}