{"UrlLocal": "france_ligue-1/2016-2017/2017-05-14 - 22-00 St Etienne 0 - 5 Paris SG/", "UrlYoutube": "", "annotations": [{"gameTime": "1 - 00:13", "label": "Kick-off", "position": "13477", "team": "not applicable", "visibility": "visible"}, {"gameTime": "1 - 00:19", "label": "Ball out of play", "position": "19790", "team": "away", "visibility": "visible"}, {"gameTime": "1 - 01:19", "label": "Throw-in", "position": "79756", "team": "away", "visibility": "visible"}, {"gameTime": "1 - 02:07", "label": "Goal", "position": "127554", "team": "home", "visibility": "not shown"}, {"gameTime": "1 - 05:14", "label": "Kick-off", "position": "314338", "team": "away", "visibility": "visible"}, {"gameTime": "1 - 05:26", "label": "Shots off target", "position": "326399", "team": "home", "visibility": "not shown"}, {"gameTime": "1 - 05:49", "label": "Clearance", "position": "349134", "team": "not applicable", "visibility": "visible"}, {"gameTime": "1 - 05:55", "label": "Ball out of play", "position": "355230", "team": "away", "visibility": "visible"}, {"gameTime": "1 - 06:14", "label": "Throw-in", "position": "374999", "team": "away", "visibility": "visible"}, {"gameTime": "1 - 06:35", "label": "Shots off target", "position": "395101", "team": "home", "visibility": "not shown"}, {"gameTime": "1 - 08:57", "label": "Clearance", "position": "537474", "team": "not applicable", "visibility": "visible"}, {"gameTime": "1 - 09:09", "label": "Ball out of play", "position": "549053", "team": "away", "visibility": "not shown"}, {"gameTime": "1 - 09:23", "label": "Throw-in", "position": "563045", "team": "not applicable", "visibility": "visible"}, {"gameTime": "1 - 09:40", "label": "Ball out of play", "position": "580139", "team": "away", "visibility": "not shown"}, {"gameTime": "1 - 10:33", "label": "Throw-in", "position": "633271", "team": "home", "visibility": "visible"}, {"gameTime": "1 - 11:29", "label": "Offside", "position": "689466", "team": "not applicable", "visibility": "visible"}, {"gameTime": "1 - 11:56", "label": "Ball out of play", "position": "716088", "team": "away", "visibility": "visible"}, {"gameTime": "1 - 12:58", "label": "Corner", "position": "778344", "team": "home", "visibility": "visible"}, {"gameTime": "1 - 13:11", "label": "Shots on target", "position": "791723", "team": "not applicable", "visibility": "visible"}, {"gameTime": "1 - 13:26", "label": "Ball out of play", "position": "806511", "team": "home", "visibility": "visible"}, {"gameTime": "1 - 13:38", "label": "Corner", "position": "818148", "team": "not applicable", "visibility": "visible"}, {"gameTime": "1 - 13:44", "label": "Ball out of play", "position": "824223", "team": "home", "visibility": "not shown"}, {"gameTime": "1 - 14:42", "label": "Throw-in", "position": "882857", "team": "not applicable", "visibility": "visible"}, {"gameTime": "1 - 15:11", "label": "Ball out of play", "position": "911118", "team": "away", "visibility": "visible"}, {"gameTime": "1 - 15:48", "label": "Corner", "position": "948848", "team": "not applicable", "visibility": "visible"}, {"gameTime": "1 - 15:57", "label": "Ball out of play", "position": "957072", "team": "home", "visibility": "visible"}, {"gameTime": "1 - 16:18", "label": "Throw-in", "position": "978438", "team": "home", "visibility": "visible"}, {"gameTime": "1 - 16:53", "label": "Shots off target", "position": "1013153", "team": "away", "visibility": "visible"}, {"gameTime": "1 - 17:23", "label": "Clearance", "position": "1043906", "team": "home", "visibility": "visible"}, {"gameTime": "1 - 18:24", "label": "Foul", "position": "1104975", "team": "not applicable", "visibility": "visible"}, {"gameTime": "1 - 18:52", "label": "Ball out of play", "position": "1132583", "team": "home", "visibility": "visible"}, {"gameTime": "1 - 19:58", "label": "Corner", "position": "1198358", "team": "home", "visibility": "visible"}, {"gameTime": "1 - 20:56", "label": "Offside", "position": "1256251", "team": "not applicable", "visibility": "visible"}, {"gameTime": "1 - 21:24", "label": "Ball out of play", "position": "1284492", "team": "away", "visibility": "visible"}, {"gameTime": "1 - 21:27", "label": "Corner", "position": "1287439", "team": "not applicable", "visibility": "visible"}, {"gameTime": "1 - 21:42", "label": "Ball out of play", "position": "1302436", "team": "home", "visibility": "visible"}, {"gameTime": "1 - 21:45", "label": "Clearance", "position": "1305953", "team": "not applicable", "visibility": "visible"}, {"gameTime": "1 - 21:53", "label": "Ball out of play", "position": "1313947", "team": "away", "visibility": "not shown"}, {"gameTime": "1 - 23:17", "label": "Throw-in", "position": "1397623", "team": "home", "visibility": "visible"}, {"gameTime": "1 - 23:43", "label": "Shots off target", "position": "1423237", "team": "away", "visibility": "not shown"}, {"gameTime": "1 - 24:18", "label": "Clearance", "position": "1458345", "team": "not applicable", "visibility": "visible"}, {"gameTime": "1 - 24:19", "label": "Ball out of play", "position": "1459231", "team": "home", "visibility": "visible"}, {"gameTime": "1 - 24:36", "label": "Throw-in", "position": "1476961", "team": "home", "visibility": "visible"}, {"gameTime": "1 - 25:41", "label": "Foul", "position": "1541119", "team": "not applicable", "visibility": "visible"}, {"gameTime": "1 - 25:49", "label": "Ball out of play", "position": "1549429", "team": "home", "visibility": "not shown"}, {"gameTime": "1 - 26:34", "label": "Throw-in", "position": "1594361", "team": "home", "visibility": "visible"}, {"gameTime": "1 - 26:41", "label": "Foul", "position": "1601880", "team": "home", "visibility": "visible"}, {"gameTime": "1 - 27:33", "label": "Yellow card", "position": "1653451", "team": "away", "visibility": "visible"}, {"gameTime": "1 - 28:58", "label": "Indirect free-kick", "position": "1738963", "team": "away", "visibility": "visible"}, {"gameTime": "1 - 30:09", "label": "Foul", "position": "1809020", "team": "home", "visibility": "visible"}, {"gameTime": "1 - 33:33", "label": "Foul", "position": "2013732", "team": "away", "visibility": "visible"}, {"gameTime": "1 - 34:21", "label": "Foul", "position": "2061632", "team": "home", "visibility": "visible"}, {"gameTime": "1 - 34:22", "label": "Direct free-kick", "position": "2062704", "team": "not applicable", "visibility": "visible"}, {"gameTime": "1 - 34:37", "label": "Ball out of play", "position": "2077917", "team": "away", "visibility": "not shown"}, {"gameTime": "1 - 36:37", "label": "Clearance", "position": "2197263", "team": "not applicable", "visibility": "visible"}, {"gameTime": "1 - 36:39", "label": "Ball out of play", "position": "2199620", "team": "home", "visibility": "visible"}, {"gameTime": "1 - 36:41", "label": "Throw-in", "position": "2201675", "team": "away", "visibility": "visible"}, {"gameTime": "1 - 37:22", "label": "Foul", "position": "2242659", "team": "away", "visibility": "visible"}, {"gameTime": "1 - 38:31", "label": "Goal", "position": "2311773", "team": "home", "visibility": "not shown"}, {"gameTime": "1 - 42:20", "label": "Kick-off", "position": "2540288", "team": "away", "visibility": "visible"}, {"gameTime": "1 - 42:56", "label": "Shots on target", "position": "2576589", "team": "not applicable", "visibility": "visible"}, {"gameTime": "1 - 43:53", "label": "Ball out of play", "position": "2633933", "team": "home", "visibility": "visible"}, {"gameTime": "2 - 00:41", "label": "Kick-off", "position": "41294", "team": "away", "visibility": "visible"}, {"gameTime": "2 - 01:23", "label": "Offside", "position": "83543", "team": "home", "visibility": "visible"}, {"gameTime": "2 - 03:00", "label": "Foul", "position": "180468", "team": "not applicable", "visibility": "visible"}, {"gameTime": "2 - 03:02", "label": "Ball out of play", "position": "182315", "team": "home", "visibility": "visible"}, {"gameTime": "2 - 03:29", "label": "Throw-in", "position": "209370", "team": "not applicable", "visibility": "visible"}, {"gameTime": "2 - 03:34", "label": "Ball out of play", "position": "214671", "team": "away", "visibility": "visible"}, {"gameTime": "2 - 03:51", "label": "Throw-in", "position": "231686", "team": "not applicable", "visibility": "visible"}, {"gameTime": "2 - 04:01", "label": "Ball out of play", "position": "241766", "team": "home", "visibility": "visible"}, {"gameTime": "2 - 04:06", "label": "Throw-in", "position": "246633", "team": "not applicable", "visibility": "visible"}, {"gameTime": "2 - 04:17", "label": "Ball out of play", "position": "257702", "team": "home", "visibility": "visible"}, {"gameTime": "2 - 04:21", "label": "Throw-in", "position": "261758", "team": "not applicable", "visibility": "visible"}, {"gameTime": "2 - 04:32", "label": "Ball out of play", "position": "272181", "team": "home", "visibility": "visible"}, {"gameTime": "2 - 04:34", "label": "Throw-in", "position": "274133", "team": "not applicable", "visibility": "visible"}, {"gameTime": "2 - 04:40", "label": "Ball out of play", "position": "280061", "team": "home", "visibility": "visible"}, {"gameTime": "2 - 05:00", "label": "Throw-in", "position": "300517", "team": "away", "visibility": "visible"}, {"gameTime": "2 - 05:01", "label": "Shots on target", "position": "301488", "team": "not applicable", "visibility": "visible"}, {"gameTime": "2 - 05:28", "label": "Ball out of play", "position": "328905", "team": "away", "visibility": "visible"}, {"gameTime": "2 - 05:31", "label": "Corner", "position": "331626", "team": "not applicable", "visibility": "visible"}, {"gameTime": "2 - 05:53", "label": "Ball out of play", "position": "353287", "team": "home", "visibility": "not shown"}, {"gameTime": "2 - 06:01", "label": "Clearance", "position": "361706", "team": "not applicable", "visibility": "visible"}, {"gameTime": "2 - 06:07", "label": "Ball out of play", "position": "367656", "team": "home", "visibility": "not shown"}, {"gameTime": "2 - 06:34", "label": "Throw-in", "position": "394443", "team": "not applicable", "visibility": "visible"}, {"gameTime": "2 - 06:38", "label": "Ball out of play", "position": "398627", "team": "home", "visibility": "not shown"}, {"gameTime": "2 - 07:15", "label": "Throw-in", "position": "435922", "team": "not applicable", "visibility": "visible"}, {"gameTime": "2 - 07:38", "label": "Ball out of play", "position": "458884", "team": "home", "visibility": "visible"}, {"gameTime": "2 - 09:59", "label": "Corner", "position": "599711", "team": "not applicable", "visibility": "visible"}, {"gameTime": "2 - 10:16", "label": "Ball out of play", "position": "616990", "team": "home", "visibility": "visible"}, {"gameTime": "2 - 10:21", "label": "Corner", "position": "621709", "team": "not applicable", "visibility": "visible"}, {"gameTime": "2 - 10:44", "label": "Ball out of play", "position": "644032", "team": "home", "visibility": "not shown"}, {"gameTime": "2 - 11:05", "label": "Substitution", "position": "665689", "team": "home", "visibility": "visible"}, {"gameTime": "2 - 11:30", "label": "Clearance", "position": "690750", "team": "not applicable", "visibility": "visible"}, {"gameTime": "2 - 11:45", "label": "Ball out of play", "position": "705499", "team": "away", "visibility": "visible"}, {"gameTime": "2 - 11:47", "label": "Throw-in", "position": "707695", "team": "home", "visibility": "visible"}, {"gameTime": "2 - 12:13", "label": "Foul", "position": "733220", "team": "not applicable", "visibility": "visible"}, {"gameTime": "2 - 12:31", "label": "Ball out of play", "position": "751872", "team": "home", "visibility": "visible"}, {"gameTime": "2 - 13:34", "label": "Throw-in", "position": "814426", "team": "not applicable", "visibility": "visible"}, {"gameTime": "2 - 13:40", "label": "Ball out of play", "position": "820943", "team": "home", "visibility": "visible"}, {"gameTime": "2 - 14:31", "label": "Throw-in", "position": "871810", "team": "not applicable", "visibility": "visible"}, {"gameTime": "2 - 14:32", "label": "Ball out of play", "position": "872642", "team": "home", "visibility": "not shown"}, {"gameTime": "2 - 14:48", "label": "Clearance", "position": "888064", "team": "not applicable", "visibility": "visible"}, {"gameTime": "2 - 15:13", "label": "Ball out of play", "position": "913706", "team": "away", "visibility": "visible"}, {"gameTime": "2 - 15:48", "label": "Throw-in", "position": "948683", "team": "not applicable", "visibility": "visible"}, {"gameTime": "2 - 15:59", "label": "Ball out of play", "position": "959429", "team": "away", "visibility": "visible"}, {"gameTime": "2 - 16:05", "label": "Throw-in", "position": "965427", "team": "home", "visibility": "visible"}, {"gameTime": "2 - 16:36", "label": "Foul", "position": "996609", "team": "away", "visibility": "visible"}, {"gameTime": "2 - 17:01", "label": "Shots off target", "position": "1021433", "team": "home", "visibility": "not shown"}, {"gameTime": "2 - 17:27", "label": "Clearance", "position": "1047262", "team": "not applicable", "visibility": "visible"}, {"gameTime": "2 - 17:44", "label": "Ball out of play", "position": "1064949", "team": "away", "visibility": "not shown"}, {"gameTime": "2 - 19:26", "label": "Clearance", "position": "1166698", "team": "not applicable", "visibility": "visible"}, {"gameTime": "2 - 19:26", "label": "Ball out of play", "position": "1166742", "team": "not applicable", "visibility": "visible"}, {"gameTime": "2 - 19:30", "label": "Ball out of play", "position": "1170007", "team": "home", "visibility": "not shown"}, {"gameTime": "2 - 19:53", "label": "Throw-in", "position": "1193373", "team": "not applicable", "visibility": "visible"}, {"gameTime": "2 - 19:59", "label": "Ball out of play", "position": "1199279", "team": "home", "visibility": "visible"}, {"gameTime": "2 - 20:09", "label": "Throw-in", "position": "1209478", "team": "away", "visibility": "visible"}, {"gameTime": "2 - 20:23", "label": "Shots off target", "position": "1223644", "team": "home", "visibility": "not shown"}, {"gameTime": "2 - 20:34", "label": "Clearance", "position": "1234178", "team": "not applicable", "visibility": "visible"}, {"gameTime": "2 - 20:39", "label": "Ball out of play", "position": "1239593", "team": "home", "visibility": "visible"}, {"gameTime": "2 - 20:56", "label": "Throw-in", "position": "1256821", "team": "home", "visibility": "visible"}, {"gameTime": "2 - 21:42", "label": "Shots on target", "position": "1302374", "team": "not applicable", "visibility": "visible"}, {"gameTime": "2 - 21:49", "label": "Ball out of play", "position": "1309726", "team": "away", "visibility": "not shown"}, {"gameTime": "2 - 22:19", "label": "Throw-in", "position": "1339766", "team": "not applicable", "visibility": "visible"}, {"gameTime": "2 - 22:34", "label": "Ball out of play", "position": "1354850", "team": "away", "visibility": "not shown"}, {"gameTime": "2 - 22:45", "label": "Corner", "position": "1365146", "team": "away", "visibility": "visible"}, {"gameTime": "2 - 23:01", "label": "Shots off target", "position": "1381925", "team": "home", "visibility": "not shown"}, {"gameTime": "2 - 23:22", "label": "Clearance", "position": "1402682", "team": "not applicable", "visibility": "visible"}, {"gameTime": "2 - 23:46", "label": "Ball out of play", "position": "1426149", "team": "home", "visibility": "visible"}, {"gameTime": "2 - 23:52", "label": "Substitution", "position": "1432200", "team": "away", "visibility": "not shown"}, {"gameTime": "2 - 23:54", "label": "Throw-in", "position": "1434130", "team": "home", "visibility": "visible"}, {"gameTime": "2 - 24:36", "label": "Foul", "position": "1476765", "team": "not applicable", "visibility": "visible"}, {"gameTime": "2 - 24:43", "label": "Ball out of play", "position": "1483064", "team": "away", "visibility": "visible"}, {"gameTime": "2 - 26:23", "label": "Throw-in", "position": "1583277", "team": "away", "visibility": "visible"}, {"gameTime": "2 - 27:16", "label": "Goal", "position": "1636723", "team": "home", "visibility": "not shown"}, {"gameTime": "2 - 27:52", "label": "Kick-off", "position": "1672483", "team": "away", "visibility": "visible"}, {"gameTime": "2 - 27:54", "label": "Shots on target", "position": "1674038", "team": "not applicable", "visibility": "visible"}, {"gameTime": "2 - 29:24", "label": "Ball out of play", "position": "1764960", "team": "away", "visibility": "visible"}, {"gameTime": "2 - 30:09", "label": "Foul", "position": "1809369", "team": "home", "visibility": "visible"}, {"gameTime": "2 - 30:50", "label": "Foul", "position": "1850641", "team": "away", "visibility": "visible"}, {"gameTime": "2 - 30:52", "label": "Shots on target", "position": "1852128", "team": "not applicable", "visibility": "visible"}, {"gameTime": "2 - 31:07", "label": "Ball out of play", "position": "1867952", "team": "away", "visibility": "not shown"}, {"gameTime": "2 - 32:43", "label": "Corner", "position": "1963482", "team": "away", "visibility": "visible"}, {"gameTime": "2 - 32:45", "label": "Shots on target", "position": "1965216", "team": "away", "visibility": "visible"}, {"gameTime": "2 - 33:44", "label": "Goal", "position": "2024396", "team": "away", "visibility": "not shown"}, {"gameTime": "2 - 33:55", "label": "Substitution", "position": "2035656", "team": "away", "visibility": "not shown"}, {"gameTime": "2 - 34:12", "label": "Substitution", "position": "2052858", "team": "home", "visibility": "visible"}, {"gameTime": "2 - 34:17", "label": "Substitution", "position": "2057179", "team": "home", "visibility": "not shown"}, {"gameTime": "2 - 35:08", "label": "Kick-off", "position": "2108715", "team": "not applicable", "visibility": "visible"}, {"gameTime": "2 - 35:22", "label": "Ball out of play", "position": "2122902", "team": "away", "visibility": "visible"}, {"gameTime": "2 - 37:15", "label": "Throw-in", "position": "2235104", "team": "not applicable", "visibility": "visible"}, {"gameTime": "2 - 37:21", "label": "Ball out of play", "position": "2241734", "team": "away", "visibility": "not shown"}, {"gameTime": "2 - 38:05", "label": "Throw-in", "position": "2285898", "team": "not applicable", "visibility": "visible"}, {"gameTime": "2 - 38:22", "label": "Ball out of play", "position": "2302002", "team": "away", "visibility": "not shown"}, {"gameTime": "2 - 38:47", "label": "Clearance", "position": "2327558", "team": "not applicable", "visibility": "visible"}, {"gameTime": "2 - 38:58", "label": "Ball out of play", "position": "2338051", "team": "home", "visibility": "visible"}, {"gameTime": "2 - 39:18", "label": "Throw-in", "position": "2358110", "team": "away", "visibility": "visible"}, {"gameTime": "2 - 39:29", "label": "Foul", "position": "2369419", "team": "away", "visibility": "visible"}, {"gameTime": "2 - 40:37", "label": "Yellow card", "position": "2437804", "team": "home", "visibility": "visible"}, {"gameTime": "2 - 40:38", "label": "Direct free-kick", "position": "2438549", "team": "not applicable", "visibility": "visible"}, {"gameTime": "2 - 40:48", "label": "Ball out of play", "position": "2448972", "team": "away", "visibility": "not shown"}, {"gameTime": "2 - 42:18", "label": "Clearance", "position": "2538008", "team": "not applicable", "visibility": "visible"}, {"gameTime": "2 - 42:33", "label": "Ball out of play", "position": "2553061", "team": "away", "visibility": "visible"}, {"gameTime": "2 - 44:22", "label": "Throw-in", "position": "2662199", "team": "away", "visibility": "visible"}], "gameAwayTeam": "Paris SG", "gameDate": "14/05/2017 - 22:00", "gameHomeTeam": "St Etienne", "gameScore": "0 - 5"}