{"UrlLocal": "england_epl/2015-2016/2016-02-13 - 20-30 Chelsea 5 - 1 Newcastle Utd/", "UrlYoutube": "", "annotations": [{"gameTime": "1 - 00:00", "label": "Ball out of play", "position": "440", "team": "away", "visibility": "visible"}, {"gameTime": "1 - 00:22", "label": "Throw-in", "position": "22093", "team": "not applicable", "visibility": "visible"}, {"gameTime": "1 - 00:30", "label": "Foul", "position": "30404", "team": "away", "visibility": "visible"}, {"gameTime": "1 - 00:58", "label": "Ball out of play", "position": "58592", "team": "away", "visibility": "visible"}, {"gameTime": "1 - 01:04", "label": "Indirect free-kick", "position": "64909", "team": "not applicable", "visibility": "visible"}, {"gameTime": "1 - 01:18", "label": "Shots off target", "position": "78703", "team": "home", "visibility": "visible"}, {"gameTime": "1 - 01:23", "label": "Ball out of play", "position": "83666", "team": "home", "visibility": "visible"}, {"gameTime": "1 - 01:24", "label": "Clearance", "position": "84824", "team": "not applicable", "visibility": "visible"}, {"gameTime": "1 - 01:54", "label": "Ball out of play", "position": "114015", "team": "away", "visibility": "visible"}, {"gameTime": "1 - 01:58", "label": "Throw-in", "position": "118549", "team": "not applicable", "visibility": "visible"}, {"gameTime": "1 - 02:04", "label": "Foul", "position": "124503", "team": "home", "visibility": "visible"}, {"gameTime": "1 - 02:33", "label": "Indirect free-kick", "position": "153593", "team": "home", "visibility": "visible"}, {"gameTime": "1 - 02:41", "label": "Foul", "position": "161632", "team": "away", "visibility": "visible"}, {"gameTime": "1 - 03:00", "label": "Direct free-kick", "position": "180988", "team": "away", "visibility": "visible"}, {"gameTime": "1 - 03:27", "label": "Shots on target", "position": "207401", "team": "home", "visibility": "visible"}, {"gameTime": "1 - 04:06", "label": "Goal", "position": "246915", "team": "away", "visibility": "visible"}, {"gameTime": "1 - 04:08", "label": "Kick-off", "position": "248200", "team": "home", "visibility": "visible"}, {"gameTime": "1 - 04:58", "label": "Foul", "position": "298484", "team": "away", "visibility": "not shown"}, {"gameTime": "1 - 05:09", "label": "Direct free-kick", "position": "309035", "team": "away", "visibility": "visible"}, {"gameTime": "1 - 05:32", "label": "Ball out of play", "position": "332766", "team": "home", "visibility": "visible"}, {"gameTime": "1 - 06:20", "label": "Ball out of play", "position": "380124", "team": "not applicable", "visibility": "visible"}, {"gameTime": "1 - 07:11", "label": "Throw-in", "position": "431485", "team": "not applicable", "visibility": "visible"}, {"gameTime": "1 - 07:22", "label": "Foul", "position": "442706", "team": "away", "visibility": "not shown"}, {"gameTime": "1 - 07:27", "label": "Ball out of play", "position": "447056", "team": "home", "visibility": "visible"}, {"gameTime": "1 - 07:27", "label": "Direct free-kick", "position": "447857", "team": "not applicable", "visibility": "visible"}, {"gameTime": "1 - 08:09", "label": "Shots on target", "position": "489334", "team": "away", "visibility": "visible"}, {"gameTime": "1 - 08:20", "label": "Goal", "position": "500840", "team": "home", "visibility": "visible"}, {"gameTime": "1 - 08:21", "label": "Kick-off", "position": "501720", "team": "home", "visibility": "visible"}, {"gameTime": "1 - 09:13", "label": "Ball out of play", "position": "553946", "team": "away", "visibility": "not shown"}, {"gameTime": "1 - 09:27", "label": "Clearance", "position": "567487", "team": "not applicable", "visibility": "visible"}, {"gameTime": "1 - 09:44", "label": "Ball out of play", "position": "584998", "team": "home", "visibility": "visible"}, {"gameTime": "1 - 10:02", "label": "Throw-in", "position": "602121", "team": "not applicable", "visibility": "visible"}, {"gameTime": "1 - 10:08", "label": "Shots off target", "position": "608527", "team": "home", "visibility": "visible"}, {"gameTime": "1 - 10:25", "label": "Ball out of play", "position": "625343", "team": "away", "visibility": "visible"}, {"gameTime": "1 - 10:26", "label": "Clearance", "position": "626680", "team": "not applicable", "visibility": "visible"}, {"gameTime": "1 - 10:50", "label": "Shots on target", "position": "650230", "team": "away", "visibility": "visible"}, {"gameTime": "1 - 11:08", "label": "Ball out of play", "position": "668711", "team": "away", "visibility": "visible"}, {"gameTime": "1 - 11:32", "label": "Throw-in", "position": "692449", "team": "not applicable", "visibility": "visible"}, {"gameTime": "1 - 11:51", "label": "Ball out of play", "position": "711804", "team": "away", "visibility": "not shown"}, {"gameTime": "1 - 13:50", "label": "Throw-in", "position": "830861", "team": "not applicable", "visibility": "visible"}, {"gameTime": "1 - 14:05", "label": "Foul", "position": "845645", "team": "away", "visibility": "visible"}, {"gameTime": "1 - 14:12", "label": "Direct free-kick", "position": "852331", "team": "home", "visibility": "visible"}, {"gameTime": "1 - 14:30", "label": "Ball out of play", "position": "870332", "team": "away", "visibility": "visible"}, {"gameTime": "1 - 15:14", "label": "Ball out of play", "position": "914837", "team": "not applicable", "visibility": "visible"}, {"gameTime": "1 - 15:19", "label": "Shots on target", "position": "919185", "team": "not applicable", "visibility": "not shown"}, {"gameTime": "1 - 16:10", "label": "Goal", "position": "970640", "team": "home", "visibility": "visible"}, {"gameTime": "1 - 16:11", "label": "Kick-off", "position": "971000", "team": "home", "visibility": "visible"}, {"gameTime": "1 - 17:02", "label": "Foul", "position": "1022948", "team": "away", "visibility": "visible"}, {"gameTime": "1 - 18:01", "label": "Yellow card", "position": "1081097", "team": "away", "visibility": "visible"}, {"gameTime": "1 - 18:11", "label": "Indirect free-kick", "position": "1091000", "team": "away", "visibility": "not shown"}, {"gameTime": "1 - 18:25", "label": "Ball out of play", "position": "1105917", "team": "home", "visibility": "not shown"}, {"gameTime": "1 - 19:08", "label": "Throw-in", "position": "1148074", "team": "not applicable", "visibility": "visible"}, {"gameTime": "1 - 19:16", "label": "Ball out of play", "position": "1156743", "team": "home", "visibility": "not shown"}, {"gameTime": "1 - 20:00", "label": "Clearance", "position": "1200205", "team": "not applicable", "visibility": "visible"}, {"gameTime": "1 - 20:29", "label": "Foul", "position": "1229815", "team": "away", "visibility": "visible"}, {"gameTime": "1 - 20:58", "label": "Ball out of play", "position": "1258070", "team": "home", "visibility": "visible"}, {"gameTime": "1 - 20:59", "label": "Clearance", "position": "1259518", "team": "not applicable", "visibility": "not shown"}, {"gameTime": "1 - 21:30", "label": "Ball out of play", "position": "1290379", "team": "away", "visibility": "not shown"}, {"gameTime": "1 - 21:33", "label": "Clearance", "position": "1293733", "team": "not applicable", "visibility": "visible"}, {"gameTime": "1 - 22:13", "label": "Ball out of play", "position": "1333444", "team": "away", "visibility": "not shown"}, {"gameTime": "1 - 22:19", "label": "Throw-in", "position": "1339899", "team": "not applicable", "visibility": "visible"}, {"gameTime": "1 - 22:26", "label": "Ball out of play", "position": "1346776", "team": "home", "visibility": "not shown"}, {"gameTime": "1 - 23:03", "label": "Throw-in", "position": "1383221", "team": "not applicable", "visibility": "visible"}, {"gameTime": "1 - 23:30", "label": "Ball out of play", "position": "1410817", "team": "away", "visibility": "visible"}, {"gameTime": "1 - 24:34", "label": "Corner", "position": "1474288", "team": "not applicable", "visibility": "visible"}, {"gameTime": "1 - 25:10", "label": "Ball out of play", "position": "1510089", "team": "home", "visibility": "visible"}, {"gameTime": "1 - 25:23", "label": "Throw-in", "position": "1523822", "team": "not applicable", "visibility": "visible"}, {"gameTime": "1 - 25:49", "label": "Ball out of play", "position": "1549445", "team": "home", "visibility": "visible"}, {"gameTime": "1 - 25:53", "label": "Throw-in", "position": "1553145", "team": "not applicable", "visibility": "visible"}, {"gameTime": "1 - 25:58", "label": "Ball out of play", "position": "1558816", "team": "home", "visibility": "visible"}, {"gameTime": "1 - 26:18", "label": "Throw-in", "position": "1578594", "team": "not applicable", "visibility": "visible"}, {"gameTime": "1 - 26:24", "label": "Ball out of play", "position": "1584368", "team": "home", "visibility": "visible"}, {"gameTime": "1 - 26:38", "label": "Clearance", "position": "1598471", "team": "not applicable", "visibility": "visible"}, {"gameTime": "1 - 26:57", "label": "Ball out of play", "position": "1617249", "team": "away", "visibility": "visible"}, {"gameTime": "1 - 27:58", "label": "Throw-in", "position": "1678873", "team": "not applicable", "visibility": "visible"}, {"gameTime": "1 - 28:11", "label": "Foul", "position": "1691791", "team": "away", "visibility": "visible"}, {"gameTime": "1 - 29:50", "label": "Indirect free-kick", "position": "1790268", "team": "home", "visibility": "visible"}, {"gameTime": "1 - 30:15", "label": "Ball out of play", "position": "1815450", "team": "away", "visibility": "visible"}, {"gameTime": "1 - 30:36", "label": "Corner", "position": "1836536", "team": "not applicable", "visibility": "visible"}, {"gameTime": "1 - 31:04", "label": "Ball out of play", "position": "1864030", "team": "home", "visibility": "visible"}, {"gameTime": "1 - 31:08", "label": "Corner", "position": "1868292", "team": "not applicable", "visibility": "visible"}, {"gameTime": "1 - 31:43", "label": "Foul", "position": "1903864", "team": "home", "visibility": "visible"}, {"gameTime": "1 - 32:08", "label": "Ball out of play", "position": "1928205", "team": "home", "visibility": "visible"}, {"gameTime": "1 - 32:09", "label": "Indirect free-kick", "position": "1929184", "team": "not applicable", "visibility": "visible"}, {"gameTime": "1 - 32:34", "label": "Ball out of play", "position": "1954690", "team": "away", "visibility": "visible"}, {"gameTime": "1 - 33:37", "label": "Clearance", "position": "2017626", "team": "not applicable", "visibility": "visible"}, {"gameTime": "1 - 34:03", "label": "Shots on target", "position": "2043611", "team": "home", "visibility": "not shown"}, {"gameTime": "1 - 34:44", "label": "Ball out of play", "position": "2084868", "team": "away", "visibility": "visible"}, {"gameTime": "1 - 36:25", "label": "Throw-in", "position": "2185620", "team": "not applicable", "visibility": "visible"}, {"gameTime": "1 - 36:31", "label": "Ball out of play", "position": "2191586", "team": "home", "visibility": "visible"}, {"gameTime": "1 - 36:41", "label": "Substitution", "position": "2201652", "team": "not applicable", "visibility": "visible"}, {"gameTime": "1 - 37:16", "label": "Clearance", "position": "2236000", "team": "home", "visibility": "visible"}, {"gameTime": "1 - 37:24", "label": "Foul", "position": "2244273", "team": "away", "visibility": "visible"}, {"gameTime": "1 - 39:19", "label": "Indirect free-kick", "position": "2359247", "team": "away", "visibility": "visible"}, {"gameTime": "1 - 39:32", "label": "Ball out of play", "position": "2372440", "team": "home", "visibility": "visible"}, {"gameTime": "1 - 40:00", "label": "Ball out of play", "position": "2400528", "team": "not applicable", "visibility": "visible"}, {"gameTime": "1 - 40:40", "label": "Throw-in", "position": "2440293", "team": "not applicable", "visibility": "visible"}, {"gameTime": "1 - 40:49", "label": "Ball out of play", "position": "2449244", "team": "away", "visibility": "visible"}, {"gameTime": "1 - 41:04", "label": "Throw-in", "position": "2464714", "team": "not applicable", "visibility": "visible"}, {"gameTime": "1 - 41:13", "label": "Foul", "position": "2473352", "team": "home", "visibility": "not shown"}, {"gameTime": "1 - 41:56", "label": "Indirect free-kick", "position": "2516071", "team": "away", "visibility": "visible"}, {"gameTime": "1 - 43:15", "label": "Ball out of play", "position": "2595143", "team": "home", "visibility": "not shown"}, {"gameTime": "1 - 43:21", "label": "Throw-in", "position": "2601226", "team": "not applicable", "visibility": "visible"}, {"gameTime": "1 - 43:23", "label": "Ball out of play", "position": "2603402", "team": "away", "visibility": "visible"}, {"gameTime": "1 - 43:45", "label": "Throw-in", "position": "2625991", "team": "not applicable", "visibility": "visible"}, {"gameTime": "1 - 44:02", "label": "Foul", "position": "2642844", "team": "away", "visibility": "visible"}, {"gameTime": "1 - 44:55", "label": "Foul", "position": "2695571", "team": "away", "visibility": "visible"}, {"gameTime": "2 - 00:00", "label": "Kick-off", "position": "0", "team": "away", "visibility": "not shown"}, {"gameTime": "2 - 00:00", "label": "Ball out of play", "position": "4", "team": "away", "visibility": "visible"}, {"gameTime": "2 - 00:09", "label": "Throw-in", "position": "9390", "team": "not applicable", "visibility": "visible"}, {"gameTime": "2 - 00:14", "label": "Foul", "position": "14771", "team": "away", "visibility": "visible"}, {"gameTime": "2 - 00:30", "label": "Ball out of play", "position": "30838", "team": "home", "visibility": "visible"}, {"gameTime": "2 - 00:43", "label": "Throw-in", "position": "43432", "team": "not applicable", "visibility": "visible"}, {"gameTime": "2 - 00:51", "label": "Ball out of play", "position": "51580", "team": "home", "visibility": "not shown"}, {"gameTime": "2 - 01:09", "label": "Throw-in", "position": "69967", "team": "not applicable", "visibility": "visible"}, {"gameTime": "2 - 01:15", "label": "Ball out of play", "position": "75176", "team": "away", "visibility": "visible"}, {"gameTime": "2 - 01:58", "label": "Corner", "position": "118511", "team": "not applicable", "visibility": "visible"}, {"gameTime": "2 - 04:04", "label": "Ball out of play", "position": "244069", "team": "away", "visibility": "visible"}, {"gameTime": "2 - 04:07", "label": "Clearance", "position": "247609", "team": "not applicable", "visibility": "visible"}, {"gameTime": "2 - 04:28", "label": "Ball out of play", "position": "268304", "team": "away", "visibility": "visible"}, {"gameTime": "2 - 04:43", "label": "Throw-in", "position": "283764", "team": "not applicable", "visibility": "visible"}, {"gameTime": "2 - 04:55", "label": "Ball out of play", "position": "295519", "team": "away", "visibility": "visible"}, {"gameTime": "2 - 05:02", "label": "Throw-in", "position": "302129", "team": "not applicable", "visibility": "visible"}, {"gameTime": "2 - 05:15", "label": "Shots off target", "position": "315807", "team": "away", "visibility": "visible"}, {"gameTime": "2 - 06:11", "label": "Ball out of play", "position": "371520", "team": "away", "visibility": "visible"}, {"gameTime": "2 - 06:12", "label": "Corner", "position": "372851", "team": "not applicable", "visibility": "visible"}, {"gameTime": "2 - 06:28", "label": "Ball out of play", "position": "388928", "team": "away", "visibility": "visible"}, {"gameTime": "2 - 07:16", "label": "Throw-in", "position": "436532", "team": "not applicable", "visibility": "not shown"}, {"gameTime": "2 - 07:34", "label": "Ball out of play", "position": "454445", "team": "home", "visibility": "visible"}, {"gameTime": "2 - 07:41", "label": "Throw-in", "position": "461827", "team": "not applicable", "visibility": "not shown"}, {"gameTime": "2 - 07:44", "label": "Ball out of play", "position": "464616", "team": "away", "visibility": "not shown"}, {"gameTime": "2 - 07:51", "label": "Corner", "position": "471686", "team": "not applicable", "visibility": "visible"}, {"gameTime": "2 - 08:12", "label": "Shots on target", "position": "492272", "team": "home", "visibility": "visible"}, {"gameTime": "2 - 08:54", "label": "Ball out of play", "position": "534727", "team": "home", "visibility": "visible"}, {"gameTime": "2 - 11:10", "label": "Shots off target", "position": "670955", "team": "not applicable", "visibility": "not shown"}, {"gameTime": "2 - 12:16", "label": "Ball out of play", "position": "736309", "team": "away", "visibility": "visible"}, {"gameTime": "2 - 12:17", "label": "Shots on target", "position": "737200", "team": "not applicable", "visibility": "visible"}, {"gameTime": "2 - 13:14", "label": "Goal", "position": "794600", "team": "away", "visibility": "visible"}, {"gameTime": "2 - 13:15", "label": "Substitution", "position": "795360", "team": "home", "visibility": "visible"}, {"gameTime": "2 - 14:33", "label": "Kick-off", "position": "873000", "team": "home", "visibility": "visible"}, {"gameTime": "2 - 14:40", "label": "Foul", "position": "880433", "team": "away", "visibility": "not shown"}, {"gameTime": "2 - 15:34", "label": "Yellow card", "position": "934793", "team": "away", "visibility": "visible"}, {"gameTime": "2 - 15:41", "label": "Indirect free-kick", "position": "941000", "team": "away", "visibility": "visible"}, {"gameTime": "2 - 15:56", "label": "Throw-in", "position": "956296", "team": "home", "visibility": "not shown"}, {"gameTime": "2 - 16:05", "label": "Foul", "position": "965316", "team": "away", "visibility": "visible"}, {"gameTime": "2 - 16:36", "label": "Indirect free-kick", "position": "996559", "team": "away", "visibility": "visible"}, {"gameTime": "2 - 16:57", "label": "Ball out of play", "position": "1017186", "team": "home", "visibility": "visible"}, {"gameTime": "2 - 17:25", "label": "Corner", "position": "1045444", "team": "not applicable", "visibility": "visible"}, {"gameTime": "2 - 17:46", "label": "Foul", "position": "1066812", "team": "home", "visibility": "visible"}, {"gameTime": "2 - 20:21", "label": "Foul", "position": "1221525", "team": "home", "visibility": "visible"}, {"gameTime": "2 - 20:21", "label": "Substitution", "position": "1221744", "team": "away", "visibility": "visible"}, {"gameTime": "2 - 21:13", "label": "Indirect free-kick", "position": "1273000", "team": "away", "visibility": "visible"}, {"gameTime": "2 - 21:28", "label": "Ball out of play", "position": "1288869", "team": "home", "visibility": "visible"}, {"gameTime": "2 - 21:46", "label": "Clearance", "position": "1306511", "team": "not applicable", "visibility": "visible"}, {"gameTime": "2 - 21:55", "label": "Ball out of play", "position": "1315644", "team": "home", "visibility": "visible"}, {"gameTime": "2 - 22:24", "label": "Throw-in", "position": "1344040", "team": "not applicable", "visibility": "visible"}, {"gameTime": "2 - 22:25", "label": "Ball out of play", "position": "1345791", "team": "away", "visibility": "visible"}, {"gameTime": "2 - 23:22", "label": "Clearance", "position": "1402520", "team": "not applicable", "visibility": "visible"}, {"gameTime": "2 - 23:38", "label": "Foul", "position": "1418778", "team": "home", "visibility": "visible"}, {"gameTime": "2 - 23:54", "label": "Ball out of play", "position": "1434028", "team": "away", "visibility": "visible"}, {"gameTime": "2 - 23:56", "label": "Indirect free-kick", "position": "1436039", "team": "not applicable", "visibility": "visible"}, {"gameTime": "2 - 24:11", "label": "Ball out of play", "position": "1451994", "team": "home", "visibility": "visible"}, {"gameTime": "2 - 24:29", "label": "Substitution", "position": "1469151", "team": "not applicable", "visibility": "not shown"}, {"gameTime": "2 - 24:52", "label": "Clearance", "position": "1492000", "team": "away", "visibility": "visible"}, {"gameTime": "2 - 25:09", "label": "Ball out of play", "position": "1509072", "team": "away", "visibility": "visible"}, {"gameTime": "2 - 25:23", "label": "Throw-in", "position": "1523503", "team": "not applicable", "visibility": "visible"}, {"gameTime": "2 - 25:36", "label": "Ball out of play", "position": "1536170", "team": "away", "visibility": "visible"}, {"gameTime": "2 - 26:34", "label": "Throw-in", "position": "1594800", "team": "not applicable", "visibility": "visible"}, {"gameTime": "2 - 26:43", "label": "Ball out of play", "position": "1603564", "team": "away", "visibility": "not shown"}, {"gameTime": "2 - 28:20", "label": "Throw-in", "position": "1700572", "team": "not applicable", "visibility": "visible"}, {"gameTime": "2 - 28:41", "label": "Ball out of play", "position": "1721036", "team": "away", "visibility": "visible"}, {"gameTime": "2 - 29:28", "label": "Throw-in", "position": "1768642", "team": "not applicable", "visibility": "visible"}, {"gameTime": "2 - 29:39", "label": "Ball out of play", "position": "1779851", "team": "away", "visibility": "visible"}, {"gameTime": "2 - 29:42", "label": "Throw-in", "position": "1782638", "team": "not applicable", "visibility": "visible"}, {"gameTime": "2 - 29:55", "label": "Ball out of play", "position": "1795046", "team": "away", "visibility": "not shown"}, {"gameTime": "2 - 30:11", "label": "Throw-in", "position": "1811316", "team": "not applicable", "visibility": "visible"}, {"gameTime": "2 - 30:23", "label": "Ball out of play", "position": "1823243", "team": "away", "visibility": "visible"}, {"gameTime": "2 - 31:28", "label": "Corner", "position": "1888287", "team": "not applicable", "visibility": "visible"}, {"gameTime": "2 - 31:45", "label": "Ball out of play", "position": "1905604", "team": "away", "visibility": "visible"}, {"gameTime": "2 - 33:53", "label": "Substitution", "position": "2033720", "team": "not applicable", "visibility": "visible"}, {"gameTime": "2 - 34:29", "label": "Clearance", "position": "2069000", "team": "home", "visibility": "visible"}, {"gameTime": "2 - 34:43", "label": "Ball out of play", "position": "2083822", "team": "away", "visibility": "visible"}, {"gameTime": "2 - 35:54", "label": "Ball out of play", "position": "2154175", "team": "not applicable", "visibility": "visible"}, {"gameTime": "2 - 36:08", "label": "Throw-in", "position": "2168844", "team": "not applicable", "visibility": "visible"}, {"gameTime": "2 - 37:27", "label": "Shots on target", "position": "2247236", "team": "home", "visibility": "visible"}, {"gameTime": "2 - 37:44", "label": "Goal", "position": "2264279", "team": "home", "visibility": "visible"}, {"gameTime": "2 - 37:44", "label": "Kick-off", "position": "2264480", "team": "home", "visibility": "visible"}, {"gameTime": "2 - 38:37", "label": "Ball out of play", "position": "2317595", "team": "away", "visibility": "visible"}, {"gameTime": "2 - 39:10", "label": "Clearance", "position": "2350650", "team": "not applicable", "visibility": "visible"}, {"gameTime": "2 - 39:21", "label": "Ball out of play", "position": "2361181", "team": "home", "visibility": "not shown"}, {"gameTime": "2 - 40:22", "label": "Throw-in", "position": "2422968", "team": "not applicable", "visibility": "visible"}, {"gameTime": "2 - 40:31", "label": "Shots off target", "position": "2431019", "team": "away", "visibility": "visible"}, {"gameTime": "2 - 41:29", "label": "Ball out of play", "position": "2489531", "team": "home", "visibility": "visible"}, {"gameTime": "2 - 41:30", "label": "Clearance", "position": "2490616", "team": "not applicable", "visibility": "visible"}, {"gameTime": "2 - 42:10", "label": "Shots off target", "position": "2530757", "team": "away", "visibility": "visible"}, {"gameTime": "2 - 43:13", "label": "Ball out of play", "position": "2593251", "team": "away", "visibility": "visible"}, {"gameTime": "2 - 43:15", "label": "Clearance", "position": "2595774", "team": "not applicable", "visibility": "visible"}, {"gameTime": "2 - 43:35", "label": "Shots on target", "position": "2615482", "team": "home", "visibility": "not shown"}, {"gameTime": "2 - 44:08", "label": "Goal", "position": "2648016", "team": "away", "visibility": "visible"}, {"gameTime": "2 - 44:08", "label": "Kick-off", "position": "2648760", "team": "away", "visibility": "visible"}, {"gameTime": "2 - 44:41", "label": "Kick-off", "position": "2681744", "team": "home", "visibility": "not shown"}], "gameAwayTeam": "Newcastle Utd", "gameDate": "13/02/2016 - 20:30", "gameHomeTeam": "Chelsea", "gameScore": "5 - 1"}