{"UrlLocal": "england_epl/2015-2016/2015-12-19 - 18-00 Chelsea 3 - 1 Sunderland/", "UrlYoutube": "", "annotations": [{"gameTime": "1 - 00:40", "label": "Kick-off", "position": "40524", "team": "not applicable", "visibility": "visible"}, {"gameTime": "1 - 00:46", "label": "Ball out of play", "position": "46977", "team": "home", "visibility": "visible"}, {"gameTime": "1 - 01:37", "label": "Throw-in", "position": "97932", "team": "not applicable", "visibility": "visible"}, {"gameTime": "1 - 02:02", "label": "Ball out of play", "position": "122321", "team": "home", "visibility": "not shown"}, {"gameTime": "1 - 03:05", "label": "Clearance", "position": "185481", "team": "not applicable", "visibility": "visible"}, {"gameTime": "1 - 03:25", "label": "Ball out of play", "position": "205487", "team": "away", "visibility": "visible"}, {"gameTime": "1 - 03:31", "label": "Throw-in", "position": "211039", "team": "not applicable", "visibility": "visible"}, {"gameTime": "1 - 03:44", "label": "Ball out of play", "position": "224928", "team": "away", "visibility": "not shown"}, {"gameTime": "1 - 04:15", "label": "Throw-in", "position": "255263", "team": "not applicable", "visibility": "visible"}, {"gameTime": "1 - 04:51", "label": "Ball out of play", "position": "291062", "team": "home", "visibility": "visible"}, {"gameTime": "1 - 04:52", "label": "Corner", "position": "292828", "team": "home", "visibility": "visible"}, {"gameTime": "1 - 04:53", "label": "Shots on target", "position": "293200", "team": "home", "visibility": "visible"}, {"gameTime": "1 - 05:44", "label": "Goal", "position": "344276", "team": "away", "visibility": "not shown"}, {"gameTime": "1 - 06:07", "label": "Kick-off", "position": "367546", "team": "not applicable", "visibility": "visible"}, {"gameTime": "1 - 06:30", "label": "Ball out of play", "position": "390489", "team": "away", "visibility": "visible"}, {"gameTime": "1 - 06:35", "label": "Throw-in", "position": "395587", "team": "not applicable", "visibility": "visible"}, {"gameTime": "1 - 06:51", "label": "Ball out of play", "position": "411462", "team": "home", "visibility": "visible"}, {"gameTime": "1 - 06:57", "label": "Throw-in", "position": "417793", "team": "away", "visibility": "visible"}, {"gameTime": "1 - 08:07", "label": "Foul", "position": "487706", "team": "home", "visibility": "visible"}, {"gameTime": "1 - 08:07", "label": "Direct free-kick", "position": "487706", "team": "home", "visibility": "visible"}, {"gameTime": "1 - 08:46", "label": "Shots on target", "position": "526640", "team": "not applicable", "visibility": "visible"}, {"gameTime": "1 - 09:22", "label": "Ball out of play", "position": "562067", "team": "home", "visibility": "visible"}, {"gameTime": "1 - 09:40", "label": "Throw-in", "position": "580862", "team": "away", "visibility": "visible"}, {"gameTime": "1 - 10:16", "label": "Shots on target", "position": "616124", "team": "not applicable", "visibility": "visible"}, {"gameTime": "1 - 10:28", "label": "Ball out of play", "position": "628896", "team": "away", "visibility": "visible"}, {"gameTime": "1 - 11:50", "label": "Throw-in", "position": "710910", "team": "not applicable", "visibility": "visible"}, {"gameTime": "1 - 11:56", "label": "Ball out of play", "position": "716360", "team": "home", "visibility": "visible"}, {"gameTime": "1 - 12:13", "label": "Throw-in", "position": "733396", "team": "home", "visibility": "visible"}, {"gameTime": "1 - 12:13", "label": "Shots on target", "position": "733880", "team": "home", "visibility": "visible"}, {"gameTime": "1 - 13:06", "label": "Goal", "position": "786038", "team": "away", "visibility": "not shown"}, {"gameTime": "1 - 14:03", "label": "Kick-off", "position": "843625", "team": "home", "visibility": "visible"}, {"gameTime": "1 - 14:04", "label": "Shots off target", "position": "844665", "team": "not applicable", "visibility": "visible"}, {"gameTime": "1 - 14:32", "label": "Ball out of play", "position": "872429", "team": "home", "visibility": "visible"}, {"gameTime": "1 - 14:47", "label": "Corner", "position": "887600", "team": "home", "visibility": "visible"}, {"gameTime": "1 - 14:48", "label": "Shots off target", "position": "888520", "team": "not applicable", "visibility": "visible"}, {"gameTime": "1 - 15:20", "label": "Ball out of play", "position": "920249", "team": "away", "visibility": "visible"}, {"gameTime": "1 - 15:37", "label": "Clearance", "position": "937532", "team": "not applicable", "visibility": "visible"}, {"gameTime": "1 - 15:56", "label": "Ball out of play", "position": "956448", "team": "home", "visibility": "visible"}, {"gameTime": "1 - 16:41", "label": "Clearance", "position": "1001892", "team": "not applicable", "visibility": "visible"}, {"gameTime": "1 - 16:46", "label": "Ball out of play", "position": "1006566", "team": "home", "visibility": "visible"}, {"gameTime": "1 - 19:05", "label": "Throw-in", "position": "1145159", "team": "not applicable", "visibility": "visible"}, {"gameTime": "1 - 19:14", "label": "Ball out of play", "position": "1154770", "team": "home", "visibility": "not shown"}, {"gameTime": "1 - 20:20", "label": "Throw-in", "position": "1220905", "team": "not applicable", "visibility": "visible"}, {"gameTime": "1 - 20:24", "label": "Ball out of play", "position": "1224960", "team": "home", "visibility": "visible"}, {"gameTime": "1 - 20:31", "label": "Throw-in", "position": "1231275", "team": "not applicable", "visibility": "visible"}, {"gameTime": "1 - 21:00", "label": "Ball out of play", "position": "1260830", "team": "away", "visibility": "visible"}, {"gameTime": "1 - 22:22", "label": "Clearance", "position": "1342949", "team": "away", "visibility": "visible"}, {"gameTime": "1 - 25:18", "label": "Substitution", "position": "1518068", "team": "home", "visibility": "visible"}, {"gameTime": "1 - 25:27", "label": "Shots on target", "position": "1527718", "team": "not applicable", "visibility": "visible"}, {"gameTime": "1 - 25:36", "label": "Ball out of play", "position": "1536971", "team": "home", "visibility": "not shown"}, {"gameTime": "1 - 27:40", "label": "Throw-in", "position": "1660961", "team": "home", "visibility": "visible"}, {"gameTime": "1 - 28:08", "label": "Foul", "position": "1688466", "team": "away", "visibility": "not shown"}, {"gameTime": "1 - 28:11", "label": "Direct free-kick", "position": "1691320", "team": "not applicable", "visibility": "visible"}, {"gameTime": "1 - 28:36", "label": "Ball out of play", "position": "1716686", "team": "away", "visibility": "visible"}, {"gameTime": "1 - 28:44", "label": "Corner", "position": "1724674", "team": "not applicable", "visibility": "visible"}, {"gameTime": "1 - 29:01", "label": "Ball out of play", "position": "1741020", "team": "away", "visibility": "visible"}, {"gameTime": "1 - 29:08", "label": "Throw-in", "position": "1748361", "team": "not applicable", "visibility": "visible"}, {"gameTime": "1 - 29:25", "label": "Ball out of play", "position": "1765299", "team": "home", "visibility": "visible"}, {"gameTime": "1 - 30:43", "label": "Clearance", "position": "1843280", "team": "not applicable", "visibility": "visible"}, {"gameTime": "1 - 30:49", "label": "Ball out of play", "position": "1849982", "team": "home", "visibility": "visible"}, {"gameTime": "1 - 32:00", "label": "Throw-in", "position": "1920446", "team": "away", "visibility": "visible"}, {"gameTime": "1 - 32:01", "label": "Shots off target", "position": "1921606", "team": "not applicable", "visibility": "visible"}, {"gameTime": "1 - 32:24", "label": "Ball out of play", "position": "1944469", "team": "home", "visibility": "not shown"}, {"gameTime": "1 - 32:28", "label": "Clearance", "position": "1948480", "team": "not applicable", "visibility": "visible"}, {"gameTime": "1 - 32:36", "label": "Ball out of play", "position": "1956753", "team": "away", "visibility": "not shown"}, {"gameTime": "1 - 32:52", "label": "Throw-in", "position": "1972947", "team": "home", "visibility": "visible"}, {"gameTime": "1 - 33:37", "label": "Foul", "position": "2017004", "team": "away", "visibility": "visible"}, {"gameTime": "1 - 33:44", "label": "Direct free-kick", "position": "2024728", "team": "not applicable", "visibility": "visible"}, {"gameTime": "1 - 34:08", "label": "Ball out of play", "position": "2048128", "team": "home", "visibility": "visible"}, {"gameTime": "1 - 34:37", "label": "Clearance", "position": "2077233", "team": "home", "visibility": "visible"}, {"gameTime": "1 - 34:37", "label": "Shots off target", "position": "2077953", "team": "not applicable", "visibility": "visible"}, {"gameTime": "1 - 34:57", "label": "Ball out of play", "position": "2097698", "team": "away", "visibility": "not shown"}, {"gameTime": "1 - 37:30", "label": "Clearance", "position": "2250473", "team": "home", "visibility": "visible"}, {"gameTime": "1 - 37:30", "label": "Shots off target", "position": "2250833", "team": "not applicable", "visibility": "visible"}, {"gameTime": "1 - 38:07", "label": "Ball out of play", "position": "2287746", "team": "away", "visibility": "visible"}, {"gameTime": "1 - 38:11", "label": "Clearance", "position": "2291110", "team": "home", "visibility": "visible"}, {"gameTime": "1 - 38:45", "label": "Foul", "position": "2325326", "team": "away", "visibility": "visible"}, {"gameTime": "1 - 38:53", "label": "Direct free-kick", "position": "2333963", "team": "not applicable", "visibility": "visible"}, {"gameTime": "1 - 39:10", "label": "Ball out of play", "position": "2350841", "team": "home", "visibility": "visible"}, {"gameTime": "1 - 40:12", "label": "Throw-in", "position": "2412747", "team": "away", "visibility": "visible"}, {"gameTime": "1 - 40:28", "label": "Foul", "position": "2428145", "team": "home", "visibility": "visible"}, {"gameTime": "1 - 41:03", "label": "Indirect free-kick", "position": "2463351", "team": "home", "visibility": "visible"}, {"gameTime": "1 - 42:24", "label": "Foul", "position": "2544890", "team": "away", "visibility": "visible"}, {"gameTime": "1 - 42:26", "label": "Direct free-kick", "position": "2546348", "team": "away", "visibility": "visible"}, {"gameTime": "1 - 42:27", "label": "Shots off target", "position": "2547617", "team": "not applicable", "visibility": "visible"}, {"gameTime": "1 - 42:46", "label": "Ball out of play", "position": "2566604", "team": "home", "visibility": "visible"}, {"gameTime": "1 - 43:14", "label": "Clearance", "position": "2594062", "team": "home", "visibility": "visible"}, {"gameTime": "1 - 43:41", "label": "Shots on target", "position": "2621068", "team": "not applicable", "visibility": "not shown"}, {"gameTime": "1 - 43:51", "label": "Ball out of play", "position": "2631621", "team": "home", "visibility": "visible"}, {"gameTime": "1 - 44:24", "label": "Throw-in", "position": "2664236", "team": "not applicable", "visibility": "visible"}, {"gameTime": "1 - 44:35", "label": "Ball out of play", "position": "2675646", "team": "home", "visibility": "visible"}, {"gameTime": "1 - 44:47", "label": "Throw-in", "position": "2687746", "team": "not applicable", "visibility": "visible"}, {"gameTime": "2 - 00:00", "label": "Substitution", "position": "20", "team": "away", "visibility": "not shown"}, {"gameTime": "2 - 00:05", "label": "Kick-off", "position": "5103", "team": "not applicable", "visibility": "visible"}, {"gameTime": "2 - 00:14", "label": "Ball out of play", "position": "14709", "team": "home", "visibility": "not shown"}, {"gameTime": "2 - 00:34", "label": "Throw-in", "position": "34277", "team": "not applicable", "visibility": "visible"}, {"gameTime": "2 - 00:57", "label": "Ball out of play", "position": "57434", "team": "home", "visibility": "visible"}, {"gameTime": "2 - 01:04", "label": "Clearance", "position": "64780", "team": "not applicable", "visibility": "visible"}, {"gameTime": "2 - 01:22", "label": "Ball out of play", "position": "82964", "team": "home", "visibility": "visible"}, {"gameTime": "2 - 01:57", "label": "Throw-in", "position": "117952", "team": "not applicable", "visibility": "visible"}, {"gameTime": "2 - 02:00", "label": "Ball out of play", "position": "120051", "team": "away", "visibility": "visible"}, {"gameTime": "2 - 02:32", "label": "Throw-in", "position": "152520", "team": "away", "visibility": "visible"}, {"gameTime": "2 - 02:34", "label": "Foul", "position": "154311", "team": "not applicable", "visibility": "visible"}, {"gameTime": "2 - 02:42", "label": "Ball out of play", "position": "162680", "team": "away", "visibility": "visible"}, {"gameTime": "2 - 04:14", "label": "Yellow card", "position": "254971", "team": "home", "visibility": "visible"}, {"gameTime": "2 - 04:14", "label": "Shots on target", "position": "254971", "team": "home", "visibility": "visible"}, {"gameTime": "2 - 04:15", "label": "Penalty", "position": "255440", "team": "home", "visibility": "visible"}, {"gameTime": "2 - 05:11", "label": "Goal", "position": "311133", "team": "not applicable", "visibility": "visible"}, {"gameTime": "2 - 05:32", "label": "Ball out of play", "position": "332289", "team": "home", "visibility": "not shown"}, {"gameTime": "2 - 06:14", "label": "Clearance", "position": "374497", "team": "home", "visibility": "visible"}, {"gameTime": "2 - 06:55", "label": "Foul", "position": "415747", "team": "away", "visibility": "visible"}, {"gameTime": "2 - 06:57", "label": "Direct free-kick", "position": "417472", "team": "away", "visibility": "visible"}, {"gameTime": "2 - 06:58", "label": "Shots on target", "position": "418320", "team": "away", "visibility": "visible"}, {"gameTime": "2 - 07:34", "label": "Goal", "position": "454684", "team": "home", "visibility": "not shown"}, {"gameTime": "2 - 07:49", "label": "Kick-off", "position": "469814", "team": "away", "visibility": "visible"}, {"gameTime": "2 - 08:00", "label": "Foul", "position": "480671", "team": "home", "visibility": "visible"}, {"gameTime": "2 - 08:55", "label": "Indirect free-kick", "position": "535464", "team": "not applicable", "visibility": "visible"}, {"gameTime": "2 - 09:59", "label": "Ball out of play", "position": "599622", "team": "away", "visibility": "visible"}, {"gameTime": "2 - 10:02", "label": "Shots off target", "position": "602462", "team": "not applicable", "visibility": "visible"}, {"gameTime": "2 - 10:28", "label": "Ball out of play", "position": "628961", "team": "home", "visibility": "visible"}, {"gameTime": "2 - 10:47", "label": "Clearance", "position": "647835", "team": "away", "visibility": "visible"}, {"gameTime": "2 - 10:48", "label": "Shots off target", "position": "648782", "team": "not applicable", "visibility": "visible"}, {"gameTime": "2 - 11:17", "label": "Ball out of play", "position": "677188", "team": "home", "visibility": "not shown"}, {"gameTime": "2 - 12:24", "label": "Clearance", "position": "744527", "team": "not applicable", "visibility": "visible"}, {"gameTime": "2 - 12:30", "label": "Ball out of play", "position": "750515", "team": "home", "visibility": "visible"}, {"gameTime": "2 - 12:45", "label": "Throw-in", "position": "765410", "team": "not applicable", "visibility": "visible"}, {"gameTime": "2 - 13:16", "label": "Ball out of play", "position": "796532", "team": "away", "visibility": "not shown"}, {"gameTime": "2 - 13:16", "label": "Clearance", "position": "796532", "team": "away", "visibility": "visible"}, {"gameTime": "2 - 13:16", "label": "Clearance", "position": "796532", "team": "away", "visibility": "visible"}, {"gameTime": "2 - 13:23", "label": "Clearance", "position": "803388", "team": "not applicable", "visibility": "visible"}, {"gameTime": "2 - 13:41", "label": "Ball out of play", "position": "821198", "team": "away", "visibility": "visible"}, {"gameTime": "2 - 13:48", "label": "Throw-in", "position": "828532", "team": "not applicable", "visibility": "visible"}, {"gameTime": "2 - 13:59", "label": "Ball out of play", "position": "839373", "team": "home", "visibility": "not shown"}, {"gameTime": "2 - 14:24", "label": "Throw-in", "position": "864274", "team": "not applicable", "visibility": "visible"}, {"gameTime": "2 - 14:36", "label": "Ball out of play", "position": "876880", "team": "home", "visibility": "visible"}, {"gameTime": "2 - 15:02", "label": "Throw-in", "position": "902242", "team": "not applicable", "visibility": "visible"}, {"gameTime": "2 - 15:25", "label": "Ball out of play", "position": "925189", "team": "away", "visibility": "visible"}, {"gameTime": "2 - 15:31", "label": "Throw-in", "position": "931542", "team": "away", "visibility": "visible"}, {"gameTime": "2 - 15:32", "label": "Shots off target", "position": "932079", "team": "not applicable", "visibility": "visible"}, {"gameTime": "2 - 15:57", "label": "Ball out of play", "position": "957527", "team": "home", "visibility": "visible"}, {"gameTime": "2 - 16:10", "label": "Clearance", "position": "970665", "team": "away", "visibility": "visible"}, {"gameTime": "2 - 16:21", "label": "Foul", "position": "981000", "team": "away", "visibility": "visible"}, {"gameTime": "2 - 16:57", "label": "Yellow card", "position": "1017649", "team": "home", "visibility": "visible"}, {"gameTime": "2 - 17:40", "label": "Direct free-kick", "position": "1060296", "team": "not applicable", "visibility": "visible"}, {"gameTime": "2 - 18:04", "label": "Ball out of play", "position": "1084864", "team": "home", "visibility": "visible"}, {"gameTime": "2 - 18:08", "label": "Clearance", "position": "1088923", "team": "not applicable", "visibility": "visible"}, {"gameTime": "2 - 18:21", "label": "Ball out of play", "position": "1101657", "team": "away", "visibility": "visible"}, {"gameTime": "2 - 18:48", "label": "Throw-in", "position": "1128492", "team": "home", "visibility": "visible"}, {"gameTime": "2 - 19:17", "label": "Foul", "position": "1157019", "team": "away", "visibility": "visible"}, {"gameTime": "2 - 19:23", "label": "Indirect free-kick", "position": "1163113", "team": "away", "visibility": "visible"}, {"gameTime": "2 - 19:23", "label": "Shots off target", "position": "1163534", "team": "not applicable", "visibility": "visible"}, {"gameTime": "2 - 19:52", "label": "Ball out of play", "position": "1192159", "team": "home", "visibility": "not shown"}, {"gameTime": "2 - 20:02", "label": "Clearance", "position": "1202316", "team": "not applicable", "visibility": "visible"}, {"gameTime": "2 - 20:11", "label": "Ball out of play", "position": "1211416", "team": "home", "visibility": "visible"}, {"gameTime": "2 - 20:19", "label": "Throw-in", "position": "1219248", "team": "not applicable", "visibility": "visible"}, {"gameTime": "2 - 20:25", "label": "Ball out of play", "position": "1225229", "team": "home", "visibility": "visible"}, {"gameTime": "2 - 20:39", "label": "Throw-in", "position": "1239309", "team": "not applicable", "visibility": "visible"}, {"gameTime": "2 - 21:02", "label": "Ball out of play", "position": "1262911", "team": "away", "visibility": "visible"}, {"gameTime": "2 - 21:26", "label": "Throw-in", "position": "1286744", "team": "not applicable", "visibility": "visible"}, {"gameTime": "2 - 21:45", "label": "Ball out of play", "position": "1305364", "team": "away", "visibility": "visible"}, {"gameTime": "2 - 21:48", "label": "Throw-in", "position": "1308034", "team": "not applicable", "visibility": "visible"}, {"gameTime": "2 - 21:55", "label": "Ball out of play", "position": "1315411", "team": "away", "visibility": "not shown"}, {"gameTime": "2 - 22:11", "label": "Throw-in", "position": "1331146", "team": "not applicable", "visibility": "visible"}, {"gameTime": "2 - 22:17", "label": "Ball out of play", "position": "1337609", "team": "away", "visibility": "visible"}, {"gameTime": "2 - 22:46", "label": "Throw-in", "position": "1366115", "team": "home", "visibility": "visible"}, {"gameTime": "2 - 22:46", "label": "Shots off target", "position": "1366931", "team": "not applicable", "visibility": "visible"}, {"gameTime": "2 - 23:12", "label": "Ball out of play", "position": "1392882", "team": "away", "visibility": "not shown"}, {"gameTime": "2 - 23:58", "label": "Clearance", "position": "1438521", "team": "not applicable", "visibility": "visible"}, {"gameTime": "2 - 24:10", "label": "Ball out of play", "position": "1450441", "team": "home", "visibility": "visible"}, {"gameTime": "2 - 24:37", "label": "Throw-in", "position": "1477800", "team": "not applicable", "visibility": "visible"}, {"gameTime": "2 - 25:17", "label": "Ball out of play", "position": "1517000", "team": "home", "visibility": "visible"}, {"gameTime": "2 - 25:35", "label": "Substitution", "position": "1535184", "team": "home", "visibility": "visible"}, {"gameTime": "2 - 25:43", "label": "Clearance", "position": "1543776", "team": "not applicable", "visibility": "visible"}, {"gameTime": "2 - 25:52", "label": "Ball out of play", "position": "1552513", "team": "home", "visibility": "visible"}, {"gameTime": "2 - 27:00", "label": "Throw-in", "position": "1620646", "team": "not applicable", "visibility": "visible"}, {"gameTime": "2 - 27:14", "label": "Ball out of play", "position": "1634423", "team": "home", "visibility": "visible"}, {"gameTime": "2 - 27:25", "label": "Throw-in", "position": "1645618", "team": "away", "visibility": "visible"}, {"gameTime": "2 - 27:42", "label": "Foul", "position": "1662037", "team": "home", "visibility": "not shown"}, {"gameTime": "2 - 29:01", "label": "Indirect free-kick", "position": "1741505", "team": "home", "visibility": "visible"}, {"gameTime": "2 - 29:25", "label": "Shots on target", "position": "1765749", "team": "not applicable", "visibility": "visible"}, {"gameTime": "2 - 30:16", "label": "Ball out of play", "position": "1816000", "team": "home", "visibility": "visible"}, {"gameTime": "2 - 30:49", "label": "Substitution", "position": "1849291", "team": "not applicable", "visibility": "visible"}, {"gameTime": "2 - 31:00", "label": "Ball out of play", "position": "1860065", "team": "away", "visibility": "visible"}, {"gameTime": "2 - 31:16", "label": "Throw-in", "position": "1876029", "team": "not applicable", "visibility": "visible"}, {"gameTime": "2 - 31:51", "label": "Ball out of play", "position": "1911709", "team": "away", "visibility": "not shown"}, {"gameTime": "2 - 32:59", "label": "Clearance", "position": "1979625", "team": "home", "visibility": "visible"}, {"gameTime": "2 - 33:35", "label": "Foul", "position": "2015496", "team": "away", "visibility": "visible"}, {"gameTime": "2 - 34:01", "label": "Substitution", "position": "2041509", "team": "away", "visibility": "visible"}, {"gameTime": "2 - 34:49", "label": "Direct free-kick", "position": "2089811", "team": "not applicable", "visibility": "visible"}, {"gameTime": "2 - 35:13", "label": "Ball out of play", "position": "2113319", "team": "away", "visibility": "visible"}, {"gameTime": "2 - 35:32", "label": "Throw-in", "position": "2132993", "team": "away", "visibility": "visible"}, {"gameTime": "2 - 35:34", "label": "Shots off target", "position": "2134822", "team": "not applicable", "visibility": "visible"}, {"gameTime": "2 - 35:54", "label": "Ball out of play", "position": "2154690", "team": "away", "visibility": "not shown"}, {"gameTime": "2 - 36:02", "label": "Corner", "position": "2162174", "team": "not applicable", "visibility": "visible"}, {"gameTime": "2 - 36:40", "label": "Ball out of play", "position": "2200000", "team": "home", "visibility": "visible"}, {"gameTime": "2 - 36:47", "label": "Substitution", "position": "2207368", "team": "away", "visibility": "not shown"}, {"gameTime": "2 - 36:53", "label": "Throw-in", "position": "2213255", "team": "home", "visibility": "visible"}, {"gameTime": "2 - 37:13", "label": "Foul", "position": "2233093", "team": "away", "visibility": "visible"}, {"gameTime": "2 - 37:20", "label": "Indirect free-kick", "position": "2240582", "team": "away", "visibility": "visible"}, {"gameTime": "2 - 37:50", "label": "Shots on target", "position": "2270207", "team": "home", "visibility": "visible"}, {"gameTime": "2 - 37:51", "label": "Shots off target", "position": "2271351", "team": "not applicable", "visibility": "visible"}, {"gameTime": "2 - 38:39", "label": "Ball out of play", "position": "2319322", "team": "away", "visibility": "visible"}, {"gameTime": "2 - 39:44", "label": "Clearance", "position": "2384855", "team": "home", "visibility": "visible"}, {"gameTime": "2 - 40:43", "label": "Clearance", "position": "2443202", "team": "not applicable", "visibility": "visible"}, {"gameTime": "2 - 41:09", "label": "Ball out of play", "position": "2469456", "team": "home", "visibility": "visible"}, {"gameTime": "2 - 42:06", "label": "Clearance", "position": "2526222", "team": "away", "visibility": "visible"}, {"gameTime": "2 - 42:20", "label": "Shots on target", "position": "2540316", "team": "home", "visibility": "visible"}, {"gameTime": "2 - 42:27", "label": "Foul", "position": "2547000", "team": "home", "visibility": "not shown"}, {"gameTime": "2 - 42:46", "label": "Yellow card", "position": "2566815", "team": "away", "visibility": "not shown"}, {"gameTime": "2 - 43:09", "label": "Direct free-kick", "position": "2589894", "team": "away", "visibility": "visible"}, {"gameTime": "2 - 43:23", "label": "Foul", "position": "2603000", "team": "away", "visibility": "not shown"}, {"gameTime": "2 - 43:57", "label": "Yellow card", "position": "2637005", "team": "home", "visibility": "visible"}, {"gameTime": "2 - 43:57", "label": "Direct free-kick", "position": "2637065", "team": "home", "visibility": "visible"}, {"gameTime": "2 - 44:49", "label": "Shots on target", "position": "2689705", "team": "not applicable", "visibility": "visible"}], "gameAwayTeam": "Sunderland", "gameDate": "19/12/2015 - 18:00", "gameHomeTeam": "Chelsea", "gameScore": "3 - 1"}