{"UrlLocal": "england_epl/2015-2016/2015-08-29 - 17-00 Manchester City 2 - 0 Watford/", "UrlYoutube": "", "annotations": [{"gameTime": "1 - 00:00", "label": "Ball out of play", "position": "25", "team": "away", "visibility": "visible"}, {"gameTime": "1 - 01:10", "label": "Corner", "position": "70822", "team": "not applicable", "visibility": "visible"}, {"gameTime": "1 - 01:30", "label": "Foul", "position": "90488", "team": "home", "visibility": "visible"}, {"gameTime": "1 - 03:59", "label": "Indirect free-kick", "position": "239569", "team": "home", "visibility": "visible"}, {"gameTime": "1 - 04:28", "label": "Ball out of play", "position": "268250", "team": "away", "visibility": "not shown"}, {"gameTime": "1 - 05:39", "label": "Throw-in", "position": "339116", "team": "not applicable", "visibility": "visible"}, {"gameTime": "1 - 05:42", "label": "Shots on target", "position": "342989", "team": "home", "visibility": "not shown"}, {"gameTime": "1 - 08:45", "label": "Ball out of play", "position": "525814", "team": "home", "visibility": "visible"}, {"gameTime": "1 - 09:18", "label": "Clearance", "position": "558963", "team": "not applicable", "visibility": "visible"}, {"gameTime": "1 - 09:44", "label": "Foul", "position": "584922", "team": "away", "visibility": "not shown"}, {"gameTime": "1 - 10:32", "label": "Indirect free-kick", "position": "632892", "team": "away", "visibility": "visible"}, {"gameTime": "1 - 10:50", "label": "Ball out of play", "position": "650262", "team": "home", "visibility": "not shown"}, {"gameTime": "1 - 12:02", "label": "Throw-in", "position": "722036", "team": "not applicable", "visibility": "visible"}, {"gameTime": "1 - 12:11", "label": "Offside", "position": "731833", "team": "home", "visibility": "visible"}, {"gameTime": "1 - 12:42", "label": "Indirect free-kick", "position": "762892", "team": "home", "visibility": "visible"}, {"gameTime": "1 - 13:03", "label": "Ball out of play", "position": "783341", "team": "away", "visibility": "not shown"}, {"gameTime": "1 - 13:22", "label": "Corner", "position": "802916", "team": "not applicable", "visibility": "visible"}, {"gameTime": "1 - 13:49", "label": "Shots on target", "position": "829790", "team": "away", "visibility": "not shown"}, {"gameTime": "1 - 13:52", "label": "Shots on target", "position": "832633", "team": "away", "visibility": "visible"}, {"gameTime": "1 - 13:53", "label": "Ball out of play", "position": "833913", "team": "away", "visibility": "visible"}, {"gameTime": "1 - 13:54", "label": "Corner", "position": "834793", "team": "not applicable", "visibility": "visible"}, {"gameTime": "1 - 14:20", "label": "Foul", "position": "860010", "team": "away", "visibility": "visible"}, {"gameTime": "1 - 14:36", "label": "Indirect free-kick", "position": "876724", "team": "away", "visibility": "visible"}, {"gameTime": "1 - 14:54", "label": "Ball out of play", "position": "894975", "team": "home", "visibility": "not shown"}, {"gameTime": "1 - 15:13", "label": "Corner", "position": "913418", "team": "not applicable", "visibility": "visible"}, {"gameTime": "1 - 15:35", "label": "Ball out of play", "position": "935844", "team": "home", "visibility": "visible"}, {"gameTime": "1 - 16:37", "label": "Corner", "position": "997336", "team": "not applicable", "visibility": "visible"}, {"gameTime": "1 - 17:01", "label": "Foul", "position": "1021425", "team": "home", "visibility": "visible"}, {"gameTime": "1 - 17:23", "label": "Indirect free-kick", "position": "1043924", "team": "home", "visibility": "visible"}, {"gameTime": "1 - 18:05", "label": "Ball out of play", "position": "1085736", "team": "away", "visibility": "visible"}, {"gameTime": "1 - 18:22", "label": "Throw-in", "position": "1102688", "team": "not applicable", "visibility": "visible"}, {"gameTime": "1 - 18:41", "label": "Foul", "position": "1121080", "team": "away", "visibility": "not shown"}, {"gameTime": "1 - 19:20", "label": "Direct free-kick", "position": "1160148", "team": "away", "visibility": "visible"}, {"gameTime": "1 - 20:20", "label": "Ball out of play", "position": "1220625", "team": "home", "visibility": "visible"}, {"gameTime": "1 - 20:21", "label": "Clearance", "position": "1221579", "team": "not applicable", "visibility": "visible"}, {"gameTime": "1 - 20:36", "label": "Foul", "position": "1236429", "team": "away", "visibility": "not shown"}, {"gameTime": "1 - 22:20", "label": "Indirect free-kick", "position": "1340011", "team": "away", "visibility": "visible"}, {"gameTime": "1 - 22:48", "label": "Shots on target", "position": "1368602", "team": "home", "visibility": "visible"}, {"gameTime": "1 - 23:27", "label": "Ball out of play", "position": "1407153", "team": "home", "visibility": "visible"}, {"gameTime": "1 - 23:27", "label": "Corner", "position": "1407712", "team": "not applicable", "visibility": "visible"}, {"gameTime": "1 - 23:54", "label": "Ball out of play", "position": "1434192", "team": "home", "visibility": "visible"}, {"gameTime": "1 - 23:54", "label": "Clearance", "position": "1434862", "team": "not applicable", "visibility": "visible"}, {"gameTime": "1 - 24:31", "label": "Ball out of play", "position": "1471960", "team": "away", "visibility": "visible"}, {"gameTime": "1 - 26:02", "label": "Corner", "position": "1562321", "team": "not applicable", "visibility": "visible"}, {"gameTime": "1 - 26:27", "label": "Shots on target", "position": "1587391", "team": "home", "visibility": "visible"}, {"gameTime": "1 - 26:32", "label": "Shots on target", "position": "1592567", "team": "home", "visibility": "visible"}, {"gameTime": "1 - 26:53", "label": "Ball out of play", "position": "1613943", "team": "home", "visibility": "visible"}, {"gameTime": "1 - 26:55", "label": "Corner", "position": "1615023", "team": "not applicable", "visibility": "visible"}, {"gameTime": "1 - 27:14", "label": "Foul", "position": "1634514", "team": "home", "visibility": "not shown"}, {"gameTime": "1 - 28:02", "label": "Direct free-kick", "position": "1682630", "team": "away", "visibility": "visible"}, {"gameTime": "1 - 28:35", "label": "Ball out of play", "position": "1715730", "team": "home", "visibility": "visible"}, {"gameTime": "1 - 29:23", "label": "Throw-in", "position": "1763832", "team": "not applicable", "visibility": "visible"}, {"gameTime": "1 - 29:42", "label": "Ball out of play", "position": "1782440", "team": "home", "visibility": "visible"}, {"gameTime": "1 - 30:00", "label": "Throw-in", "position": "1800282", "team": "not applicable", "visibility": "visible"}, {"gameTime": "1 - 30:11", "label": "Foul", "position": "1811432", "team": "home", "visibility": "visible"}, {"gameTime": "1 - 30:27", "label": "Indirect free-kick", "position": "1827882", "team": "home", "visibility": "visible"}, {"gameTime": "1 - 30:59", "label": "Shots on target", "position": "1859814", "team": "away", "visibility": "visible"}, {"gameTime": "1 - 33:53", "label": "Ball out of play", "position": "2033519", "team": "home", "visibility": "visible"}, {"gameTime": "1 - 34:24", "label": "Throw-in", "position": "2064632", "team": "not applicable", "visibility": "visible"}, {"gameTime": "1 - 34:35", "label": "Ball out of play", "position": "2075446", "team": "home", "visibility": "visible"}, {"gameTime": "1 - 34:45", "label": "Clearance", "position": "2085058", "team": "not applicable", "visibility": "visible"}, {"gameTime": "1 - 35:16", "label": "Foul", "position": "2116910", "team": "away", "visibility": "not shown"}, {"gameTime": "1 - 37:43", "label": "Indirect free-kick", "position": "2263593", "team": "away", "visibility": "visible"}, {"gameTime": "1 - 37:59", "label": "Shots off target", "position": "2279226", "team": "home", "visibility": "not shown"}, {"gameTime": "1 - 38:31", "label": "Ball out of play", "position": "2311744", "team": "home", "visibility": "visible"}, {"gameTime": "1 - 38:32", "label": "Clearance", "position": "2312384", "team": "not applicable", "visibility": "visible"}, {"gameTime": "1 - 39:01", "label": "Foul", "position": "2341561", "team": "away", "visibility": "not shown"}, {"gameTime": "1 - 39:10", "label": "Yellow card", "position": "2350587", "team": "home", "visibility": "visible"}, {"gameTime": "1 - 39:22", "label": "Direct free-kick", "position": "2362590", "team": "home", "visibility": "visible"}, {"gameTime": "1 - 39:46", "label": "Ball out of play", "position": "2386786", "team": "away", "visibility": "visible"}, {"gameTime": "1 - 40:38", "label": "Throw-in", "position": "2438036", "team": "not applicable", "visibility": "visible"}, {"gameTime": "1 - 41:01", "label": "Ball out of play", "position": "2461774", "team": "away", "visibility": "visible"}, {"gameTime": "1 - 41:06", "label": "Throw-in", "position": "2466422", "team": "not applicable", "visibility": "visible"}, {"gameTime": "1 - 41:21", "label": "Ball out of play", "position": "2481977", "team": "home", "visibility": "not shown"}, {"gameTime": "1 - 41:35", "label": "Throw-in", "position": "2495787", "team": "not applicable", "visibility": "visible"}, {"gameTime": "1 - 41:57", "label": "Foul", "position": "2517157", "team": "away", "visibility": "visible"}, {"gameTime": "1 - 42:50", "label": "Yellow card", "position": "2570247", "team": "away", "visibility": "visible"}, {"gameTime": "1 - 42:59", "label": "Indirect free-kick", "position": "2579162", "team": "away", "visibility": "visible"}, {"gameTime": "1 - 43:15", "label": "Shots off target", "position": "2595133", "team": "home", "visibility": "not shown"}, {"gameTime": "1 - 43:22", "label": "Ball out of play", "position": "2602513", "team": "home", "visibility": "visible"}, {"gameTime": "1 - 43:25", "label": "Throw-in", "position": "2605231", "team": "not applicable", "visibility": "visible"}, {"gameTime": "1 - 43:43", "label": "Throw-in", "position": "2623329", "team": "away", "visibility": "visible"}, {"gameTime": "2 - 00:00", "label": "Kick-off", "position": "0", "team": "home", "visibility": "not shown"}, {"gameTime": "2 - 00:00", "label": "Shots on target", "position": "38", "team": "home", "visibility": "visible"}, {"gameTime": "2 - 01:28", "label": "Goal", "position": "88105", "team": "home", "visibility": "visible"}, {"gameTime": "2 - 01:28", "label": "Kick-off", "position": "88440", "team": "home", "visibility": "visible"}, {"gameTime": "2 - 02:21", "label": "Ball out of play", "position": "141668", "team": "away", "visibility": "not shown"}, {"gameTime": "2 - 02:58", "label": "Clearance", "position": "178037", "team": "not applicable", "visibility": "visible"}, {"gameTime": "2 - 03:24", "label": "Offside", "position": "204210", "team": "away", "visibility": "visible"}, {"gameTime": "2 - 04:37", "label": "Indirect free-kick", "position": "277218", "team": "away", "visibility": "visible"}, {"gameTime": "2 - 04:53", "label": "Foul", "position": "293504", "team": "home", "visibility": "not shown"}, {"gameTime": "2 - 05:20", "label": "Indirect free-kick", "position": "320382", "team": "home", "visibility": "visible"}, {"gameTime": "2 - 05:45", "label": "Ball out of play", "position": "345635", "team": "away", "visibility": "visible"}, {"gameTime": "2 - 06:22", "label": "Corner", "position": "382336", "team": "not applicable", "visibility": "visible"}, {"gameTime": "2 - 06:44", "label": "Foul", "position": "404855", "team": "home", "visibility": "visible"}, {"gameTime": "2 - 07:40", "label": "Direct free-kick", "position": "460258", "team": "away", "visibility": "visible"}, {"gameTime": "2 - 08:13", "label": "Foul", "position": "493692", "team": "home", "visibility": "visible"}, {"gameTime": "2 - 08:59", "label": "Direct free-kick", "position": "539200", "team": "away", "visibility": "visible"}, {"gameTime": "2 - 10:02", "label": "Shots on target", "position": "602988", "team": "home", "visibility": "visible"}, {"gameTime": "2 - 10:03", "label": "Shots on target", "position": "603014", "team": "home", "visibility": "visible"}, {"gameTime": "2 - 10:09", "label": "Goal", "position": "609373", "team": "home", "visibility": "visible"}, {"gameTime": "2 - 10:09", "label": "Kick-off", "position": "609840", "team": "home", "visibility": "visible"}, {"gameTime": "2 - 11:07", "label": "Ball out of play", "position": "667836", "team": "away", "visibility": "not shown"}, {"gameTime": "2 - 11:38", "label": "Throw-in", "position": "698119", "team": "not applicable", "visibility": "visible"}, {"gameTime": "2 - 11:47", "label": "Ball out of play", "position": "707754", "team": "home", "visibility": "not shown"}, {"gameTime": "2 - 11:58", "label": "Throw-in", "position": "718730", "team": "not applicable", "visibility": "visible"}, {"gameTime": "2 - 12:09", "label": "Shots on target", "position": "729619", "team": "away", "visibility": "visible"}, {"gameTime": "2 - 12:55", "label": "Ball out of play", "position": "775515", "team": "home", "visibility": "visible"}, {"gameTime": "2 - 13:40", "label": "Corner", "position": "820256", "team": "not applicable", "visibility": "visible"}, {"gameTime": "2 - 14:02", "label": "Shots off target", "position": "842729", "team": "home", "visibility": "visible"}, {"gameTime": "2 - 14:03", "label": "Ball out of play", "position": "843760", "team": "home", "visibility": "visible"}, {"gameTime": "2 - 14:04", "label": "Clearance", "position": "844000", "team": "not applicable", "visibility": "visible"}, {"gameTime": "2 - 14:29", "label": "Ball out of play", "position": "869262", "team": "away", "visibility": "not shown"}, {"gameTime": "2 - 15:18", "label": "Throw-in", "position": "918837", "team": "not applicable", "visibility": "visible"}, {"gameTime": "2 - 15:39", "label": "Shots off target", "position": "939043", "team": "home", "visibility": "visible"}, {"gameTime": "2 - 15:48", "label": "Ball out of play", "position": "948361", "team": "home", "visibility": "visible"}, {"gameTime": "2 - 15:49", "label": "Clearance", "position": "949721", "team": "not applicable", "visibility": "visible"}, {"gameTime": "2 - 16:19", "label": "Foul", "position": "979116", "team": "away", "visibility": "visible"}, {"gameTime": "2 - 16:26", "label": "Substitution", "position": "986026", "team": "away", "visibility": "visible"}, {"gameTime": "2 - 17:01", "label": "Indirect free-kick", "position": "1021116", "team": "away", "visibility": "visible"}, {"gameTime": "2 - 17:14", "label": "Foul", "position": "1034467", "team": "home", "visibility": "visible"}, {"gameTime": "2 - 17:38", "label": "Yellow card", "position": "1058128", "team": "away", "visibility": "visible"}, {"gameTime": "2 - 17:49", "label": "Shots off target", "position": "1069075", "team": "away", "visibility": "visible"}, {"gameTime": "2 - 18:40", "label": "Direct free-kick", "position": "1120366", "team": "home", "visibility": "visible"}, {"gameTime": "2 - 18:40", "label": "Ball out of play", "position": "1120367", "team": "home", "visibility": "visible"}, {"gameTime": "2 - 18:41", "label": "Clearance", "position": "1121446", "team": "not applicable", "visibility": "visible"}, {"gameTime": "2 - 19:06", "label": "Ball out of play", "position": "1146332", "team": "away", "visibility": "visible"}, {"gameTime": "2 - 19:32", "label": "Throw-in", "position": "1172512", "team": "not applicable", "visibility": "visible"}, {"gameTime": "2 - 19:41", "label": "Ball out of play", "position": "1181589", "team": "away", "visibility": "visible"}, {"gameTime": "2 - 20:20", "label": "Clearance", "position": "1220278", "team": "not applicable", "visibility": "visible"}, {"gameTime": "2 - 20:49", "label": "Shots on target", "position": "1249898", "team": "away", "visibility": "visible"}, {"gameTime": "2 - 21:00", "label": "Ball out of play", "position": "1260935", "team": "away", "visibility": "visible"}, {"gameTime": "2 - 21:01", "label": "Corner", "position": "1261681", "team": "not applicable", "visibility": "visible"}, {"gameTime": "2 - 21:24", "label": "Foul", "position": "1284469", "team": "away", "visibility": "visible"}, {"gameTime": "2 - 21:50", "label": "Indirect free-kick", "position": "1310896", "team": "home", "visibility": "visible"}, {"gameTime": "2 - 22:01", "label": "Shots off target", "position": "1321728", "team": "away", "visibility": "not shown"}, {"gameTime": "2 - 22:31", "label": "Ball out of play", "position": "1351587", "team": "home", "visibility": "visible"}, {"gameTime": "2 - 22:32", "label": "Clearance", "position": "1352547", "team": "not applicable", "visibility": "visible"}, {"gameTime": "2 - 22:59", "label": "Ball out of play", "position": "1379444", "team": "away", "visibility": "not shown"}, {"gameTime": "2 - 23:04", "label": "Throw-in", "position": "1384898", "team": "not applicable", "visibility": "visible"}, {"gameTime": "2 - 23:13", "label": "Ball out of play", "position": "1393913", "team": "home", "visibility": "visible"}, {"gameTime": "2 - 25:51", "label": "Substitution", "position": "1551429", "team": "not applicable", "visibility": "visible"}, {"gameTime": "2 - 26:30", "label": "Throw-in", "position": "1590080", "team": "away", "visibility": "visible"}, {"gameTime": "2 - 26:43", "label": "Shots off target", "position": "1603262", "team": "away", "visibility": "visible"}, {"gameTime": "2 - 27:41", "label": "Ball out of play", "position": "1661386", "team": "away", "visibility": "visible"}, {"gameTime": "2 - 27:45", "label": "Throw-in", "position": "1665045", "team": "not applicable", "visibility": "visible"}, {"gameTime": "2 - 27:48", "label": "Ball out of play", "position": "1668228", "team": "away", "visibility": "visible"}, {"gameTime": "2 - 28:37", "label": "Substitution", "position": "1717181", "team": "not applicable", "visibility": "visible"}, {"gameTime": "2 - 29:12", "label": "Throw-in", "position": "1752160", "team": "home", "visibility": "visible"}, {"gameTime": "2 - 29:25", "label": "Shots off target", "position": "1765634", "team": "home", "visibility": "visible"}, {"gameTime": "2 - 30:03", "label": "Ball out of play", "position": "1803369", "team": "home", "visibility": "visible"}, {"gameTime": "2 - 30:04", "label": "Substitution", "position": "1804289", "team": "not applicable", "visibility": "visible"}, {"gameTime": "2 - 30:32", "label": "Clearance", "position": "1832679", "team": "away", "visibility": "visible"}, {"gameTime": "2 - 30:45", "label": "Ball out of play", "position": "1845670", "team": "away", "visibility": "not shown"}, {"gameTime": "2 - 31:08", "label": "Throw-in", "position": "1868374", "team": "not applicable", "visibility": "visible"}, {"gameTime": "2 - 31:19", "label": "Ball out of play", "position": "1879643", "team": "away", "visibility": "visible"}, {"gameTime": "2 - 32:39", "label": "Clearance", "position": "1959865", "team": "not applicable", "visibility": "visible"}, {"gameTime": "2 - 33:13", "label": "Ball out of play", "position": "1993295", "team": "away", "visibility": "not shown"}, {"gameTime": "2 - 33:30", "label": "Throw-in", "position": "2010425", "team": "not applicable", "visibility": "visible"}, {"gameTime": "2 - 33:47", "label": "Foul", "position": "2027910", "team": "away", "visibility": "visible"}, {"gameTime": "2 - 36:51", "label": "Indirect free-kick", "position": "2211186", "team": "away", "visibility": "visible"}, {"gameTime": "2 - 36:58", "label": "Ball out of play", "position": "2218458", "team": "home", "visibility": "visible"}, {"gameTime": "2 - 39:04", "label": "Throw-in", "position": "2344256", "team": "not applicable", "visibility": "visible"}, {"gameTime": "2 - 39:30", "label": "Ball out of play", "position": "2370250", "team": "home", "visibility": "visible"}, {"gameTime": "2 - 40:22", "label": "Throw-in", "position": "2422286", "team": "not applicable", "visibility": "visible"}, {"gameTime": "2 - 40:30", "label": "Shots on target", "position": "2430718", "team": "away", "visibility": "visible"}, {"gameTime": "2 - 41:24", "label": "Ball out of play", "position": "2484695", "team": "home", "visibility": "visible"}, {"gameTime": "2 - 41:27", "label": "Corner", "position": "2487935", "team": "not applicable", "visibility": "visible"}, {"gameTime": "2 - 41:47", "label": "Shots on target", "position": "2507270", "team": "home", "visibility": "not shown"}, {"gameTime": "2 - 42:05", "label": "Shots off target", "position": "2525191", "team": "home", "visibility": "visible"}, {"gameTime": "2 - 42:41", "label": "Ball out of play", "position": "2561966", "team": "away", "visibility": "visible"}, {"gameTime": "2 - 42:43", "label": "Substitution", "position": "2563970", "team": "not applicable", "visibility": "visible"}, {"gameTime": "2 - 43:07", "label": "Clearance", "position": "2587237", "team": "home", "visibility": "not shown"}, {"gameTime": "2 - 43:25", "label": "Ball out of play", "position": "2605123", "team": "home", "visibility": "not shown"}, {"gameTime": "2 - 43:57", "label": "Throw-in", "position": "2637382", "team": "not applicable", "visibility": "visible"}, {"gameTime": "2 - 44:07", "label": "Foul", "position": "2647186", "team": "home", "visibility": "not shown"}, {"gameTime": "2 - 44:09", "label": "Indirect free-kick", "position": "2649708", "team": "home", "visibility": "visible"}, {"gameTime": "2 - 44:26", "label": "Indirect free-kick", "position": "2666337", "team": "away", "visibility": "not shown"}], "gameAwayTeam": "Watford", "gameDate": "29/08/2015 - 17:00", "gameHomeTeam": "Manchester City", "gameScore": "2 - 0"}