{"UrlLocal": "italy_serie-a/2016-2017/2016-09-25 - 13-30 Torino 3 - 1 AS Roma/", "UrlYoutube": "", "annotations": [{"gameTime": "1 - 00:34", "label": "Kick-off", "position": "34253", "team": "not applicable", "visibility": "visible"}, {"gameTime": "1 - 00:52", "label": "Ball out of play", "position": "52288", "team": "home", "visibility": "visible"}, {"gameTime": "1 - 01:50", "label": "Corner", "position": "110103", "team": "not applicable", "visibility": "visible"}, {"gameTime": "1 - 02:00", "label": "Ball out of play", "position": "120807", "team": "home", "visibility": "visible"}, {"gameTime": "1 - 02:03", "label": "Throw-in", "position": "123645", "team": "not applicable", "visibility": "visible"}, {"gameTime": "1 - 02:16", "label": "Ball out of play", "position": "136009", "team": "home", "visibility": "visible"}, {"gameTime": "1 - 03:34", "label": "Throw-in", "position": "214935", "team": "not applicable", "visibility": "visible"}, {"gameTime": "1 - 03:48", "label": "Ball out of play", "position": "228678", "team": "home", "visibility": "not shown"}, {"gameTime": "1 - 03:54", "label": "Clearance", "position": "234934", "team": "away", "visibility": "visible"}, {"gameTime": "1 - 03:55", "label": "Shots off target", "position": "235614", "team": "not applicable", "visibility": "visible"}, {"gameTime": "1 - 04:17", "label": "Ball out of play", "position": "257835", "team": "home", "visibility": "visible"}, {"gameTime": "1 - 04:27", "label": "Clearance", "position": "267594", "team": "not applicable", "visibility": "visible"}, {"gameTime": "1 - 04:32", "label": "Ball out of play", "position": "272418", "team": "home", "visibility": "not shown"}, {"gameTime": "1 - 05:18", "label": "Throw-in", "position": "318349", "team": "not applicable", "visibility": "not shown"}, {"gameTime": "1 - 05:25", "label": "Ball out of play", "position": "325521", "team": "away", "visibility": "visible"}, {"gameTime": "1 - 05:34", "label": "Throw-in", "position": "334026", "team": "away", "visibility": "visible"}, {"gameTime": "1 - 05:36", "label": "Shots off target", "position": "336008", "team": "not applicable", "visibility": "visible"}, {"gameTime": "1 - 05:46", "label": "Ball out of play", "position": "346245", "team": "home", "visibility": "not shown"}, {"gameTime": "1 - 06:09", "label": "Clearance", "position": "369456", "team": "not applicable", "visibility": "visible"}, {"gameTime": "1 - 06:44", "label": "Ball out of play", "position": "404091", "team": "away", "visibility": "visible"}, {"gameTime": "1 - 06:55", "label": "Clearance", "position": "415318", "team": "not applicable", "visibility": "visible"}, {"gameTime": "1 - 06:59", "label": "Ball out of play", "position": "419879", "team": "home", "visibility": "visible"}, {"gameTime": "1 - 07:08", "label": "Throw-in", "position": "428598", "team": "not applicable", "visibility": "visible"}, {"gameTime": "1 - 07:28", "label": "Ball out of play", "position": "448790", "team": "away", "visibility": "visible"}, {"gameTime": "1 - 07:39", "label": "Clearance", "position": "459310", "team": "home", "visibility": "visible"}, {"gameTime": "1 - 07:46", "label": "Shots on target", "position": "466811", "team": "home", "visibility": "visible"}, {"gameTime": "1 - 07:47", "label": "Shots on target", "position": "467444", "team": "home", "visibility": "visible"}, {"gameTime": "1 - 08:43", "label": "Goal", "position": "523774", "team": "away", "visibility": "visible"}, {"gameTime": "1 - 09:25", "label": "Kick-off", "position": "565513", "team": "not applicable", "visibility": "visible"}, {"gameTime": "1 - 09:38", "label": "Ball out of play", "position": "578831", "team": "home", "visibility": "visible"}, {"gameTime": "1 - 09:51", "label": "Throw-in", "position": "591372", "team": "away", "visibility": "visible"}, {"gameTime": "1 - 09:52", "label": "Shots off target", "position": "592512", "team": "not applicable", "visibility": "visible"}, {"gameTime": "1 - 10:17", "label": "Ball out of play", "position": "617975", "team": "away", "visibility": "visible"}, {"gameTime": "1 - 10:25", "label": "Corner", "position": "625105", "team": "away", "visibility": "visible"}, {"gameTime": "1 - 10:25", "label": "Shots on target", "position": "625957", "team": "not applicable", "visibility": "visible"}, {"gameTime": "1 - 10:58", "label": "Ball out of play", "position": "658590", "team": "home", "visibility": "visible"}, {"gameTime": "1 - 11:02", "label": "Clearance", "position": "662853", "team": "not applicable", "visibility": "visible"}, {"gameTime": "1 - 11:09", "label": "Ball out of play", "position": "669297", "team": "away", "visibility": "visible"}, {"gameTime": "1 - 11:30", "label": "Throw-in", "position": "690905", "team": "away", "visibility": "visible"}, {"gameTime": "1 - 11:35", "label": "Foul", "position": "695462", "team": "away", "visibility": "visible"}, {"gameTime": "1 - 11:54", "label": "Yellow card", "position": "714942", "team": "home", "visibility": "visible"}, {"gameTime": "1 - 12:07", "label": "Indirect free-kick", "position": "727753", "team": "home", "visibility": "visible"}, {"gameTime": "1 - 12:27", "label": "Shots on target", "position": "747797", "team": "not applicable", "visibility": "visible"}, {"gameTime": "1 - 12:45", "label": "Ball out of play", "position": "765330", "team": "away", "visibility": "visible"}, {"gameTime": "1 - 13:14", "label": "Throw-in", "position": "794196", "team": "not applicable", "visibility": "visible"}, {"gameTime": "1 - 13:54", "label": "Ball out of play", "position": "834597", "team": "away", "visibility": "visible"}, {"gameTime": "1 - 15:39", "label": "Corner", "position": "939959", "team": "home", "visibility": "visible"}, {"gameTime": "1 - 15:48", "label": "Foul", "position": "948202", "team": "away", "visibility": "visible"}, {"gameTime": "1 - 17:00", "label": "Indirect free-kick", "position": "1020292", "team": "home", "visibility": "visible"}, {"gameTime": "1 - 17:07", "label": "Foul", "position": "1027822", "team": "away", "visibility": "visible"}, {"gameTime": "1 - 17:22", "label": "Indirect free-kick", "position": "1042085", "team": "not applicable", "visibility": "visible"}, {"gameTime": "1 - 17:47", "label": "Ball out of play", "position": "1067485", "team": "home", "visibility": "visible"}, {"gameTime": "1 - 17:53", "label": "Throw-in", "position": "1073653", "team": "home", "visibility": "visible"}, {"gameTime": "1 - 18:06", "label": "Offside", "position": "1086412", "team": "away", "visibility": "visible"}, {"gameTime": "1 - 18:52", "label": "Indirect free-kick", "position": "1132054", "team": "not applicable", "visibility": "visible"}, {"gameTime": "1 - 18:56", "label": "Ball out of play", "position": "1136060", "team": "away", "visibility": "not shown"}, {"gameTime": "1 - 19:15", "label": "Throw-in", "position": "1155697", "team": "not applicable", "visibility": "visible"}, {"gameTime": "1 - 19:56", "label": "Ball out of play", "position": "1196796", "team": "away", "visibility": "visible"}, {"gameTime": "1 - 20:09", "label": "Corner", "position": "1209266", "team": "not applicable", "visibility": "visible"}, {"gameTime": "1 - 20:24", "label": "Ball out of play", "position": "1224725", "team": "home", "visibility": "visible"}, {"gameTime": "1 - 20:28", "label": "Throw-in", "position": "1228908", "team": "not applicable", "visibility": "visible"}, {"gameTime": "1 - 20:39", "label": "Ball out of play", "position": "1239811", "team": "home", "visibility": "visible"}, {"gameTime": "1 - 21:07", "label": "Throw-in", "position": "1267656", "team": "not applicable", "visibility": "visible"}, {"gameTime": "1 - 21:21", "label": "Ball out of play", "position": "1281974", "team": "home", "visibility": "visible"}, {"gameTime": "1 - 22:28", "label": "Throw-in", "position": "1348749", "team": "home", "visibility": "visible"}, {"gameTime": "1 - 22:49", "label": "Substitution", "position": "1369949", "team": "not applicable", "visibility": "visible"}, {"gameTime": "1 - 23:09", "label": "Ball out of play", "position": "1389037", "team": "away", "visibility": "visible"}, {"gameTime": "1 - 23:24", "label": "Corner", "position": "1404534", "team": "not applicable", "visibility": "visible"}, {"gameTime": "1 - 23:38", "label": "Ball out of play", "position": "1418417", "team": "home", "visibility": "visible"}, {"gameTime": "1 - 24:24", "label": "Clearance", "position": "1464573", "team": "not applicable", "visibility": "not shown"}, {"gameTime": "1 - 24:39", "label": "Ball out of play", "position": "1479771", "team": "away", "visibility": "visible"}, {"gameTime": "1 - 25:03", "label": "Throw-in", "position": "1503452", "team": "not applicable", "visibility": "visible"}, {"gameTime": "1 - 25:23", "label": "Ball out of play", "position": "1523046", "team": "home", "visibility": "visible"}, {"gameTime": "1 - 25:26", "label": "Clearance", "position": "1526199", "team": "not applicable", "visibility": "visible"}, {"gameTime": "1 - 25:34", "label": "Ball out of play", "position": "1534733", "team": "away", "visibility": "visible"}, {"gameTime": "1 - 25:52", "label": "Throw-in", "position": "1552826", "team": "not applicable", "visibility": "visible"}, {"gameTime": "1 - 26:20", "label": "Ball out of play", "position": "1580586", "team": "away", "visibility": "visible"}, {"gameTime": "1 - 26:30", "label": "Clearance", "position": "1590290", "team": "not applicable", "visibility": "visible"}, {"gameTime": "1 - 26:36", "label": "Ball out of play", "position": "1596516", "team": "away", "visibility": "visible"}, {"gameTime": "1 - 26:54", "label": "Throw-in", "position": "1614139", "team": "not applicable", "visibility": "visible"}, {"gameTime": "1 - 26:59", "label": "Ball out of play", "position": "1619303", "team": "away", "visibility": "visible"}, {"gameTime": "1 - 27:21", "label": "Throw-in", "position": "1641757", "team": "home", "visibility": "visible"}, {"gameTime": "1 - 27:29", "label": "Foul", "position": "1649071", "team": "away", "visibility": "visible"}, {"gameTime": "1 - 27:44", "label": "Indirect free-kick", "position": "1664580", "team": "away", "visibility": "visible"}, {"gameTime": "1 - 28:25", "label": "Shots on target", "position": "1705255", "team": "not applicable", "visibility": "visible"}, {"gameTime": "1 - 28:42", "label": "Ball out of play", "position": "1722564", "team": "home", "visibility": "visible"}, {"gameTime": "1 - 28:42", "label": "Throw-in", "position": "1722668", "team": "home", "visibility": "visible"}, {"gameTime": "1 - 28:48", "label": "Throw-in", "position": "1728428", "team": "not applicable", "visibility": "visible"}, {"gameTime": "1 - 29:11", "label": "Ball out of play", "position": "1751872", "team": "away", "visibility": "visible"}, {"gameTime": "1 - 30:12", "label": "Clearance", "position": "1812035", "team": "not applicable", "visibility": "visible"}, {"gameTime": "1 - 30:25", "label": "Ball out of play", "position": "1825762", "team": "away", "visibility": "visible"}, {"gameTime": "1 - 30:33", "label": "Corner", "position": "1833018", "team": "away", "visibility": "visible"}, {"gameTime": "1 - 30:53", "label": "Foul", "position": "1853036", "team": "home", "visibility": "not shown"}, {"gameTime": "1 - 31:38", "label": "Indirect free-kick", "position": "1898325", "team": "away", "visibility": "visible"}, {"gameTime": "1 - 33:28", "label": "Shots on target", "position": "2008806", "team": "not applicable", "visibility": "not shown"}, {"gameTime": "1 - 33:49", "label": "Ball out of play", "position": "2029835", "team": "away", "visibility": "visible"}, {"gameTime": "1 - 33:59", "label": "Corner", "position": "2039018", "team": "not applicable", "visibility": "visible"}, {"gameTime": "1 - 34:29", "label": "Ball out of play", "position": "2069464", "team": "home", "visibility": "visible"}, {"gameTime": "1 - 34:43", "label": "Clearance", "position": "2083760", "team": "not applicable", "visibility": "visible"}, {"gameTime": "1 - 35:30", "label": "Ball out of play", "position": "2130015", "team": "home", "visibility": "visible"}, {"gameTime": "1 - 35:37", "label": "Offside", "position": "2137169", "team": "away", "visibility": "not shown"}, {"gameTime": "1 - 36:03", "label": "Indirect free-kick", "position": "2163737", "team": "not applicable", "visibility": "visible"}, {"gameTime": "1 - 36:39", "label": "Ball out of play", "position": "2199518", "team": "home", "visibility": "not shown"}, {"gameTime": "1 - 36:43", "label": "Clearance", "position": "2203328", "team": "not applicable", "visibility": "visible"}, {"gameTime": "1 - 36:51", "label": "Ball out of play", "position": "2211217", "team": "away", "visibility": "visible"}, {"gameTime": "1 - 37:08", "label": "Throw-in", "position": "2228665", "team": "not applicable", "visibility": "visible"}, {"gameTime": "1 - 37:12", "label": "Ball out of play", "position": "2232963", "team": "away", "visibility": "not shown"}, {"gameTime": "1 - 37:31", "label": "Throw-in", "position": "2251439", "team": "not applicable", "visibility": "visible"}, {"gameTime": "1 - 37:47", "label": "Ball out of play", "position": "2267088", "team": "away", "visibility": "visible"}, {"gameTime": "1 - 38:13", "label": "Throw-in", "position": "2293163", "team": "away", "visibility": "visible"}, {"gameTime": "1 - 38:36", "label": "Foul", "position": "2316431", "team": "home", "visibility": "visible"}, {"gameTime": "1 - 38:54", "label": "Indirect free-kick", "position": "2334980", "team": "home", "visibility": "visible"}, {"gameTime": "1 - 39:04", "label": "Foul", "position": "2344735", "team": "away", "visibility": "visible"}, {"gameTime": "1 - 39:50", "label": "Indirect free-kick", "position": "2390785", "team": "home", "visibility": "visible"}, {"gameTime": "1 - 39:51", "label": "Shots on target", "position": "2391565", "team": "not applicable", "visibility": "visible"}, {"gameTime": "1 - 40:37", "label": "Ball out of play", "position": "2437076", "team": "home", "visibility": "not shown"}, {"gameTime": "1 - 40:41", "label": "Corner", "position": "2441472", "team": "home", "visibility": "visible"}, {"gameTime": "1 - 40:42", "label": "Shots off target", "position": "2442512", "team": "not applicable", "visibility": "visible"}, {"gameTime": "1 - 41:16", "label": "Ball out of play", "position": "2476010", "team": "home", "visibility": "visible"}, {"gameTime": "1 - 41:47", "label": "Foul", "position": "2507642", "team": "away", "visibility": "not shown"}, {"gameTime": "1 - 42:15", "label": "Indirect free-kick", "position": "2535967", "team": "not applicable", "visibility": "visible"}, {"gameTime": "1 - 42:22", "label": "Ball out of play", "position": "2542853", "team": "away", "visibility": "visible"}, {"gameTime": "1 - 42:30", "label": "Throw-in", "position": "2550185", "team": "not applicable", "visibility": "visible"}, {"gameTime": "1 - 42:36", "label": "Ball out of play", "position": "2556166", "team": "away", "visibility": "not shown"}, {"gameTime": "1 - 42:48", "label": "Throw-in", "position": "2568737", "team": "away", "visibility": "visible"}, {"gameTime": "1 - 42:49", "label": "Shots off target", "position": "2569992", "team": "not applicable", "visibility": "visible"}, {"gameTime": "1 - 43:00", "label": "Ball out of play", "position": "2580205", "team": "away", "visibility": "visible"}, {"gameTime": "1 - 43:19", "label": "Corner", "position": "2599646", "team": "not applicable", "visibility": "visible"}, {"gameTime": "1 - 43:26", "label": "Ball out of play", "position": "2606117", "team": "away", "visibility": "not shown"}, {"gameTime": "1 - 44:44", "label": "Clearance", "position": "2684902", "team": "not applicable", "visibility": "visible"}, {"gameTime": "2 - 00:00", "label": "Substitution", "position": "268", "team": "home", "visibility": "visible"}, {"gameTime": "2 - 00:11", "label": "Kick-off", "position": "11668", "team": "not applicable", "visibility": "visible"}, {"gameTime": "2 - 00:29", "label": "Ball out of play", "position": "29449", "team": "home", "visibility": "visible"}, {"gameTime": "2 - 01:31", "label": "Throw-in", "position": "91218", "team": "home", "visibility": "visible"}, {"gameTime": "2 - 01:32", "label": "Shots off target", "position": "92261", "team": "not applicable", "visibility": "visible"}, {"gameTime": "2 - 01:37", "label": "Ball out of play", "position": "97977", "team": "home", "visibility": "visible"}, {"gameTime": "2 - 02:08", "label": "Clearance", "position": "128659", "team": "not applicable", "visibility": "visible"}, {"gameTime": "2 - 02:11", "label": "Ball out of play", "position": "131616", "team": "away", "visibility": "visible"}, {"gameTime": "2 - 02:43", "label": "Throw-in", "position": "163747", "team": "away", "visibility": "visible"}, {"gameTime": "2 - 02:55", "label": "Shots on target", "position": "175737", "team": "not applicable", "visibility": "visible"}, {"gameTime": "2 - 03:02", "label": "Ball out of play", "position": "182592", "team": "away", "visibility": "not shown"}, {"gameTime": "2 - 03:29", "label": "Throw-in", "position": "209844", "team": "not applicable", "visibility": "visible"}, {"gameTime": "2 - 03:33", "label": "Ball out of play", "position": "213984", "team": "away", "visibility": "not shown"}, {"gameTime": "2 - 03:38", "label": "Throw-in", "position": "218132", "team": "not applicable", "visibility": "visible"}, {"gameTime": "2 - 03:53", "label": "Ball out of play", "position": "233164", "team": "away", "visibility": "visible"}, {"gameTime": "2 - 03:56", "label": "Corner", "position": "236333", "team": "away", "visibility": "visible"}, {"gameTime": "2 - 04:27", "label": "Foul", "position": "267680", "team": "home", "visibility": "not shown"}, {"gameTime": "2 - 04:44", "label": "Indirect free-kick", "position": "284461", "team": "away", "visibility": "not shown"}, {"gameTime": "2 - 06:17", "label": "Indirect free-kick", "position": "377104", "team": "away", "visibility": "visible"}, {"gameTime": "2 - 07:00", "label": "Foul", "position": "420893", "team": "home", "visibility": "visible"}, {"gameTime": "2 - 07:00", "label": "Shots on target", "position": "420893", "team": "home", "visibility": "visible"}, {"gameTime": "2 - 07:01", "label": "Penalty", "position": "421360", "team": "home", "visibility": "visible"}, {"gameTime": "2 - 08:04", "label": "Goal", "position": "484190", "team": "away", "visibility": "visible"}, {"gameTime": "2 - 08:10", "label": "Kick-off", "position": "490895", "team": "not applicable", "visibility": "visible"}, {"gameTime": "2 - 08:16", "label": "Ball out of play", "position": "496974", "team": "away", "visibility": "visible"}, {"gameTime": "2 - 08:46", "label": "Throw-in", "position": "526659", "team": "home", "visibility": "visible"}, {"gameTime": "2 - 09:39", "label": "Foul", "position": "579635", "team": "home", "visibility": "visible"}, {"gameTime": "2 - 09:39", "label": "Shots on target", "position": "579635", "team": "away", "visibility": "visible"}, {"gameTime": "2 - 09:39", "label": "Penalty", "position": "579995", "team": "away", "visibility": "visible"}, {"gameTime": "2 - 10:13", "label": "Goal", "position": "613629", "team": "away", "visibility": "visible"}, {"gameTime": "2 - 10:23", "label": "Foul", "position": "623600", "team": "away", "visibility": "visible"}, {"gameTime": "2 - 10:53", "label": "Yellow card", "position": "653512", "team": "home", "visibility": "visible"}, {"gameTime": "2 - 11:37", "label": "Indirect free-kick", "position": "697441", "team": "not applicable", "visibility": "visible"}, {"gameTime": "2 - 11:43", "label": "Ball out of play", "position": "703356", "team": "away", "visibility": "visible"}, {"gameTime": "2 - 12:06", "label": "Throw-in", "position": "726239", "team": "not applicable", "visibility": "visible"}, {"gameTime": "2 - 12:40", "label": "Ball out of play", "position": "760757", "team": "home", "visibility": "visible"}, {"gameTime": "2 - 12:43", "label": "Corner", "position": "763185", "team": "not applicable", "visibility": "visible"}, {"gameTime": "2 - 13:03", "label": "Ball out of play", "position": "783580", "team": "home", "visibility": "visible"}, {"gameTime": "2 - 13:11", "label": "Corner", "position": "791794", "team": "not applicable", "visibility": "visible"}, {"gameTime": "2 - 13:23", "label": "Ball out of play", "position": "803751", "team": "away", "visibility": "visible"}, {"gameTime": "2 - 14:01", "label": "Throw-in", "position": "841158", "team": "not applicable", "visibility": "visible"}, {"gameTime": "2 - 14:22", "label": "Ball out of play", "position": "862687", "team": "away", "visibility": "visible"}, {"gameTime": "2 - 14:44", "label": "Corner", "position": "884595", "team": "home", "visibility": "visible"}, {"gameTime": "2 - 15:07", "label": "Throw-in", "position": "907011", "team": "not applicable", "visibility": "visible"}, {"gameTime": "2 - 16:47", "label": "Ball out of play", "position": "1007000", "team": "home", "visibility": "visible"}, {"gameTime": "2 - 17:07", "label": "Substitution", "position": "1027063", "team": "home", "visibility": "visible"}, {"gameTime": "2 - 17:28", "label": "Corner", "position": "1048261", "team": "not applicable", "visibility": "visible"}, {"gameTime": "2 - 17:32", "label": "Ball out of play", "position": "1052965", "team": "away", "visibility": "not shown"}, {"gameTime": "2 - 17:52", "label": "Throw-in", "position": "1072376", "team": "away", "visibility": "visible"}, {"gameTime": "2 - 17:53", "label": "Shots off target", "position": "1073599", "team": "not applicable", "visibility": "visible"}, {"gameTime": "2 - 18:18", "label": "Ball out of play", "position": "1098105", "team": "home", "visibility": "visible"}, {"gameTime": "2 - 19:07", "label": "Clearance", "position": "1147005", "team": "home", "visibility": "visible"}, {"gameTime": "2 - 19:07", "label": "Shots off target", "position": "1147841", "team": "not applicable", "visibility": "visible"}, {"gameTime": "2 - 19:39", "label": "Ball out of play", "position": "1179977", "team": "home", "visibility": "visible"}, {"gameTime": "2 - 19:41", "label": "Shots on target", "position": "1181385", "team": "home", "visibility": "visible"}, {"gameTime": "2 - 20:37", "label": "Goal", "position": "1237393", "team": "away", "visibility": "visible"}, {"gameTime": "2 - 21:42", "label": "Kick-off", "position": "1302156", "team": "away", "visibility": "visible"}, {"gameTime": "2 - 21:42", "label": "Foul", "position": "1302340", "team": "away", "visibility": "visible"}, {"gameTime": "2 - 22:17", "label": "Indirect free-kick", "position": "1337944", "team": "home", "visibility": "visible"}, {"gameTime": "2 - 23:33", "label": "Indirect free-kick", "position": "1413590", "team": "away", "visibility": "visible"}, {"gameTime": "2 - 23:38", "label": "Foul", "position": "1418000", "team": "away", "visibility": "visible"}, {"gameTime": "2 - 24:22", "label": "Yellow card", "position": "1462596", "team": "home", "visibility": "visible"}, {"gameTime": "2 - 24:24", "label": "Indirect free-kick", "position": "1464602", "team": "not applicable", "visibility": "visible"}, {"gameTime": "2 - 24:33", "label": "Ball out of play", "position": "1473854", "team": "away", "visibility": "visible"}, {"gameTime": "2 - 25:01", "label": "Clearance", "position": "1501448", "team": "home", "visibility": "visible"}, {"gameTime": "2 - 25:20", "label": "Foul", "position": "1520379", "team": "away", "visibility": "visible"}, {"gameTime": "2 - 25:23", "label": "Substitution", "position": "1523812", "team": "away", "visibility": "not shown"}, {"gameTime": "2 - 25:39", "label": "Indirect free-kick", "position": "1539098", "team": "not applicable", "visibility": "visible"}, {"gameTime": "2 - 25:42", "label": "Ball out of play", "position": "1542214", "team": "away", "visibility": "not shown"}, {"gameTime": "2 - 26:06", "label": "Throw-in", "position": "1566686", "team": "home", "visibility": "visible"}, {"gameTime": "2 - 26:44", "label": "Shots off target", "position": "1604598", "team": "away", "visibility": "visible"}, {"gameTime": "2 - 27:36", "label": "Shots on target", "position": "1656075", "team": "not applicable", "visibility": "visible"}, {"gameTime": "2 - 27:52", "label": "Ball out of play", "position": "1672179", "team": "away", "visibility": "visible"}, {"gameTime": "2 - 27:55", "label": "Corner", "position": "1675364", "team": "away", "visibility": "visible"}, {"gameTime": "2 - 27:56", "label": "Shots off target", "position": "1676164", "team": "not applicable", "visibility": "visible"}, {"gameTime": "2 - 28:29", "label": "Ball out of play", "position": "1709866", "team": "home", "visibility": "visible"}, {"gameTime": "2 - 29:04", "label": "Clearance", "position": "1744947", "team": "not applicable", "visibility": "visible"}, {"gameTime": "2 - 29:22", "label": "Ball out of play", "position": "1762328", "team": "home", "visibility": "visible"}, {"gameTime": "2 - 30:04", "label": "Clearance", "position": "1804329", "team": "away", "visibility": "visible"}, {"gameTime": "2 - 30:15", "label": "Foul", "position": "1815233", "team": "home", "visibility": "visible"}, {"gameTime": "2 - 30:38", "label": "Indirect free-kick", "position": "1838889", "team": "not applicable", "visibility": "visible"}, {"gameTime": "2 - 31:05", "label": "Ball out of play", "position": "1865000", "team": "home", "visibility": "visible"}, {"gameTime": "2 - 31:18", "label": "Substitution", "position": "1878572", "team": "away", "visibility": "visible"}, {"gameTime": "2 - 31:29", "label": "Throw-in", "position": "1889761", "team": "not applicable", "visibility": "visible"}, {"gameTime": "2 - 31:39", "label": "Ball out of play", "position": "1899288", "team": "home", "visibility": "visible"}, {"gameTime": "2 - 31:41", "label": "Throw-in", "position": "1901478", "team": "not applicable", "visibility": "visible"}, {"gameTime": "2 - 31:47", "label": "Ball out of play", "position": "1907659", "team": "home", "visibility": "visible"}, {"gameTime": "2 - 32:03", "label": "Throw-in", "position": "1923597", "team": "away", "visibility": "visible"}, {"gameTime": "2 - 32:42", "label": "Foul", "position": "1962588", "team": "home", "visibility": "visible"}, {"gameTime": "2 - 32:45", "label": "Yellow card", "position": "1965931", "team": "home", "visibility": "visible"}, {"gameTime": "2 - 34:02", "label": "Indirect free-kick", "position": "2042023", "team": "not applicable", "visibility": "visible"}, {"gameTime": "2 - 34:27", "label": "Ball out of play", "position": "2067530", "team": "home", "visibility": "visible"}, {"gameTime": "2 - 34:35", "label": "Throw-in", "position": "2075400", "team": "home", "visibility": "visible"}, {"gameTime": "2 - 34:36", "label": "Shots off target", "position": "2076048", "team": "not applicable", "visibility": "visible"}, {"gameTime": "2 - 35:24", "label": "Ball out of play", "position": "2124000", "team": "away", "visibility": "visible"}, {"gameTime": "2 - 35:30", "label": "Substitution", "position": "2130633", "team": "away", "visibility": "not shown"}, {"gameTime": "2 - 35:47", "label": "Clearance", "position": "2147117", "team": "not applicable", "visibility": "visible"}, {"gameTime": "2 - 36:04", "label": "Ball out of play", "position": "2164764", "team": "away", "visibility": "visible"}, {"gameTime": "2 - 36:22", "label": "Corner", "position": "2182051", "team": "home", "visibility": "visible"}, {"gameTime": "2 - 36:23", "label": "Shots on target", "position": "2183592", "team": "not applicable", "visibility": "visible"}, {"gameTime": "2 - 37:10", "label": "Ball out of play", "position": "2230229", "team": "home", "visibility": "visible"}, {"gameTime": "2 - 37:15", "label": "Corner", "position": "2235989", "team": "not applicable", "visibility": "visible"}, {"gameTime": "2 - 37:24", "label": "Ball out of play", "position": "2244771", "team": "away", "visibility": "not shown"}, {"gameTime": "2 - 38:07", "label": "Throw-in", "position": "2287653", "team": "away", "visibility": "visible"}, {"gameTime": "2 - 38:09", "label": "Shots off target", "position": "2289200", "team": "not applicable", "visibility": "visible"}, {"gameTime": "2 - 38:33", "label": "Ball out of play", "position": "2313704", "team": "away", "visibility": "visible"}, {"gameTime": "2 - 39:28", "label": "Clearance", "position": "2368131", "team": "not applicable", "visibility": "visible"}, {"gameTime": "2 - 39:35", "label": "Ball out of play", "position": "2375777", "team": "away", "visibility": "visible"}, {"gameTime": "2 - 40:03", "label": "Throw-in", "position": "2403004", "team": "not applicable", "visibility": "visible"}, {"gameTime": "2 - 40:06", "label": "Ball out of play", "position": "2406491", "team": "away", "visibility": "visible"}, {"gameTime": "2 - 40:37", "label": "Throw-in", "position": "2437411", "team": "away", "visibility": "visible"}, {"gameTime": "2 - 40:44", "label": "Foul", "position": "2444000", "team": "away", "visibility": "visible"}, {"gameTime": "2 - 41:09", "label": "Yellow card", "position": "2469094", "team": "not applicable", "visibility": "visible"}, {"gameTime": "2 - 41:13", "label": "Ball out of play", "position": "2473041", "team": "away", "visibility": "not shown"}, {"gameTime": "2 - 42:39", "label": "Clearance", "position": "2559961", "team": "not applicable", "visibility": "visible"}, {"gameTime": "2 - 42:50", "label": "Ball out of play", "position": "2570080", "team": "away", "visibility": "not shown"}, {"gameTime": "2 - 42:53", "label": "Corner", "position": "2573826", "team": "not applicable", "visibility": "visible"}, {"gameTime": "2 - 44:06", "label": "Ball out of play", "position": "2646033", "team": "home", "visibility": "not shown"}, {"gameTime": "2 - 44:08", "label": "Clearance", "position": "2648755", "team": "not applicable", "visibility": "visible"}, {"gameTime": "2 - 44:33", "label": "Ball out of play", "position": "2673485", "team": "away", "visibility": "visible"}, {"gameTime": "2 - 44:58", "label": "Indirect free-kick", "position": "2698659", "team": "home", "visibility": "visible"}], "gameAwayTeam": "AS Roma", "gameDate": "25/09/2016 - 13:30", "gameHomeTeam": "Torino", "gameScore": "3 - 1"}