{"UrlLocal": "italy_serie-a/2016-2017/2016-12-04 - 14-30 AC Milan 2 - 1 Crotone/", "UrlYoutube": "", "annotations": [{"gameTime": "1 - 00:00", "label": "Shots on target", "position": "246", "team": "away", "visibility": "visible"}, {"gameTime": "1 - 00:24", "label": "Ball out of play", "position": "24243", "team": "away", "visibility": "visible"}, {"gameTime": "1 - 00:31", "label": "Throw-in", "position": "31884", "team": "not applicable", "visibility": "visible"}, {"gameTime": "1 - 00:39", "label": "Foul", "position": "39441", "team": "home", "visibility": "visible"}, {"gameTime": "1 - 02:05", "label": "Indirect free-kick", "position": "125778", "team": "home", "visibility": "visible"}, {"gameTime": "1 - 02:30", "label": "Ball out of play", "position": "150790", "team": "away", "visibility": "visible"}, {"gameTime": "1 - 02:41", "label": "Clearance", "position": "161400", "team": "not applicable", "visibility": "visible"}, {"gameTime": "1 - 02:51", "label": "Shots off target", "position": "171185", "team": "home", "visibility": "not shown"}, {"gameTime": "1 - 03:24", "label": "Ball out of play", "position": "204698", "team": "home", "visibility": "visible"}, {"gameTime": "1 - 03:26", "label": "Clearance", "position": "206989", "team": "not applicable", "visibility": "visible"}, {"gameTime": "1 - 03:55", "label": "Ball out of play", "position": "235794", "team": "away", "visibility": "visible"}, {"gameTime": "1 - 04:39", "label": "Corner", "position": "279297", "team": "not applicable", "visibility": "visible"}, {"gameTime": "1 - 05:00", "label": "Shots off target", "position": "300496", "team": "home", "visibility": "visible"}, {"gameTime": "1 - 06:13", "label": "Ball out of play", "position": "373708", "team": "home", "visibility": "visible"}, {"gameTime": "1 - 06:14", "label": "Clearance", "position": "374932", "team": "not applicable", "visibility": "visible"}, {"gameTime": "1 - 06:49", "label": "Shots off target", "position": "409513", "team": "away", "visibility": "not shown"}, {"gameTime": "1 - 07:11", "label": "Ball out of play", "position": "431825", "team": "away", "visibility": "visible"}, {"gameTime": "1 - 07:12", "label": "Corner", "position": "432940", "team": "not applicable", "visibility": "visible"}, {"gameTime": "1 - 07:40", "label": "Ball out of play", "position": "460782", "team": "away", "visibility": "visible"}, {"gameTime": "1 - 08:21", "label": "Clearance", "position": "501650", "team": "not applicable", "visibility": "visible"}, {"gameTime": "1 - 08:46", "label": "Ball out of play", "position": "526577", "team": "away", "visibility": "visible"}, {"gameTime": "1 - 08:56", "label": "Shots on target", "position": "536232", "team": "not applicable", "visibility": "visible"}, {"gameTime": "1 - 11:09", "label": "Ball out of play", "position": "669505", "team": "away", "visibility": "visible"}, {"gameTime": "1 - 11:48", "label": "Throw-in", "position": "708331", "team": "not applicable", "visibility": "visible"}, {"gameTime": "1 - 12:00", "label": "Foul", "position": "720369", "team": "home", "visibility": "visible"}, {"gameTime": "1 - 12:49", "label": "Indirect free-kick", "position": "769391", "team": "away", "visibility": "visible"}, {"gameTime": "1 - 13:36", "label": "Foul", "position": "816813", "team": "home", "visibility": "visible"}, {"gameTime": "1 - 13:42", "label": "Indirect free-kick", "position": "822923", "team": "home", "visibility": "visible"}, {"gameTime": "1 - 14:04", "label": "Offside", "position": "844563", "team": "away", "visibility": "not shown"}, {"gameTime": "1 - 14:46", "label": "Indirect free-kick", "position": "886325", "team": "away", "visibility": "visible"}, {"gameTime": "1 - 15:00", "label": "Ball out of play", "position": "900300", "team": "home", "visibility": "not shown"}, {"gameTime": "1 - 15:07", "label": "Throw-in", "position": "907808", "team": "not applicable", "visibility": "visible"}, {"gameTime": "1 - 15:14", "label": "Ball out of play", "position": "914399", "team": "away", "visibility": "not shown"}, {"gameTime": "1 - 15:47", "label": "Shots on target", "position": "947265", "team": "not applicable", "visibility": "not shown"}, {"gameTime": "1 - 16:11", "label": "Foul", "position": "971241", "team": "away", "visibility": "visible"}, {"gameTime": "1 - 16:26", "label": "Indirect free-kick", "position": "986068", "team": "home", "visibility": "visible"}, {"gameTime": "1 - 16:52", "label": "Shots on target", "position": "1012077", "team": "away", "visibility": "visible"}, {"gameTime": "1 - 17:10", "label": "Shots off target", "position": "1030368", "team": "home", "visibility": "visible"}, {"gameTime": "1 - 17:47", "label": "Ball out of play", "position": "1067933", "team": "home", "visibility": "visible"}, {"gameTime": "1 - 17:49", "label": "Clearance", "position": "1069212", "team": "not applicable", "visibility": "visible"}, {"gameTime": "1 - 18:16", "label": "Foul", "position": "1096876", "team": "away", "visibility": "visible"}, {"gameTime": "1 - 18:20", "label": "Indirect free-kick", "position": "1100006", "team": "away", "visibility": "visible"}, {"gameTime": "1 - 18:22", "label": "Ball out of play", "position": "1102488", "team": "home", "visibility": "visible"}, {"gameTime": "1 - 18:33", "label": "Throw-in", "position": "1113147", "team": "not applicable", "visibility": "visible"}, {"gameTime": "1 - 18:48", "label": "Foul", "position": "1128944", "team": "home", "visibility": "visible"}, {"gameTime": "1 - 19:11", "label": "Indirect free-kick", "position": "1151690", "team": "home", "visibility": "visible"}, {"gameTime": "1 - 19:40", "label": "Ball out of play", "position": "1180157", "team": "away", "visibility": "visible"}, {"gameTime": "1 - 19:50", "label": "Throw-in", "position": "1190730", "team": "not applicable", "visibility": "visible"}, {"gameTime": "1 - 19:56", "label": "Shots off target", "position": "1196136", "team": "home", "visibility": "visible"}, {"gameTime": "1 - 20:16", "label": "Ball out of play", "position": "1216175", "team": "home", "visibility": "visible"}, {"gameTime": "1 - 20:17", "label": "Clearance", "position": "1217068", "team": "not applicable", "visibility": "visible"}, {"gameTime": "1 - 20:50", "label": "Ball out of play", "position": "1250011", "team": "away", "visibility": "visible"}, {"gameTime": "1 - 21:07", "label": "Throw-in", "position": "1267193", "team": "not applicable", "visibility": "visible"}, {"gameTime": "1 - 21:20", "label": "Foul", "position": "1280597", "team": "home", "visibility": "visible"}, {"gameTime": "1 - 21:24", "label": "Indirect free-kick", "position": "1284437", "team": "home", "visibility": "visible"}, {"gameTime": "1 - 21:49", "label": "Ball out of play", "position": "1309432", "team": "away", "visibility": "visible"}, {"gameTime": "1 - 21:55", "label": "Corner", "position": "1315015", "team": "not applicable", "visibility": "visible"}, {"gameTime": "1 - 22:21", "label": "Shots off target", "position": "1341927", "team": "away", "visibility": "visible"}, {"gameTime": "1 - 22:29", "label": "Ball out of play", "position": "1349479", "team": "away", "visibility": "visible"}, {"gameTime": "1 - 22:31", "label": "Clearance", "position": "1351092", "team": "not applicable", "visibility": "not shown"}, {"gameTime": "1 - 22:42", "label": "Foul", "position": "1362867", "team": "home", "visibility": "not shown"}, {"gameTime": "1 - 22:46", "label": "Indirect free-kick", "position": "1366144", "team": "away", "visibility": "visible"}, {"gameTime": "1 - 23:02", "label": "Ball out of play", "position": "1382697", "team": "home", "visibility": "visible"}, {"gameTime": "1 - 23:12", "label": "Clearance", "position": "1392942", "team": "not applicable", "visibility": "visible"}, {"gameTime": "1 - 23:38", "label": "Foul", "position": "1418859", "team": "away", "visibility": "not shown"}, {"gameTime": "1 - 24:12", "label": "Direct free-kick", "position": "1452772", "team": "away", "visibility": "visible"}, {"gameTime": "1 - 24:43", "label": "Ball out of play", "position": "1483899", "team": "home", "visibility": "visible"}, {"gameTime": "1 - 25:25", "label": "Throw-in", "position": "1525077", "team": "not applicable", "visibility": "visible"}, {"gameTime": "1 - 25:30", "label": "Shots on target", "position": "1530238", "team": "home", "visibility": "not shown"}, {"gameTime": "1 - 25:43", "label": "Goal", "position": "1543184", "team": "away", "visibility": "visible"}, {"gameTime": "1 - 25:43", "label": "Kick-off", "position": "1543606", "team": "away", "visibility": "visible"}, {"gameTime": "1 - 26:30", "label": "Shots off target", "position": "1590824", "team": "home", "visibility": "visible"}, {"gameTime": "1 - 27:12", "label": "Ball out of play", "position": "1632647", "team": "home", "visibility": "visible"}, {"gameTime": "1 - 27:14", "label": "Clearance", "position": "1634244", "team": "not applicable", "visibility": "visible"}, {"gameTime": "1 - 27:39", "label": "Ball out of play", "position": "1659278", "team": "away", "visibility": "not shown"}, {"gameTime": "1 - 27:48", "label": "Throw-in", "position": "1668486", "team": "not applicable", "visibility": "visible"}, {"gameTime": "1 - 27:56", "label": "Shots off target", "position": "1676066", "team": "home", "visibility": "visible"}, {"gameTime": "1 - 28:52", "label": "Ball out of play", "position": "1732660", "team": "home", "visibility": "visible"}, {"gameTime": "1 - 28:54", "label": "Clearance", "position": "1734718", "team": "not applicable", "visibility": "not shown"}, {"gameTime": "1 - 29:17", "label": "Ball out of play", "position": "1757210", "team": "away", "visibility": "visible"}, {"gameTime": "1 - 29:19", "label": "Throw-in", "position": "1759630", "team": "not applicable", "visibility": "visible"}, {"gameTime": "1 - 29:24", "label": "Ball out of play", "position": "1764585", "team": "home", "visibility": "visible"}, {"gameTime": "1 - 30:42", "label": "Throw-in", "position": "1842233", "team": "not applicable", "visibility": "visible"}, {"gameTime": "1 - 31:09", "label": "Foul", "position": "1869717", "team": "home", "visibility": "visible"}, {"gameTime": "1 - 32:11", "label": "Indirect free-kick", "position": "1931565", "team": "away", "visibility": "visible"}, {"gameTime": "1 - 32:25", "label": "Foul", "position": "1945994", "team": "home", "visibility": "not shown"}, {"gameTime": "1 - 33:12", "label": "Indirect free-kick", "position": "1992345", "team": "away", "visibility": "visible"}, {"gameTime": "1 - 33:21", "label": "Ball out of play", "position": "2001249", "team": "home", "visibility": "visible"}, {"gameTime": "1 - 33:50", "label": "Corner", "position": "2030053", "team": "not applicable", "visibility": "visible"}, {"gameTime": "1 - 34:11", "label": "Ball out of play", "position": "2051458", "team": "home", "visibility": "visible"}, {"gameTime": "1 - 34:13", "label": "Corner", "position": "2053089", "team": "not applicable", "visibility": "visible"}, {"gameTime": "1 - 34:27", "label": "Shots off target", "position": "2067705", "team": "home", "visibility": "visible"}, {"gameTime": "1 - 34:28", "label": "Ball out of play", "position": "2068844", "team": "home", "visibility": "visible"}, {"gameTime": "1 - 34:29", "label": "Corner", "position": "2069284", "team": "not applicable", "visibility": "visible"}, {"gameTime": "1 - 34:52", "label": "Foul", "position": "2092570", "team": "home", "visibility": "visible"}, {"gameTime": "1 - 35:12", "label": "Indirect free-kick", "position": "2112291", "team": "home", "visibility": "visible"}, {"gameTime": "1 - 35:35", "label": "Foul", "position": "2135794", "team": "away", "visibility": "visible"}, {"gameTime": "1 - 35:40", "label": "Direct free-kick", "position": "2140661", "team": "home", "visibility": "visible"}, {"gameTime": "1 - 36:06", "label": "Shots off target", "position": "2166556", "team": "away", "visibility": "not shown"}, {"gameTime": "1 - 36:40", "label": "Ball out of play", "position": "2200285", "team": "home", "visibility": "visible"}, {"gameTime": "1 - 36:42", "label": "Clearance", "position": "2202276", "team": "not applicable", "visibility": "not shown"}, {"gameTime": "1 - 37:03", "label": "Ball out of play", "position": "2223552", "team": "away", "visibility": "not shown"}, {"gameTime": "1 - 37:11", "label": "Throw-in", "position": "2231603", "team": "not applicable", "visibility": "not shown"}, {"gameTime": "1 - 37:19", "label": "Ball out of play", "position": "2239447", "team": "home", "visibility": "visible"}, {"gameTime": "1 - 37:21", "label": "Throw-in", "position": "2241334", "team": "not applicable", "visibility": "visible"}, {"gameTime": "1 - 37:34", "label": "Ball out of play", "position": "2254406", "team": "away", "visibility": "visible"}, {"gameTime": "1 - 37:47", "label": "Throw-in", "position": "2267476", "team": "not applicable", "visibility": "visible"}, {"gameTime": "1 - 37:54", "label": "Foul", "position": "2274943", "team": "away", "visibility": "visible"}, {"gameTime": "1 - 37:59", "label": "Indirect free-kick", "position": "2279194", "team": "home", "visibility": "visible"}, {"gameTime": "1 - 38:17", "label": "Ball out of play", "position": "2297748", "team": "away", "visibility": "not shown"}, {"gameTime": "1 - 38:25", "label": "Throw-in", "position": "2305417", "team": "not applicable", "visibility": "visible"}, {"gameTime": "1 - 38:31", "label": "Shots on target", "position": "2311226", "team": "home", "visibility": "visible"}, {"gameTime": "1 - 39:37", "label": "Ball out of play", "position": "2377558", "team": "home", "visibility": "visible"}, {"gameTime": "1 - 39:37", "label": "Corner", "position": "2377970", "team": "not applicable", "visibility": "visible"}, {"gameTime": "1 - 40:11", "label": "Shots on target", "position": "2411437", "team": "home", "visibility": "visible"}, {"gameTime": "1 - 40:13", "label": "Goal", "position": "2413115", "team": "home", "visibility": "visible"}, {"gameTime": "1 - 40:13", "label": "Kick-off", "position": "2413435", "team": "home", "visibility": "visible"}, {"gameTime": "1 - 40:51", "label": "Foul", "position": "2451432", "team": "away", "visibility": "not shown"}, {"gameTime": "1 - 40:59", "label": "Indirect free-kick", "position": "2459493", "team": "away", "visibility": "visible"}, {"gameTime": "1 - 41:10", "label": "Shots on target", "position": "2470205", "team": "home", "visibility": "not shown"}, {"gameTime": "1 - 41:57", "label": "Ball out of play", "position": "2517480", "team": "home", "visibility": "visible"}, {"gameTime": "1 - 42:21", "label": "Throw-in", "position": "2541020", "team": "not applicable", "visibility": "not shown"}, {"gameTime": "1 - 42:27", "label": "Foul", "position": "2547700", "team": "home", "visibility": "visible"}, {"gameTime": "1 - 42:45", "label": "Yellow card", "position": "2565501", "team": "away", "visibility": "visible"}, {"gameTime": "1 - 42:53", "label": "Direct free-kick", "position": "2573000", "team": "away", "visibility": "visible"}, {"gameTime": "1 - 44:21", "label": "Direct free-kick", "position": "2661547", "team": "home", "visibility": "visible"}, {"gameTime": "2 - 00:00", "label": "Foul", "position": "41", "team": "home", "visibility": "not shown"}, {"gameTime": "2 - 00:06", "label": "Indirect free-kick", "position": "6974", "team": "home", "visibility": "visible"}, {"gameTime": "2 - 00:24", "label": "Foul", "position": "24374", "team": "away", "visibility": "visible"}, {"gameTime": "2 - 00:34", "label": "Indirect free-kick", "position": "34268", "team": "away", "visibility": "visible"}, {"gameTime": "2 - 00:47", "label": "Foul", "position": "47605", "team": "home", "visibility": "visible"}, {"gameTime": "2 - 01:11", "label": "Indirect free-kick", "position": "71577", "team": "home", "visibility": "visible"}, {"gameTime": "2 - 01:43", "label": "Ball out of play", "position": "103664", "team": "away", "visibility": "visible"}, {"gameTime": "2 - 02:21", "label": "Throw-in", "position": "141372", "team": "not applicable", "visibility": "visible"}, {"gameTime": "2 - 02:28", "label": "Shots off target", "position": "148965", "team": "home", "visibility": "visible"}, {"gameTime": "2 - 03:09", "label": "Foul", "position": "189776", "team": "home", "visibility": "visible"}, {"gameTime": "2 - 03:17", "label": "Yellow card", "position": "197790", "team": "home", "visibility": "visible"}, {"gameTime": "2 - 03:22", "label": "Indirect free-kick", "position": "202827", "team": "home", "visibility": "visible"}, {"gameTime": "2 - 03:51", "label": "Foul", "position": "231776", "team": "away", "visibility": "visible"}, {"gameTime": "2 - 04:09", "label": "Indirect free-kick", "position": "249707", "team": "home", "visibility": "visible"}, {"gameTime": "2 - 04:26", "label": "Foul", "position": "266222", "team": "away", "visibility": "not shown"}, {"gameTime": "2 - 04:57", "label": "Direct free-kick", "position": "297614", "team": "away", "visibility": "visible"}, {"gameTime": "2 - 06:27", "label": "Foul", "position": "387057", "team": "home", "visibility": "visible"}, {"gameTime": "2 - 06:29", "label": "Yellow card", "position": "389930", "team": "away", "visibility": "visible"}, {"gameTime": "2 - 06:56", "label": "Shots off target", "position": "416560", "team": "away", "visibility": "not shown"}, {"gameTime": "2 - 07:40", "label": "Penalty", "position": "460751", "team": "home", "visibility": "visible"}, {"gameTime": "2 - 07:40", "label": "Offside", "position": "460751", "team": "home", "visibility": "visible"}, {"gameTime": "2 - 07:51", "label": "Indirect free-kick", "position": "471383", "team": "home", "visibility": "visible"}, {"gameTime": "2 - 08:12", "label": "Ball out of play", "position": "492641", "team": "away", "visibility": "visible"}, {"gameTime": "2 - 08:37", "label": "Throw-in", "position": "517441", "team": "not applicable", "visibility": "visible"}, {"gameTime": "2 - 08:51", "label": "Ball out of play", "position": "531197", "team": "away", "visibility": "visible"}, {"gameTime": "2 - 08:58", "label": "Corner", "position": "538996", "team": "not applicable", "visibility": "visible"}, {"gameTime": "2 - 09:28", "label": "Ball out of play", "position": "568553", "team": "away", "visibility": "visible"}, {"gameTime": "2 - 10:45", "label": "Clearance", "position": "645394", "team": "not applicable", "visibility": "visible"}, {"gameTime": "2 - 11:01", "label": "Ball out of play", "position": "661392", "team": "away", "visibility": "visible"}, {"gameTime": "2 - 11:05", "label": "Throw-in", "position": "665075", "team": "not applicable", "visibility": "visible"}, {"gameTime": "2 - 11:18", "label": "Foul", "position": "678710", "team": "away", "visibility": "visible"}, {"gameTime": "2 - 11:23", "label": "Direct free-kick", "position": "683784", "team": "home", "visibility": "visible"}, {"gameTime": "2 - 11:57", "label": "Ball out of play", "position": "717897", "team": "away", "visibility": "visible"}, {"gameTime": "2 - 12:00", "label": "Clearance", "position": "720483", "team": "not applicable", "visibility": "visible"}, {"gameTime": "2 - 12:06", "label": "Foul", "position": "726508", "team": "home", "visibility": "not shown"}, {"gameTime": "2 - 12:28", "label": "Indirect free-kick", "position": "748892", "team": "away", "visibility": "visible"}, {"gameTime": "2 - 12:43", "label": "Offside", "position": "763215", "team": "home", "visibility": "visible"}, {"gameTime": "2 - 13:04", "label": "Indirect free-kick", "position": "784732", "team": "home", "visibility": "visible"}, {"gameTime": "2 - 13:26", "label": "Ball out of play", "position": "806408", "team": "away", "visibility": "not shown"}, {"gameTime": "2 - 13:32", "label": "Throw-in", "position": "812360", "team": "not applicable", "visibility": "visible"}, {"gameTime": "2 - 13:44", "label": "Foul", "position": "824129", "team": "away", "visibility": "visible"}, {"gameTime": "2 - 13:56", "label": "Yellow card", "position": "836166", "team": "away", "visibility": "visible"}, {"gameTime": "2 - 13:59", "label": "Indirect free-kick", "position": "839706", "team": "away", "visibility": "visible"}, {"gameTime": "2 - 14:26", "label": "Ball out of play", "position": "866860", "team": "home", "visibility": "not shown"}, {"gameTime": "2 - 14:28", "label": "Throw-in", "position": "868651", "team": "not applicable", "visibility": "visible"}, {"gameTime": "2 - 14:44", "label": "Foul", "position": "884621", "team": "away", "visibility": "visible"}, {"gameTime": "2 - 15:09", "label": "Indirect free-kick", "position": "909561", "team": "home", "visibility": "visible"}, {"gameTime": "2 - 15:20", "label": "Ball out of play", "position": "920850", "team": "away", "visibility": "visible"}, {"gameTime": "2 - 15:31", "label": "Throw-in", "position": "931871", "team": "not applicable", "visibility": "visible"}, {"gameTime": "2 - 15:49", "label": "Ball out of play", "position": "949353", "team": "away", "visibility": "visible"}, {"gameTime": "2 - 15:53", "label": "Corner", "position": "953952", "team": "not applicable", "visibility": "visible"}, {"gameTime": "2 - 16:20", "label": "Foul", "position": "980725", "team": "away", "visibility": "visible"}, {"gameTime": "2 - 16:32", "label": "Indirect free-kick", "position": "992066", "team": "away", "visibility": "visible"}, {"gameTime": "2 - 16:46", "label": "Foul", "position": "1006788", "team": "home", "visibility": "visible"}, {"gameTime": "2 - 17:04", "label": "Yellow card", "position": "1024845", "team": "home", "visibility": "visible"}, {"gameTime": "2 - 17:07", "label": "Indirect free-kick", "position": "1027204", "team": "home", "visibility": "visible"}, {"gameTime": "2 - 17:39", "label": "Ball out of play", "position": "1059130", "team": "away", "visibility": "visible"}, {"gameTime": "2 - 18:19", "label": "Clearance", "position": "1099598", "team": "not applicable", "visibility": "visible"}, {"gameTime": "2 - 18:39", "label": "Ball out of play", "position": "1119412", "team": "away", "visibility": "visible"}, {"gameTime": "2 - 18:52", "label": "Throw-in", "position": "1132023", "team": "not applicable", "visibility": "visible"}, {"gameTime": "2 - 19:04", "label": "Ball out of play", "position": "1144378", "team": "home", "visibility": "visible"}, {"gameTime": "2 - 19:33", "label": "Throw-in", "position": "1173530", "team": "not applicable", "visibility": "visible"}, {"gameTime": "2 - 19:44", "label": "Foul", "position": "1184836", "team": "away", "visibility": "visible"}, {"gameTime": "2 - 19:50", "label": "Indirect free-kick", "position": "1190419", "team": "home", "visibility": "visible"}, {"gameTime": "2 - 20:10", "label": "Foul", "position": "1210588", "team": "away", "visibility": "visible"}, {"gameTime": "2 - 20:15", "label": "Indirect free-kick", "position": "1215968", "team": "away", "visibility": "visible"}, {"gameTime": "2 - 20:30", "label": "Foul", "position": "1230381", "team": "home", "visibility": "visible"}, {"gameTime": "2 - 21:14", "label": "Yellow card", "position": "1274264", "team": "away", "visibility": "visible"}, {"gameTime": "2 - 21:26", "label": "Direct free-kick", "position": "1286130", "team": "away", "visibility": "visible"}, {"gameTime": "2 - 22:19", "label": "Ball out of play", "position": "1339807", "team": "home", "visibility": "visible"}, {"gameTime": "2 - 22:29", "label": "Throw-in", "position": "1349657", "team": "not applicable", "visibility": "visible"}, {"gameTime": "2 - 22:32", "label": "Shots on target", "position": "1352074", "team": "home", "visibility": "visible"}, {"gameTime": "2 - 23:09", "label": "Offside", "position": "1389972", "team": "away", "visibility": "visible"}, {"gameTime": "2 - 23:11", "label": "Indirect free-kick", "position": "1391839", "team": "away", "visibility": "visible"}, {"gameTime": "2 - 23:26", "label": "Ball out of play", "position": "1406959", "team": "home", "visibility": "not shown"}, {"gameTime": "2 - 24:44", "label": "Substitution", "position": "1484031", "team": "not applicable", "visibility": "visible"}, {"gameTime": "2 - 25:12", "label": "Throw-in", "position": "1512800", "team": "away", "visibility": "visible"}, {"gameTime": "2 - 25:18", "label": "Ball out of play", "position": "1518876", "team": "home", "visibility": "not shown"}, {"gameTime": "2 - 26:05", "label": "Throw-in", "position": "1565879", "team": "not applicable", "visibility": "visible"}, {"gameTime": "2 - 26:14", "label": "Ball out of play", "position": "1574054", "team": "home", "visibility": "visible"}, {"gameTime": "2 - 26:33", "label": "Corner", "position": "1593690", "team": "not applicable", "visibility": "visible"}, {"gameTime": "2 - 26:54", "label": "Foul", "position": "1614709", "team": "home", "visibility": "visible"}, {"gameTime": "2 - 27:11", "label": "Substitution", "position": "1631770", "team": "home", "visibility": "visible"}, {"gameTime": "2 - 27:51", "label": "Indirect free-kick", "position": "1671644", "team": "home", "visibility": "visible"}, {"gameTime": "2 - 28:09", "label": "Foul", "position": "1689777", "team": "away", "visibility": "not shown"}, {"gameTime": "2 - 28:14", "label": "Indirect free-kick", "position": "1694840", "team": "away", "visibility": "visible"}, {"gameTime": "2 - 28:21", "label": "Ball out of play", "position": "1701665", "team": "home", "visibility": "visible"}, {"gameTime": "2 - 28:41", "label": "Substitution", "position": "1721916", "team": "not applicable", "visibility": "visible"}, {"gameTime": "2 - 29:13", "label": "Throw-in", "position": "1753360", "team": "away", "visibility": "visible"}, {"gameTime": "2 - 29:26", "label": "Ball out of play", "position": "1766043", "team": "home", "visibility": "visible"}, {"gameTime": "2 - 29:35", "label": "Clearance", "position": "1775467", "team": "not applicable", "visibility": "visible"}, {"gameTime": "2 - 30:01", "label": "Ball out of play", "position": "1801845", "team": "away", "visibility": "not shown"}, {"gameTime": "2 - 30:32", "label": "Throw-in", "position": "1832487", "team": "not applicable", "visibility": "visible"}, {"gameTime": "2 - 30:44", "label": "Ball out of play", "position": "1844580", "team": "away", "visibility": "visible"}, {"gameTime": "2 - 31:28", "label": "Corner", "position": "1888353", "team": "not applicable", "visibility": "visible"}, {"gameTime": "2 - 31:47", "label": "Ball out of play", "position": "1907074", "team": "home", "visibility": "visible"}, {"gameTime": "2 - 32:06", "label": "Throw-in", "position": "1926674", "team": "not applicable", "visibility": "visible"}, {"gameTime": "2 - 32:21", "label": "Foul", "position": "1941974", "team": "away", "visibility": "visible"}, {"gameTime": "2 - 32:32", "label": "Indirect free-kick", "position": "1952576", "team": "home", "visibility": "visible"}, {"gameTime": "2 - 32:55", "label": "Foul", "position": "1975242", "team": "away", "visibility": "not shown"}, {"gameTime": "2 - 33:28", "label": "Indirect free-kick", "position": "2008518", "team": "away", "visibility": "visible"}, {"gameTime": "2 - 33:35", "label": "Ball out of play", "position": "2015280", "team": "home", "visibility": "not shown"}, {"gameTime": "2 - 35:00", "label": "Clearance", "position": "2100251", "team": "not applicable", "visibility": "visible"}, {"gameTime": "2 - 35:05", "label": "Shots off target", "position": "2105239", "team": "home", "visibility": "not shown"}, {"gameTime": "2 - 35:30", "label": "Ball out of play", "position": "2130397", "team": "home", "visibility": "visible"}, {"gameTime": "2 - 35:33", "label": "Substitution", "position": "2133795", "team": "not applicable", "visibility": "visible"}, {"gameTime": "2 - 35:48", "label": "Clearance", "position": "2148565", "team": "home", "visibility": "not shown"}, {"gameTime": "2 - 36:00", "label": "Ball out of play", "position": "2160826", "team": "away", "visibility": "not shown"}, {"gameTime": "2 - 36:08", "label": "Throw-in", "position": "2168358", "team": "not applicable", "visibility": "visible"}, {"gameTime": "2 - 36:20", "label": "Ball out of play", "position": "2180149", "team": "away", "visibility": "visible"}, {"gameTime": "2 - 36:34", "label": "Throw-in", "position": "2194703", "team": "not applicable", "visibility": "visible"}, {"gameTime": "2 - 36:39", "label": "Ball out of play", "position": "2199536", "team": "home", "visibility": "visible"}, {"gameTime": "2 - 37:23", "label": "Throw-in", "position": "2243022", "team": "not applicable", "visibility": "visible"}, {"gameTime": "2 - 37:53", "label": "Foul", "position": "2273226", "team": "away", "visibility": "visible"}, {"gameTime": "2 - 38:00", "label": "Indirect free-kick", "position": "2280364", "team": "home", "visibility": "visible"}, {"gameTime": "2 - 38:25", "label": "Ball out of play", "position": "2305758", "team": "away", "visibility": "visible"}, {"gameTime": "2 - 38:29", "label": "Throw-in", "position": "2309066", "team": "not applicable", "visibility": "visible"}, {"gameTime": "2 - 38:33", "label": "Ball out of play", "position": "2313527", "team": "home", "visibility": "visible"}, {"gameTime": "2 - 39:54", "label": "Throw-in", "position": "2394371", "team": "not applicable", "visibility": "visible"}, {"gameTime": "2 - 40:06", "label": "Foul", "position": "2406337", "team": "home", "visibility": "visible"}, {"gameTime": "2 - 40:10", "label": "Direct free-kick", "position": "2410299", "team": "away", "visibility": "visible"}, {"gameTime": "2 - 40:40", "label": "Shots on target", "position": "2440075", "team": "home", "visibility": "visible"}, {"gameTime": "2 - 40:43", "label": "Goal", "position": "2443192", "team": "home", "visibility": "visible"}, {"gameTime": "2 - 40:43", "label": "Yellow card", "position": "2443840", "team": "home", "visibility": "visible"}, {"gameTime": "2 - 41:35", "label": "Kick-off", "position": "2495320", "team": "home", "visibility": "visible"}, {"gameTime": "2 - 41:42", "label": "Foul", "position": "2502516", "team": "away", "visibility": "not shown"}, {"gameTime": "2 - 42:01", "label": "Substitution", "position": "2521726", "team": "home", "visibility": "visible"}, {"gameTime": "2 - 42:48", "label": "Indirect free-kick", "position": "2568355", "team": "away", "visibility": "visible"}, {"gameTime": "2 - 42:59", "label": "Ball out of play", "position": "2579980", "team": "away", "visibility": "visible"}, {"gameTime": "2 - 43:06", "label": "Throw-in", "position": "2586853", "team": "not applicable", "visibility": "visible"}, {"gameTime": "2 - 43:09", "label": "Ball out of play", "position": "2589199", "team": "away", "visibility": "visible"}, {"gameTime": "2 - 43:28", "label": "Substitution", "position": "2608182", "team": "not applicable", "visibility": "visible"}, {"gameTime": "2 - 43:56", "label": "Throw-in", "position": "2636880", "team": "home", "visibility": "visible"}, {"gameTime": "2 - 44:18", "label": "Ball out of play", "position": "2658291", "team": "home", "visibility": "visible"}, {"gameTime": "2 - 44:20", "label": "Throw-in", "position": "2660798", "team": "not applicable", "visibility": "visible"}, {"gameTime": "2 - 44:38", "label": "Ball out of play", "position": "2678006", "team": "home", "visibility": "visible"}, {"gameTime": "2 - 44:40", "label": "Throw-in", "position": "2680468", "team": "not applicable", "visibility": "visible"}, {"gameTime": "2 - 44:56", "label": "Ball out of play", "position": "2696853", "team": "home", "visibility": "visible"}, {"gameTime": "2 - 45:11", "label": "Throw-in", "position": "2711747", "team": "not applicable", "visibility": "visible"}, {"gameTime": "2 - 45:16", "label": "Foul", "position": "2716607", "team": "away", "visibility": "visible"}, {"gameTime": "2 - 45:25", "label": "Direct free-kick", "position": "2725584", "team": "home", "visibility": "visible"}, {"gameTime": "2 - 45:50", "label": "Foul", "position": "2750624", "team": "away", "visibility": "visible"}, {"gameTime": "2 - 46:14", "label": "Yellow card", "position": "2774274", "team": "home", "visibility": "visible"}, {"gameTime": "2 - 46:20", "label": "Direct free-kick", "position": "2780360", "team": "home", "visibility": "visible"}, {"gameTime": "2 - 46:49", "label": "Ball out of play", "position": "2809447", "team": "away", "visibility": "visible"}, {"gameTime": "2 - 46:52", "label": "Clearance", "position": "2812077", "team": "not applicable", "visibility": "visible"}, {"gameTime": "2 - 47:21", "label": "Clearance", "position": "2841107", "team": "home", "visibility": "visible"}], "gameAwayTeam": "Crotone", "gameDate": "04/12/2016 - 14:30", "gameHomeTeam": "AC Milan", "gameScore": "2 - 1"}