{"UrlLocal": "italy_serie-a/2016-2017/2016-10-30 - 17-00 Empoli 0 - 0 AS Roma/", "UrlYoutube": "", "annotations": [{"gameTime": "1 - 00:00", "label": "Shots on target", "position": "591", "team": "home", "visibility": "visible"}, {"gameTime": "1 - 00:59", "label": "Ball out of play", "position": "59194", "team": "away", "visibility": "visible"}, {"gameTime": "1 - 01:00", "label": "Corner", "position": "60164", "team": "not applicable", "visibility": "visible"}, {"gameTime": "1 - 01:20", "label": "Ball out of play", "position": "80342", "team": "away", "visibility": "not shown"}, {"gameTime": "1 - 02:24", "label": "Throw-in", "position": "144882", "team": "not applicable", "visibility": "visible"}, {"gameTime": "1 - 02:36", "label": "Shots on target", "position": "156877", "team": "home", "visibility": "visible"}, {"gameTime": "1 - 02:57", "label": "Shots off target", "position": "177277", "team": "away", "visibility": "visible"}, {"gameTime": "1 - 03:28", "label": "Ball out of play", "position": "208550", "team": "home", "visibility": "visible"}, {"gameTime": "1 - 03:29", "label": "Clearance", "position": "209138", "team": "not applicable", "visibility": "visible"}, {"gameTime": "1 - 03:44", "label": "Shots on target", "position": "224796", "team": "away", "visibility": "not shown"}, {"gameTime": "1 - 04:15", "label": "Shots off target", "position": "255198", "team": "away", "visibility": "visible"}, {"gameTime": "1 - 05:40", "label": "Ball out of play", "position": "340157", "team": "away", "visibility": "visible"}, {"gameTime": "1 - 05:41", "label": "Clearance", "position": "341265", "team": "not applicable", "visibility": "visible"}, {"gameTime": "1 - 06:04", "label": "Ball out of play", "position": "364989", "team": "home", "visibility": "visible"}, {"gameTime": "1 - 06:08", "label": "Throw-in", "position": "368468", "team": "not applicable", "visibility": "visible"}, {"gameTime": "1 - 06:17", "label": "Foul", "position": "377590", "team": "away", "visibility": "visible"}, {"gameTime": "1 - 06:38", "label": "Indirect free-kick", "position": "398177", "team": "home", "visibility": "visible"}, {"gameTime": "1 - 07:07", "label": "Shots off target", "position": "427052", "team": "away", "visibility": "visible"}, {"gameTime": "1 - 07:23", "label": "Ball out of play", "position": "443233", "team": "away", "visibility": "visible"}, {"gameTime": "1 - 07:24", "label": "Clearance", "position": "444623", "team": "not applicable", "visibility": "visible"}, {"gameTime": "1 - 07:44", "label": "Ball out of play", "position": "464602", "team": "home", "visibility": "not shown"}, {"gameTime": "1 - 07:47", "label": "Throw-in", "position": "467177", "team": "not applicable", "visibility": "visible"}, {"gameTime": "1 - 07:51", "label": "Foul", "position": "471853", "team": "away", "visibility": "visible"}, {"gameTime": "1 - 08:55", "label": "Indirect free-kick", "position": "535272", "team": "away", "visibility": "visible"}, {"gameTime": "1 - 09:20", "label": "Foul", "position": "560289", "team": "home", "visibility": "visible"}, {"gameTime": "1 - 09:23", "label": "Indirect free-kick", "position": "563228", "team": "away", "visibility": "visible"}, {"gameTime": "1 - 09:44", "label": "Ball out of play", "position": "584193", "team": "home", "visibility": "not shown"}, {"gameTime": "1 - 10:16", "label": "Throw-in", "position": "616221", "team": "not applicable", "visibility": "visible"}, {"gameTime": "1 - 10:19", "label": "Foul", "position": "619742", "team": "away", "visibility": "visible"}, {"gameTime": "1 - 10:33", "label": "Yellow card", "position": "633223", "team": "home", "visibility": "visible"}, {"gameTime": "1 - 10:37", "label": "Indirect free-kick", "position": "637166", "team": "home", "visibility": "visible"}, {"gameTime": "1 - 10:55", "label": "Foul", "position": "655692", "team": "away", "visibility": "visible"}, {"gameTime": "1 - 11:16", "label": "Indirect free-kick", "position": "676259", "team": "away", "visibility": "visible"}, {"gameTime": "1 - 11:49", "label": "Ball out of play", "position": "709753", "team": "home", "visibility": "visible"}, {"gameTime": "1 - 12:14", "label": "Corner", "position": "734035", "team": "not applicable", "visibility": "visible"}, {"gameTime": "1 - 12:24", "label": "Ball out of play", "position": "744184", "team": "home", "visibility": "not shown"}, {"gameTime": "1 - 12:54", "label": "Throw-in", "position": "774674", "team": "not applicable", "visibility": "visible"}, {"gameTime": "1 - 13:06", "label": "Ball out of play", "position": "786537", "team": "home", "visibility": "visible"}, {"gameTime": "1 - 13:19", "label": "Throw-in", "position": "799398", "team": "not applicable", "visibility": "visible"}, {"gameTime": "1 - 13:28", "label": "Ball out of play", "position": "808212", "team": "away", "visibility": "visible"}, {"gameTime": "1 - 14:39", "label": "Throw-in", "position": "879504", "team": "not applicable", "visibility": "visible"}, {"gameTime": "1 - 14:55", "label": "Offside", "position": "895084", "team": "home", "visibility": "visible"}, {"gameTime": "1 - 16:07", "label": "Indirect free-kick", "position": "967027", "team": "away", "visibility": "visible"}, {"gameTime": "1 - 16:36", "label": "Foul", "position": "996478", "team": "home", "visibility": "visible"}, {"gameTime": "1 - 16:39", "label": "Indirect free-kick", "position": "999719", "team": "home", "visibility": "visible"}, {"gameTime": "1 - 16:57", "label": "Foul", "position": "1017906", "team": "away", "visibility": "visible"}, {"gameTime": "1 - 17:26", "label": "Yellow card", "position": "1046180", "team": "home", "visibility": "visible"}, {"gameTime": "1 - 17:29", "label": "Direct free-kick", "position": "1049225", "team": "home", "visibility": "visible"}, {"gameTime": "1 - 18:57", "label": "Shots on target", "position": "1137455", "team": "away", "visibility": "visible"}, {"gameTime": "1 - 18:58", "label": "Shots on target", "position": "1138508", "team": "away", "visibility": "visible"}, {"gameTime": "1 - 20:44", "label": "Shots on target", "position": "1244894", "team": "away", "visibility": "visible"}, {"gameTime": "1 - 21:39", "label": "Ball out of play", "position": "1299769", "team": "away", "visibility": "visible"}, {"gameTime": "1 - 21:40", "label": "Corner", "position": "1300557", "team": "not applicable", "visibility": "visible"}, {"gameTime": "1 - 22:10", "label": "Shots off target", "position": "1330472", "team": "away", "visibility": "visible"}, {"gameTime": "1 - 22:14", "label": "Ball out of play", "position": "1334107", "team": "away", "visibility": "visible"}, {"gameTime": "1 - 22:15", "label": "Clearance", "position": "1335109", "team": "not applicable", "visibility": "visible"}, {"gameTime": "1 - 22:43", "label": "Ball out of play", "position": "1363274", "team": "home", "visibility": "not shown"}, {"gameTime": "1 - 23:03", "label": "Throw-in", "position": "1383608", "team": "not applicable", "visibility": "visible"}, {"gameTime": "1 - 23:22", "label": "Ball out of play", "position": "1402453", "team": "home", "visibility": "visible"}, {"gameTime": "1 - 23:25", "label": "Clearance", "position": "1405716", "team": "not applicable", "visibility": "visible"}, {"gameTime": "1 - 23:41", "label": "Shots off target", "position": "1421945", "team": "away", "visibility": "visible"}, {"gameTime": "1 - 24:16", "label": "Ball out of play", "position": "1456340", "team": "away", "visibility": "visible"}, {"gameTime": "1 - 24:17", "label": "Clearance", "position": "1457354", "team": "not applicable", "visibility": "visible"}, {"gameTime": "1 - 24:34", "label": "Ball out of play", "position": "1474375", "team": "home", "visibility": "visible"}, {"gameTime": "1 - 25:00", "label": "Corner", "position": "1500113", "team": "not applicable", "visibility": "visible"}, {"gameTime": "1 - 25:30", "label": "Ball out of play", "position": "1530002", "team": "home", "visibility": "visible"}, {"gameTime": "1 - 27:21", "label": "Throw-in", "position": "1641372", "team": "not applicable", "visibility": "visible"}, {"gameTime": "1 - 27:31", "label": "Ball out of play", "position": "1651527", "team": "away", "visibility": "visible"}, {"gameTime": "1 - 27:44", "label": "Clearance", "position": "1664980", "team": "not applicable", "visibility": "visible"}, {"gameTime": "1 - 28:00", "label": "Shots off target", "position": "1680642", "team": "home", "visibility": "visible"}, {"gameTime": "1 - 28:23", "label": "Ball out of play", "position": "1703999", "team": "home", "visibility": "visible"}, {"gameTime": "1 - 28:25", "label": "Clearance", "position": "1705002", "team": "not applicable", "visibility": "visible"}, {"gameTime": "1 - 28:44", "label": "Foul", "position": "1724913", "team": "away", "visibility": "visible"}, {"gameTime": "1 - 29:33", "label": "Yellow card", "position": "1773584", "team": "away", "visibility": "visible"}, {"gameTime": "1 - 29:37", "label": "Direct free-kick", "position": "1777184", "team": "away", "visibility": "visible"}, {"gameTime": "1 - 30:39", "label": "Foul", "position": "1839880", "team": "home", "visibility": "visible"}, {"gameTime": "1 - 32:02", "label": "Direct free-kick", "position": "1922879", "team": "home", "visibility": "visible"}, {"gameTime": "1 - 33:05", "label": "Shots on target", "position": "1985388", "team": "away", "visibility": "visible"}, {"gameTime": "1 - 33:06", "label": "Ball out of play", "position": "1986973", "team": "away", "visibility": "visible"}, {"gameTime": "1 - 33:07", "label": "Corner", "position": "1987886", "team": "not applicable", "visibility": "visible"}, {"gameTime": "1 - 33:33", "label": "Offside", "position": "2013079", "team": "away", "visibility": "visible"}, {"gameTime": "1 - 33:43", "label": "Indirect free-kick", "position": "2023502", "team": "away", "visibility": "visible"}, {"gameTime": "1 - 34:01", "label": "Foul", "position": "2041816", "team": "home", "visibility": "not shown"}, {"gameTime": "1 - 34:39", "label": "Yellow card", "position": "2079537", "team": "home", "visibility": "visible"}, {"gameTime": "1 - 34:43", "label": "Direct free-kick", "position": "2083931", "team": "home", "visibility": "visible"}, {"gameTime": "1 - 35:47", "label": "Shots off target", "position": "2147273", "team": "away", "visibility": "visible"}, {"gameTime": "1 - 35:50", "label": "Ball out of play", "position": "2150499", "team": "away", "visibility": "visible"}, {"gameTime": "1 - 35:52", "label": "Clearance", "position": "2152091", "team": "not applicable", "visibility": "visible"}, {"gameTime": "1 - 36:09", "label": "Ball out of play", "position": "2169071", "team": "home", "visibility": "visible"}, {"gameTime": "1 - 36:16", "label": "Throw-in", "position": "2176409", "team": "not applicable", "visibility": "visible"}, {"gameTime": "1 - 36:26", "label": "Ball out of play", "position": "2186026", "team": "away", "visibility": "visible"}, {"gameTime": "1 - 36:32", "label": "Throw-in", "position": "2192654", "team": "not applicable", "visibility": "visible"}, {"gameTime": "1 - 36:38", "label": "Ball out of play", "position": "2198351", "team": "home", "visibility": "not shown"}, {"gameTime": "1 - 36:58", "label": "Throw-in", "position": "2218552", "team": "not applicable", "visibility": "visible"}, {"gameTime": "1 - 37:06", "label": "Ball out of play", "position": "2226855", "team": "away", "visibility": "visible"}, {"gameTime": "1 - 37:23", "label": "Throw-in", "position": "2243271", "team": "not applicable", "visibility": "visible"}, {"gameTime": "1 - 37:35", "label": "Ball out of play", "position": "2255254", "team": "away", "visibility": "visible"}, {"gameTime": "1 - 38:00", "label": "Throw-in", "position": "2280774", "team": "not applicable", "visibility": "visible"}, {"gameTime": "1 - 38:06", "label": "Foul", "position": "2286113", "team": "away", "visibility": "not shown"}, {"gameTime": "1 - 38:15", "label": "Shots off target", "position": "2295208", "team": "away", "visibility": "visible"}, {"gameTime": "1 - 39:40", "label": "Direct free-kick", "position": "2380109", "team": "home", "visibility": "visible"}, {"gameTime": "1 - 39:40", "label": "Ball out of play", "position": "2380109", "team": "home", "visibility": "visible"}, {"gameTime": "1 - 39:41", "label": "Clearance", "position": "2381203", "team": "not applicable", "visibility": "visible"}, {"gameTime": "1 - 39:57", "label": "Ball out of play", "position": "2397915", "team": "away", "visibility": "not shown"}, {"gameTime": "1 - 40:06", "label": "Throw-in", "position": "2406296", "team": "not applicable", "visibility": "visible"}, {"gameTime": "1 - 40:21", "label": "Foul", "position": "2421212", "team": "home", "visibility": "visible"}, {"gameTime": "1 - 40:24", "label": "Indirect free-kick", "position": "2424797", "team": "home", "visibility": "visible"}, {"gameTime": "1 - 40:40", "label": "Foul", "position": "2440812", "team": "away", "visibility": "visible"}, {"gameTime": "1 - 40:44", "label": "Indirect free-kick", "position": "2444598", "team": "home", "visibility": "visible"}, {"gameTime": "1 - 40:49", "label": "Foul", "position": "2449284", "team": "away", "visibility": "visible"}, {"gameTime": "1 - 41:01", "label": "Indirect free-kick", "position": "2461081", "team": "away", "visibility": "visible"}, {"gameTime": "1 - 41:21", "label": "Ball out of play", "position": "2481850", "team": "home", "visibility": "visible"}, {"gameTime": "1 - 42:06", "label": "Throw-in", "position": "2526874", "team": "not applicable", "visibility": "visible"}, {"gameTime": "1 - 42:32", "label": "Foul", "position": "2552766", "team": "home", "visibility": "visible"}, {"gameTime": "1 - 42:36", "label": "Indirect free-kick", "position": "2556340", "team": "home", "visibility": "visible"}, {"gameTime": "1 - 42:48", "label": "Ball out of play", "position": "2568102", "team": "away", "visibility": "not shown"}, {"gameTime": "1 - 42:58", "label": "Throw-in", "position": "2578459", "team": "not applicable", "visibility": "visible"}, {"gameTime": "1 - 43:07", "label": "Ball out of play", "position": "2587682", "team": "away", "visibility": "visible"}, {"gameTime": "1 - 43:17", "label": "Clearance", "position": "2597433", "team": "not applicable", "visibility": "visible"}, {"gameTime": "1 - 43:36", "label": "Shots off target", "position": "2616011", "team": "home", "visibility": "visible"}, {"gameTime": "1 - 44:07", "label": "Ball out of play", "position": "2647637", "team": "away", "visibility": "visible"}, {"gameTime": "1 - 44:08", "label": "Throw-in", "position": "2648890", "team": "not applicable", "visibility": "visible"}, {"gameTime": "1 - 44:43", "label": "Throw-in", "position": "2683603", "team": "home", "visibility": "visible"}, {"gameTime": "2 - 00:00", "label": "Offside", "position": "160", "team": "away", "visibility": "visible"}, {"gameTime": "2 - 01:53", "label": "Indirect free-kick", "position": "113834", "team": "away", "visibility": "visible"}, {"gameTime": "2 - 02:16", "label": "Ball out of play", "position": "136314", "team": "home", "visibility": "visible"}, {"gameTime": "2 - 02:19", "label": "Throw-in", "position": "139024", "team": "not applicable", "visibility": "visible"}, {"gameTime": "2 - 02:28", "label": "Foul", "position": "148188", "team": "away", "visibility": "visible"}, {"gameTime": "2 - 02:39", "label": "Indirect free-kick", "position": "159054", "team": "away", "visibility": "visible"}, {"gameTime": "2 - 02:55", "label": "Foul", "position": "175595", "team": "home", "visibility": "visible"}, {"gameTime": "2 - 03:42", "label": "Indirect free-kick", "position": "222539", "team": "home", "visibility": "visible"}, {"gameTime": "2 - 03:45", "label": "Ball out of play", "position": "225819", "team": "away", "visibility": "visible"}, {"gameTime": "2 - 03:55", "label": "Clearance", "position": "235984", "team": "not applicable", "visibility": "visible"}, {"gameTime": "2 - 04:22", "label": "Foul", "position": "262421", "team": "home", "visibility": "visible"}, {"gameTime": "2 - 04:28", "label": "Indirect free-kick", "position": "268599", "team": "away", "visibility": "visible"}, {"gameTime": "2 - 04:55", "label": "Foul", "position": "295895", "team": "home", "visibility": "visible"}, {"gameTime": "2 - 05:06", "label": "Indirect free-kick", "position": "306014", "team": "away", "visibility": "visible"}, {"gameTime": "2 - 05:13", "label": "Foul", "position": "313619", "team": "home", "visibility": "not shown"}, {"gameTime": "2 - 05:50", "label": "Indirect free-kick", "position": "350124", "team": "away", "visibility": "visible"}, {"gameTime": "2 - 06:17", "label": "Ball out of play", "position": "377490", "team": "home", "visibility": "visible"}, {"gameTime": "2 - 06:27", "label": "Throw-in", "position": "387731", "team": "not applicable", "visibility": "visible"}, {"gameTime": "2 - 06:55", "label": "Ball out of play", "position": "415025", "team": "home", "visibility": "visible"}, {"gameTime": "2 - 07:05", "label": "Substitution", "position": "425575", "team": "not applicable", "visibility": "visible"}, {"gameTime": "2 - 07:21", "label": "Throw-in", "position": "441402", "team": "away", "visibility": "visible"}, {"gameTime": "2 - 07:30", "label": "Shots off target", "position": "450266", "team": "home", "visibility": "not shown"}, {"gameTime": "2 - 07:33", "label": "Ball out of play", "position": "453447", "team": "home", "visibility": "visible"}, {"gameTime": "2 - 07:35", "label": "Clearance", "position": "455077", "team": "not applicable", "visibility": "visible"}, {"gameTime": "2 - 07:38", "label": "Ball out of play", "position": "458421", "team": "away", "visibility": "visible"}, {"gameTime": "2 - 08:02", "label": "Throw-in", "position": "482517", "team": "not applicable", "visibility": "visible"}, {"gameTime": "2 - 08:14", "label": "Ball out of play", "position": "494582", "team": "away", "visibility": "visible"}, {"gameTime": "2 - 08:35", "label": "Substitution", "position": "515729", "team": "not applicable", "visibility": "visible"}, {"gameTime": "2 - 09:17", "label": "Clearance", "position": "557000", "team": "home", "visibility": "visible"}, {"gameTime": "2 - 09:29", "label": "Ball out of play", "position": "569143", "team": "home", "visibility": "visible"}, {"gameTime": "2 - 09:55", "label": "Throw-in", "position": "595034", "team": "not applicable", "visibility": "visible"}, {"gameTime": "2 - 10:01", "label": "Ball out of play", "position": "601445", "team": "away", "visibility": "not shown"}, {"gameTime": "2 - 10:17", "label": "Throw-in", "position": "617700", "team": "not applicable", "visibility": "visible"}, {"gameTime": "2 - 10:31", "label": "Ball out of play", "position": "631530", "team": "home", "visibility": "not shown"}, {"gameTime": "2 - 11:03", "label": "Throw-in", "position": "663982", "team": "not applicable", "visibility": "visible"}, {"gameTime": "2 - 11:29", "label": "Ball out of play", "position": "689490", "team": "home", "visibility": "visible"}, {"gameTime": "2 - 11:45", "label": "Clearance", "position": "705803", "team": "not applicable", "visibility": "visible"}, {"gameTime": "2 - 12:09", "label": "Ball out of play", "position": "729805", "team": "home", "visibility": "visible"}, {"gameTime": "2 - 12:39", "label": "Corner", "position": "759856", "team": "not applicable", "visibility": "visible"}, {"gameTime": "2 - 13:15", "label": "Foul", "position": "795538", "team": "home", "visibility": "visible"}, {"gameTime": "2 - 13:17", "label": "Indirect free-kick", "position": "797471", "team": "home", "visibility": "visible"}, {"gameTime": "2 - 13:24", "label": "Ball out of play", "position": "804832", "team": "away", "visibility": "not shown"}, {"gameTime": "2 - 13:28", "label": "Ball out of play", "position": "808862", "team": "not applicable", "visibility": "visible"}, {"gameTime": "2 - 14:05", "label": "Throw-in", "position": "845852", "team": "not applicable", "visibility": "visible"}, {"gameTime": "2 - 14:23", "label": "Ball out of play", "position": "863010", "team": "home", "visibility": "visible"}, {"gameTime": "2 - 14:34", "label": "Throw-in", "position": "874204", "team": "not applicable", "visibility": "visible"}, {"gameTime": "2 - 14:45", "label": "Ball out of play", "position": "885990", "team": "away", "visibility": "visible"}, {"gameTime": "2 - 14:58", "label": "Throw-in", "position": "898032", "team": "not applicable", "visibility": "visible"}, {"gameTime": "2 - 15:10", "label": "Foul", "position": "910442", "team": "away", "visibility": "visible"}, {"gameTime": "2 - 15:28", "label": "Indirect free-kick", "position": "928540", "team": "home", "visibility": "visible"}, {"gameTime": "2 - 15:55", "label": "Ball out of play", "position": "955227", "team": "away", "visibility": "not shown"}, {"gameTime": "2 - 16:01", "label": "Throw-in", "position": "961089", "team": "not applicable", "visibility": "visible"}, {"gameTime": "2 - 16:09", "label": "Foul", "position": "969751", "team": "away", "visibility": "not shown"}, {"gameTime": "2 - 16:44", "label": "Yellow card", "position": "1004308", "team": "home", "visibility": "visible"}, {"gameTime": "2 - 16:51", "label": "Direct free-kick", "position": "1011271", "team": "home", "visibility": "visible"}, {"gameTime": "2 - 17:48", "label": "Shots on target", "position": "1068191", "team": "away", "visibility": "visible"}, {"gameTime": "2 - 17:49", "label": "Ball out of play", "position": "1069946", "team": "away", "visibility": "visible"}, {"gameTime": "2 - 18:13", "label": "Throw-in", "position": "1093034", "team": "not applicable", "visibility": "visible"}, {"gameTime": "2 - 18:18", "label": "Ball out of play", "position": "1098119", "team": "away", "visibility": "visible"}, {"gameTime": "2 - 19:06", "label": "Throw-in", "position": "1146049", "team": "not applicable", "visibility": "visible"}, {"gameTime": "2 - 19:14", "label": "Yellow card", "position": "1154992", "team": "away", "visibility": "not shown"}, {"gameTime": "2 - 21:14", "label": "Yellow card", "position": "1274386", "team": "home", "visibility": "visible"}, {"gameTime": "2 - 21:16", "label": "Substitution", "position": "1276897", "team": "away", "visibility": "visible"}, {"gameTime": "2 - 22:07", "label": "Substitution", "position": "1327532", "team": "home", "visibility": "visible"}, {"gameTime": "2 - 22:14", "label": "Indirect free-kick", "position": "1334598", "team": "away", "visibility": "visible"}, {"gameTime": "2 - 22:24", "label": "Ball out of play", "position": "1344703", "team": "away", "visibility": "not shown"}, {"gameTime": "2 - 23:48", "label": "Throw-in", "position": "1428360", "team": "not applicable", "visibility": "visible"}, {"gameTime": "2 - 23:54", "label": "Ball out of play", "position": "1434438", "team": "away", "visibility": "visible"}, {"gameTime": "2 - 24:27", "label": "Throw-in", "position": "1467140", "team": "not applicable", "visibility": "visible"}, {"gameTime": "2 - 24:43", "label": "Shots on target", "position": "1483635", "team": "away", "visibility": "visible"}, {"gameTime": "2 - 25:03", "label": "Ball out of play", "position": "1503735", "team": "home", "visibility": "visible"}, {"gameTime": "2 - 25:37", "label": "Throw-in", "position": "1537980", "team": "not applicable", "visibility": "visible"}, {"gameTime": "2 - 25:42", "label": "Ball out of play", "position": "1542621", "team": "away", "visibility": "visible"}, {"gameTime": "2 - 26:05", "label": "Throw-in", "position": "1565671", "team": "not applicable", "visibility": "not shown"}, {"gameTime": "2 - 26:11", "label": "Shots off target", "position": "1571457", "team": "away", "visibility": "visible"}, {"gameTime": "2 - 26:16", "label": "Ball out of play", "position": "1576377", "team": "away", "visibility": "visible"}, {"gameTime": "2 - 26:17", "label": "Clearance", "position": "1577523", "team": "not applicable", "visibility": "visible"}, {"gameTime": "2 - 26:42", "label": "Ball out of play", "position": "1602946", "team": "home", "visibility": "not shown"}, {"gameTime": "2 - 27:17", "label": "Throw-in", "position": "1637598", "team": "not applicable", "visibility": "visible"}, {"gameTime": "2 - 28:05", "label": "Ball out of play", "position": "1685167", "team": "home", "visibility": "not shown"}, {"gameTime": "2 - 28:40", "label": "Throw-in", "position": "1720684", "team": "not applicable", "visibility": "visible"}, {"gameTime": "2 - 29:02", "label": "Ball out of play", "position": "1742433", "team": "home", "visibility": "visible"}, {"gameTime": "2 - 29:06", "label": "Substitution", "position": "1746617", "team": "not applicable", "visibility": "visible"}, {"gameTime": "2 - 29:44", "label": "Throw-in", "position": "1784347", "team": "home", "visibility": "visible"}, {"gameTime": "2 - 29:52", "label": "Foul", "position": "1792681", "team": "away", "visibility": "visible"}, {"gameTime": "2 - 30:46", "label": "Yellow card", "position": "1846089", "team": "home", "visibility": "visible"}, {"gameTime": "2 - 30:49", "label": "Direct free-kick", "position": "1849458", "team": "home", "visibility": "visible"}, {"gameTime": "2 - 32:03", "label": "Shots on target", "position": "1923030", "team": "away", "visibility": "visible"}, {"gameTime": "2 - 32:03", "label": "Ball out of play", "position": "1923030", "team": "away", "visibility": "visible"}, {"gameTime": "2 - 32:06", "label": "Corner", "position": "1926167", "team": "not applicable", "visibility": "visible"}, {"gameTime": "2 - 32:20", "label": "Foul", "position": "1940734", "team": "away", "visibility": "visible"}, {"gameTime": "2 - 32:44", "label": "Indirect free-kick", "position": "1964693", "team": "away", "visibility": "visible"}, {"gameTime": "2 - 33:19", "label": "Shots on target", "position": "1999168", "team": "home", "visibility": "visible"}, {"gameTime": "2 - 33:27", "label": "Ball out of play", "position": "2007695", "team": "home", "visibility": "visible"}, {"gameTime": "2 - 33:58", "label": "Clearance", "position": "2038104", "team": "not applicable", "visibility": "visible"}, {"gameTime": "2 - 34:25", "label": "Ball out of play", "position": "2065308", "team": "home", "visibility": "visible"}, {"gameTime": "2 - 34:32", "label": "Throw-in", "position": "2072310", "team": "not applicable", "visibility": "visible"}, {"gameTime": "2 - 34:49", "label": "Shots off target", "position": "2089571", "team": "home", "visibility": "visible"}, {"gameTime": "2 - 34:58", "label": "Ball out of play", "position": "2098919", "team": "home", "visibility": "visible"}, {"gameTime": "2 - 34:59", "label": "Clearance", "position": "2099468", "team": "not applicable", "visibility": "visible"}, {"gameTime": "2 - 35:15", "label": "Offside", "position": "2115516", "team": "away", "visibility": "not shown"}, {"gameTime": "2 - 36:36", "label": "Substitution", "position": "2196839", "team": "away", "visibility": "visible"}, {"gameTime": "2 - 37:10", "label": "Indirect free-kick", "position": "2230747", "team": "away", "visibility": "visible"}, {"gameTime": "2 - 37:27", "label": "Foul", "position": "2247708", "team": "home", "visibility": "visible"}, {"gameTime": "2 - 37:40", "label": "Indirect free-kick", "position": "2260988", "team": "home", "visibility": "visible"}, {"gameTime": "2 - 37:44", "label": "Shots on target", "position": "2264704", "team": "away", "visibility": "visible"}, {"gameTime": "2 - 38:10", "label": "Ball out of play", "position": "2290013", "team": "away", "visibility": "visible"}, {"gameTime": "2 - 38:11", "label": "Corner", "position": "2291202", "team": "not applicable", "visibility": "visible"}, {"gameTime": "2 - 38:29", "label": "Shots on target", "position": "2309835", "team": "away", "visibility": "visible"}, {"gameTime": "2 - 38:31", "label": "Ball out of play", "position": "2311737", "team": "away", "visibility": "visible"}, {"gameTime": "2 - 39:02", "label": "Throw-in", "position": "2342498", "team": "not applicable", "visibility": "not shown"}, {"gameTime": "2 - 39:26", "label": "Ball out of play", "position": "2366594", "team": "home", "visibility": "visible"}, {"gameTime": "2 - 39:35", "label": "Throw-in", "position": "2375812", "team": "not applicable", "visibility": "visible"}, {"gameTime": "2 - 39:39", "label": "Foul", "position": "2379647", "team": "away", "visibility": "visible"}, {"gameTime": "2 - 40:47", "label": "Indirect free-kick", "position": "2447509", "team": "away", "visibility": "visible"}, {"gameTime": "2 - 41:16", "label": "Ball out of play", "position": "2476294", "team": "home", "visibility": "visible"}, {"gameTime": "2 - 42:28", "label": "Corner", "position": "2548733", "team": "not applicable", "visibility": "visible"}, {"gameTime": "2 - 42:50", "label": "Shots on target", "position": "2570710", "team": "away", "visibility": "visible"}, {"gameTime": "2 - 42:52", "label": "Shots on target", "position": "2572893", "team": "away", "visibility": "visible"}, {"gameTime": "2 - 43:48", "label": "Ball out of play", "position": "2628502", "team": "home", "visibility": "visible"}, {"gameTime": "2 - 43:49", "label": "Corner", "position": "2629344", "team": "not applicable", "visibility": "visible"}, {"gameTime": "2 - 44:56", "label": "Foul", "position": "2696079", "team": "home", "visibility": "visible"}, {"gameTime": "2 - 44:57", "label": "Indirect free-kick", "position": "2697387", "team": "home", "visibility": "visible"}, {"gameTime": "2 - 45:17", "label": "Foul", "position": "2717093", "team": "away", "visibility": "visible"}, {"gameTime": "2 - 45:38", "label": "Indirect free-kick", "position": "2738675", "team": "home", "visibility": "visible"}, {"gameTime": "2 - 45:51", "label": "Shots off target", "position": "2751882", "team": "away", "visibility": "not shown"}, {"gameTime": "2 - 46:08", "label": "Ball out of play", "position": "2768205", "team": "away", "visibility": "visible"}, {"gameTime": "2 - 46:09", "label": "Clearance", "position": "2769312", "team": "not applicable", "visibility": "visible"}, {"gameTime": "2 - 46:31", "label": "Shots on target", "position": "2791822", "team": "home", "visibility": "visible"}, {"gameTime": "2 - 46:57", "label": "Ball out of play", "position": "2817828", "team": "away", "visibility": "visible"}, {"gameTime": "2 - 46:59", "label": "Corner", "position": "2819561", "team": "not applicable", "visibility": "visible"}, {"gameTime": "2 - 47:17", "label": "Foul", "position": "2837902", "team": "away", "visibility": "visible"}, {"gameTime": "2 - 47:27", "label": "Yellow card", "position": "2847132", "team": "away", "visibility": "visible"}, {"gameTime": "2 - 47:28", "label": "Indirect free-kick", "position": "2848872", "team": "away", "visibility": "visible"}, {"gameTime": "2 - 48:10", "label": "Ball out of play", "position": "2890326", "team": "home", "visibility": "visible"}, {"gameTime": "2 - 48:26", "label": "Throw-in", "position": "2906540", "team": "not applicable", "visibility": "visible"}, {"gameTime": "2 - 48:31", "label": "Throw-in", "position": "2911442", "team": "away", "visibility": "visible"}], "gameAwayTeam": "AS Roma", "gameDate": "30/10/2016 - 17:00", "gameHomeTeam": "Empoli", "gameScore": "0 - 0"}