{"UrlLocal": "spain_laliga/2014-2015/2015-05-02 - 19-00 Atl. Madrid 0 - 0 Ath Bilbao/", "UrlYoutube": "", "annotations": [{"gameTime": "1 - 00:00", "label": "Ball out of play", "position": "16", "team": "home", "visibility": "not shown"}, {"gameTime": "1 - 00:28", "label": "Throw-in", "position": "28270", "team": "not applicable", "visibility": "visible"}, {"gameTime": "1 - 00:52", "label": "Ball out of play", "position": "52986", "team": "home", "visibility": "visible"}, {"gameTime": "1 - 00:59", "label": "Clearance", "position": "59192", "team": "not applicable", "visibility": "visible"}, {"gameTime": "1 - 01:22", "label": "Ball out of play", "position": "82058", "team": "away", "visibility": "visible"}, {"gameTime": "1 - 01:45", "label": "Throw-in", "position": "105892", "team": "not applicable", "visibility": "visible"}, {"gameTime": "1 - 01:59", "label": "Ball out of play", "position": "119024", "team": "away", "visibility": "visible"}, {"gameTime": "1 - 02:47", "label": "Throw-in", "position": "167094", "team": "not applicable", "visibility": "visible"}, {"gameTime": "1 - 02:59", "label": "Ball out of play", "position": "179064", "team": "away", "visibility": "visible"}, {"gameTime": "1 - 03:03", "label": "Throw-in", "position": "183482", "team": "not applicable", "visibility": "visible"}, {"gameTime": "1 - 03:20", "label": "Foul", "position": "200038", "team": "home", "visibility": "visible"}, {"gameTime": "1 - 03:24", "label": "Indirect free-kick", "position": "204590", "team": "home", "visibility": "visible"}, {"gameTime": "1 - 03:41", "label": "Ball out of play", "position": "221834", "team": "away", "visibility": "not shown"}, {"gameTime": "1 - 04:44", "label": "Corner", "position": "284126", "team": "not applicable", "visibility": "visible"}, {"gameTime": "1 - 05:19", "label": "Shots off target", "position": "319942", "team": "away", "visibility": "visible"}, {"gameTime": "1 - 05:22", "label": "Ball out of play", "position": "322006", "team": "away", "visibility": "visible"}, {"gameTime": "1 - 05:22", "label": "Clearance", "position": "322772", "team": "not applicable", "visibility": "visible"}, {"gameTime": "1 - 05:53", "label": "Ball out of play", "position": "353978", "team": "home", "visibility": "visible"}, {"gameTime": "1 - 05:57", "label": "Throw-in", "position": "357046", "team": "not applicable", "visibility": "visible"}, {"gameTime": "1 - 06:04", "label": "Ball out of play", "position": "364198", "team": "away", "visibility": "not shown"}, {"gameTime": "1 - 06:41", "label": "Throw-in", "position": "401888", "team": "not applicable", "visibility": "visible"}, {"gameTime": "1 - 06:56", "label": "Foul", "position": "416780", "team": "away", "visibility": "visible"}, {"gameTime": "1 - 07:45", "label": "Indirect free-kick", "position": "465250", "team": "home", "visibility": "visible"}, {"gameTime": "1 - 08:14", "label": "Offside", "position": "494792", "team": "away", "visibility": "visible"}, {"gameTime": "1 - 08:19", "label": "Indirect free-kick", "position": "499492", "team": "away", "visibility": "visible"}, {"gameTime": "1 - 08:39", "label": "Ball out of play", "position": "519984", "team": "home", "visibility": "not shown"}, {"gameTime": "1 - 08:45", "label": "Clearance", "position": "525606", "team": "not applicable", "visibility": "visible"}, {"gameTime": "1 - 09:07", "label": "Ball out of play", "position": "547828", "team": "away", "visibility": "not shown"}, {"gameTime": "1 - 10:31", "label": "Throw-in", "position": "631066", "team": "not applicable", "visibility": "visible"}, {"gameTime": "1 - 10:38", "label": "Ball out of play", "position": "638658", "team": "home", "visibility": "visible"}, {"gameTime": "1 - 11:35", "label": "Throw-in", "position": "695732", "team": "not applicable", "visibility": "visible"}, {"gameTime": "1 - 11:55", "label": "Ball out of play", "position": "715042", "team": "home", "visibility": "visible"}, {"gameTime": "1 - 12:04", "label": "Clearance", "position": "724792", "team": "not applicable", "visibility": "visible"}, {"gameTime": "1 - 12:26", "label": "Foul", "position": "746436", "team": "away", "visibility": "not shown"}, {"gameTime": "1 - 12:37", "label": "Indirect free-kick", "position": "757984", "team": "away", "visibility": "visible"}, {"gameTime": "1 - 13:07", "label": "Ball out of play", "position": "787310", "team": "home", "visibility": "visible"}, {"gameTime": "1 - 13:42", "label": "Throw-in", "position": "822434", "team": "not applicable", "visibility": "visible"}, {"gameTime": "1 - 13:45", "label": "Ball out of play", "position": "825880", "team": "home", "visibility": "visible"}, {"gameTime": "1 - 13:52", "label": "Corner", "position": "832645", "team": "not applicable", "visibility": "visible"}, {"gameTime": "1 - 14:12", "label": "Ball out of play", "position": "852087", "team": "home", "visibility": "visible"}, {"gameTime": "1 - 14:21", "label": "Shots off target", "position": "861365", "team": "not applicable", "visibility": "visible"}, {"gameTime": "1 - 14:41", "label": "Offside", "position": "881417", "team": "home", "visibility": "visible"}, {"gameTime": "1 - 15:04", "label": "Indirect free-kick", "position": "904114", "team": "home", "visibility": "visible"}, {"gameTime": "1 - 15:32", "label": "Ball out of play", "position": "932243", "team": "away", "visibility": "visible"}, {"gameTime": "1 - 15:35", "label": "Throw-in", "position": "935379", "team": "not applicable", "visibility": "visible"}, {"gameTime": "1 - 15:48", "label": "Shots off target", "position": "948271", "team": "away", "visibility": "visible"}, {"gameTime": "1 - 16:48", "label": "Ball out of play", "position": "1008715", "team": "away", "visibility": "visible"}, {"gameTime": "1 - 16:49", "label": "Clearance", "position": "1009765", "team": "not applicable", "visibility": "visible"}, {"gameTime": "1 - 17:17", "label": "Shots off target", "position": "1037015", "team": "home", "visibility": "not shown"}, {"gameTime": "1 - 18:33", "label": "Ball out of play", "position": "1113109", "team": "home", "visibility": "visible"}, {"gameTime": "1 - 18:33", "label": "Clearance", "position": "1113859", "team": "not applicable", "visibility": "visible"}, {"gameTime": "1 - 18:59", "label": "Ball out of play", "position": "1139635", "team": "away", "visibility": "visible"}, {"gameTime": "1 - 19:24", "label": "Throw-in", "position": "1164865", "team": "not applicable", "visibility": "visible"}, {"gameTime": "1 - 19:36", "label": "Ball out of play", "position": "1176755", "team": "home", "visibility": "visible"}, {"gameTime": "1 - 21:14", "label": "Throw-in", "position": "1274472", "team": "not applicable", "visibility": "visible"}, {"gameTime": "1 - 21:32", "label": "Ball out of play", "position": "1292353", "team": "home", "visibility": "visible"}, {"gameTime": "1 - 21:47", "label": "Throw-in", "position": "1307789", "team": "not applicable", "visibility": "visible"}, {"gameTime": "1 - 21:58", "label": "Foul", "position": "1318567", "team": "away", "visibility": "visible"}, {"gameTime": "1 - 22:11", "label": "Indirect free-kick", "position": "1331185", "team": "away", "visibility": "visible"}, {"gameTime": "1 - 22:22", "label": "Ball out of play", "position": "1342487", "team": "home", "visibility": "not shown"}, {"gameTime": "1 - 23:12", "label": "Throw-in", "position": "1392043", "team": "not applicable", "visibility": "visible"}, {"gameTime": "1 - 23:25", "label": "Ball out of play", "position": "1405697", "team": "away", "visibility": "visible"}, {"gameTime": "1 - 24:48", "label": "Throw-in", "position": "1488319", "team": "not applicable", "visibility": "visible"}, {"gameTime": "1 - 25:07", "label": "Foul", "position": "1507891", "team": "home", "visibility": "visible"}, {"gameTime": "1 - 25:10", "label": "Indirect free-kick", "position": "1510495", "team": "away", "visibility": "visible"}, {"gameTime": "1 - 25:23", "label": "Foul", "position": "1523755", "team": "home", "visibility": "not shown"}, {"gameTime": "1 - 25:42", "label": "Foul", "position": "1542247", "team": "away", "visibility": "visible"}, {"gameTime": "1 - 25:42", "label": "Indirect free-kick", "position": "1542247", "team": "away", "visibility": "visible"}, {"gameTime": "1 - 26:09", "label": "Ball out of play", "position": "1569047", "team": "home", "visibility": "not shown"}, {"gameTime": "1 - 26:25", "label": "Throw-in", "position": "1585644", "team": "not applicable", "visibility": "visible"}, {"gameTime": "1 - 26:44", "label": "Ball out of play", "position": "1604304", "team": "home", "visibility": "visible"}, {"gameTime": "1 - 27:15", "label": "Offside", "position": "1635202", "team": "not applicable", "visibility": "visible"}, {"gameTime": "1 - 27:16", "label": "Throw-in", "position": "1636666", "team": "home", "visibility": "visible"}, {"gameTime": "1 - 27:16", "label": "Shots off target", "position": "1636666", "team": "home", "visibility": "not shown"}, {"gameTime": "1 - 27:21", "label": "Foul", "position": "1641857", "team": "home", "visibility": "visible"}, {"gameTime": "1 - 27:46", "label": "Indirect free-kick", "position": "1666904", "team": "home", "visibility": "visible"}, {"gameTime": "1 - 28:21", "label": "Ball out of play", "position": "1701674", "team": "away", "visibility": "visible"}, {"gameTime": "1 - 28:31", "label": "Throw-in", "position": "1711528", "team": "not applicable", "visibility": "visible"}, {"gameTime": "1 - 28:48", "label": "Ball out of play", "position": "1728760", "team": "home", "visibility": "visible"}, {"gameTime": "1 - 28:59", "label": "Throw-in", "position": "1739708", "team": "not applicable", "visibility": "visible"}, {"gameTime": "1 - 29:15", "label": "Offside", "position": "1755892", "team": "home", "visibility": "visible"}, {"gameTime": "1 - 30:55", "label": "Indirect free-kick", "position": "1855660", "team": "home", "visibility": "visible"}, {"gameTime": "1 - 31:28", "label": "Offside", "position": "1888638", "team": "away", "visibility": "visible"}, {"gameTime": "1 - 31:41", "label": "Indirect free-kick", "position": "1901888", "team": "home", "visibility": "visible"}, {"gameTime": "1 - 32:09", "label": "Ball out of play", "position": "1929184", "team": "away", "visibility": "not shown"}, {"gameTime": "1 - 33:52", "label": "Throw-in", "position": "2032475", "team": "not applicable", "visibility": "visible"}, {"gameTime": "1 - 34:08", "label": "Ball out of play", "position": "2048241", "team": "home", "visibility": "visible"}, {"gameTime": "1 - 34:18", "label": "Clearance", "position": "2058973", "team": "not applicable", "visibility": "visible"}, {"gameTime": "1 - 34:45", "label": "Shots off target", "position": "2085627", "team": "away", "visibility": "visible"}, {"gameTime": "1 - 35:09", "label": "Ball out of play", "position": "2109613", "team": "away", "visibility": "visible"}, {"gameTime": "1 - 35:10", "label": "Clearance", "position": "2110621", "team": "not applicable", "visibility": "visible"}, {"gameTime": "1 - 35:36", "label": "Ball out of play", "position": "2136441", "team": "home", "visibility": "not shown"}, {"gameTime": "1 - 36:46", "label": "Throw-in", "position": "2206659", "team": "not applicable", "visibility": "visible"}, {"gameTime": "1 - 37:03", "label": "Ball out of play", "position": "2223809", "team": "home", "visibility": "visible"}, {"gameTime": "1 - 37:06", "label": "Throw-in", "position": "2226007", "team": "not applicable", "visibility": "visible"}, {"gameTime": "1 - 37:13", "label": "Foul", "position": "2233649", "team": "away", "visibility": "not shown"}, {"gameTime": "1 - 37:21", "label": "Indirect free-kick", "position": "2241981", "team": "away", "visibility": "visible"}, {"gameTime": "1 - 37:53", "label": "Ball out of play", "position": "2273975", "team": "home", "visibility": "visible"}, {"gameTime": "1 - 37:59", "label": "Corner", "position": "2279775", "team": "not applicable", "visibility": "visible"}, {"gameTime": "1 - 38:24", "label": "Ball out of play", "position": "2304687", "team": "home", "visibility": "visible"}, {"gameTime": "1 - 38:33", "label": "Throw-in", "position": "2313421", "team": "not applicable", "visibility": "visible"}, {"gameTime": "1 - 38:36", "label": "Ball out of play", "position": "2316225", "team": "home", "visibility": "visible"}, {"gameTime": "1 - 38:43", "label": "Corner", "position": "2323215", "team": "not applicable", "visibility": "visible"}, {"gameTime": "1 - 38:58", "label": "Throw-in", "position": "2338507", "team": "home", "visibility": "not shown"}, {"gameTime": "1 - 38:58", "label": "Shots on target", "position": "2338507", "team": "home", "visibility": "not shown"}, {"gameTime": "1 - 39:02", "label": "Ball out of play", "position": "2342365", "team": "home", "visibility": "visible"}, {"gameTime": "1 - 39:38", "label": "Throw-in", "position": "2378531", "team": "not applicable", "visibility": "visible"}, {"gameTime": "1 - 40:16", "label": "Shots on target", "position": "2416343", "team": "home", "visibility": "not shown"}, {"gameTime": "1 - 40:48", "label": "Ball out of play", "position": "2448065", "team": "home", "visibility": "visible"}, {"gameTime": "1 - 40:48", "label": "Yellow card", "position": "2448585", "team": "not applicable", "visibility": "visible"}, {"gameTime": "1 - 40:56", "label": "Corner", "position": "2456920", "team": "home", "visibility": "visible"}, {"gameTime": "1 - 41:36", "label": "Offside", "position": "2496133", "team": "home", "visibility": "not shown"}, {"gameTime": "1 - 41:46", "label": "Indirect free-kick", "position": "2506265", "team": "home", "visibility": "visible"}, {"gameTime": "1 - 42:48", "label": "Ball out of play", "position": "2568953", "team": "away", "visibility": "visible"}, {"gameTime": "1 - 43:07", "label": "Throw-in", "position": "2587191", "team": "not applicable", "visibility": "visible"}, {"gameTime": "1 - 43:17", "label": "Ball out of play", "position": "2597261", "team": "home", "visibility": "visible"}, {"gameTime": "1 - 43:30", "label": "Throw-in", "position": "2610893", "team": "not applicable", "visibility": "visible"}, {"gameTime": "1 - 43:39", "label": "Ball out of play", "position": "2619775", "team": "away", "visibility": "visible"}, {"gameTime": "1 - 43:51", "label": "Throw-in", "position": "2631965", "team": "not applicable", "visibility": "visible"}, {"gameTime": "1 - 43:59", "label": "Ball out of play", "position": "2639369", "team": "home", "visibility": "visible"}, {"gameTime": "1 - 44:06", "label": "Throw-in", "position": "2646351", "team": "not applicable", "visibility": "visible"}, {"gameTime": "1 - 44:12", "label": "Ball out of play", "position": "2652637", "team": "away", "visibility": "not shown"}, {"gameTime": "1 - 44:24", "label": "Throw-in", "position": "2664985", "team": "not applicable", "visibility": "visible"}, {"gameTime": "1 - 44:32", "label": "Foul", "position": "2672155", "team": "away", "visibility": "not shown"}, {"gameTime": "1 - 44:39", "label": "Indirect free-kick", "position": "2679085", "team": "away", "visibility": "visible"}, {"gameTime": "1 - 44:44", "label": "Indirect free-kick", "position": "2684242", "team": "home", "visibility": "not shown"}, {"gameTime": "2 - 00:00", "label": "Ball out of play", "position": "24", "team": "home", "visibility": "not shown"}, {"gameTime": "2 - 00:07", "label": "Throw-in", "position": "7651", "team": "not applicable", "visibility": "visible"}, {"gameTime": "2 - 00:16", "label": "Ball out of play", "position": "16843", "team": "home", "visibility": "visible"}, {"gameTime": "2 - 00:43", "label": "Throw-in", "position": "43229", "team": "not applicable", "visibility": "visible"}, {"gameTime": "2 - 01:01", "label": "Ball out of play", "position": "61181", "team": "home", "visibility": "visible"}, {"gameTime": "2 - 01:06", "label": "Throw-in", "position": "66342", "team": "not applicable", "visibility": "visible"}, {"gameTime": "2 - 01:07", "label": "Foul", "position": "67904", "team": "home", "visibility": "visible"}, {"gameTime": "2 - 01:22", "label": "Indirect free-kick", "position": "82190", "team": "away", "visibility": "visible"}, {"gameTime": "2 - 01:51", "label": "Foul", "position": "111774", "team": "home", "visibility": "visible"}, {"gameTime": "2 - 02:38", "label": "Indirect free-kick", "position": "158114", "team": "away", "visibility": "visible"}, {"gameTime": "2 - 03:29", "label": "Ball out of play", "position": "209280", "team": "home", "visibility": "visible"}, {"gameTime": "2 - 03:34", "label": "Throw-in", "position": "214632", "team": "not applicable", "visibility": "visible"}, {"gameTime": "2 - 03:46", "label": "Ball out of play", "position": "226430", "team": "away", "visibility": "not shown"}, {"gameTime": "2 - 05:27", "label": "Corner", "position": "327709", "team": "not applicable", "visibility": "visible"}, {"gameTime": "2 - 05:45", "label": "Ball out of play", "position": "345183", "team": "home", "visibility": "not shown"}, {"gameTime": "2 - 06:04", "label": "Throw-in", "position": "364543", "team": "not applicable", "visibility": "visible"}, {"gameTime": "2 - 06:07", "label": "Offside", "position": "367229", "team": "home", "visibility": "not shown"}, {"gameTime": "2 - 06:22", "label": "Indirect free-kick", "position": "382735", "team": "home", "visibility": "visible"}, {"gameTime": "2 - 07:06", "label": "Ball out of play", "position": "426555", "team": "away", "visibility": "not shown"}, {"gameTime": "2 - 07:22", "label": "Throw-in", "position": "442291", "team": "not applicable", "visibility": "visible"}, {"gameTime": "2 - 07:33", "label": "Foul", "position": "453497", "team": "away", "visibility": "visible"}, {"gameTime": "2 - 07:36", "label": "Indirect free-kick", "position": "456953", "team": "home", "visibility": "visible"}, {"gameTime": "2 - 08:10", "label": "Ball out of play", "position": "490031", "team": "away", "visibility": "not shown"}, {"gameTime": "2 - 08:12", "label": "Throw-in", "position": "492338", "team": "not applicable", "visibility": "visible"}, {"gameTime": "2 - 08:20", "label": "Shots off target", "position": "500235", "team": "away", "visibility": "visible"}, {"gameTime": "2 - 09:23", "label": "Ball out of play", "position": "563552", "team": "away", "visibility": "visible"}, {"gameTime": "2 - 09:25", "label": "Substitution", "position": "565236", "team": "not applicable", "visibility": "visible"}, {"gameTime": "2 - 10:29", "label": "Substitution", "position": "629432", "team": "home", "visibility": "visible"}, {"gameTime": "2 - 10:45", "label": "Clearance", "position": "645240", "team": "home", "visibility": "not shown"}, {"gameTime": "2 - 10:47", "label": "Ball out of play", "position": "647026", "team": "home", "visibility": "not shown"}, {"gameTime": "2 - 11:11", "label": "Substitution", "position": "671882", "team": "not applicable", "visibility": "visible"}, {"gameTime": "2 - 12:01", "label": "Throw-in", "position": "721600", "team": "away", "visibility": "visible"}, {"gameTime": "2 - 12:06", "label": "Ball out of play", "position": "726396", "team": "home", "visibility": "not shown"}, {"gameTime": "2 - 12:14", "label": "Throw-in", "position": "734138", "team": "not applicable", "visibility": "visible"}, {"gameTime": "2 - 12:23", "label": "Ball out of play", "position": "743492", "team": "away", "visibility": "visible"}, {"gameTime": "2 - 12:40", "label": "Corner", "position": "760044", "team": "not applicable", "visibility": "visible"}, {"gameTime": "2 - 13:05", "label": "Shots off target", "position": "785024", "team": "away", "visibility": "not shown"}, {"gameTime": "2 - 13:07", "label": "Ball out of play", "position": "787984", "team": "away", "visibility": "visible"}, {"gameTime": "2 - 13:08", "label": "Clearance", "position": "788385", "team": "not applicable", "visibility": "visible"}, {"gameTime": "2 - 13:30", "label": "Ball out of play", "position": "810378", "team": "home", "visibility": "visible"}, {"gameTime": "2 - 14:05", "label": "Throw-in", "position": "845287", "team": "not applicable", "visibility": "visible"}, {"gameTime": "2 - 14:11", "label": "Foul", "position": "851197", "team": "home", "visibility": "not shown"}, {"gameTime": "2 - 14:44", "label": "Indirect free-kick", "position": "884057", "team": "away", "visibility": "visible"}, {"gameTime": "2 - 15:07", "label": "Ball out of play", "position": "907985", "team": "home", "visibility": "visible"}, {"gameTime": "2 - 15:20", "label": "Throw-in", "position": "920789", "team": "not applicable", "visibility": "visible"}, {"gameTime": "2 - 15:24", "label": "Ball out of play", "position": "924581", "team": "home", "visibility": "visible"}, {"gameTime": "2 - 15:56", "label": "Throw-in", "position": "956247", "team": "not applicable", "visibility": "visible"}, {"gameTime": "2 - 16:06", "label": "Ball out of play", "position": "966253", "team": "home", "visibility": "visible"}, {"gameTime": "2 - 16:46", "label": "Throw-in", "position": "1006263", "team": "not applicable", "visibility": "visible"}, {"gameTime": "2 - 16:58", "label": "Ball out of play", "position": "1018107", "team": "home", "visibility": "visible"}, {"gameTime": "2 - 17:02", "label": "Throw-in", "position": "1022457", "team": "not applicable", "visibility": "visible"}, {"gameTime": "2 - 17:15", "label": "Ball out of play", "position": "1035989", "team": "away", "visibility": "not shown"}, {"gameTime": "2 - 17:26", "label": "Corner", "position": "1046161", "team": "not applicable", "visibility": "visible"}, {"gameTime": "2 - 17:43", "label": "Ball out of play", "position": "1063827", "team": "home", "visibility": "visible"}, {"gameTime": "2 - 18:00", "label": "Corner", "position": "1080418", "team": "not applicable", "visibility": "visible"}, {"gameTime": "2 - 18:19", "label": "Foul", "position": "1099890", "team": "home", "visibility": "visible"}, {"gameTime": "2 - 18:47", "label": "Indirect free-kick", "position": "1127629", "team": "home", "visibility": "visible"}, {"gameTime": "2 - 18:55", "label": "Ball out of play", "position": "1135203", "team": "away", "visibility": "not shown"}, {"gameTime": "2 - 18:58", "label": "Clearance", "position": "1138529", "team": "not applicable", "visibility": "visible"}, {"gameTime": "2 - 19:10", "label": "Ball out of play", "position": "1150601", "team": "home", "visibility": "not shown"}, {"gameTime": "2 - 19:45", "label": "Clearance", "position": "1185555", "team": "not applicable", "visibility": "visible"}, {"gameTime": "2 - 20:18", "label": "Ball out of play", "position": "1218785", "team": "away", "visibility": "not shown"}, {"gameTime": "2 - 20:27", "label": "Throw-in", "position": "1227835", "team": "not applicable", "visibility": "visible"}, {"gameTime": "2 - 20:43", "label": "Ball out of play", "position": "1243465", "team": "away", "visibility": "visible"}, {"gameTime": "2 - 21:12", "label": "Substitution", "position": "1272453", "team": "not applicable", "visibility": "visible"}, {"gameTime": "2 - 21:40", "label": "Clearance", "position": "1300120", "team": "away", "visibility": "visible"}, {"gameTime": "2 - 21:51", "label": "Ball out of play", "position": "1311746", "team": "away", "visibility": "not shown"}, {"gameTime": "2 - 22:13", "label": "Throw-in", "position": "1333640", "team": "not applicable", "visibility": "visible"}, {"gameTime": "2 - 22:26", "label": "Foul", "position": "1346142", "team": "home", "visibility": "not shown"}, {"gameTime": "2 - 22:53", "label": "Indirect free-kick", "position": "1373636", "team": "away", "visibility": "visible"}, {"gameTime": "2 - 23:00", "label": "Foul", "position": "1380098", "team": "home", "visibility": "not shown"}, {"gameTime": "2 - 23:06", "label": "Direct free-kick", "position": "1386132", "team": "away", "visibility": "visible"}, {"gameTime": "2 - 23:51", "label": "Ball out of play", "position": "1431318", "team": "home", "visibility": "visible"}, {"gameTime": "2 - 23:58", "label": "Throw-in", "position": "1438204", "team": "not applicable", "visibility": "visible"}, {"gameTime": "2 - 24:15", "label": "Shots off target", "position": "1455048", "team": "home", "visibility": "visible"}, {"gameTime": "2 - 24:25", "label": "Ball out of play", "position": "1465626", "team": "home", "visibility": "visible"}, {"gameTime": "2 - 24:27", "label": "Corner", "position": "1467346", "team": "not applicable", "visibility": "visible"}, {"gameTime": "2 - 24:37", "label": "Offside", "position": "1477115", "team": "home", "visibility": "not shown"}, {"gameTime": "2 - 24:58", "label": "Indirect free-kick", "position": "1498057", "team": "home", "visibility": "visible"}, {"gameTime": "2 - 25:28", "label": "Foul", "position": "1528087", "team": "away", "visibility": "not shown"}, {"gameTime": "2 - 25:37", "label": "Yellow card", "position": "1537119", "team": "away", "visibility": "visible"}, {"gameTime": "2 - 25:44", "label": "Indirect free-kick", "position": "1544000", "team": "away", "visibility": "visible"}, {"gameTime": "2 - 26:23", "label": "Ball out of play", "position": "1583417", "team": "home", "visibility": "visible"}, {"gameTime": "2 - 27:11", "label": "Throw-in", "position": "1631011", "team": "not applicable", "visibility": "visible"}, {"gameTime": "2 - 27:28", "label": "Shots on target", "position": "1648633", "team": "home", "visibility": "not shown"}, {"gameTime": "2 - 27:40", "label": "Ball out of play", "position": "1660403", "team": "home", "visibility": "visible"}, {"gameTime": "2 - 27:41", "label": "Corner", "position": "1661028", "team": "not applicable", "visibility": "visible"}, {"gameTime": "2 - 28:05", "label": "Shots off target", "position": "1685142", "team": "home", "visibility": "visible"}, {"gameTime": "2 - 28:08", "label": "Foul", "position": "1688588", "team": "home", "visibility": "visible"}, {"gameTime": "2 - 30:26", "label": "Indirect free-kick", "position": "1826808", "team": "away", "visibility": "visible"}, {"gameTime": "2 - 30:32", "label": "Foul", "position": "1832052", "team": "home", "visibility": "not shown"}, {"gameTime": "2 - 30:38", "label": "Yellow card", "position": "1838292", "team": "away", "visibility": "visible"}, {"gameTime": "2 - 30:45", "label": "Indirect free-kick", "position": "1845000", "team": "away", "visibility": "visible"}, {"gameTime": "2 - 31:14", "label": "Ball out of play", "position": "1874214", "team": "home", "visibility": "visible"}, {"gameTime": "2 - 31:57", "label": "Ball out of play", "position": "1917007", "team": "not applicable", "visibility": "visible"}, {"gameTime": "2 - 32:31", "label": "Throw-in", "position": "1951764", "team": "not applicable", "visibility": "visible"}, {"gameTime": "2 - 32:50", "label": "Ball out of play", "position": "1970864", "team": "home", "visibility": "not shown"}, {"gameTime": "2 - 33:17", "label": "Throw-in", "position": "1997280", "team": "not applicable", "visibility": "visible"}, {"gameTime": "2 - 33:30", "label": "Ball out of play", "position": "2010078", "team": "away", "visibility": "visible"}, {"gameTime": "2 - 33:54", "label": "Throw-in", "position": "2034126", "team": "not applicable", "visibility": "visible"}, {"gameTime": "2 - 34:09", "label": "Ball out of play", "position": "2049552", "team": "home", "visibility": "visible"}, {"gameTime": "2 - 34:36", "label": "Throw-in", "position": "2076816", "team": "not applicable", "visibility": "visible"}, {"gameTime": "2 - 34:42", "label": "Foul", "position": "2082890", "team": "home", "visibility": "visible"}, {"gameTime": "2 - 35:41", "label": "Yellow card", "position": "2141358", "team": "away", "visibility": "visible"}, {"gameTime": "2 - 35:55", "label": "Indirect free-kick", "position": "2155000", "team": "away", "visibility": "visible"}, {"gameTime": "2 - 36:31", "label": "Ball out of play", "position": "2191882", "team": "home", "visibility": "visible"}, {"gameTime": "2 - 37:59", "label": "Substitution", "position": "2279208", "team": "not applicable", "visibility": "visible"}, {"gameTime": "2 - 38:37", "label": "Throw-in", "position": "2317000", "team": "away", "visibility": "visible"}, {"gameTime": "2 - 38:46", "label": "Ball out of play", "position": "2326944", "team": "away", "visibility": "visible"}, {"gameTime": "2 - 39:38", "label": "Throw-in", "position": "2378466", "team": "not applicable", "visibility": "visible"}, {"gameTime": "2 - 39:46", "label": "Ball out of play", "position": "2386668", "team": "home", "visibility": "not shown"}, {"gameTime": "2 - 39:55", "label": "Throw-in", "position": "2395087", "team": "not applicable", "visibility": "visible"}, {"gameTime": "2 - 40:03", "label": "Foul", "position": "2403902", "team": "away", "visibility": "not shown"}, {"gameTime": "2 - 40:20", "label": "Indirect free-kick", "position": "2420854", "team": "home", "visibility": "visible"}, {"gameTime": "2 - 41:17", "label": "Ball out of play", "position": "2477650", "team": "away", "visibility": "not shown"}, {"gameTime": "2 - 41:28", "label": "Yellow card", "position": "2488284", "team": "not applicable", "visibility": "visible"}, {"gameTime": "2 - 41:46", "label": "Throw-in", "position": "2506000", "team": "home", "visibility": "visible"}, {"gameTime": "2 - 41:57", "label": "Substitution", "position": "2517370", "team": "away", "visibility": "not shown"}, {"gameTime": "2 - 41:57", "label": "Foul", "position": "2517440", "team": "home", "visibility": "visible"}, {"gameTime": "2 - 41:58", "label": "Direct free-kick", "position": "2518872", "team": "away", "visibility": "not shown"}, {"gameTime": "2 - 42:43", "label": "Ball out of play", "position": "2563756", "team": "home", "visibility": "visible"}, {"gameTime": "2 - 42:49", "label": "Throw-in", "position": "2569302", "team": "not applicable", "visibility": "visible"}, {"gameTime": "2 - 42:57", "label": "Ball out of play", "position": "2577228", "team": "home", "visibility": "visible"}, {"gameTime": "2 - 43:02", "label": "Throw-in", "position": "2582702", "team": "not applicable", "visibility": "visible"}, {"gameTime": "2 - 43:11", "label": "Shots off target", "position": "2591370", "team": "home", "visibility": "visible"}, {"gameTime": "2 - 43:15", "label": "Ball out of play", "position": "2595114", "team": "home", "visibility": "visible"}, {"gameTime": "2 - 43:15", "label": "Clearance", "position": "2595874", "team": "not applicable", "visibility": "visible"}, {"gameTime": "2 - 43:39", "label": "Foul", "position": "2619424", "team": "away", "visibility": "not shown"}, {"gameTime": "2 - 44:00", "label": "Indirect free-kick", "position": "2640638", "team": "home", "visibility": "visible"}, {"gameTime": "2 - 44:34", "label": "Ball out of play", "position": "2674500", "team": "away", "visibility": "visible"}, {"gameTime": "2 - 44:43", "label": "Clearance", "position": "2683806", "team": "not applicable", "visibility": "visible"}, {"gameTime": "2 - 44:56", "label": "Offside", "position": "2696804", "team": "home", "visibility": "not shown"}, {"gameTime": "2 - 45:27", "label": "Indirect free-kick", "position": "2727652", "team": "away", "visibility": "visible"}, {"gameTime": "2 - 45:37", "label": "Offside", "position": "2737338", "team": "home", "visibility": "not shown"}, {"gameTime": "2 - 45:51", "label": "Indirect free-kick", "position": "2751936", "team": "away", "visibility": "visible"}, {"gameTime": "2 - 46:09", "label": "Shots off target", "position": "2769890", "team": "home", "visibility": "visible"}, {"gameTime": "2 - 46:16", "label": "Ball out of play", "position": "2776405", "team": "home", "visibility": "visible"}, {"gameTime": "2 - 46:16", "label": "Clearance", "position": "2776910", "team": "not applicable", "visibility": "visible"}, {"gameTime": "2 - 46:44", "label": "Foul", "position": "2804579", "team": "away", "visibility": "not shown"}, {"gameTime": "2 - 46:54", "label": "Yellow->red card", "position": "2814727", "team": "away", "visibility": "visible"}, {"gameTime": "2 - 47:05", "label": "Indirect free-kick", "position": "2825240", "team": "away", "visibility": "visible"}, {"gameTime": "2 - 47:40", "label": "Offside", "position": "2860773", "team": "home", "visibility": "not shown"}, {"gameTime": "2 - 47:51", "label": "Offside", "position": "2871072", "team": "home", "visibility": "visible"}], "gameAwayTeam": "Ath Bilbao", "gameDate": "02/05/2015 - 19:00", "gameHomeTeam": "Atl. Madrid", "gameScore": "0 - 0"}