{"UrlLocal": "italy_serie-a/2016-2017/2016-08-21 - 21-45 Pescara 2 - 2 Napoli/", "UrlYoutube": "", "annotations": [{"gameTime": "1 - 00:15", "label": "Kick-off", "position": "15618", "team": "not applicable", "visibility": "visible"}, {"gameTime": "1 - 00:30", "label": "Ball out of play", "position": "30102", "team": "home", "visibility": "visible"}, {"gameTime": "1 - 02:22", "label": "Clearance", "position": "142360", "team": "away", "visibility": "visible"}, {"gameTime": "1 - 02:23", "label": "Shots off target", "position": "143349", "team": "not applicable", "visibility": "visible"}, {"gameTime": "1 - 02:38", "label": "Ball out of play", "position": "158233", "team": "home", "visibility": "not shown"}, {"gameTime": "1 - 03:12", "label": "Clearance", "position": "192209", "team": "home", "visibility": "visible"}, {"gameTime": "1 - 03:24", "label": "Foul", "position": "204074", "team": "away", "visibility": "visible"}, {"gameTime": "1 - 03:48", "label": "Indirect free-kick", "position": "228466", "team": "not applicable", "visibility": "visible"}, {"gameTime": "1 - 03:55", "label": "Ball out of play", "position": "235977", "team": "home", "visibility": "visible"}, {"gameTime": "1 - 04:19", "label": "Throw-in", "position": "259400", "team": "away", "visibility": "visible"}, {"gameTime": "1 - 04:49", "label": "Shots off target", "position": "289927", "team": "not applicable", "visibility": "visible"}, {"gameTime": "1 - 04:54", "label": "Ball out of play", "position": "294887", "team": "home", "visibility": "visible"}, {"gameTime": "1 - 06:12", "label": "Throw-in", "position": "372683", "team": "home", "visibility": "visible"}, {"gameTime": "1 - 06:14", "label": "Shots off target", "position": "374347", "team": "not applicable", "visibility": "visible"}, {"gameTime": "1 - 06:29", "label": "Ball out of play", "position": "389275", "team": "away", "visibility": "visible"}, {"gameTime": "1 - 07:46", "label": "Clearance", "position": "466802", "team": "home", "visibility": "visible"}, {"gameTime": "1 - 07:47", "label": "Shots on target", "position": "467880", "team": "home", "visibility": "visible"}, {"gameTime": "1 - 08:39", "label": "Goal", "position": "519317", "team": "away", "visibility": "not shown"}, {"gameTime": "1 - 08:45", "label": "Kick-off", "position": "525657", "team": "not applicable", "visibility": "visible"}, {"gameTime": "1 - 08:55", "label": "Ball out of play", "position": "535348", "team": "home", "visibility": "visible"}, {"gameTime": "1 - 09:12", "label": "Clearance", "position": "552132", "team": "home", "visibility": "visible"}, {"gameTime": "1 - 09:12", "label": "Shots on target", "position": "552453", "team": "not applicable", "visibility": "visible"}, {"gameTime": "1 - 09:47", "label": "Ball out of play", "position": "587498", "team": "home", "visibility": "visible"}, {"gameTime": "1 - 10:03", "label": "Corner", "position": "603034", "team": "not applicable", "visibility": "visible"}, {"gameTime": "1 - 10:13", "label": "Ball out of play", "position": "613578", "team": "away", "visibility": "visible"}, {"gameTime": "1 - 10:34", "label": "Throw-in", "position": "634068", "team": "away", "visibility": "visible"}, {"gameTime": "1 - 10:35", "label": "Shots off target", "position": "635058", "team": "not applicable", "visibility": "visible"}, {"gameTime": "1 - 11:07", "label": "Ball out of play", "position": "667424", "team": "home", "visibility": "visible"}, {"gameTime": "1 - 11:22", "label": "Clearance", "position": "682091", "team": "not applicable", "visibility": "visible"}, {"gameTime": "1 - 11:35", "label": "Ball out of play", "position": "695620", "team": "away", "visibility": "visible"}, {"gameTime": "1 - 11:51", "label": "Throw-in", "position": "711175", "team": "away", "visibility": "visible"}, {"gameTime": "1 - 11:51", "label": "Shots off target", "position": "711980", "team": "not applicable", "visibility": "visible"}, {"gameTime": "1 - 12:09", "label": "Ball out of play", "position": "729431", "team": "home", "visibility": "not shown"}, {"gameTime": "1 - 13:50", "label": "Clearance", "position": "830906", "team": "home", "visibility": "visible"}, {"gameTime": "1 - 14:02", "label": "Foul", "position": "842673", "team": "away", "visibility": "visible"}, {"gameTime": "1 - 14:12", "label": "Indirect free-kick", "position": "852870", "team": "not applicable", "visibility": "visible"}, {"gameTime": "1 - 14:19", "label": "Ball out of play", "position": "859501", "team": "away", "visibility": "not shown"}, {"gameTime": "1 - 16:10", "label": "Throw-in", "position": "970349", "team": "not applicable", "visibility": "visible"}, {"gameTime": "1 - 16:25", "label": "Ball out of play", "position": "985284", "team": "away", "visibility": "not shown"}, {"gameTime": "1 - 17:40", "label": "Clearance", "position": "1060602", "team": "home", "visibility": "visible"}, {"gameTime": "1 - 18:36", "label": "Shots off target", "position": "1116780", "team": "home", "visibility": "visible"}, {"gameTime": "1 - 21:00", "label": "Offside", "position": "1260516", "team": "not applicable", "visibility": "visible"}, {"gameTime": "1 - 21:25", "label": "Ball out of play", "position": "1285631", "team": "home", "visibility": "visible"}, {"gameTime": "1 - 22:19", "label": "Throw-in", "position": "1339596", "team": "away", "visibility": "visible"}, {"gameTime": "1 - 22:34", "label": "Foul", "position": "1354742", "team": "home", "visibility": "not shown"}, {"gameTime": "1 - 23:28", "label": "Indirect free-kick", "position": "1408091", "team": "away", "visibility": "visible"}, {"gameTime": "1 - 23:29", "label": "Shots off target", "position": "1409182", "team": "not applicable", "visibility": "visible"}, {"gameTime": "1 - 24:01", "label": "Ball out of play", "position": "1441682", "team": "home", "visibility": "visible"}, {"gameTime": "1 - 26:24", "label": "Clearance", "position": "1584375", "team": "not applicable", "visibility": "visible"}, {"gameTime": "1 - 26:49", "label": "Ball out of play", "position": "1609641", "team": "home", "visibility": "visible"}, {"gameTime": "1 - 28:13", "label": "Clearance", "position": "1693778", "team": "away", "visibility": "visible"}, {"gameTime": "1 - 28:21", "label": "Foul", "position": "1701000", "team": "away", "visibility": "visible"}, {"gameTime": "1 - 28:40", "label": "Yellow card", "position": "1720656", "team": "home", "visibility": "visible"}, {"gameTime": "1 - 29:30", "label": "Indirect free-kick", "position": "1770919", "team": "home", "visibility": "visible"}, {"gameTime": "1 - 30:39", "label": "Foul", "position": "1839876", "team": "away", "visibility": "visible"}, {"gameTime": "1 - 30:39", "label": "Shots off target", "position": "1839876", "team": "away", "visibility": "visible"}, {"gameTime": "1 - 30:41", "label": "Direct free-kick", "position": "1841072", "team": "not applicable", "visibility": "visible"}, {"gameTime": "1 - 31:53", "label": "Ball out of play", "position": "1913249", "team": "not applicable", "visibility": "visible"}, {"gameTime": "1 - 32:26", "label": "Ball out of play", "position": "1946738", "team": "home", "visibility": "visible"}, {"gameTime": "1 - 32:29", "label": "Corner", "position": "1949891", "team": "not applicable", "visibility": "visible"}, {"gameTime": "1 - 32:41", "label": "Ball out of play", "position": "1961124", "team": "home", "visibility": "visible"}, {"gameTime": "1 - 32:45", "label": "Throw-in", "position": "1965524", "team": "not applicable", "visibility": "visible"}, {"gameTime": "1 - 33:02", "label": "Ball out of play", "position": "1982867", "team": "home", "visibility": "not shown"}, {"gameTime": "1 - 33:08", "label": "Corner", "position": "1988501", "team": "home", "visibility": "visible"}, {"gameTime": "1 - 34:03", "label": "Shots on target", "position": "2043863", "team": "not applicable", "visibility": "visible"}, {"gameTime": "1 - 34:19", "label": "Ball out of play", "position": "2059890", "team": "home", "visibility": "visible"}, {"gameTime": "1 - 34:53", "label": "Throw-in", "position": "2093688", "team": "home", "visibility": "visible"}, {"gameTime": "1 - 34:54", "label": "Shots on target", "position": "2094000", "team": "home", "visibility": "visible"}, {"gameTime": "1 - 35:54", "label": "Goal", "position": "2154008", "team": "away", "visibility": "visible"}, {"gameTime": "1 - 36:01", "label": "Kick-off", "position": "2161418", "team": "not applicable", "visibility": "visible"}, {"gameTime": "1 - 36:19", "label": "Ball out of play", "position": "2179454", "team": "not applicable", "visibility": "visible"}, {"gameTime": "1 - 36:27", "label": "Ball out of play", "position": "2187152", "team": "away", "visibility": "visible"}, {"gameTime": "1 - 37:05", "label": "Throw-in", "position": "2225541", "team": "not applicable", "visibility": "visible"}, {"gameTime": "1 - 37:10", "label": "Ball out of play", "position": "2230349", "team": "away", "visibility": "not shown"}, {"gameTime": "1 - 37:41", "label": "Throw-in", "position": "2261281", "team": "not applicable", "visibility": "visible"}, {"gameTime": "1 - 38:24", "label": "Ball out of play", "position": "2304330", "team": "home", "visibility": "not shown"}, {"gameTime": "1 - 39:59", "label": "Clearance", "position": "2399692", "team": "not applicable", "visibility": "not shown"}, {"gameTime": "1 - 40:07", "label": "Ball out of play", "position": "2407227", "team": "away", "visibility": "visible"}, {"gameTime": "1 - 40:40", "label": "Throw-in", "position": "2440311", "team": "not applicable", "visibility": "not shown"}, {"gameTime": "1 - 41:10", "label": "Ball out of play", "position": "2470892", "team": "away", "visibility": "visible"}, {"gameTime": "1 - 42:13", "label": "Corner", "position": "2533710", "team": "away", "visibility": "visible"}, {"gameTime": "1 - 42:36", "label": "Foul", "position": "2556259", "team": "home", "visibility": "visible"}, {"gameTime": "1 - 42:53", "label": "Indirect free-kick", "position": "2573398", "team": "home", "visibility": "visible"}, {"gameTime": "1 - 43:04", "label": "Foul", "position": "2584638", "team": "away", "visibility": "visible"}, {"gameTime": "1 - 43:30", "label": "Indirect free-kick", "position": "2610436", "team": "not applicable", "visibility": "visible"}, {"gameTime": "1 - 44:04", "label": "Ball out of play", "position": "2644658", "team": "away", "visibility": "visible"}, {"gameTime": "1 - 44:08", "label": "Corner", "position": "2648567", "team": "away", "visibility": "visible"}, {"gameTime": "1 - 44:13", "label": "Shots on target", "position": "2653163", "team": "not applicable", "visibility": "visible"}, {"gameTime": "1 - 44:34", "label": "Ball out of play", "position": "2674870", "team": "away", "visibility": "visible"}, {"gameTime": "1 - 44:40", "label": "Corner", "position": "2680443", "team": "away", "visibility": "visible"}, {"gameTime": "1 - 44:41", "label": "Shots off target", "position": "2681043", "team": "not applicable", "visibility": "visible"}, {"gameTime": "2 - 00:23", "label": "Kick-off", "position": "23502", "team": "not applicable", "visibility": "visible"}, {"gameTime": "2 - 00:40", "label": "Ball out of play", "position": "40457", "team": "away", "visibility": "visible"}, {"gameTime": "2 - 00:46", "label": "Throw-in", "position": "46864", "team": "not applicable", "visibility": "visible"}, {"gameTime": "2 - 01:04", "label": "Ball out of play", "position": "64651", "team": "home", "visibility": "visible"}, {"gameTime": "2 - 01:29", "label": "Throw-in", "position": "89816", "team": "home", "visibility": "visible"}, {"gameTime": "2 - 01:35", "label": "Foul", "position": "95935", "team": "home", "visibility": "visible"}, {"gameTime": "2 - 01:48", "label": "Yellow card", "position": "108405", "team": "away", "visibility": "not shown"}, {"gameTime": "2 - 02:00", "label": "Indirect free-kick", "position": "120264", "team": "away", "visibility": "visible"}, {"gameTime": "2 - 02:07", "label": "Foul", "position": "127252", "team": "home", "visibility": "not shown"}, {"gameTime": "2 - 02:24", "label": "Indirect free-kick", "position": "144604", "team": "not applicable", "visibility": "visible"}, {"gameTime": "2 - 02:43", "label": "Ball out of play", "position": "163157", "team": "away", "visibility": "visible"}, {"gameTime": "2 - 02:53", "label": "Throw-in", "position": "173724", "team": "not applicable", "visibility": "visible"}, {"gameTime": "2 - 02:57", "label": "Ball out of play", "position": "177512", "team": "away", "visibility": "not shown"}, {"gameTime": "2 - 03:35", "label": "Throw-in", "position": "215474", "team": "not applicable", "visibility": "visible"}, {"gameTime": "2 - 04:19", "label": "Ball out of play", "position": "259711", "team": "away", "visibility": "visible"}, {"gameTime": "2 - 05:28", "label": "Corner", "position": "328071", "team": "not applicable", "visibility": "visible"}, {"gameTime": "2 - 05:55", "label": "Ball out of play", "position": "355180", "team": "away", "visibility": "visible"}, {"gameTime": "2 - 05:58", "label": "Corner", "position": "358266", "team": "not applicable", "visibility": "visible"}, {"gameTime": "2 - 06:09", "label": "Ball out of play", "position": "369930", "team": "home", "visibility": "visible"}, {"gameTime": "2 - 06:31", "label": "Yellow card", "position": "391050", "team": "away", "visibility": "visible"}, {"gameTime": "2 - 06:59", "label": "Corner", "position": "419764", "team": "not applicable", "visibility": "visible"}, {"gameTime": "2 - 07:08", "label": "Ball out of play", "position": "428561", "team": "away", "visibility": "not shown"}, {"gameTime": "2 - 07:11", "label": "Throw-in", "position": "431451", "team": "not applicable", "visibility": "visible"}, {"gameTime": "2 - 07:44", "label": "Ball out of play", "position": "464657", "team": "away", "visibility": "visible"}, {"gameTime": "2 - 07:59", "label": "Substitution", "position": "479772", "team": "away", "visibility": "visible"}, {"gameTime": "2 - 08:18", "label": "Substitution", "position": "498150", "team": "home", "visibility": "not shown"}, {"gameTime": "2 - 10:17", "label": "Clearance", "position": "617115", "team": "not applicable", "visibility": "visible"}, {"gameTime": "2 - 10:32", "label": "Ball out of play", "position": "632740", "team": "home", "visibility": "visible"}, {"gameTime": "2 - 11:59", "label": "Throw-in", "position": "719109", "team": "not applicable", "visibility": "not shown"}, {"gameTime": "2 - 12:19", "label": "Ball out of play", "position": "739955", "team": "home", "visibility": "visible"}, {"gameTime": "2 - 12:57", "label": "Throw-in", "position": "777482", "team": "not applicable", "visibility": "visible"}, {"gameTime": "2 - 13:16", "label": "Ball out of play", "position": "796551", "team": "home", "visibility": "visible"}, {"gameTime": "2 - 13:26", "label": "Throw-in", "position": "806127", "team": "not applicable", "visibility": "visible"}, {"gameTime": "2 - 13:40", "label": "Ball out of play", "position": "820660", "team": "away", "visibility": "visible"}, {"gameTime": "2 - 14:08", "label": "Throw-in", "position": "848495", "team": "away", "visibility": "visible"}, {"gameTime": "2 - 14:09", "label": "Shots on target", "position": "849278", "team": "away", "visibility": "visible"}, {"gameTime": "2 - 14:42", "label": "Goal", "position": "882098", "team": "home", "visibility": "visible"}, {"gameTime": "2 - 15:59", "label": "Kick-off", "position": "959106", "team": "home", "visibility": "visible"}, {"gameTime": "2 - 16:05", "label": "Foul", "position": "965291", "team": "away", "visibility": "not shown"}, {"gameTime": "2 - 17:19", "label": "Indirect free-kick", "position": "1039393", "team": "away", "visibility": "visible"}, {"gameTime": "2 - 17:19", "label": "Shots on target", "position": "1039684", "team": "away", "visibility": "visible"}, {"gameTime": "2 - 18:06", "label": "Goal", "position": "1086000", "team": "home", "visibility": "visible"}, {"gameTime": "2 - 18:19", "label": "Substitution", "position": "1099650", "team": "home", "visibility": "visible"}, {"gameTime": "2 - 19:01", "label": "Kick-off", "position": "1141776", "team": "not applicable", "visibility": "visible"}, {"gameTime": "2 - 19:25", "label": "Ball out of play", "position": "1165863", "team": "home", "visibility": "not shown"}, {"gameTime": "2 - 19:34", "label": "Clearance", "position": "1174679", "team": "not applicable", "visibility": "visible"}, {"gameTime": "2 - 19:51", "label": "Ball out of play", "position": "1191252", "team": "away", "visibility": "visible"}, {"gameTime": "2 - 20:12", "label": "Throw-in", "position": "1212781", "team": "not applicable", "visibility": "visible"}, {"gameTime": "2 - 21:50", "label": "Ball out of play", "position": "1310840", "team": "away", "visibility": "visible"}, {"gameTime": "2 - 25:24", "label": "Throw-in", "position": "1524034", "team": "home", "visibility": "visible"}, {"gameTime": "2 - 25:52", "label": "Substitution", "position": "1552718", "team": "away", "visibility": "visible"}, {"gameTime": "2 - 26:40", "label": "Substitution", "position": "1600240", "team": "not applicable", "visibility": "visible"}, {"gameTime": "2 - 26:53", "label": "Ball out of play", "position": "1613552", "team": "home", "visibility": "visible"}, {"gameTime": "2 - 27:06", "label": "Throw-in", "position": "1626097", "team": "not applicable", "visibility": "visible"}, {"gameTime": "2 - 27:09", "label": "Ball out of play", "position": "1629285", "team": "away", "visibility": "not shown"}, {"gameTime": "2 - 28:38", "label": "Throw-in", "position": "1718867", "team": "home", "visibility": "visible"}, {"gameTime": "2 - 28:52", "label": "Foul", "position": "1732925", "team": "home", "visibility": "visible"}, {"gameTime": "2 - 30:05", "label": "Yellow card", "position": "1805394", "team": "away", "visibility": "visible"}, {"gameTime": "2 - 31:56", "label": "Direct free-kick", "position": "1916667", "team": "not applicable", "visibility": "visible"}, {"gameTime": "2 - 32:39", "label": "Ball out of play", "position": "1959622", "team": "away", "visibility": "visible"}, {"gameTime": "2 - 32:41", "label": "Corner", "position": "1961832", "team": "away", "visibility": "visible"}, {"gameTime": "2 - 33:47", "label": "Foul", "position": "2027869", "team": "home", "visibility": "visible"}, {"gameTime": "2 - 34:11", "label": "Foul", "position": "2051869", "team": "away", "visibility": "visible"}, {"gameTime": "2 - 34:21", "label": "Indirect free-kick", "position": "2061060", "team": "home", "visibility": "visible"}, {"gameTime": "2 - 34:37", "label": "Foul", "position": "2077144", "team": "away", "visibility": "visible"}, {"gameTime": "2 - 35:08", "label": "Indirect free-kick", "position": "2108120", "team": "not applicable", "visibility": "visible"}, {"gameTime": "2 - 35:15", "label": "Ball out of play", "position": "2115411", "team": "home", "visibility": "visible"}, {"gameTime": "2 - 35:56", "label": "Throw-in", "position": "2156159", "team": "away", "visibility": "visible"}, {"gameTime": "2 - 36:21", "label": "Foul", "position": "2181833", "team": "home", "visibility": "visible"}, {"gameTime": "2 - 36:55", "label": "Indirect free-kick", "position": "2215097", "team": "away", "visibility": "visible"}, {"gameTime": "2 - 36:56", "label": "Shots on target", "position": "2216684", "team": "not applicable", "visibility": "visible"}, {"gameTime": "2 - 37:32", "label": "Ball out of play", "position": "2252680", "team": "away", "visibility": "visible"}, {"gameTime": "2 - 38:05", "label": "Corner", "position": "2285614", "team": "away", "visibility": "visible"}, {"gameTime": "2 - 38:34", "label": "Shots on target", "position": "2314155", "team": "away", "visibility": "visible"}, {"gameTime": "2 - 38:42", "label": "Corner", "position": "2322934", "team": "not applicable", "visibility": "visible"}, {"gameTime": "2 - 38:50", "label": "Ball out of play", "position": "2330024", "team": "away", "visibility": "not shown"}, {"gameTime": "2 - 40:01", "label": "Throw-in", "position": "2401904", "team": "not applicable", "visibility": "visible"}, {"gameTime": "2 - 40:47", "label": "Ball out of play", "position": "2447771", "team": "home", "visibility": "visible"}, {"gameTime": "2 - 40:50", "label": "Substitution", "position": "2450807", "team": "away", "visibility": "visible"}, {"gameTime": "2 - 41:39", "label": "Throw-in", "position": "2499441", "team": "away", "visibility": "visible"}, {"gameTime": "2 - 41:40", "label": "Shots off target", "position": "2500479", "team": "not applicable", "visibility": "visible"}, {"gameTime": "2 - 42:32", "label": "Ball out of play", "position": "2552279", "team": "home", "visibility": "not shown"}, {"gameTime": "2 - 43:19", "label": "Clearance", "position": "2599778", "team": "away", "visibility": "visible"}, {"gameTime": "2 - 43:55", "label": "Foul", "position": "2635395", "team": "home", "visibility": "visible"}, {"gameTime": "2 - 44:23", "label": "Indirect free-kick", "position": "2663871", "team": "away", "visibility": "visible"}, {"gameTime": "2 - 44:36", "label": "Foul", "position": "2676865", "team": "home", "visibility": "not shown"}, {"gameTime": "2 - 44:48", "label": "Indirect free-kick", "position": "2688416", "team": "not applicable", "visibility": "visible"}, {"gameTime": "2 - 44:54", "label": "Ball out of play", "position": "2694452", "team": "away", "visibility": "visible"}, {"gameTime": "2 - 45:25", "label": "Throw-in", "position": "2725053", "team": "not applicable", "visibility": "visible"}, {"gameTime": "2 - 45:50", "label": "Ball out of play", "position": "2750886", "team": "home", "visibility": "visible"}, {"gameTime": "2 - 46:18", "label": "Clearance", "position": "2778140", "team": "away", "visibility": "visible"}, {"gameTime": "2 - 46:21", "label": "Foul", "position": "2781586", "team": "away", "visibility": "visible"}, {"gameTime": "2 - 46:56", "label": "Yellow card", "position": "2816375", "team": "home", "visibility": "visible"}, {"gameTime": "2 - 47:09", "label": "Indirect free-kick", "position": "2829600", "team": "away", "visibility": "visible"}], "gameAwayTeam": "Napoli", "gameDate": "21/08/2016 - 21:45", "gameHomeTeam": "Pescara", "gameScore": "2 - 2"}