{"UrlLocal": "italy_serie-a/2016-2017/2017-01-15 - 17-00 Napoli 3 - 1 Pescara/", "UrlYoutube": "", "annotations": [{"gameTime": "1 - 00:00", "label": "Ball out of play", "position": "16", "team": "away", "visibility": "not shown"}, {"gameTime": "1 - 00:07", "label": "Clearance", "position": "7663", "team": "not applicable", "visibility": "not shown"}, {"gameTime": "1 - 00:19", "label": "Ball out of play", "position": "19828", "team": "home", "visibility": "visible"}, {"gameTime": "1 - 01:00", "label": "Throw-in", "position": "60013", "team": "not applicable", "visibility": "visible"}, {"gameTime": "1 - 01:13", "label": "Shots on target", "position": "73509", "team": "away", "visibility": "visible"}, {"gameTime": "1 - 01:24", "label": "Ball out of play", "position": "84152", "team": "away", "visibility": "visible"}, {"gameTime": "1 - 01:35", "label": "Throw-in", "position": "95131", "team": "not applicable", "visibility": "visible"}, {"gameTime": "1 - 01:55", "label": "Ball out of play", "position": "115426", "team": "away", "visibility": "visible"}, {"gameTime": "1 - 01:58", "label": "Clearance", "position": "118998", "team": "not applicable", "visibility": "visible"}, {"gameTime": "1 - 02:15", "label": "Foul", "position": "135580", "team": "home", "visibility": "not shown"}, {"gameTime": "1 - 02:22", "label": "Indirect free-kick", "position": "142889", "team": "away", "visibility": "visible"}, {"gameTime": "1 - 02:35", "label": "Ball out of play", "position": "155174", "team": "home", "visibility": "not shown"}, {"gameTime": "1 - 02:52", "label": "Throw-in", "position": "172813", "team": "not applicable", "visibility": "visible"}, {"gameTime": "1 - 03:02", "label": "Shots on target", "position": "182825", "team": "away", "visibility": "visible"}, {"gameTime": "1 - 03:31", "label": "Ball out of play", "position": "211509", "team": "home", "visibility": "visible"}, {"gameTime": "1 - 03:33", "label": "Corner", "position": "213387", "team": "not applicable", "visibility": "not shown"}, {"gameTime": "1 - 04:12", "label": "Ball out of play", "position": "252222", "team": "home", "visibility": "visible"}, {"gameTime": "1 - 04:58", "label": "Throw-in", "position": "298921", "team": "not applicable", "visibility": "not shown"}, {"gameTime": "1 - 05:17", "label": "Ball out of play", "position": "317260", "team": "away", "visibility": "visible"}, {"gameTime": "1 - 05:52", "label": "Throw-in", "position": "352681", "team": "not applicable", "visibility": "visible"}, {"gameTime": "1 - 05:58", "label": "Offside", "position": "358367", "team": "home", "visibility": "not shown"}, {"gameTime": "1 - 06:26", "label": "Indirect free-kick", "position": "386990", "team": "away", "visibility": "visible"}, {"gameTime": "1 - 06:43", "label": "Shots on target", "position": "403737", "team": "home", "visibility": "not shown"}, {"gameTime": "1 - 07:37", "label": "Ball out of play", "position": "457391", "team": "home", "visibility": "visible"}, {"gameTime": "1 - 07:38", "label": "Corner", "position": "458397", "team": "not applicable", "visibility": "visible"}, {"gameTime": "1 - 08:06", "label": "Ball out of play", "position": "486906", "team": "home", "visibility": "visible"}, {"gameTime": "1 - 08:33", "label": "Throw-in", "position": "513399", "team": "not applicable", "visibility": "visible"}, {"gameTime": "1 - 08:50", "label": "Foul", "position": "530824", "team": "home", "visibility": "visible"}, {"gameTime": "1 - 09:38", "label": "Direct free-kick", "position": "578412", "team": "away", "visibility": "visible"}, {"gameTime": "1 - 10:44", "label": "Offside", "position": "644518", "team": "home", "visibility": "visible"}, {"gameTime": "1 - 11:49", "label": "Indirect free-kick", "position": "709619", "team": "home", "visibility": "visible"}, {"gameTime": "1 - 12:16", "label": "Offside", "position": "736051", "team": "away", "visibility": "not shown"}, {"gameTime": "1 - 12:31", "label": "Indirect free-kick", "position": "751102", "team": "away", "visibility": "visible"}, {"gameTime": "1 - 12:46", "label": "Shots off target", "position": "766063", "team": "home", "visibility": "not shown"}, {"gameTime": "1 - 14:01", "label": "Ball out of play", "position": "841063", "team": "home", "visibility": "visible"}, {"gameTime": "1 - 14:01", "label": "Clearance", "position": "841337", "team": "not applicable", "visibility": "visible"}, {"gameTime": "1 - 14:34", "label": "Ball out of play", "position": "874983", "team": "away", "visibility": "visible"}, {"gameTime": "1 - 15:12", "label": "Clearance", "position": "912383", "team": "not applicable", "visibility": "not shown"}, {"gameTime": "1 - 15:34", "label": "Ball out of play", "position": "934382", "team": "away", "visibility": "visible"}, {"gameTime": "1 - 15:42", "label": "Throw-in", "position": "942878", "team": "not applicable", "visibility": "visible"}, {"gameTime": "1 - 15:50", "label": "Foul", "position": "950238", "team": "home", "visibility": "visible"}, {"gameTime": "1 - 16:45", "label": "Indirect free-kick", "position": "1005058", "team": "away", "visibility": "visible"}, {"gameTime": "1 - 16:53", "label": "Foul", "position": "1013540", "team": "home", "visibility": "visible"}, {"gameTime": "1 - 17:07", "label": "Direct free-kick", "position": "1027482", "team": "away", "visibility": "visible"}, {"gameTime": "1 - 18:28", "label": "Foul", "position": "1108155", "team": "home", "visibility": "visible"}, {"gameTime": "1 - 18:28", "label": "Indirect free-kick", "position": "1108649", "team": "home", "visibility": "visible"}, {"gameTime": "1 - 19:09", "label": "Foul", "position": "1149373", "team": "away", "visibility": "visible"}, {"gameTime": "1 - 19:20", "label": "Indirect free-kick", "position": "1160798", "team": "away", "visibility": "visible"}, {"gameTime": "1 - 19:33", "label": "Ball out of play", "position": "1173783", "team": "home", "visibility": "not shown"}, {"gameTime": "1 - 20:11", "label": "Throw-in", "position": "1211605", "team": "not applicable", "visibility": "visible"}, {"gameTime": "1 - 20:27", "label": "Foul", "position": "1227584", "team": "away", "visibility": "visible"}, {"gameTime": "1 - 21:35", "label": "Indirect free-kick", "position": "1295537", "team": "home", "visibility": "visible"}, {"gameTime": "1 - 21:54", "label": "Ball out of play", "position": "1314272", "team": "away", "visibility": "not shown"}, {"gameTime": "1 - 22:27", "label": "Throw-in", "position": "1347346", "team": "not applicable", "visibility": "visible"}, {"gameTime": "1 - 22:41", "label": "Foul", "position": "1361105", "team": "away", "visibility": "visible"}, {"gameTime": "1 - 22:49", "label": "Indirect free-kick", "position": "1369524", "team": "home", "visibility": "visible"}, {"gameTime": "1 - 23:28", "label": "Ball out of play", "position": "1408976", "team": "away", "visibility": "visible"}, {"gameTime": "1 - 23:36", "label": "Throw-in", "position": "1416912", "team": "not applicable", "visibility": "visible"}, {"gameTime": "1 - 23:40", "label": "Ball out of play", "position": "1420071", "team": "home", "visibility": "visible"}, {"gameTime": "1 - 24:03", "label": "Throw-in", "position": "1443417", "team": "not applicable", "visibility": "visible"}, {"gameTime": "1 - 24:13", "label": "Foul", "position": "1453259", "team": "away", "visibility": "visible"}, {"gameTime": "1 - 24:23", "label": "Indirect free-kick", "position": "1463362", "team": "away", "visibility": "visible"}, {"gameTime": "1 - 24:33", "label": "Ball out of play", "position": "1473984", "team": "home", "visibility": "not shown"}, {"gameTime": "1 - 25:10", "label": "Throw-in", "position": "1510586", "team": "not applicable", "visibility": "visible"}, {"gameTime": "1 - 25:19", "label": "Ball out of play", "position": "1519359", "team": "away", "visibility": "visible"}, {"gameTime": "1 - 26:09", "label": "Throw-in", "position": "1569366", "team": "not applicable", "visibility": "visible"}, {"gameTime": "1 - 26:17", "label": "Ball out of play", "position": "1577063", "team": "away", "visibility": "not shown"}, {"gameTime": "1 - 26:20", "label": "Throw-in", "position": "1580282", "team": "not applicable", "visibility": "visible"}, {"gameTime": "1 - 26:33", "label": "Shots on target", "position": "1593386", "team": "away", "visibility": "visible"}, {"gameTime": "1 - 27:43", "label": "Ball out of play", "position": "1663783", "team": "home", "visibility": "visible"}, {"gameTime": "1 - 27:49", "label": "Throw-in", "position": "1669435", "team": "not applicable", "visibility": "visible"}, {"gameTime": "1 - 27:54", "label": "Foul", "position": "1674764", "team": "home", "visibility": "not shown"}, {"gameTime": "1 - 28:30", "label": "Indirect free-kick", "position": "1710607", "team": "away", "visibility": "visible"}, {"gameTime": "1 - 29:01", "label": "Shots off target", "position": "1741973", "team": "home", "visibility": "not shown"}, {"gameTime": "1 - 30:10", "label": "Ball out of play", "position": "1810961", "team": "home", "visibility": "visible"}, {"gameTime": "1 - 30:13", "label": "Clearance", "position": "1813421", "team": "not applicable", "visibility": "visible"}, {"gameTime": "1 - 30:40", "label": "Foul", "position": "1840274", "team": "away", "visibility": "visible"}, {"gameTime": "1 - 30:43", "label": "Indirect free-kick", "position": "1843514", "team": "away", "visibility": "visible"}, {"gameTime": "1 - 31:16", "label": "Ball out of play", "position": "1876646", "team": "home", "visibility": "not shown"}, {"gameTime": "1 - 31:37", "label": "Throw-in", "position": "1897181", "team": "not applicable", "visibility": "visible"}, {"gameTime": "1 - 31:41", "label": "Ball out of play", "position": "1901756", "team": "home", "visibility": "visible"}, {"gameTime": "1 - 32:02", "label": "Throw-in", "position": "1922901", "team": "not applicable", "visibility": "visible"}, {"gameTime": "1 - 32:10", "label": "Offside", "position": "1930164", "team": "home", "visibility": "visible"}, {"gameTime": "1 - 32:20", "label": "Indirect free-kick", "position": "1940200", "team": "home", "visibility": "visible"}, {"gameTime": "1 - 32:45", "label": "Foul", "position": "1965365", "team": "away", "visibility": "visible"}, {"gameTime": "1 - 33:50", "label": "Indirect free-kick", "position": "2030599", "team": "away", "visibility": "visible"}, {"gameTime": "1 - 33:53", "label": "Shots on target", "position": "2033958", "team": "home", "visibility": "visible"}, {"gameTime": "1 - 34:05", "label": "Ball out of play", "position": "2045674", "team": "home", "visibility": "visible"}, {"gameTime": "1 - 34:19", "label": "Throw-in", "position": "2059769", "team": "not applicable", "visibility": "visible"}, {"gameTime": "1 - 34:30", "label": "Ball out of play", "position": "2070483", "team": "home", "visibility": "not shown"}, {"gameTime": "1 - 35:06", "label": "Clearance", "position": "2106891", "team": "not applicable", "visibility": "visible"}, {"gameTime": "1 - 35:32", "label": "Foul", "position": "2132077", "team": "away", "visibility": "visible"}, {"gameTime": "1 - 35:56", "label": "Indirect free-kick", "position": "2156551", "team": "home", "visibility": "visible"}, {"gameTime": "1 - 36:10", "label": "Ball out of play", "position": "2170587", "team": "away", "visibility": "not shown"}, {"gameTime": "1 - 36:43", "label": "Clearance", "position": "2203829", "team": "not applicable", "visibility": "visible"}, {"gameTime": "1 - 37:01", "label": "Ball out of play", "position": "2221513", "team": "home", "visibility": "not shown"}, {"gameTime": "1 - 39:44", "label": "Yellow card", "position": "2384856", "team": "not applicable", "visibility": "visible"}, {"gameTime": "1 - 39:51", "label": "Clearance", "position": "2391586", "team": "away", "visibility": "visible"}, {"gameTime": "1 - 40:29", "label": "Foul", "position": "2429113", "team": "away", "visibility": "visible"}, {"gameTime": "1 - 40:39", "label": "Indirect free-kick", "position": "2439775", "team": "home", "visibility": "visible"}, {"gameTime": "1 - 40:58", "label": "Ball out of play", "position": "2458596", "team": "away", "visibility": "visible"}, {"gameTime": "1 - 41:04", "label": "Clearance", "position": "2464898", "team": "not applicable", "visibility": "visible"}, {"gameTime": "1 - 41:17", "label": "Offside", "position": "2477341", "team": "home", "visibility": "not shown"}, {"gameTime": "1 - 41:33", "label": "Indirect free-kick", "position": "2493474", "team": "away", "visibility": "visible"}, {"gameTime": "1 - 41:44", "label": "Foul", "position": "2504251", "team": "home", "visibility": "not shown"}, {"gameTime": "1 - 41:58", "label": "Yellow card", "position": "2518326", "team": "home", "visibility": "visible"}, {"gameTime": "1 - 42:02", "label": "Direct free-kick", "position": "2522798", "team": "home", "visibility": "visible"}, {"gameTime": "1 - 43:07", "label": "Shots off target", "position": "2587875", "team": "away", "visibility": "visible"}, {"gameTime": "1 - 43:07", "label": "Ball out of play", "position": "2587875", "team": "away", "visibility": "visible"}, {"gameTime": "1 - 43:08", "label": "Clearance", "position": "2588835", "team": "not applicable", "visibility": "visible"}, {"gameTime": "1 - 43:30", "label": "Foul", "position": "2610820", "team": "home", "visibility": "visible"}, {"gameTime": "1 - 43:49", "label": "Yellow card", "position": "2629063", "team": "away", "visibility": "visible"}, {"gameTime": "1 - 43:54", "label": "Direct free-kick", "position": "2634652", "team": "away", "visibility": "visible"}, {"gameTime": "1 - 44:59", "label": "Direct free-kick", "position": "2699202", "team": "home", "visibility": "visible"}, {"gameTime": "2 - 00:00", "label": "Foul", "position": "153", "team": "home", "visibility": "not shown"}, {"gameTime": "2 - 00:27", "label": "Direct free-kick", "position": "27550", "team": "away", "visibility": "visible"}, {"gameTime": "2 - 01:18", "label": "Shots on target", "position": "78396", "team": "home", "visibility": "visible"}, {"gameTime": "2 - 01:19", "label": "Goal", "position": "79976", "team": "home", "visibility": "visible"}, {"gameTime": "2 - 01:20", "label": "Kick-off", "position": "80538", "team": "home", "visibility": "visible"}, {"gameTime": "2 - 02:04", "label": "Shots on target", "position": "124750", "team": "away", "visibility": "not shown"}, {"gameTime": "2 - 03:35", "label": "Shots on target", "position": "215163", "team": "home", "visibility": "visible"}, {"gameTime": "2 - 03:43", "label": "Goal", "position": "223154", "team": "home", "visibility": "visible"}, {"gameTime": "2 - 03:43", "label": "Kick-off", "position": "223689", "team": "home", "visibility": "visible"}, {"gameTime": "2 - 04:39", "label": "Shots on target", "position": "279161", "team": "away", "visibility": "visible"}, {"gameTime": "2 - 05:06", "label": "Ball out of play", "position": "306071", "team": "away", "visibility": "visible"}, {"gameTime": "2 - 05:41", "label": "Corner", "position": "341603", "team": "not applicable", "visibility": "visible"}, {"gameTime": "2 - 06:20", "label": "Shots off target", "position": "380020", "team": "home", "visibility": "visible"}, {"gameTime": "2 - 06:22", "label": "Ball out of play", "position": "382173", "team": "home", "visibility": "visible"}, {"gameTime": "2 - 06:22", "label": "Corner", "position": "382985", "team": "not applicable", "visibility": "visible"}, {"gameTime": "2 - 07:01", "label": "Shots off target", "position": "421855", "team": "home", "visibility": "visible"}, {"gameTime": "2 - 07:49", "label": "Ball out of play", "position": "469087", "team": "home", "visibility": "visible"}, {"gameTime": "2 - 07:50", "label": "Yellow card", "position": "470131", "team": "not applicable", "visibility": "visible"}, {"gameTime": "2 - 08:10", "label": "Clearance", "position": "490123", "team": "away", "visibility": "visible"}, {"gameTime": "2 - 08:13", "label": "Ball out of play", "position": "493314", "team": "away", "visibility": "not shown"}, {"gameTime": "2 - 09:25", "label": "Clearance", "position": "565732", "team": "not applicable", "visibility": "visible"}, {"gameTime": "2 - 09:44", "label": "Shots on target", "position": "584015", "team": "home", "visibility": "visible"}, {"gameTime": "2 - 10:48", "label": "Ball out of play", "position": "648639", "team": "home", "visibility": "visible"}, {"gameTime": "2 - 11:29", "label": "Throw-in", "position": "689868", "team": "not applicable", "visibility": "visible"}, {"gameTime": "2 - 12:41", "label": "Ball out of play", "position": "761412", "team": "home", "visibility": "visible"}, {"gameTime": "2 - 12:48", "label": "Clearance", "position": "768462", "team": "not applicable", "visibility": "not shown"}, {"gameTime": "2 - 12:57", "label": "Ball out of play", "position": "777949", "team": "away", "visibility": "not shown"}, {"gameTime": "2 - 14:48", "label": "Clearance", "position": "888962", "team": "not applicable", "visibility": "visible"}, {"gameTime": "2 - 14:56", "label": "Shots off target", "position": "896006", "team": "home", "visibility": "not shown"}, {"gameTime": "2 - 15:24", "label": "Ball out of play", "position": "924981", "team": "away", "visibility": "visible"}, {"gameTime": "2 - 15:26", "label": "Clearance", "position": "926247", "team": "not applicable", "visibility": "visible"}, {"gameTime": "2 - 15:39", "label": "Offside", "position": "939406", "team": "home", "visibility": "not shown"}, {"gameTime": "2 - 16:18", "label": "Indirect free-kick", "position": "978347", "team": "away", "visibility": "visible"}, {"gameTime": "2 - 16:38", "label": "Ball out of play", "position": "998236", "team": "home", "visibility": "not shown"}, {"gameTime": "2 - 17:08", "label": "Throw-in", "position": "1028356", "team": "not applicable", "visibility": "visible"}, {"gameTime": "2 - 17:24", "label": "Ball out of play", "position": "1044317", "team": "away", "visibility": "visible"}, {"gameTime": "2 - 18:06", "label": "Substitution", "position": "1086818", "team": "not applicable", "visibility": "visible"}, {"gameTime": "2 - 18:31", "label": "Corner", "position": "1111240", "team": "away", "visibility": "visible"}, {"gameTime": "2 - 18:46", "label": "Shots off target", "position": "1126973", "team": "away", "visibility": "visible"}, {"gameTime": "2 - 18:55", "label": "Ball out of play", "position": "1135450", "team": "away", "visibility": "visible"}, {"gameTime": "2 - 18:56", "label": "Substitution", "position": "1136807", "team": "not applicable", "visibility": "visible"}, {"gameTime": "2 - 19:22", "label": "Clearance", "position": "1162469", "team": "home", "visibility": "visible"}, {"gameTime": "2 - 19:29", "label": "Ball out of play", "position": "1169395", "team": "home", "visibility": "not shown"}, {"gameTime": "2 - 19:41", "label": "Throw-in", "position": "1181362", "team": "not applicable", "visibility": "visible"}, {"gameTime": "2 - 19:56", "label": "Ball out of play", "position": "1196044", "team": "home", "visibility": "visible"}, {"gameTime": "2 - 21:02", "label": "Throw-in", "position": "1262738", "team": "not applicable", "visibility": "not shown"}, {"gameTime": "2 - 21:09", "label": "Shots off target", "position": "1269258", "team": "away", "visibility": "visible"}, {"gameTime": "2 - 21:19", "label": "Ball out of play", "position": "1279745", "team": "away", "visibility": "visible"}, {"gameTime": "2 - 21:20", "label": "Clearance", "position": "1280358", "team": "not applicable", "visibility": "visible"}, {"gameTime": "2 - 21:38", "label": "Shots on target", "position": "1298548", "team": "home", "visibility": "not shown"}, {"gameTime": "2 - 23:28", "label": "Ball out of play", "position": "1408808", "team": "home", "visibility": "visible"}, {"gameTime": "2 - 23:29", "label": "Substitution", "position": "1409647", "team": "not applicable", "visibility": "visible"}, {"gameTime": "2 - 24:17", "label": "Corner", "position": "1457682", "team": "away", "visibility": "visible"}, {"gameTime": "2 - 24:43", "label": "Foul", "position": "1483714", "team": "home", "visibility": "visible"}, {"gameTime": "2 - 25:06", "label": "Indirect free-kick", "position": "1506104", "team": "home", "visibility": "visible"}, {"gameTime": "2 - 25:19", "label": "Ball out of play", "position": "1519949", "team": "away", "visibility": "visible"}, {"gameTime": "2 - 26:07", "label": "Clearance", "position": "1567212", "team": "not applicable", "visibility": "visible"}, {"gameTime": "2 - 26:14", "label": "Ball out of play", "position": "1574668", "team": "home", "visibility": "not shown"}, {"gameTime": "2 - 27:06", "label": "Throw-in", "position": "1626371", "team": "not applicable", "visibility": "visible"}, {"gameTime": "2 - 27:20", "label": "Shots off target", "position": "1640779", "team": "home", "visibility": "visible"}, {"gameTime": "2 - 28:00", "label": "Ball out of play", "position": "1680987", "team": "home", "visibility": "visible"}, {"gameTime": "2 - 28:01", "label": "Clearance", "position": "1681533", "team": "not applicable", "visibility": "visible"}, {"gameTime": "2 - 28:14", "label": "Shots on target", "position": "1694726", "team": "away", "visibility": "not shown"}, {"gameTime": "2 - 28:24", "label": "Ball out of play", "position": "1704252", "team": "home", "visibility": "visible"}, {"gameTime": "2 - 28:28", "label": "Throw-in", "position": "1708691", "team": "not applicable", "visibility": "not shown"}, {"gameTime": "2 - 28:37", "label": "Shots off target", "position": "1717168", "team": "home", "visibility": "visible"}, {"gameTime": "2 - 29:05", "label": "Ball out of play", "position": "1745621", "team": "home", "visibility": "visible"}, {"gameTime": "2 - 29:06", "label": "Corner", "position": "1746906", "team": "not applicable", "visibility": "visible"}, {"gameTime": "2 - 29:45", "label": "Shots on target", "position": "1785216", "team": "home", "visibility": "visible"}, {"gameTime": "2 - 29:50", "label": "Ball out of play", "position": "1790347", "team": "home", "visibility": "visible"}, {"gameTime": "2 - 29:54", "label": "Clearance", "position": "1794162", "team": "not applicable", "visibility": "visible"}, {"gameTime": "2 - 30:14", "label": "Ball out of play", "position": "1814666", "team": "away", "visibility": "not shown"}, {"gameTime": "2 - 30:52", "label": "Throw-in", "position": "1852195", "team": "not applicable", "visibility": "visible"}, {"gameTime": "2 - 30:55", "label": "Offside", "position": "1855613", "team": "away", "visibility": "visible"}, {"gameTime": "2 - 31:06", "label": "Indirect free-kick", "position": "1866441", "team": "away", "visibility": "visible"}, {"gameTime": "2 - 31:19", "label": "Ball out of play", "position": "1879651", "team": "home", "visibility": "not shown"}, {"gameTime": "2 - 31:36", "label": "Throw-in", "position": "1896393", "team": "not applicable", "visibility": "visible"}, {"gameTime": "2 - 31:43", "label": "Foul", "position": "1903841", "team": "away", "visibility": "visible"}, {"gameTime": "2 - 32:00", "label": "Indirect free-kick", "position": "1920224", "team": "away", "visibility": "visible"}, {"gameTime": "2 - 32:27", "label": "Shots on target", "position": "1947682", "team": "home", "visibility": "visible"}, {"gameTime": "2 - 32:59", "label": "Ball out of play", "position": "1979005", "team": "home", "visibility": "visible"}, {"gameTime": "2 - 33:59", "label": "Substitution", "position": "2039669", "team": "not applicable", "visibility": "visible"}, {"gameTime": "2 - 34:15", "label": "Throw-in", "position": "2055019", "team": "home", "visibility": "visible"}, {"gameTime": "2 - 34:24", "label": "Shots off target", "position": "2064873", "team": "away", "visibility": "visible"}, {"gameTime": "2 - 35:19", "label": "Ball out of play", "position": "2119756", "team": "home", "visibility": "visible"}, {"gameTime": "2 - 35:20", "label": "Clearance", "position": "2120517", "team": "not applicable", "visibility": "visible"}, {"gameTime": "2 - 36:31", "label": "Foul", "position": "2191031", "team": "away", "visibility": "visible"}, {"gameTime": "2 - 36:46", "label": "Indirect free-kick", "position": "2206991", "team": "away", "visibility": "visible"}, {"gameTime": "2 - 36:52", "label": "Foul", "position": "2212822", "team": "home", "visibility": "not shown"}, {"gameTime": "2 - 37:06", "label": "Indirect free-kick", "position": "2226715", "team": "home", "visibility": "visible"}, {"gameTime": "2 - 37:13", "label": "Ball out of play", "position": "2233003", "team": "away", "visibility": "not shown"}, {"gameTime": "2 - 37:29", "label": "Corner", "position": "2249978", "team": "not applicable", "visibility": "visible"}, {"gameTime": "2 - 37:41", "label": "Shots on target", "position": "2261392", "team": "away", "visibility": "not shown"}, {"gameTime": "2 - 39:30", "label": "Shots on target", "position": "2370742", "team": "home", "visibility": "visible"}, {"gameTime": "2 - 39:53", "label": "Goal", "position": "2393178", "team": "home", "visibility": "visible"}, {"gameTime": "2 - 39:53", "label": "Substitution", "position": "2393578", "team": "home", "visibility": "visible"}, {"gameTime": "2 - 40:48", "label": "Kick-off", "position": "2448789", "team": "home", "visibility": "visible"}, {"gameTime": "2 - 40:55", "label": "Ball out of play", "position": "2455489", "team": "away", "visibility": "not shown"}, {"gameTime": "2 - 41:02", "label": "Throw-in", "position": "2462958", "team": "not applicable", "visibility": "visible"}, {"gameTime": "2 - 41:11", "label": "Foul", "position": "2471033", "team": "away", "visibility": "visible"}, {"gameTime": "2 - 41:34", "label": "Indirect free-kick", "position": "2494833", "team": "away", "visibility": "visible"}, {"gameTime": "2 - 41:49", "label": "Foul", "position": "2509030", "team": "home", "visibility": "not shown"}, {"gameTime": "2 - 42:48", "label": "Indirect free-kick", "position": "2568529", "team": "home", "visibility": "visible"}, {"gameTime": "2 - 42:56", "label": "Shots on target", "position": "2576992", "team": "away", "visibility": "not shown"}, {"gameTime": "2 - 43:31", "label": "Shots off target", "position": "2611822", "team": "home", "visibility": "visible"}, {"gameTime": "2 - 45:26", "label": "Ball out of play", "position": "2726851", "team": "home", "visibility": "visible"}, {"gameTime": "2 - 45:27", "label": "Clearance", "position": "2727739", "team": "not applicable", "visibility": "visible"}, {"gameTime": "2 - 45:57", "label": "Foul", "position": "2757511", "team": "away", "visibility": "visible"}, {"gameTime": "2 - 46:14", "label": "Indirect free-kick", "position": "2774919", "team": "home", "visibility": "visible"}, {"gameTime": "2 - 46:32", "label": "Foul", "position": "2792608", "team": "away", "visibility": "not shown"}, {"gameTime": "2 - 47:38", "label": "Goal", "position": "2858733", "team": "home", "visibility": "visible"}, {"gameTime": "2 - 48:42", "label": "Shots on target", "position": "2922000", "team": "away", "visibility": "visible"}, {"gameTime": "2 - 48:42", "label": "Penalty", "position": "2922411", "team": "away", "visibility": "visible"}, {"gameTime": "2 - 48:42", "label": "Goal", "position": "2922411", "team": "away", "visibility": "visible"}, {"gameTime": "2 - 48:42", "label": "Goal", "position": "2922866", "team": "away", "visibility": "visible"}], "gameAwayTeam": "Pescara", "gameDate": "15/01/2017 - 17:00", "gameHomeTeam": "Napoli", "gameScore": "3 - 1"}