{"UrlLocal": "france_ligue-1/2016-2017/2016-11-30 - 23-00 Paris SG 2 - 0 Angers/", "UrlYoutube": "", "annotations": [{"gameTime": "1 - 00:00", "label": "Ball out of play", "position": "0", "team": "home", "visibility": "not shown"}, {"gameTime": "1 - 02:01", "label": "Clearance", "position": "121208", "team": "not applicable", "visibility": "visible"}, {"gameTime": "1 - 02:23", "label": "Shots off target", "position": "143324", "team": "away", "visibility": "visible"}, {"gameTime": "1 - 03:25", "label": "Ball out of play", "position": "205014", "team": "away", "visibility": "visible"}, {"gameTime": "1 - 03:26", "label": "Clearance", "position": "206254", "team": "not applicable", "visibility": "visible"}, {"gameTime": "1 - 03:51", "label": "Ball out of play", "position": "231802", "team": "home", "visibility": "not shown"}, {"gameTime": "1 - 04:21", "label": "Throw-in", "position": "261341", "team": "not applicable", "visibility": "visible"}, {"gameTime": "1 - 04:26", "label": "Offside", "position": "266299", "team": "home", "visibility": "visible"}, {"gameTime": "1 - 04:45", "label": "Indirect free-kick", "position": "285930", "team": "home", "visibility": "visible"}, {"gameTime": "1 - 05:15", "label": "Foul", "position": "315046", "team": "away", "visibility": "not shown"}, {"gameTime": "1 - 05:16", "label": "Direct free-kick", "position": "316585", "team": "home", "visibility": "not shown"}, {"gameTime": "1 - 05:57", "label": "Ball out of play", "position": "357588", "team": "away", "visibility": "visible"}, {"gameTime": "1 - 06:05", "label": "Throw-in", "position": "365265", "team": "not applicable", "visibility": "visible"}, {"gameTime": "1 - 06:16", "label": "Foul", "position": "376752", "team": "away", "visibility": "visible"}, {"gameTime": "1 - 06:59", "label": "Direct free-kick", "position": "419196", "team": "home", "visibility": "visible"}, {"gameTime": "1 - 07:10", "label": "Ball out of play", "position": "430167", "team": "away", "visibility": "not shown"}, {"gameTime": "1 - 09:07", "label": "Throw-in", "position": "547024", "team": "not applicable", "visibility": "visible"}, {"gameTime": "1 - 09:25", "label": "Ball out of play", "position": "565355", "team": "away", "visibility": "not shown"}, {"gameTime": "1 - 10:51", "label": "Corner", "position": "651190", "team": "not applicable", "visibility": "visible"}, {"gameTime": "1 - 11:16", "label": "Offside", "position": "676567", "team": "home", "visibility": "visible"}, {"gameTime": "1 - 11:19", "label": "Indirect free-kick", "position": "679870", "team": "home", "visibility": "visible"}, {"gameTime": "1 - 11:44", "label": "Ball out of play", "position": "704628", "team": "away", "visibility": "visible"}, {"gameTime": "1 - 12:14", "label": "Throw-in", "position": "734763", "team": "not applicable", "visibility": "visible"}, {"gameTime": "1 - 12:29", "label": "Shots off target", "position": "749395", "team": "home", "visibility": "visible"}, {"gameTime": "1 - 13:27", "label": "Ball out of play", "position": "807283", "team": "home", "visibility": "visible"}, {"gameTime": "1 - 13:27", "label": "Clearance", "position": "807963", "team": "not applicable", "visibility": "visible"}, {"gameTime": "1 - 13:56", "label": "Offside", "position": "836115", "team": "away", "visibility": "not shown"}, {"gameTime": "1 - 14:59", "label": "Indirect free-kick", "position": "899098", "team": "home", "visibility": "visible"}, {"gameTime": "1 - 15:31", "label": "Ball out of play", "position": "931341", "team": "away", "visibility": "not shown"}, {"gameTime": "1 - 15:36", "label": "Throw-in", "position": "936256", "team": "not applicable", "visibility": "visible"}, {"gameTime": "1 - 15:42", "label": "Ball out of play", "position": "942325", "team": "home", "visibility": "visible"}, {"gameTime": "1 - 16:15", "label": "Clearance", "position": "975492", "team": "not applicable", "visibility": "visible"}, {"gameTime": "1 - 16:41", "label": "Foul", "position": "1001251", "team": "away", "visibility": "visible"}, {"gameTime": "1 - 17:39", "label": "Indirect free-kick", "position": "1059026", "team": "home", "visibility": "visible"}, {"gameTime": "1 - 18:04", "label": "Ball out of play", "position": "1084299", "team": "away", "visibility": "visible"}, {"gameTime": "1 - 19:54", "label": "Corner", "position": "1194989", "team": "not applicable", "visibility": "visible"}, {"gameTime": "1 - 20:22", "label": "Ball out of play", "position": "1222734", "team": "home", "visibility": "not shown"}, {"gameTime": "1 - 21:18", "label": "Indirect free-kick", "position": "1278275", "team": "not applicable", "visibility": "visible"}, {"gameTime": "1 - 21:28", "label": "Ball out of play", "position": "1288157", "team": "home", "visibility": "not shown"}, {"gameTime": "1 - 22:10", "label": "Throw-in", "position": "1330502", "team": "not applicable", "visibility": "visible"}, {"gameTime": "1 - 22:23", "label": "Offside", "position": "1343069", "team": "home", "visibility": "visible"}, {"gameTime": "1 - 23:41", "label": "Indirect free-kick", "position": "1421340", "team": "home", "visibility": "visible"}, {"gameTime": "1 - 24:11", "label": "Foul", "position": "1451741", "team": "away", "visibility": "not shown"}, {"gameTime": "1 - 24:17", "label": "Direct free-kick", "position": "1457474", "team": "away", "visibility": "visible"}, {"gameTime": "1 - 24:32", "label": "Ball out of play", "position": "1472090", "team": "home", "visibility": "not shown"}, {"gameTime": "1 - 24:47", "label": "Throw-in", "position": "1487031", "team": "not applicable", "visibility": "visible"}, {"gameTime": "1 - 25:01", "label": "Shots on target", "position": "1501133", "team": "home", "visibility": "not shown"}, {"gameTime": "1 - 25:49", "label": "Ball out of play", "position": "1549045", "team": "away", "visibility": "visible"}, {"gameTime": "1 - 25:55", "label": "Throw-in", "position": "1555834", "team": "not applicable", "visibility": "visible"}, {"gameTime": "1 - 26:13", "label": "Foul", "position": "1573066", "team": "away", "visibility": "not shown"}, {"gameTime": "1 - 26:45", "label": "Direct free-kick", "position": "1605400", "team": "home", "visibility": "visible"}, {"gameTime": "1 - 27:40", "label": "Shots off target", "position": "1660127", "team": "away", "visibility": "visible"}, {"gameTime": "1 - 27:40", "label": "Ball out of play", "position": "1660170", "team": "away", "visibility": "visible"}, {"gameTime": "1 - 27:41", "label": "Clearance", "position": "1661472", "team": "not applicable", "visibility": "visible"}, {"gameTime": "1 - 27:53", "label": "Offside", "position": "1673353", "team": "home", "visibility": "not shown"}, {"gameTime": "1 - 28:42", "label": "Indirect free-kick", "position": "1722208", "team": "home", "visibility": "visible"}, {"gameTime": "1 - 29:02", "label": "Ball out of play", "position": "1742303", "team": "away", "visibility": "not shown"}, {"gameTime": "1 - 30:05", "label": "Throw-in", "position": "1805293", "team": "not applicable", "visibility": "visible"}, {"gameTime": "1 - 30:30", "label": "Ball out of play", "position": "1830040", "team": "away", "visibility": "visible"}, {"gameTime": "1 - 31:01", "label": "Throw-in", "position": "1861752", "team": "not applicable", "visibility": "visible"}, {"gameTime": "1 - 31:24", "label": "Ball out of play", "position": "1884914", "team": "home", "visibility": "visible"}, {"gameTime": "1 - 32:19", "label": "Clearance", "position": "1939403", "team": "not applicable", "visibility": "visible"}, {"gameTime": "1 - 32:43", "label": "Ball out of play", "position": "1963474", "team": "away", "visibility": "visible"}, {"gameTime": "1 - 33:17", "label": "Corner", "position": "1997769", "team": "not applicable", "visibility": "visible"}, {"gameTime": "1 - 33:41", "label": "Shots on target", "position": "2021070", "team": "home", "visibility": "visible"}, {"gameTime": "1 - 33:42", "label": "Goal", "position": "2022418", "team": "home", "visibility": "visible"}, {"gameTime": "1 - 33:43", "label": "Goal", "position": "2023000", "team": "home", "visibility": "visible"}, {"gameTime": "1 - 33:43", "label": "Kick-off", "position": "2023138", "team": "home", "visibility": "visible"}, {"gameTime": "1 - 34:49", "label": "Ball out of play", "position": "2089414", "team": "away", "visibility": "not shown"}, {"gameTime": "1 - 35:05", "label": "Throw-in", "position": "2105514", "team": "not applicable", "visibility": "visible"}, {"gameTime": "1 - 35:22", "label": "Ball out of play", "position": "2122756", "team": "home", "visibility": "not shown"}, {"gameTime": "1 - 36:17", "label": "Throw-in", "position": "2177896", "team": "not applicable", "visibility": "visible"}, {"gameTime": "1 - 36:33", "label": "Offside", "position": "2193256", "team": "home", "visibility": "not shown"}, {"gameTime": "1 - 36:33", "label": "Indirect free-kick", "position": "2193839", "team": "home", "visibility": "visible"}, {"gameTime": "1 - 36:41", "label": "Ball out of play", "position": "2201212", "team": "away", "visibility": "visible"}, {"gameTime": "1 - 37:27", "label": "Throw-in", "position": "2247358", "team": "not applicable", "visibility": "visible"}, {"gameTime": "1 - 37:36", "label": "Ball out of play", "position": "2256176", "team": "home", "visibility": "visible"}, {"gameTime": "1 - 38:10", "label": "Corner", "position": "2290230", "team": "not applicable", "visibility": "visible"}, {"gameTime": "1 - 38:37", "label": "Foul", "position": "2317979", "team": "home", "visibility": "visible"}, {"gameTime": "1 - 39:09", "label": "Direct free-kick", "position": "2349438", "team": "home", "visibility": "visible"}, {"gameTime": "1 - 39:48", "label": "Shots on target", "position": "2388731", "team": "away", "visibility": "not shown"}, {"gameTime": "1 - 40:26", "label": "Ball out of play", "position": "2426074", "team": "away", "visibility": "visible"}, {"gameTime": "1 - 40:30", "label": "Corner", "position": "2430280", "team": "not applicable", "visibility": "not shown"}, {"gameTime": "1 - 40:58", "label": "Offside", "position": "2458950", "team": "away", "visibility": "visible"}, {"gameTime": "1 - 41:50", "label": "Indirect free-kick", "position": "2510035", "team": "home", "visibility": "visible"}, {"gameTime": "1 - 42:07", "label": "Shots on target", "position": "2527202", "team": "away", "visibility": "not shown"}, {"gameTime": "1 - 44:00", "label": "Ball out of play", "position": "2640216", "team": "home", "visibility": "visible"}, {"gameTime": "1 - 44:58", "label": "Ball out of play", "position": "2698643", "team": "not applicable", "visibility": "visible"}, {"gameTime": "2 - 00:00", "label": "Ball out of play", "position": "0", "team": "away", "visibility": "not shown"}, {"gameTime": "2 - 01:06", "label": "Clearance", "position": "66093", "team": "not applicable", "visibility": "visible"}, {"gameTime": "2 - 01:20", "label": "Ball out of play", "position": "80462", "team": "away", "visibility": "visible"}, {"gameTime": "2 - 01:26", "label": "Throw-in", "position": "86599", "team": "not applicable", "visibility": "visible"}, {"gameTime": "2 - 01:34", "label": "Ball out of play", "position": "94020", "team": "away", "visibility": "visible"}, {"gameTime": "2 - 01:41", "label": "Clearance", "position": "101744", "team": "not applicable", "visibility": "visible"}, {"gameTime": "2 - 01:48", "label": "Ball out of play", "position": "108077", "team": "away", "visibility": "visible"}, {"gameTime": "2 - 02:18", "label": "Throw-in", "position": "138695", "team": "not applicable", "visibility": "visible"}, {"gameTime": "2 - 02:20", "label": "Ball out of play", "position": "140847", "team": "home", "visibility": "visible"}, {"gameTime": "2 - 02:28", "label": "Throw-in", "position": "148254", "team": "not applicable", "visibility": "visible"}, {"gameTime": "2 - 02:30", "label": "Offside", "position": "150978", "team": "home", "visibility": "visible"}, {"gameTime": "2 - 04:08", "label": "Indirect free-kick", "position": "248898", "team": "home", "visibility": "visible"}, {"gameTime": "2 - 04:26", "label": "Foul", "position": "266181", "team": "away", "visibility": "visible"}, {"gameTime": "2 - 04:28", "label": "Direct free-kick", "position": "268928", "team": "home", "visibility": "visible"}, {"gameTime": "2 - 04:50", "label": "Ball out of play", "position": "290766", "team": "away", "visibility": "visible"}, {"gameTime": "2 - 04:55", "label": "Throw-in", "position": "295365", "team": "not applicable", "visibility": "visible"}, {"gameTime": "2 - 05:11", "label": "Foul", "position": "311590", "team": "home", "visibility": "not shown"}, {"gameTime": "2 - 05:38", "label": "Direct free-kick", "position": "338151", "team": "home", "visibility": "visible"}, {"gameTime": "2 - 05:52", "label": "Ball out of play", "position": "352442", "team": "away", "visibility": "not shown"}, {"gameTime": "2 - 07:28", "label": "Clearance", "position": "448026", "team": "not applicable", "visibility": "visible"}, {"gameTime": "2 - 07:40", "label": "Foul", "position": "460121", "team": "home", "visibility": "not shown"}, {"gameTime": "2 - 08:01", "label": "Direct free-kick", "position": "481881", "team": "away", "visibility": "not shown"}, {"gameTime": "2 - 08:11", "label": "Foul", "position": "491753", "team": "home", "visibility": "visible"}, {"gameTime": "2 - 08:35", "label": "Direct free-kick", "position": "515824", "team": "away", "visibility": "visible"}, {"gameTime": "2 - 09:24", "label": "Foul", "position": "564976", "team": "away", "visibility": "visible"}, {"gameTime": "2 - 09:25", "label": "Direct free-kick", "position": "565070", "team": "home", "visibility": "visible"}, {"gameTime": "2 - 09:51", "label": "Ball out of play", "position": "591070", "team": "away", "visibility": "visible"}, {"gameTime": "2 - 10:42", "label": "Throw-in", "position": "642434", "team": "not applicable", "visibility": "visible"}, {"gameTime": "2 - 10:45", "label": "Foul", "position": "645328", "team": "away", "visibility": "visible"}, {"gameTime": "2 - 12:28", "label": "Substitution", "position": "748625", "team": "home", "visibility": "visible"}, {"gameTime": "2 - 12:45", "label": "Direct free-kick", "position": "765508", "team": "home", "visibility": "visible"}, {"gameTime": "2 - 13:04", "label": "Ball out of play", "position": "784453", "team": "away", "visibility": "not shown"}, {"gameTime": "2 - 13:29", "label": "Throw-in", "position": "809196", "team": "not applicable", "visibility": "visible"}, {"gameTime": "2 - 13:33", "label": "Offside", "position": "813434", "team": "home", "visibility": "visible"}, {"gameTime": "2 - 15:40", "label": "Ball out of play", "position": "940322", "team": "away", "visibility": "visible"}, {"gameTime": "2 - 16:27", "label": "Corner", "position": "987111", "team": "not applicable", "visibility": "visible"}, {"gameTime": "2 - 16:46", "label": "Ball out of play", "position": "1006995", "team": "home", "visibility": "not shown"}, {"gameTime": "2 - 17:11", "label": "Corner", "position": "1031264", "team": "not applicable", "visibility": "not shown"}, {"gameTime": "2 - 17:38", "label": "Ball out of play", "position": "1058289", "team": "home", "visibility": "visible"}, {"gameTime": "2 - 17:50", "label": "Throw-in", "position": "1070796", "team": "not applicable", "visibility": "visible"}, {"gameTime": "2 - 18:06", "label": "Foul", "position": "1086846", "team": "home", "visibility": "not shown"}, {"gameTime": "2 - 18:11", "label": "Direct free-kick", "position": "1091510", "team": "home", "visibility": "visible"}, {"gameTime": "2 - 18:22", "label": "Foul", "position": "1102063", "team": "away", "visibility": "visible"}, {"gameTime": "2 - 19:24", "label": "Penalty", "position": "1164429", "team": "away", "visibility": "visible"}, {"gameTime": "2 - 20:31", "label": "Shots on target", "position": "1231720", "team": "home", "visibility": "visible"}, {"gameTime": "2 - 20:31", "label": "Goal", "position": "1231720", "team": "home", "visibility": "visible"}, {"gameTime": "2 - 20:32", "label": "Yellow card", "position": "1232120", "team": "home", "visibility": "visible"}, {"gameTime": "2 - 21:10", "label": "Substitution", "position": "1270273", "team": "home", "visibility": "visible"}, {"gameTime": "2 - 22:03", "label": "Kick-off", "position": "1323544", "team": "away", "visibility": "visible"}, {"gameTime": "2 - 22:09", "label": "Ball out of play", "position": "1329086", "team": "away", "visibility": "visible"}, {"gameTime": "2 - 22:31", "label": "Shots on target", "position": "1351354", "team": "not applicable", "visibility": "not shown"}, {"gameTime": "2 - 22:44", "label": "Offside", "position": "1364599", "team": "home", "visibility": "visible"}, {"gameTime": "2 - 24:54", "label": "Indirect free-kick", "position": "1494111", "team": "away", "visibility": "visible"}, {"gameTime": "2 - 25:13", "label": "Ball out of play", "position": "1513714", "team": "home", "visibility": "not shown"}, {"gameTime": "2 - 26:40", "label": "Corner", "position": "1600258", "team": "not applicable", "visibility": "visible"}, {"gameTime": "2 - 27:07", "label": "Ball out of play", "position": "1627114", "team": "home", "visibility": "visible"}, {"gameTime": "2 - 28:43", "label": "Substitution", "position": "1723582", "team": "not applicable", "visibility": "visible"}, {"gameTime": "2 - 29:01", "label": "Throw-in", "position": "1741520", "team": "away", "visibility": "visible"}, {"gameTime": "2 - 29:20", "label": "Ball out of play", "position": "1760200", "team": "away", "visibility": "visible"}, {"gameTime": "2 - 29:27", "label": "Corner", "position": "1767999", "team": "not applicable", "visibility": "visible"}, {"gameTime": "2 - 29:47", "label": "Ball out of play", "position": "1787754", "team": "home", "visibility": "not shown"}, {"gameTime": "2 - 30:08", "label": "Substitution", "position": "1808101", "team": "not applicable", "visibility": "visible"}, {"gameTime": "2 - 30:44", "label": "Throw-in", "position": "1844720", "team": "home", "visibility": "visible"}, {"gameTime": "2 - 30:51", "label": "Foul", "position": "1851872", "team": "home", "visibility": "not shown"}, {"gameTime": "2 - 31:03", "label": "Direct free-kick", "position": "1863891", "team": "away", "visibility": "visible"}, {"gameTime": "2 - 31:11", "label": "Ball out of play", "position": "1871967", "team": "home", "visibility": "visible"}, {"gameTime": "2 - 31:44", "label": "Throw-in", "position": "1904245", "team": "not applicable", "visibility": "visible"}, {"gameTime": "2 - 31:51", "label": "Ball out of play", "position": "1911206", "team": "away", "visibility": "visible"}, {"gameTime": "2 - 32:02", "label": "Throw-in", "position": "1922511", "team": "not applicable", "visibility": "visible"}, {"gameTime": "2 - 32:16", "label": "Ball out of play", "position": "1936537", "team": "away", "visibility": "visible"}, {"gameTime": "2 - 32:21", "label": "Clearance", "position": "1941958", "team": "not applicable", "visibility": "visible"}, {"gameTime": "2 - 32:51", "label": "Foul", "position": "1971078", "team": "home", "visibility": "visible"}, {"gameTime": "2 - 34:07", "label": "Yellow card", "position": "2047899", "team": "away", "visibility": "visible"}, {"gameTime": "2 - 34:13", "label": "Direct free-kick", "position": "2053000", "team": "away", "visibility": "visible"}, {"gameTime": "2 - 35:16", "label": "Offside", "position": "2116111", "team": "home", "visibility": "not shown"}, {"gameTime": "2 - 35:37", "label": "Indirect free-kick", "position": "2137152", "team": "home", "visibility": "visible"}, {"gameTime": "2 - 35:48", "label": "Shots on target", "position": "2148432", "team": "away", "visibility": "visible"}, {"gameTime": "2 - 36:16", "label": "Ball out of play", "position": "2176053", "team": "home", "visibility": "visible"}, {"gameTime": "2 - 36:16", "label": "Clearance", "position": "2176573", "team": "not applicable", "visibility": "visible"}, {"gameTime": "2 - 36:29", "label": "Ball out of play", "position": "2189132", "team": "away", "visibility": "not shown"}, {"gameTime": "2 - 36:48", "label": "Corner", "position": "2208319", "team": "not applicable", "visibility": "visible"}, {"gameTime": "2 - 37:15", "label": "Shots off target", "position": "2235633", "team": "home", "visibility": "visible"}, {"gameTime": "2 - 37:24", "label": "Ball out of play", "position": "2244193", "team": "home", "visibility": "visible"}, {"gameTime": "2 - 37:25", "label": "Clearance", "position": "2245149", "team": "not applicable", "visibility": "visible"}, {"gameTime": "2 - 37:46", "label": "Shots on target", "position": "2266347", "team": "away", "visibility": "visible"}, {"gameTime": "2 - 38:20", "label": "Foul", "position": "2300544", "team": "away", "visibility": "visible"}, {"gameTime": "2 - 39:20", "label": "Yellow card", "position": "2360000", "team": "home", "visibility": "not shown"}, {"gameTime": "2 - 39:27", "label": "Direct free-kick", "position": "2367400", "team": "home", "visibility": "visible"}, {"gameTime": "2 - 40:03", "label": "Ball out of play", "position": "2403238", "team": "away", "visibility": "visible"}, {"gameTime": "2 - 40:22", "label": "Corner", "position": "2422423", "team": "not applicable", "visibility": "visible"}, {"gameTime": "2 - 40:46", "label": "Shots off target", "position": "2446152", "team": "home", "visibility": "visible"}, {"gameTime": "2 - 41:13", "label": "Ball out of play", "position": "2473007", "team": "away", "visibility": "visible"}, {"gameTime": "2 - 41:13", "label": "Substitution", "position": "2473687", "team": "not applicable", "visibility": "visible"}, {"gameTime": "2 - 41:49", "label": "Clearance", "position": "2509280", "team": "home", "visibility": "visible"}, {"gameTime": "2 - 42:03", "label": "Shots off target", "position": "2523507", "team": "home", "visibility": "visible"}, {"gameTime": "2 - 43:01", "label": "Ball out of play", "position": "2581173", "team": "home", "visibility": "visible"}, {"gameTime": "2 - 43:05", "label": "Corner", "position": "2585451", "team": "not applicable", "visibility": "visible"}, {"gameTime": "2 - 43:32", "label": "Shots off target", "position": "2612452", "team": "home", "visibility": "visible"}, {"gameTime": "2 - 43:33", "label": "Ball out of play", "position": "2613996", "team": "home", "visibility": "visible"}, {"gameTime": "2 - 43:36", "label": "Clearance", "position": "2616036", "team": "not applicable", "visibility": "visible"}, {"gameTime": "2 - 43:50", "label": "Foul", "position": "2630903", "team": "away", "visibility": "not shown"}, {"gameTime": "2 - 43:57", "label": "Direct free-kick", "position": "2637043", "team": "home", "visibility": "visible"}, {"gameTime": "2 - 44:10", "label": "Ball out of play", "position": "2650400", "team": "away", "visibility": "not shown"}, {"gameTime": "2 - 44:57", "label": "Ball out of play", "position": "2697154", "team": "not applicable", "visibility": "visible"}], "gameAwayTeam": "Angers", "gameDate": "30/11/2016 - 23:00", "gameHomeTeam": "Paris SG", "gameScore": "2 - 0"}