{"UrlLocal": "england_epl/2016-2017/2016-09-24 - 14-30 Manchester United 4 - 1 Leicester/", "UrlYoutube": "", "annotations": [{"gameTime": "1 - 00:00", "label": "Ball out of play", "position": "0", "team": "home", "visibility": "not shown"}, {"gameTime": "1 - 00:12", "label": "Throw-in", "position": "12916", "team": "not applicable", "visibility": "visible"}, {"gameTime": "1 - 00:24", "label": "Ball out of play", "position": "24470", "team": "home", "visibility": "not shown"}, {"gameTime": "1 - 00:27", "label": "Throw-in", "position": "27828", "team": "not applicable", "visibility": "visible"}, {"gameTime": "1 - 00:32", "label": "Ball out of play", "position": "32236", "team": "home", "visibility": "visible"}, {"gameTime": "1 - 01:03", "label": "Throw-in", "position": "63655", "team": "not applicable", "visibility": "visible"}, {"gameTime": "1 - 01:26", "label": "Foul", "position": "86189", "team": "away", "visibility": "visible"}, {"gameTime": "1 - 02:29", "label": "Indirect free-kick", "position": "149085", "team": "home", "visibility": "visible"}, {"gameTime": "1 - 02:55", "label": "Ball out of play", "position": "175076", "team": "away", "visibility": "visible"}, {"gameTime": "1 - 03:03", "label": "Throw-in", "position": "183020", "team": "not applicable", "visibility": "visible"}, {"gameTime": "1 - 03:13", "label": "Ball out of play", "position": "193390", "team": "away", "visibility": "visible"}, {"gameTime": "1 - 03:22", "label": "Throw-in", "position": "202016", "team": "not applicable", "visibility": "visible"}, {"gameTime": "1 - 03:27", "label": "Shots off target", "position": "207946", "team": "home", "visibility": "not shown"}, {"gameTime": "1 - 03:51", "label": "Ball out of play", "position": "231214", "team": "home", "visibility": "visible"}, {"gameTime": "1 - 03:52", "label": "Clearance", "position": "232574", "team": "not applicable", "visibility": "visible"}, {"gameTime": "1 - 04:18", "label": "Foul", "position": "258268", "team": "away", "visibility": "visible"}, {"gameTime": "1 - 04:57", "label": "Indirect free-kick", "position": "297008", "team": "away", "visibility": "visible"}, {"gameTime": "1 - 05:14", "label": "Ball out of play", "position": "314045", "team": "home", "visibility": "not shown"}, {"gameTime": "1 - 05:31", "label": "Throw-in", "position": "331486", "team": "not applicable", "visibility": "visible"}, {"gameTime": "1 - 05:43", "label": "Ball out of play", "position": "343176", "team": "home", "visibility": "visible"}, {"gameTime": "1 - 06:17", "label": "Corner", "position": "377433", "team": "not applicable", "visibility": "visible"}, {"gameTime": "1 - 06:34", "label": "Shots off target", "position": "394810", "team": "home", "visibility": "visible"}, {"gameTime": "1 - 06:45", "label": "Ball out of play", "position": "405168", "team": "home", "visibility": "visible"}, {"gameTime": "1 - 06:46", "label": "Clearance", "position": "406328", "team": "not applicable", "visibility": "visible"}, {"gameTime": "1 - 07:20", "label": "Offside", "position": "440703", "team": "away", "visibility": "not shown"}, {"gameTime": "1 - 07:30", "label": "Indirect free-kick", "position": "450687", "team": "away", "visibility": "visible"}, {"gameTime": "1 - 08:04", "label": "Ball out of play", "position": "484185", "team": "home", "visibility": "visible"}, {"gameTime": "1 - 08:27", "label": "Throw-in", "position": "507103", "team": "not applicable", "visibility": "visible"}, {"gameTime": "1 - 08:40", "label": "Ball out of play", "position": "520849", "team": "home", "visibility": "visible"}, {"gameTime": "1 - 09:01", "label": "Throw-in", "position": "541477", "team": "not applicable", "visibility": "not shown"}, {"gameTime": "1 - 09:15", "label": "Ball out of play", "position": "555877", "team": "away", "visibility": "visible"}, {"gameTime": "1 - 09:24", "label": "Throw-in", "position": "564241", "team": "not applicable", "visibility": "visible"}, {"gameTime": "1 - 09:42", "label": "Shots off target", "position": "582302", "team": "away", "visibility": "visible"}, {"gameTime": "1 - 09:49", "label": "Ball out of play", "position": "589867", "team": "away", "visibility": "visible"}, {"gameTime": "1 - 10:11", "label": "Throw-in", "position": "611980", "team": "not applicable", "visibility": "not shown"}, {"gameTime": "1 - 10:31", "label": "Ball out of play", "position": "631630", "team": "away", "visibility": "visible"}, {"gameTime": "1 - 10:45", "label": "Corner", "position": "645913", "team": "not applicable", "visibility": "visible"}, {"gameTime": "1 - 11:14", "label": "Shots on target", "position": "674293", "team": "away", "visibility": "visible"}, {"gameTime": "1 - 11:21", "label": "Offside", "position": "681615", "team": "away", "visibility": "visible"}, {"gameTime": "1 - 12:52", "label": "Indirect free-kick", "position": "772219", "team": "away", "visibility": "visible"}, {"gameTime": "1 - 13:25", "label": "Ball out of play", "position": "805823", "team": "home", "visibility": "visible"}, {"gameTime": "1 - 14:23", "label": "Throw-in", "position": "863952", "team": "not applicable", "visibility": "visible"}, {"gameTime": "1 - 14:46", "label": "Ball out of play", "position": "886005", "team": "away", "visibility": "visible"}, {"gameTime": "1 - 15:07", "label": "Throw-in", "position": "907476", "team": "not applicable", "visibility": "visible"}, {"gameTime": "1 - 15:13", "label": "Foul", "position": "913567", "team": "home", "visibility": "visible"}, {"gameTime": "1 - 15:31", "label": "Indirect free-kick", "position": "931692", "team": "home", "visibility": "visible"}, {"gameTime": "1 - 15:47", "label": "Ball out of play", "position": "947098", "team": "away", "visibility": "visible"}, {"gameTime": "1 - 15:55", "label": "Corner", "position": "955639", "team": "not applicable", "visibility": "visible"}, {"gameTime": "1 - 16:12", "label": "Shots on target", "position": "972585", "team": "away", "visibility": "visible"}, {"gameTime": "1 - 16:23", "label": "Shots off target", "position": "983668", "team": "away", "visibility": "visible"}, {"gameTime": "1 - 16:26", "label": "Shots off target", "position": "986263", "team": "away", "visibility": "visible"}, {"gameTime": "1 - 16:32", "label": "Ball out of play", "position": "992233", "team": "away", "visibility": "visible"}, {"gameTime": "1 - 16:32", "label": "Indirect free-kick", "position": "992713", "team": "not applicable", "visibility": "visible"}, {"gameTime": "1 - 17:15", "label": "Foul", "position": "1035879", "team": "home", "visibility": "visible"}, {"gameTime": "1 - 17:34", "label": "Indirect free-kick", "position": "1054103", "team": "home", "visibility": "visible"}, {"gameTime": "1 - 18:02", "label": "Ball out of play", "position": "1082160", "team": "away", "visibility": "visible"}, {"gameTime": "1 - 21:17", "label": "Corner", "position": "1277869", "team": "not applicable", "visibility": "visible"}, {"gameTime": "1 - 21:46", "label": "Shots on target", "position": "1306153", "team": "home", "visibility": "visible"}, {"gameTime": "1 - 21:47", "label": "Goal", "position": "1307978", "team": "home", "visibility": "visible"}, {"gameTime": "1 - 21:48", "label": "Kick-off", "position": "1308462", "team": "home", "visibility": "visible"}, {"gameTime": "1 - 22:35", "label": "Foul", "position": "1355814", "team": "away", "visibility": "not shown"}, {"gameTime": "1 - 23:08", "label": "Direct free-kick", "position": "1388625", "team": "home", "visibility": "visible"}, {"gameTime": "1 - 23:47", "label": "Ball out of play", "position": "1427365", "team": "away", "visibility": "visible"}, {"gameTime": "1 - 23:52", "label": "Corner", "position": "1432702", "team": "not applicable", "visibility": "visible"}, {"gameTime": "1 - 24:21", "label": "Shots off target", "position": "1461754", "team": "away", "visibility": "visible"}, {"gameTime": "1 - 24:44", "label": "Ball out of play", "position": "1484384", "team": "home", "visibility": "visible"}, {"gameTime": "1 - 24:44", "label": "Clearance", "position": "1484904", "team": "not applicable", "visibility": "visible"}, {"gameTime": "1 - 25:12", "label": "Shots off target", "position": "1512868", "team": "away", "visibility": "not shown"}, {"gameTime": "1 - 25:44", "label": "Ball out of play", "position": "1544126", "team": "home", "visibility": "visible"}, {"gameTime": "1 - 25:45", "label": "Clearance", "position": "1545086", "team": "not applicable", "visibility": "visible"}, {"gameTime": "1 - 26:15", "label": "Shots off target", "position": "1575592", "team": "away", "visibility": "visible"}, {"gameTime": "1 - 26:33", "label": "Ball out of play", "position": "1593623", "team": "home", "visibility": "visible"}, {"gameTime": "1 - 26:34", "label": "Clearance", "position": "1594143", "team": "not applicable", "visibility": "visible"}, {"gameTime": "1 - 27:13", "label": "Foul", "position": "1633239", "team": "away", "visibility": "not shown"}, {"gameTime": "1 - 27:30", "label": "Indirect free-kick", "position": "1650104", "team": "home", "visibility": "visible"}, {"gameTime": "1 - 27:44", "label": "Ball out of play", "position": "1664076", "team": "away", "visibility": "visible"}, {"gameTime": "1 - 28:21", "label": "Clearance", "position": "1701274", "team": "not applicable", "visibility": "visible"}, {"gameTime": "1 - 28:53", "label": "Foul", "position": "1733777", "team": "away", "visibility": "visible"}, {"gameTime": "1 - 28:57", "label": "Indirect free-kick", "position": "1737141", "team": "away", "visibility": "visible"}, {"gameTime": "1 - 29:01", "label": "Shots on target", "position": "1741965", "team": "home", "visibility": "not shown"}, {"gameTime": "1 - 29:28", "label": "Ball out of play", "position": "1768500", "team": "home", "visibility": "visible"}, {"gameTime": "1 - 29:29", "label": "Corner", "position": "1769980", "team": "not applicable", "visibility": "visible"}, {"gameTime": "1 - 29:52", "label": "Ball out of play", "position": "1792605", "team": "home", "visibility": "visible"}, {"gameTime": "1 - 30:28", "label": "Throw-in", "position": "1828715", "team": "not applicable", "visibility": "visible"}, {"gameTime": "1 - 30:33", "label": "Ball out of play", "position": "1833005", "team": "home", "visibility": "not shown"}, {"gameTime": "1 - 30:55", "label": "Throw-in", "position": "1855062", "team": "not applicable", "visibility": "visible"}, {"gameTime": "1 - 31:04", "label": "Offside", "position": "1864477", "team": "home", "visibility": "visible"}, {"gameTime": "1 - 31:18", "label": "Indirect free-kick", "position": "1878172", "team": "home", "visibility": "visible"}, {"gameTime": "1 - 31:59", "label": "Ball out of play", "position": "1919298", "team": "away", "visibility": "not shown"}, {"gameTime": "1 - 32:25", "label": "Throw-in", "position": "1945492", "team": "not applicable", "visibility": "visible"}, {"gameTime": "1 - 32:47", "label": "Ball out of play", "position": "1967691", "team": "away", "visibility": "visible"}, {"gameTime": "1 - 34:24", "label": "Throw-in", "position": "2064121", "team": "not applicable", "visibility": "visible"}, {"gameTime": "1 - 34:44", "label": "Shots on target", "position": "2084858", "team": "home", "visibility": "visible"}, {"gameTime": "1 - 36:00", "label": "Goal", "position": "2160456", "team": "home", "visibility": "visible"}, {"gameTime": "1 - 36:01", "label": "Kick-off", "position": "2161240", "team": "home", "visibility": "visible"}, {"gameTime": "1 - 37:14", "label": "Ball out of play", "position": "2234956", "team": "away", "visibility": "visible"}, {"gameTime": "1 - 37:23", "label": "Throw-in", "position": "2243880", "team": "not applicable", "visibility": "visible"}, {"gameTime": "1 - 37:46", "label": "Foul", "position": "2266528", "team": "home", "visibility": "visible"}, {"gameTime": "1 - 37:48", "label": "Indirect free-kick", "position": "2268742", "team": "away", "visibility": "visible"}, {"gameTime": "1 - 38:00", "label": "Ball out of play", "position": "2280712", "team": "home", "visibility": "visible"}, {"gameTime": "1 - 38:36", "label": "Corner", "position": "2316479", "team": "not applicable", "visibility": "visible"}, {"gameTime": "1 - 38:58", "label": "Shots on target", "position": "2338428", "team": "home", "visibility": "visible"}, {"gameTime": "1 - 39:00", "label": "Goal", "position": "2340315", "team": "home", "visibility": "visible"}, {"gameTime": "1 - 39:00", "label": "Kick-off", "position": "2340480", "team": "home", "visibility": "visible"}, {"gameTime": "1 - 39:53", "label": "Ball out of play", "position": "2393861", "team": "away", "visibility": "visible"}, {"gameTime": "1 - 40:10", "label": "Throw-in", "position": "2410280", "team": "not applicable", "visibility": "visible"}, {"gameTime": "1 - 40:35", "label": "Ball out of play", "position": "2435841", "team": "home", "visibility": "visible"}, {"gameTime": "1 - 40:52", "label": "Corner", "position": "2452636", "team": "not applicable", "visibility": "visible"}, {"gameTime": "1 - 41:14", "label": "Shots on target", "position": "2474029", "team": "home", "visibility": "visible"}, {"gameTime": "1 - 41:15", "label": "Goal", "position": "2475516", "team": "home", "visibility": "visible"}, {"gameTime": "1 - 41:15", "label": "Kick-off", "position": "2475880", "team": "home", "visibility": "visible"}, {"gameTime": "1 - 42:08", "label": "Ball out of play", "position": "2528660", "team": "away", "visibility": "not shown"}, {"gameTime": "1 - 42:58", "label": "Throw-in", "position": "2578391", "team": "not applicable", "visibility": "visible"}, {"gameTime": "1 - 43:18", "label": "Ball out of play", "position": "2598783", "team": "home", "visibility": "visible"}, {"gameTime": "1 - 44:24", "label": "Throw-in", "position": "2664894", "team": "not applicable", "visibility": "visible"}, {"gameTime": "1 - 44:50", "label": "Ball out of play", "position": "2690259", "team": "home", "visibility": "visible"}, {"gameTime": "1 - 44:57", "label": "Throw-in", "position": "2697697", "team": "not applicable", "visibility": "visible"}, {"gameTime": "1 - 45:00", "label": "Throw-in", "position": "2700003", "team": "home", "visibility": "not shown"}, {"gameTime": "2 - 00:00", "label": "Kick-off", "position": "0", "team": "away", "visibility": "not shown"}, {"gameTime": "2 - 00:00", "label": "Substitution", "position": "0", "team": "away", "visibility": "not shown"}, {"gameTime": "2 - 00:00", "label": "Ball out of play", "position": "33", "team": "away", "visibility": "not shown"}, {"gameTime": "2 - 00:05", "label": "Throw-in", "position": "5215", "team": "not applicable", "visibility": "visible"}, {"gameTime": "2 - 00:20", "label": "Ball out of play", "position": "20620", "team": "home", "visibility": "not shown"}, {"gameTime": "2 - 00:23", "label": "Throw-in", "position": "23660", "team": "not applicable", "visibility": "not shown"}, {"gameTime": "2 - 00:36", "label": "Foul", "position": "36864", "team": "away", "visibility": "visible"}, {"gameTime": "2 - 01:14", "label": "Indirect free-kick", "position": "74590", "team": "away", "visibility": "visible"}, {"gameTime": "2 - 01:31", "label": "Ball out of play", "position": "91676", "team": "home", "visibility": "visible"}, {"gameTime": "2 - 02:10", "label": "Throw-in", "position": "130770", "team": "not applicable", "visibility": "visible"}, {"gameTime": "2 - 02:27", "label": "Ball out of play", "position": "147866", "team": "home", "visibility": "visible"}, {"gameTime": "2 - 02:58", "label": "Throw-in", "position": "178304", "team": "not applicable", "visibility": "visible"}, {"gameTime": "2 - 03:05", "label": "Foul", "position": "185610", "team": "home", "visibility": "visible"}, {"gameTime": "2 - 04:28", "label": "Yellow card", "position": "268892", "team": "away", "visibility": "visible"}, {"gameTime": "2 - 04:35", "label": "Indirect free-kick", "position": "275000", "team": "away", "visibility": "visible"}, {"gameTime": "2 - 05:06", "label": "Shots off target", "position": "306706", "team": "home", "visibility": "visible"}, {"gameTime": "2 - 07:13", "label": "Ball out of play", "position": "433885", "team": "home", "visibility": "visible"}, {"gameTime": "2 - 07:14", "label": "Clearance", "position": "434769", "team": "not applicable", "visibility": "visible"}, {"gameTime": "2 - 07:43", "label": "Foul", "position": "463036", "team": "away", "visibility": "not shown"}, {"gameTime": "2 - 07:58", "label": "Indirect free-kick", "position": "478564", "team": "away", "visibility": "visible"}, {"gameTime": "2 - 08:07", "label": "Ball out of play", "position": "487043", "team": "home", "visibility": "visible"}, {"gameTime": "2 - 08:37", "label": "Clearance", "position": "517856", "team": "not applicable", "visibility": "visible"}, {"gameTime": "2 - 09:10", "label": "Ball out of play", "position": "550858", "team": "home", "visibility": "visible"}, {"gameTime": "2 - 09:18", "label": "Throw-in", "position": "558432", "team": "not applicable", "visibility": "visible"}, {"gameTime": "2 - 09:23", "label": "Ball out of play", "position": "563187", "team": "home", "visibility": "visible"}, {"gameTime": "2 - 09:26", "label": "Throw-in", "position": "566150", "team": "not applicable", "visibility": "visible"}, {"gameTime": "2 - 09:31", "label": "Foul", "position": "571669", "team": "home", "visibility": "visible"}, {"gameTime": "2 - 09:50", "label": "Indirect free-kick", "position": "590025", "team": "home", "visibility": "visible"}, {"gameTime": "2 - 10:16", "label": "Ball out of play", "position": "616650", "team": "away", "visibility": "not shown"}, {"gameTime": "2 - 10:32", "label": "Throw-in", "position": "632801", "team": "not applicable", "visibility": "visible"}, {"gameTime": "2 - 10:50", "label": "Shots on target", "position": "650390", "team": "away", "visibility": "visible"}, {"gameTime": "2 - 13:58", "label": "Goal", "position": "838357", "team": "away", "visibility": "visible"}, {"gameTime": "2 - 13:59", "label": "Kick-off", "position": "839320", "team": "away", "visibility": "visible"}, {"gameTime": "2 - 14:39", "label": "Ball out of play", "position": "879854", "team": "home", "visibility": "not shown"}, {"gameTime": "2 - 15:40", "label": "Throw-in", "position": "940590", "team": "not applicable", "visibility": "visible"}, {"gameTime": "2 - 16:02", "label": "Ball out of play", "position": "962684", "team": "away", "visibility": "visible"}, {"gameTime": "2 - 16:08", "label": "Substitution", "position": "968859", "team": "not applicable", "visibility": "visible"}, {"gameTime": "2 - 16:19", "label": "Throw-in", "position": "979800", "team": "away", "visibility": "visible"}, {"gameTime": "2 - 16:25", "label": "Ball out of play", "position": "985506", "team": "away", "visibility": "not shown"}, {"gameTime": "2 - 16:57", "label": "Throw-in", "position": "1017127", "team": "not applicable", "visibility": "visible"}, {"gameTime": "2 - 17:14", "label": "Shots off target", "position": "1034447", "team": "away", "visibility": "visible"}, {"gameTime": "2 - 17:21", "label": "Ball out of play", "position": "1041048", "team": "away", "visibility": "visible"}, {"gameTime": "2 - 17:23", "label": "Throw-in", "position": "1043963", "team": "not applicable", "visibility": "visible"}, {"gameTime": "2 - 17:43", "label": "Shots on target", "position": "1063603", "team": "away", "visibility": "visible"}, {"gameTime": "2 - 17:47", "label": "Ball out of play", "position": "1067657", "team": "away", "visibility": "visible"}, {"gameTime": "2 - 18:54", "label": "Clearance", "position": "1134591", "team": "not applicable", "visibility": "visible"}, {"gameTime": "2 - 19:24", "label": "Ball out of play", "position": "1164357", "team": "away", "visibility": "visible"}, {"gameTime": "2 - 20:01", "label": "Throw-in", "position": "1201452", "team": "not applicable", "visibility": "visible"}, {"gameTime": "2 - 20:27", "label": "Shots off target", "position": "1227820", "team": "home", "visibility": "visible"}, {"gameTime": "2 - 20:39", "label": "Ball out of play", "position": "1239022", "team": "home", "visibility": "visible"}, {"gameTime": "2 - 20:39", "label": "Corner", "position": "1239790", "team": "not applicable", "visibility": "visible"}, {"gameTime": "2 - 21:12", "label": "Foul", "position": "1272295", "team": "home", "visibility": "visible"}, {"gameTime": "2 - 22:07", "label": "Indirect free-kick", "position": "1327127", "team": "home", "visibility": "visible"}, {"gameTime": "2 - 22:17", "label": "Shots on target", "position": "1337677", "team": "away", "visibility": "visible"}, {"gameTime": "2 - 22:37", "label": "Foul", "position": "1357212", "team": "away", "visibility": "visible"}, {"gameTime": "2 - 23:25", "label": "Indirect free-kick", "position": "1405168", "team": "away", "visibility": "visible"}, {"gameTime": "2 - 23:55", "label": "Foul", "position": "1435964", "team": "home", "visibility": "visible"}, {"gameTime": "2 - 24:16", "label": "Indirect free-kick", "position": "1456076", "team": "away", "visibility": "visible"}, {"gameTime": "2 - 24:31", "label": "Ball out of play", "position": "1471493", "team": "home", "visibility": "visible"}, {"gameTime": "2 - 24:52", "label": "Clearance", "position": "1492269", "team": "not applicable", "visibility": "visible"}, {"gameTime": "2 - 25:03", "label": "Ball out of play", "position": "1503057", "team": "away", "visibility": "visible"}, {"gameTime": "2 - 25:39", "label": "Corner", "position": "1539319", "team": "not applicable", "visibility": "visible"}, {"gameTime": "2 - 26:07", "label": "Shots off target", "position": "1567693", "team": "home", "visibility": "visible"}, {"gameTime": "2 - 26:12", "label": "Ball out of play", "position": "1572931", "team": "home", "visibility": "visible"}, {"gameTime": "2 - 26:13", "label": "Clearance", "position": "1573731", "team": "not applicable", "visibility": "visible"}, {"gameTime": "2 - 26:40", "label": "Foul", "position": "1600774", "team": "away", "visibility": "not shown"}, {"gameTime": "2 - 26:55", "label": "Indirect free-kick", "position": "1615725", "team": "home", "visibility": "visible"}, {"gameTime": "2 - 27:10", "label": "Foul", "position": "1630408", "team": "away", "visibility": "not shown"}, {"gameTime": "2 - 28:02", "label": "Yellow card", "position": "1682139", "team": "away", "visibility": "visible"}, {"gameTime": "2 - 28:09", "label": "Indirect free-kick", "position": "1689000", "team": "away", "visibility": "visible"}, {"gameTime": "2 - 28:26", "label": "Ball out of play", "position": "1706968", "team": "home", "visibility": "visible"}, {"gameTime": "2 - 29:04", "label": "Corner", "position": "1744569", "team": "not applicable", "visibility": "visible"}, {"gameTime": "2 - 29:28", "label": "Shots off target", "position": "1768978", "team": "home", "visibility": "visible"}, {"gameTime": "2 - 30:08", "label": "Ball out of play", "position": "1808646", "team": "home", "visibility": "visible"}, {"gameTime": "2 - 30:09", "label": "Clearance", "position": "1809846", "team": "not applicable", "visibility": "visible"}, {"gameTime": "2 - 30:49", "label": "Shots on target", "position": "1849914", "team": "away", "visibility": "not shown"}, {"gameTime": "2 - 31:18", "label": "Ball out of play", "position": "1878819", "team": "away", "visibility": "visible"}, {"gameTime": "2 - 31:21", "label": "Corner", "position": "1881339", "team": "not applicable", "visibility": "visible"}, {"gameTime": "2 - 31:55", "label": "Ball out of play", "position": "1915300", "team": "away", "visibility": "visible"}, {"gameTime": "2 - 32:09", "label": "Substitution", "position": "1929963", "team": "not applicable", "visibility": "visible"}, {"gameTime": "2 - 32:44", "label": "Throw-in", "position": "1964800", "team": "home", "visibility": "visible"}, {"gameTime": "2 - 33:06", "label": "Ball out of play", "position": "1986872", "team": "home", "visibility": "visible"}, {"gameTime": "2 - 34:12", "label": "Throw-in", "position": "2052778", "team": "not applicable", "visibility": "visible"}, {"gameTime": "2 - 34:22", "label": "Ball out of play", "position": "2062239", "team": "home", "visibility": "not shown"}, {"gameTime": "2 - 35:26", "label": "Corner", "position": "2126462", "team": "not applicable", "visibility": "visible"}, {"gameTime": "2 - 35:45", "label": "Shots off target", "position": "2145424", "team": "away", "visibility": "visible"}, {"gameTime": "2 - 35:48", "label": "Ball out of play", "position": "2148964", "team": "away", "visibility": "visible"}, {"gameTime": "2 - 35:50", "label": "Corner", "position": "2150480", "team": "not applicable", "visibility": "visible"}, {"gameTime": "2 - 36:12", "label": "Offside", "position": "2172147", "team": "away", "visibility": "visible"}, {"gameTime": "2 - 37:17", "label": "Substitution", "position": "2237066", "team": "home", "visibility": "visible"}, {"gameTime": "2 - 37:28", "label": "Indirect free-kick", "position": "2248000", "team": "home", "visibility": "visible"}, {"gameTime": "2 - 37:31", "label": "Shots on target", "position": "2251600", "team": "away", "visibility": "not shown"}, {"gameTime": "2 - 39:33", "label": "Ball out of play", "position": "2373053", "team": "home", "visibility": "visible"}, {"gameTime": "2 - 41:23", "label": "Substitution", "position": "2483270", "team": "not applicable", "visibility": "visible"}, {"gameTime": "2 - 41:53", "label": "Throw-in", "position": "2513280", "team": "home", "visibility": "visible"}, {"gameTime": "2 - 41:59", "label": "Ball out of play", "position": "2519110", "team": "home", "visibility": "not shown"}, {"gameTime": "2 - 42:15", "label": "Throw-in", "position": "2535288", "team": "not applicable", "visibility": "visible"}, {"gameTime": "2 - 42:22", "label": "Ball out of play", "position": "2542316", "team": "home", "visibility": "not shown"}, {"gameTime": "2 - 42:42", "label": "Throw-in", "position": "2562847", "team": "not applicable", "visibility": "visible"}, {"gameTime": "2 - 42:53", "label": "Ball out of play", "position": "2573209", "team": "away", "visibility": "visible"}, {"gameTime": "2 - 42:59", "label": "Throw-in", "position": "2579901", "team": "not applicable", "visibility": "visible"}, {"gameTime": "2 - 43:03", "label": "Ball out of play", "position": "2583076", "team": "home", "visibility": "not shown"}, {"gameTime": "2 - 43:30", "label": "Throw-in", "position": "2610912", "team": "not applicable", "visibility": "visible"}, {"gameTime": "2 - 43:53", "label": "Foul", "position": "2633614", "team": "away", "visibility": "visible"}, {"gameTime": "2 - 44:04", "label": "Indirect free-kick", "position": "2644480", "team": "home", "visibility": "visible"}, {"gameTime": "2 - 44:38", "label": "Indirect free-kick", "position": "2678145", "team": "away", "visibility": "visible"}], "gameAwayTeam": "Leicester", "gameDate": "24/09/2016 - 14:30", "gameHomeTeam": "Manchester United", "gameScore": "4 - 1"}