{"UrlLocal": "france_ligue-1/2016-2017/2016-08-28 - 21-45 Monaco 3 - 1 Paris SG/", "UrlYoutube": "", "annotations": [{"gameTime": "1 - 00:00", "label": "Ball out of play", "position": "69", "team": "away", "visibility": "visible"}, {"gameTime": "1 - 01:37", "label": "Throw-in", "position": "97606", "team": "not applicable", "visibility": "visible"}, {"gameTime": "1 - 01:46", "label": "Ball out of play", "position": "106771", "team": "home", "visibility": "not shown"}, {"gameTime": "1 - 02:05", "label": "Throw-in", "position": "125247", "team": "not applicable", "visibility": "visible"}, {"gameTime": "1 - 02:17", "label": "Offside", "position": "137864", "team": "away", "visibility": "visible"}, {"gameTime": "1 - 02:49", "label": "Indirect free-kick", "position": "169703", "team": "away", "visibility": "visible"}, {"gameTime": "1 - 03:13", "label": "Ball out of play", "position": "193472", "team": "home", "visibility": "visible"}, {"gameTime": "1 - 03:41", "label": "Throw-in", "position": "221008", "team": "not applicable", "visibility": "visible"}, {"gameTime": "1 - 03:51", "label": "Ball out of play", "position": "231223", "team": "away", "visibility": "visible"}, {"gameTime": "1 - 04:17", "label": "Clearance", "position": "257443", "team": "not applicable", "visibility": "visible"}, {"gameTime": "1 - 04:38", "label": "Ball out of play", "position": "278951", "team": "away", "visibility": "visible"}, {"gameTime": "1 - 04:50", "label": "Throw-in", "position": "290408", "team": "not applicable", "visibility": "visible"}, {"gameTime": "1 - 05:06", "label": "Ball out of play", "position": "306003", "team": "away", "visibility": "visible"}, {"gameTime": "1 - 05:14", "label": "Throw-in", "position": "314827", "team": "not applicable", "visibility": "visible"}, {"gameTime": "1 - 05:34", "label": "Foul", "position": "334617", "team": "away", "visibility": "visible"}, {"gameTime": "1 - 05:38", "label": "Direct free-kick", "position": "338192", "team": "away", "visibility": "visible"}, {"gameTime": "1 - 05:43", "label": "Foul", "position": "343492", "team": "home", "visibility": "not shown"}, {"gameTime": "1 - 06:13", "label": "Direct free-kick", "position": "373824", "team": "away", "visibility": "visible"}, {"gameTime": "1 - 07:56", "label": "Ball out of play", "position": "476803", "team": "home", "visibility": "visible"}, {"gameTime": "1 - 08:17", "label": "Clearance", "position": "497269", "team": "not applicable", "visibility": "visible"}, {"gameTime": "1 - 08:27", "label": "Shots off target", "position": "507368", "team": "away", "visibility": "not shown"}, {"gameTime": "1 - 10:16", "label": "Ball out of play", "position": "616660", "team": "away", "visibility": "visible"}, {"gameTime": "1 - 10:18", "label": "Corner", "position": "618011", "team": "not applicable", "visibility": "visible"}, {"gameTime": "1 - 10:46", "label": "Offside", "position": "646063", "team": "away", "visibility": "visible"}, {"gameTime": "1 - 11:39", "label": "Indirect free-kick", "position": "699630", "team": "away", "visibility": "visible"}, {"gameTime": "1 - 11:54", "label": "Shots on target", "position": "714033", "team": "home", "visibility": "not shown"}, {"gameTime": "1 - 12:30", "label": "Goal", "position": "750339", "team": "home", "visibility": "visible"}, {"gameTime": "1 - 12:31", "label": "Kick-off", "position": "751061", "team": "home", "visibility": "visible"}, {"gameTime": "1 - 13:22", "label": "Ball out of play", "position": "802877", "team": "away", "visibility": "not shown"}, {"gameTime": "1 - 13:40", "label": "Throw-in", "position": "820133", "team": "not applicable", "visibility": "visible"}, {"gameTime": "1 - 13:55", "label": "Shots off target", "position": "835522", "team": "home", "visibility": "not shown"}, {"gameTime": "1 - 14:43", "label": "Ball out of play", "position": "883299", "team": "home", "visibility": "visible"}, {"gameTime": "1 - 14:44", "label": "Clearance", "position": "884100", "team": "not applicable", "visibility": "visible"}, {"gameTime": "1 - 14:56", "label": "Foul", "position": "896213", "team": "away", "visibility": "not shown"}, {"gameTime": "1 - 15:11", "label": "Direct free-kick", "position": "911939", "team": "home", "visibility": "visible"}, {"gameTime": "1 - 15:19", "label": "Shots off target", "position": "919269", "team": "away", "visibility": "visible"}, {"gameTime": "1 - 15:39", "label": "Ball out of play", "position": "939670", "team": "home", "visibility": "visible"}, {"gameTime": "1 - 15:42", "label": "Clearance", "position": "942070", "team": "not applicable", "visibility": "visible"}, {"gameTime": "1 - 16:10", "label": "Foul", "position": "970771", "team": "away", "visibility": "visible"}, {"gameTime": "1 - 18:10", "label": "Direct free-kick", "position": "1090093", "team": "away", "visibility": "visible"}, {"gameTime": "1 - 20:00", "label": "Ball out of play", "position": "1200595", "team": "home", "visibility": "not shown"}, {"gameTime": "1 - 20:03", "label": "Throw-in", "position": "1203236", "team": "not applicable", "visibility": "visible"}, {"gameTime": "1 - 20:19", "label": "Ball out of play", "position": "1219227", "team": "away", "visibility": "visible"}, {"gameTime": "1 - 20:48", "label": "Throw-in", "position": "1248228", "team": "not applicable", "visibility": "visible"}, {"gameTime": "1 - 21:04", "label": "Foul", "position": "1264598", "team": "home", "visibility": "visible"}, {"gameTime": "1 - 21:09", "label": "Direct free-kick", "position": "1269522", "team": "away", "visibility": "visible"}, {"gameTime": "1 - 21:16", "label": "Shots off target", "position": "1276476", "team": "home", "visibility": "visible"}, {"gameTime": "1 - 22:10", "label": "Ball out of play", "position": "1330744", "team": "away", "visibility": "visible"}, {"gameTime": "1 - 22:11", "label": "Clearance", "position": "1331205", "team": "not applicable", "visibility": "visible"}, {"gameTime": "1 - 22:48", "label": "Ball out of play", "position": "1368073", "team": "home", "visibility": "visible"}, {"gameTime": "1 - 22:51", "label": "Throw-in", "position": "1371658", "team": "not applicable", "visibility": "not shown"}, {"gameTime": "1 - 23:08", "label": "Ball out of play", "position": "1388864", "team": "home", "visibility": "visible"}, {"gameTime": "1 - 23:11", "label": "Throw-in", "position": "1391839", "team": "not applicable", "visibility": "visible"}, {"gameTime": "1 - 23:20", "label": "Foul", "position": "1400647", "team": "home", "visibility": "not shown"}, {"gameTime": "1 - 23:38", "label": "Yellow card", "position": "1418272", "team": "home", "visibility": "visible"}, {"gameTime": "1 - 23:44", "label": "Direct free-kick", "position": "1424042", "team": "home", "visibility": "visible"}, {"gameTime": "1 - 24:34", "label": "Foul", "position": "1474242", "team": "away", "visibility": "visible"}, {"gameTime": "1 - 24:36", "label": "Indirect free-kick", "position": "1476199", "team": "away", "visibility": "visible"}, {"gameTime": "1 - 26:16", "label": "Foul", "position": "1576707", "team": "away", "visibility": "visible"}, {"gameTime": "1 - 26:22", "label": "Yellow card", "position": "1582369", "team": "away", "visibility": "visible"}, {"gameTime": "1 - 26:36", "label": "Direct free-kick", "position": "1596320", "team": "away", "visibility": "visible"}, {"gameTime": "1 - 27:09", "label": "Ball out of play", "position": "1629281", "team": "home", "visibility": "visible"}, {"gameTime": "1 - 27:23", "label": "Clearance", "position": "1643140", "team": "not applicable", "visibility": "visible"}, {"gameTime": "1 - 27:28", "label": "Ball out of play", "position": "1648117", "team": "away", "visibility": "not shown"}, {"gameTime": "1 - 28:28", "label": "Throw-in", "position": "1708860", "team": "not applicable", "visibility": "visible"}, {"gameTime": "1 - 28:47", "label": "Ball out of play", "position": "1727537", "team": "away", "visibility": "visible"}, {"gameTime": "1 - 29:30", "label": "Corner", "position": "1770902", "team": "not applicable", "visibility": "visible"}, {"gameTime": "1 - 29:44", "label": "Ball out of play", "position": "1784490", "team": "away", "visibility": "visible"}, {"gameTime": "1 - 30:34", "label": "Throw-in", "position": "1834203", "team": "not applicable", "visibility": "not shown"}, {"gameTime": "1 - 30:43", "label": "Ball out of play", "position": "1843449", "team": "away", "visibility": "visible"}, {"gameTime": "1 - 33:14", "label": "Throw-in", "position": "1994658", "team": "not applicable", "visibility": "visible"}, {"gameTime": "1 - 33:19", "label": "Shots off target", "position": "1999365", "team": "home", "visibility": "visible"}, {"gameTime": "1 - 36:06", "label": "Ball out of play", "position": "2166090", "team": "home", "visibility": "visible"}, {"gameTime": "1 - 36:06", "label": "Clearance", "position": "2166656", "team": "not applicable", "visibility": "visible"}, {"gameTime": "1 - 36:22", "label": "Ball out of play", "position": "2182996", "team": "away", "visibility": "not shown"}, {"gameTime": "1 - 37:30", "label": "Throw-in", "position": "2250996", "team": "not applicable", "visibility": "visible"}, {"gameTime": "1 - 37:41", "label": "Ball out of play", "position": "2261223", "team": "away", "visibility": "not shown"}, {"gameTime": "1 - 37:47", "label": "Throw-in", "position": "2267325", "team": "not applicable", "visibility": "visible"}, {"gameTime": "1 - 38:00", "label": "Foul", "position": "2280900", "team": "away", "visibility": "visible"}, {"gameTime": "1 - 38:02", "label": "Direct free-kick", "position": "2282516", "team": "home", "visibility": "visible"}, {"gameTime": "1 - 38:12", "label": "Shots on target", "position": "2292679", "team": "away", "visibility": "not shown"}, {"gameTime": "1 - 39:06", "label": "Foul", "position": "2346967", "team": "away", "visibility": "visible"}, {"gameTime": "1 - 39:22", "label": "Direct free-kick", "position": "2362210", "team": "home", "visibility": "visible"}, {"gameTime": "1 - 40:11", "label": "Ball out of play", "position": "2411544", "team": "away", "visibility": "visible"}, {"gameTime": "1 - 40:15", "label": "Throw-in", "position": "2415459", "team": "not applicable", "visibility": "visible"}, {"gameTime": "1 - 40:31", "label": "Offside", "position": "2431968", "team": "away", "visibility": "visible"}, {"gameTime": "1 - 42:27", "label": "Indirect free-kick", "position": "2547917", "team": "away", "visibility": "visible"}, {"gameTime": "1 - 42:59", "label": "Foul", "position": "2579011", "team": "home", "visibility": "visible"}, {"gameTime": "1 - 44:05", "label": "Direct free-kick", "position": "2645236", "team": "away", "visibility": "visible"}, {"gameTime": "1 - 45:07", "label": "Shots off target", "position": "2707896", "team": "home", "visibility": "visible"}, {"gameTime": "1 - 45:10", "label": "Foul", "position": "2710982", "team": "home", "visibility": "visible"}, {"gameTime": "1 - 45:12", "label": "Yellow card", "position": "2712390", "team": "away", "visibility": "visible"}, {"gameTime": "1 - 45:21", "label": "Shots on target", "position": "2721851", "team": "away", "visibility": "visible"}, {"gameTime": "1 - 46:24", "label": "Penalty", "position": "2784520", "team": "home", "visibility": "visible"}, {"gameTime": "1 - 46:24", "label": "Goal", "position": "2784520", "team": "home", "visibility": "visible"}, {"gameTime": "1 - 46:24", "label": "Kick-off", "position": "2784862", "team": "home", "visibility": "visible"}, {"gameTime": "1 - 47:17", "label": "Kick-off", "position": "2837949", "team": "away", "visibility": "visible"}, {"gameTime": "2 - 00:00", "label": "Ball out of play", "position": "14", "team": "home", "visibility": "visible"}, {"gameTime": "2 - 00:47", "label": "Throw-in", "position": "47361", "team": "not applicable", "visibility": "visible"}, {"gameTime": "2 - 00:56", "label": "Ball out of play", "position": "56728", "team": "away", "visibility": "visible"}, {"gameTime": "2 - 01:13", "label": "Throw-in", "position": "73833", "team": "not applicable", "visibility": "visible"}, {"gameTime": "2 - 01:20", "label": "Foul", "position": "80623", "team": "away", "visibility": "visible"}, {"gameTime": "2 - 02:02", "label": "Direct free-kick", "position": "122539", "team": "home", "visibility": "visible"}, {"gameTime": "2 - 02:56", "label": "Foul", "position": "176927", "team": "away", "visibility": "visible"}, {"gameTime": "2 - 05:16", "label": "Direct free-kick", "position": "316414", "team": "home", "visibility": "visible"}, {"gameTime": "2 - 05:24", "label": "Ball out of play", "position": "324626", "team": "away", "visibility": "not shown"}, {"gameTime": "2 - 05:59", "label": "Clearance", "position": "359402", "team": "not applicable", "visibility": "visible"}, {"gameTime": "2 - 06:13", "label": "Ball out of play", "position": "373524", "team": "away", "visibility": "not shown"}, {"gameTime": "2 - 06:37", "label": "Corner", "position": "397625", "team": "not applicable", "visibility": "visible"}, {"gameTime": "2 - 06:51", "label": "Ball out of play", "position": "411782", "team": "away", "visibility": "visible"}, {"gameTime": "2 - 06:59", "label": "Clearance", "position": "419157", "team": "not applicable", "visibility": "visible"}, {"gameTime": "2 - 07:34", "label": "Ball out of play", "position": "454707", "team": "home", "visibility": "not shown"}, {"gameTime": "2 - 07:50", "label": "Throw-in", "position": "470927", "team": "not applicable", "visibility": "visible"}, {"gameTime": "2 - 08:08", "label": "Shots off target", "position": "488498", "team": "away", "visibility": "visible"}, {"gameTime": "2 - 08:37", "label": "Ball out of play", "position": "517421", "team": "home", "visibility": "visible"}, {"gameTime": "2 - 08:38", "label": "Clearance", "position": "518376", "team": "not applicable", "visibility": "visible"}, {"gameTime": "2 - 08:49", "label": "Shots off target", "position": "529189", "team": "away", "visibility": "not shown"}, {"gameTime": "2 - 09:43", "label": "Ball out of play", "position": "583279", "team": "away", "visibility": "visible"}, {"gameTime": "2 - 09:43", "label": "Clearance", "position": "583800", "team": "not applicable", "visibility": "visible"}, {"gameTime": "2 - 10:18", "label": "Ball out of play", "position": "618773", "team": "home", "visibility": "visible"}, {"gameTime": "2 - 10:44", "label": "Throw-in", "position": "644148", "team": "not applicable", "visibility": "visible"}, {"gameTime": "2 - 10:57", "label": "Shots off target", "position": "657152", "team": "away", "visibility": "visible"}, {"gameTime": "2 - 11:21", "label": "Ball out of play", "position": "681907", "team": "home", "visibility": "visible"}, {"gameTime": "2 - 11:23", "label": "Corner", "position": "683610", "team": "not applicable", "visibility": "visible"}, {"gameTime": "2 - 12:00", "label": "Ball out of play", "position": "720913", "team": "home", "visibility": "visible"}, {"gameTime": "2 - 13:34", "label": "Throw-in", "position": "814303", "team": "not applicable", "visibility": "visible"}, {"gameTime": "2 - 14:02", "label": "Ball out of play", "position": "842656", "team": "home", "visibility": "visible"}, {"gameTime": "2 - 14:28", "label": "Corner", "position": "868491", "team": "not applicable", "visibility": "visible"}, {"gameTime": "2 - 14:56", "label": "Ball out of play", "position": "896979", "team": "home", "visibility": "visible"}, {"gameTime": "2 - 15:50", "label": "Substitution", "position": "950980", "team": "not applicable", "visibility": "visible"}, {"gameTime": "2 - 16:11", "label": "Throw-in", "position": "971234", "team": "away", "visibility": "visible"}, {"gameTime": "2 - 16:24", "label": "Ball out of play", "position": "984533", "team": "away", "visibility": "not shown"}, {"gameTime": "2 - 16:53", "label": "Corner", "position": "1013347", "team": "not applicable", "visibility": "visible"}, {"gameTime": "2 - 17:11", "label": "Shots on target", "position": "1031312", "team": "away", "visibility": "visible"}, {"gameTime": "2 - 17:21", "label": "Goal", "position": "1041080", "team": "away", "visibility": "visible"}, {"gameTime": "2 - 17:21", "label": "Kick-off", "position": "1041615", "team": "away", "visibility": "visible"}, {"gameTime": "2 - 17:58", "label": "Foul", "position": "1078267", "team": "home", "visibility": "not shown"}, {"gameTime": "2 - 19:45", "label": "Indirect free-kick", "position": "1185560", "team": "away", "visibility": "visible"}, {"gameTime": "2 - 19:48", "label": "Offside", "position": "1188983", "team": "home", "visibility": "visible"}, {"gameTime": "2 - 20:14", "label": "Ball out of play", "position": "1214753", "team": "away", "visibility": "visible"}, {"gameTime": "2 - 20:44", "label": "Throw-in", "position": "1244960", "team": "not applicable", "visibility": "visible"}, {"gameTime": "2 - 20:52", "label": "Ball out of play", "position": "1252601", "team": "away", "visibility": "not shown"}, {"gameTime": "2 - 21:31", "label": "Clearance", "position": "1291107", "team": "not applicable", "visibility": "visible"}, {"gameTime": "2 - 21:56", "label": "Shots off target", "position": "1316957", "team": "away", "visibility": "visible"}, {"gameTime": "2 - 22:20", "label": "Ball out of play", "position": "1340282", "team": "away", "visibility": "visible"}, {"gameTime": "2 - 22:20", "label": "Corner", "position": "1340562", "team": "not applicable", "visibility": "visible"}, {"gameTime": "2 - 22:59", "label": "Ball out of play", "position": "1379995", "team": "away", "visibility": "visible"}, {"gameTime": "2 - 23:04", "label": "Throw-in", "position": "1384942", "team": "not applicable", "visibility": "not shown"}, {"gameTime": "2 - 23:19", "label": "Ball out of play", "position": "1399332", "team": "away", "visibility": "visible"}, {"gameTime": "2 - 23:41", "label": "Substitution", "position": "1421170", "team": "not applicable", "visibility": "visible"}, {"gameTime": "2 - 24:08", "label": "Throw-in", "position": "1448726", "team": "away", "visibility": "visible"}, {"gameTime": "2 - 24:24", "label": "Ball out of play", "position": "1464910", "team": "home", "visibility": "visible"}, {"gameTime": "2 - 25:38", "label": "Substitution", "position": "1538120", "team": "not applicable", "visibility": "visible"}, {"gameTime": "2 - 25:58", "label": "Foul", "position": "1558551", "team": "home", "visibility": "visible"}, {"gameTime": "2 - 26:44", "label": "Direct free-kick", "position": "1604485", "team": "home", "visibility": "visible"}, {"gameTime": "2 - 26:49", "label": "Ball out of play", "position": "1609600", "team": "away", "visibility": "not shown"}, {"gameTime": "2 - 26:59", "label": "Clearance", "position": "1619071", "team": "not applicable", "visibility": "visible"}, {"gameTime": "2 - 27:34", "label": "Ball out of play", "position": "1654172", "team": "home", "visibility": "not shown"}, {"gameTime": "2 - 28:18", "label": "Corner", "position": "1698348", "team": "not applicable", "visibility": "visible"}, {"gameTime": "2 - 28:36", "label": "Shots off target", "position": "1716574", "team": "away", "visibility": "visible"}, {"gameTime": "2 - 28:48", "label": "Corner", "position": "1728847", "team": "away", "visibility": "visible"}, {"gameTime": "2 - 29:03", "label": "Ball out of play", "position": "1743653", "team": "away", "visibility": "visible"}, {"gameTime": "2 - 30:18", "label": "Throw-in", "position": "1818898", "team": "not applicable", "visibility": "visible"}, {"gameTime": "2 - 30:25", "label": "Offside", "position": "1825770", "team": "away", "visibility": "not shown"}, {"gameTime": "2 - 32:07", "label": "Substitution", "position": "1927248", "team": "away", "visibility": "visible"}, {"gameTime": "2 - 32:44", "label": "Indirect free-kick", "position": "1964252", "team": "home", "visibility": "visible"}, {"gameTime": "2 - 33:01", "label": "Ball out of play", "position": "1981697", "team": "home", "visibility": "visible"}, {"gameTime": "2 - 33:22", "label": "Throw-in", "position": "2002119", "team": "not applicable", "visibility": "visible"}, {"gameTime": "2 - 33:39", "label": "Goal", "position": "2019982", "team": "home", "visibility": "visible"}, {"gameTime": "2 - 34:36", "label": "Substitution", "position": "2076159", "team": "home", "visibility": "visible"}, {"gameTime": "2 - 35:41", "label": "Kick-off", "position": "2141640", "team": "away", "visibility": "visible"}, {"gameTime": "2 - 35:58", "label": "Ball out of play", "position": "2158466", "team": "away", "visibility": "not shown"}, {"gameTime": "2 - 36:06", "label": "Throw-in", "position": "2166723", "team": "not applicable", "visibility": "visible"}, {"gameTime": "2 - 36:21", "label": "Ball out of play", "position": "2181565", "team": "home", "visibility": "visible"}, {"gameTime": "2 - 36:25", "label": "Throw-in", "position": "2185365", "team": "not applicable", "visibility": "visible"}, {"gameTime": "2 - 36:27", "label": "Ball out of play", "position": "2187924", "team": "away", "visibility": "visible"}, {"gameTime": "2 - 37:02", "label": "Clearance", "position": "2222236", "team": "not applicable", "visibility": "visible"}, {"gameTime": "2 - 37:17", "label": "Ball out of play", "position": "2237979", "team": "away", "visibility": "visible"}, {"gameTime": "2 - 37:41", "label": "Throw-in", "position": "2261547", "team": "not applicable", "visibility": "visible"}, {"gameTime": "2 - 37:51", "label": "Ball out of play", "position": "2271583", "team": "away", "visibility": "visible"}, {"gameTime": "2 - 38:10", "label": "Throw-in", "position": "2290105", "team": "not applicable", "visibility": "visible"}, {"gameTime": "2 - 38:14", "label": "Ball out of play", "position": "2294277", "team": "away", "visibility": "visible"}, {"gameTime": "2 - 39:14", "label": "Throw-in", "position": "2354187", "team": "not applicable", "visibility": "visible"}, {"gameTime": "2 - 39:20", "label": "Foul", "position": "2360440", "team": "away", "visibility": "not shown"}, {"gameTime": "2 - 39:25", "label": "Direct free-kick", "position": "2365355", "team": "home", "visibility": "visible"}, {"gameTime": "2 - 39:56", "label": "Foul", "position": "2396468", "team": "away", "visibility": "visible"}, {"gameTime": "2 - 42:28", "label": "Direct free-kick", "position": "2548378", "team": "away", "visibility": "visible"}, {"gameTime": "2 - 42:56", "label": "Ball out of play", "position": "2576155", "team": "home", "visibility": "visible"}, {"gameTime": "2 - 45:25", "label": "Substitution", "position": "2725431", "team": "not applicable", "visibility": "visible"}, {"gameTime": "2 - 45:56", "label": "Throw-in", "position": "2756040", "team": "home", "visibility": "visible"}, {"gameTime": "2 - 46:04", "label": "Ball out of play", "position": "2764756", "team": "home", "visibility": "visible"}, {"gameTime": "2 - 46:36", "label": "Ball out of play", "position": "2796989", "team": "not applicable", "visibility": "visible"}], "gameAwayTeam": "Paris SG", "gameDate": "28/08/2016 - 21:45", "gameHomeTeam": "Monaco", "gameScore": "3 - 1"}