{"UrlLocal": "italy_serie-a/2016-2017/2016-10-26 - 21-45 Napoli 2 - 0 Empoli/", "UrlYoutube": "", "annotations": [{"gameTime": "1 - 00:00", "label": "Foul", "position": "6", "team": "away", "visibility": "visible"}, {"gameTime": "1 - 00:05", "label": "Indirect free-kick", "position": "5784", "team": "home", "visibility": "visible"}, {"gameTime": "1 - 00:12", "label": "Ball out of play", "position": "12037", "team": "away", "visibility": "not shown"}, {"gameTime": "1 - 00:33", "label": "Throw-in", "position": "33157", "team": "not applicable", "visibility": "visible"}, {"gameTime": "1 - 00:42", "label": "Ball out of play", "position": "42073", "team": "away", "visibility": "visible"}, {"gameTime": "1 - 00:47", "label": "Throw-in", "position": "47525", "team": "not applicable", "visibility": "visible"}, {"gameTime": "1 - 01:04", "label": "Ball out of play", "position": "64495", "team": "away", "visibility": "visible"}, {"gameTime": "1 - 01:42", "label": "Throw-in", "position": "102521", "team": "not applicable", "visibility": "visible"}, {"gameTime": "1 - 01:48", "label": "Ball out of play", "position": "108444", "team": "away", "visibility": "not shown"}, {"gameTime": "1 - 01:52", "label": "Throw-in", "position": "112083", "team": "not applicable", "visibility": "visible"}, {"gameTime": "1 - 02:02", "label": "Ball out of play", "position": "122283", "team": "home", "visibility": "visible"}, {"gameTime": "1 - 02:05", "label": "Throw-in", "position": "125544", "team": "not applicable", "visibility": "visible"}, {"gameTime": "1 - 02:09", "label": "Shots off target", "position": "129964", "team": "home", "visibility": "visible"}, {"gameTime": "1 - 02:29", "label": "Ball out of play", "position": "149168", "team": "home", "visibility": "visible"}, {"gameTime": "1 - 02:30", "label": "Ball out of play", "position": "150015", "team": "not applicable", "visibility": "visible"}, {"gameTime": "1 - 02:54", "label": "Throw-in", "position": "174396", "team": "not applicable", "visibility": "visible"}, {"gameTime": "1 - 02:59", "label": "Foul", "position": "179304", "team": "home", "visibility": "visible"}, {"gameTime": "1 - 04:01", "label": "Indirect free-kick", "position": "241156", "team": "home", "visibility": "visible"}, {"gameTime": "1 - 04:44", "label": "Ball out of play", "position": "284693", "team": "away", "visibility": "visible"}, {"gameTime": "1 - 04:55", "label": "Clearance", "position": "295918", "team": "not applicable", "visibility": "visible"}, {"gameTime": "1 - 05:06", "label": "Ball out of play", "position": "306873", "team": "home", "visibility": "visible"}, {"gameTime": "1 - 06:10", "label": "Throw-in", "position": "370144", "team": "not applicable", "visibility": "visible"}, {"gameTime": "1 - 06:15", "label": "Foul", "position": "375356", "team": "home", "visibility": "not shown"}, {"gameTime": "1 - 07:58", "label": "Indirect free-kick", "position": "478468", "team": "home", "visibility": "visible"}, {"gameTime": "1 - 08:08", "label": "Shots on target", "position": "488824", "team": "away", "visibility": "visible"}, {"gameTime": "1 - 08:39", "label": "Ball out of play", "position": "519888", "team": "home", "visibility": "visible"}, {"gameTime": "1 - 08:52", "label": "Throw-in", "position": "532623", "team": "not applicable", "visibility": "visible"}, {"gameTime": "1 - 08:58", "label": "Foul", "position": "538186", "team": "home", "visibility": "visible"}, {"gameTime": "1 - 09:30", "label": "Indirect free-kick", "position": "570933", "team": "home", "visibility": "visible"}, {"gameTime": "1 - 09:39", "label": "Ball out of play", "position": "579319", "team": "away", "visibility": "not shown"}, {"gameTime": "1 - 10:04", "label": "Throw-in", "position": "604621", "team": "not applicable", "visibility": "visible"}, {"gameTime": "1 - 10:17", "label": "Ball out of play", "position": "617010", "team": "away", "visibility": "visible"}, {"gameTime": "1 - 10:27", "label": "Throw-in", "position": "627218", "team": "not applicable", "visibility": "visible"}, {"gameTime": "1 - 10:43", "label": "Ball out of play", "position": "643625", "team": "away", "visibility": "visible"}, {"gameTime": "1 - 11:15", "label": "Clearance", "position": "675233", "team": "not applicable", "visibility": "visible"}, {"gameTime": "1 - 11:37", "label": "Shots on target", "position": "697991", "team": "home", "visibility": "visible"}, {"gameTime": "1 - 14:10", "label": "Ball out of play", "position": "850044", "team": "home", "visibility": "visible"}, {"gameTime": "1 - 14:51", "label": "Throw-in", "position": "891630", "team": "not applicable", "visibility": "visible"}, {"gameTime": "1 - 15:07", "label": "Ball out of play", "position": "907526", "team": "away", "visibility": "visible"}, {"gameTime": "1 - 15:10", "label": "Throw-in", "position": "910665", "team": "not applicable", "visibility": "visible"}, {"gameTime": "1 - 15:16", "label": "Ball out of play", "position": "916686", "team": "away", "visibility": "visible"}, {"gameTime": "1 - 15:24", "label": "Corner", "position": "924973", "team": "not applicable", "visibility": "visible"}, {"gameTime": "1 - 16:00", "label": "Ball out of play", "position": "960619", "team": "away", "visibility": "visible"}, {"gameTime": "1 - 16:02", "label": "Corner", "position": "962842", "team": "not applicable", "visibility": "visible"}, {"gameTime": "1 - 16:19", "label": "Ball out of play", "position": "979367", "team": "away", "visibility": "visible"}, {"gameTime": "1 - 17:07", "label": "Corner", "position": "1027010", "team": "not applicable", "visibility": "not shown"}, {"gameTime": "1 - 17:37", "label": "Ball out of play", "position": "1057176", "team": "home", "visibility": "visible"}, {"gameTime": "1 - 18:42", "label": "Throw-in", "position": "1122266", "team": "not applicable", "visibility": "visible"}, {"gameTime": "1 - 19:01", "label": "Foul", "position": "1141566", "team": "away", "visibility": "visible"}, {"gameTime": "1 - 19:38", "label": "Shots on target", "position": "1178529", "team": "away", "visibility": "visible"}, {"gameTime": "1 - 20:50", "label": "Direct free-kick", "position": "1250450", "team": "home", "visibility": "visible"}, {"gameTime": "1 - 20:50", "label": "Ball out of play", "position": "1250450", "team": "home", "visibility": "visible"}, {"gameTime": "1 - 20:53", "label": "Corner", "position": "1253788", "team": "not applicable", "visibility": "visible"}, {"gameTime": "1 - 21:23", "label": "Ball out of play", "position": "1283236", "team": "home", "visibility": "visible"}, {"gameTime": "1 - 21:30", "label": "Clearance", "position": "1290038", "team": "not applicable", "visibility": "visible"}, {"gameTime": "1 - 21:55", "label": "Ball out of play", "position": "1315436", "team": "away", "visibility": "visible"}, {"gameTime": "1 - 23:07", "label": "Throw-in", "position": "1387477", "team": "not applicable", "visibility": "visible"}, {"gameTime": "1 - 23:15", "label": "Indirect free-kick", "position": "1395682", "team": "away", "visibility": "visible"}, {"gameTime": "1 - 25:03", "label": "Foul", "position": "1503493", "team": "home", "visibility": "visible"}, {"gameTime": "1 - 25:04", "label": "Indirect free-kick", "position": "1504043", "team": "home", "visibility": "visible"}, {"gameTime": "1 - 25:17", "label": "Ball out of play", "position": "1517238", "team": "away", "visibility": "not shown"}, {"gameTime": "1 - 25:26", "label": "Throw-in", "position": "1526192", "team": "not applicable", "visibility": "visible"}, {"gameTime": "1 - 25:29", "label": "Ball out of play", "position": "1529901", "team": "home", "visibility": "not shown"}, {"gameTime": "1 - 26:18", "label": "Clearance", "position": "1578047", "team": "not applicable", "visibility": "visible"}, {"gameTime": "1 - 26:38", "label": "Shots off target", "position": "1598804", "team": "away", "visibility": "visible"}, {"gameTime": "1 - 27:28", "label": "Ball out of play", "position": "1648033", "team": "home", "visibility": "visible"}, {"gameTime": "1 - 27:28", "label": "Clearance", "position": "1648942", "team": "not applicable", "visibility": "visible"}, {"gameTime": "1 - 27:49", "label": "Ball out of play", "position": "1669724", "team": "away", "visibility": "visible"}, {"gameTime": "1 - 27:54", "label": "Throw-in", "position": "1674136", "team": "not applicable", "visibility": "visible"}, {"gameTime": "1 - 28:01", "label": "Ball out of play", "position": "1681180", "team": "home", "visibility": "not shown"}, {"gameTime": "1 - 29:32", "label": "Throw-in", "position": "1772155", "team": "not applicable", "visibility": "visible"}, {"gameTime": "1 - 29:53", "label": "Ball out of play", "position": "1793267", "team": "away", "visibility": "visible"}, {"gameTime": "1 - 30:04", "label": "Throw-in", "position": "1804879", "team": "not applicable", "visibility": "visible"}, {"gameTime": "1 - 30:15", "label": "Ball out of play", "position": "1815287", "team": "home", "visibility": "visible"}, {"gameTime": "1 - 30:49", "label": "Throw-in", "position": "1849451", "team": "not applicable", "visibility": "visible"}, {"gameTime": "1 - 30:51", "label": "Shots off target", "position": "1851563", "team": "home", "visibility": "visible"}, {"gameTime": "1 - 31:38", "label": "Ball out of play", "position": "1898045", "team": "home", "visibility": "visible"}, {"gameTime": "1 - 31:39", "label": "Clearance", "position": "1899064", "team": "not applicable", "visibility": "visible"}, {"gameTime": "1 - 32:07", "label": "Ball out of play", "position": "1927030", "team": "away", "visibility": "visible"}, {"gameTime": "1 - 33:06", "label": "Throw-in", "position": "1986228", "team": "not applicable", "visibility": "visible"}, {"gameTime": "1 - 33:10", "label": "Foul", "position": "1990865", "team": "home", "visibility": "not shown"}, {"gameTime": "1 - 33:46", "label": "Shots on target", "position": "2026302", "team": "away", "visibility": "visible"}, {"gameTime": "1 - 34:29", "label": "Foul", "position": "2069830", "team": "home", "visibility": "visible"}, {"gameTime": "1 - 35:06", "label": "Indirect free-kick", "position": "2106199", "team": "away", "visibility": "visible"}, {"gameTime": "1 - 36:29", "label": "Shots on target", "position": "2189954", "team": "home", "visibility": "visible"}, {"gameTime": "1 - 36:34", "label": "Foul", "position": "2194718", "team": "home", "visibility": "visible"}, {"gameTime": "1 - 36:59", "label": "Yellow card", "position": "2219444", "team": "away", "visibility": "visible"}, {"gameTime": "1 - 37:04", "label": "Indirect free-kick", "position": "2224000", "team": "away", "visibility": "visible"}, {"gameTime": "1 - 38:06", "label": "Ball out of play", "position": "2286899", "team": "home", "visibility": "visible"}, {"gameTime": "1 - 38:07", "label": "Clearance", "position": "2287922", "team": "not applicable", "visibility": "visible"}, {"gameTime": "1 - 38:24", "label": "Ball out of play", "position": "2304699", "team": "away", "visibility": "visible"}, {"gameTime": "1 - 38:32", "label": "Throw-in", "position": "2312268", "team": "not applicable", "visibility": "visible"}, {"gameTime": "1 - 38:35", "label": "Shots on target", "position": "2315613", "team": "away", "visibility": "not shown"}, {"gameTime": "1 - 38:56", "label": "Ball out of play", "position": "2336706", "team": "home", "visibility": "visible"}, {"gameTime": "1 - 38:58", "label": "Corner", "position": "2338183", "team": "not applicable", "visibility": "visible"}, {"gameTime": "1 - 39:38", "label": "Ball out of play", "position": "2378041", "team": "home", "visibility": "visible"}, {"gameTime": "1 - 40:13", "label": "Clearance", "position": "2413917", "team": "not applicable", "visibility": "visible"}, {"gameTime": "1 - 40:43", "label": "Ball out of play", "position": "2443822", "team": "away", "visibility": "visible"}, {"gameTime": "1 - 40:48", "label": "Throw-in", "position": "2448039", "team": "not applicable", "visibility": "not shown"}, {"gameTime": "1 - 40:51", "label": "Ball out of play", "position": "2451502", "team": "home", "visibility": "visible"}, {"gameTime": "1 - 42:34", "label": "Throw-in", "position": "2554248", "team": "not applicable", "visibility": "visible"}, {"gameTime": "1 - 42:40", "label": "Shots on target", "position": "2560194", "team": "away", "visibility": "not shown"}, {"gameTime": "1 - 42:53", "label": "Ball out of play", "position": "2573499", "team": "home", "visibility": "visible"}, {"gameTime": "1 - 42:55", "label": "Corner", "position": "2575371", "team": "not applicable", "visibility": "visible"}, {"gameTime": "1 - 43:09", "label": "Ball out of play", "position": "2589683", "team": "home", "visibility": "not shown"}, {"gameTime": "1 - 43:36", "label": "Ball out of play", "position": "2616920", "team": "not applicable", "visibility": "visible"}, {"gameTime": "1 - 43:36", "label": "Throw-in", "position": "2616935", "team": "not applicable", "visibility": "visible"}, {"gameTime": "1 - 43:53", "label": "Shots on target", "position": "2633068", "team": "away", "visibility": "visible"}, {"gameTime": "1 - 44:28", "label": "Ball out of play", "position": "2668397", "team": "home", "visibility": "visible"}, {"gameTime": "1 - 44:29", "label": "Clearance", "position": "2669359", "team": "not applicable", "visibility": "visible"}, {"gameTime": "1 - 44:54", "label": "Clearance", "position": "2694508", "team": "away", "visibility": "visible"}, {"gameTime": "2 - 00:00", "label": "Ball out of play", "position": "0", "team": "home", "visibility": "not shown"}, {"gameTime": "2 - 00:05", "label": "Throw-in", "position": "5449", "team": "not applicable", "visibility": "visible"}, {"gameTime": "2 - 00:18", "label": "Ball out of play", "position": "18568", "team": "home", "visibility": "visible"}, {"gameTime": "2 - 00:53", "label": "Throw-in", "position": "53692", "team": "not applicable", "visibility": "visible"}, {"gameTime": "2 - 00:56", "label": "Ball out of play", "position": "56920", "team": "home", "visibility": "visible"}, {"gameTime": "2 - 01:01", "label": "Throw-in", "position": "61215", "team": "not applicable", "visibility": "visible"}, {"gameTime": "2 - 01:03", "label": "Ball out of play", "position": "63415", "team": "home", "visibility": "visible"}, {"gameTime": "2 - 01:37", "label": "Throw-in", "position": "97767", "team": "not applicable", "visibility": "visible"}, {"gameTime": "2 - 01:47", "label": "Ball out of play", "position": "107731", "team": "away", "visibility": "visible"}, {"gameTime": "2 - 02:16", "label": "Throw-in", "position": "136466", "team": "not applicable", "visibility": "visible"}, {"gameTime": "2 - 02:29", "label": "Ball out of play", "position": "149463", "team": "away", "visibility": "visible"}, {"gameTime": "2 - 02:34", "label": "Corner", "position": "154923", "team": "not applicable", "visibility": "visible"}, {"gameTime": "2 - 03:14", "label": "Ball out of play", "position": "194190", "team": "away", "visibility": "visible"}, {"gameTime": "2 - 04:28", "label": "Clearance", "position": "268525", "team": "not applicable", "visibility": "visible"}, {"gameTime": "2 - 04:53", "label": "Ball out of play", "position": "293421", "team": "away", "visibility": "visible"}, {"gameTime": "2 - 05:07", "label": "Throw-in", "position": "307737", "team": "not applicable", "visibility": "visible"}, {"gameTime": "2 - 05:13", "label": "Shots on target", "position": "313521", "team": "away", "visibility": "visible"}, {"gameTime": "2 - 05:30", "label": "Goal", "position": "330305", "team": "home", "visibility": "visible"}, {"gameTime": "2 - 05:30", "label": "Kick-off", "position": "330910", "team": "home", "visibility": "visible"}, {"gameTime": "2 - 06:29", "label": "Foul", "position": "389683", "team": "away", "visibility": "visible"}, {"gameTime": "2 - 06:33", "label": "Yellow card", "position": "393059", "team": "home", "visibility": "visible"}, {"gameTime": "2 - 06:54", "label": "Indirect free-kick", "position": "414120", "team": "home", "visibility": "visible"}, {"gameTime": "2 - 07:02", "label": "Ball out of play", "position": "422254", "team": "away", "visibility": "not shown"}, {"gameTime": "2 - 08:23", "label": "Throw-in", "position": "503942", "team": "not applicable", "visibility": "visible"}, {"gameTime": "2 - 08:31", "label": "Shots off target", "position": "511909", "team": "home", "visibility": "visible"}, {"gameTime": "2 - 08:39", "label": "Ball out of play", "position": "519580", "team": "home", "visibility": "visible"}, {"gameTime": "2 - 08:40", "label": "Corner", "position": "520391", "team": "not applicable", "visibility": "visible"}, {"gameTime": "2 - 09:12", "label": "Ball out of play", "position": "552235", "team": "home", "visibility": "visible"}, {"gameTime": "2 - 09:20", "label": "Substitution", "position": "560834", "team": "not applicable", "visibility": "visible"}, {"gameTime": "2 - 09:41", "label": "Throw-in", "position": "581134", "team": "away", "visibility": "visible"}, {"gameTime": "2 - 09:48", "label": "Ball out of play", "position": "588746", "team": "away", "visibility": "visible"}, {"gameTime": "2 - 10:03", "label": "Clearance", "position": "603699", "team": "not applicable", "visibility": "visible"}, {"gameTime": "2 - 10:18", "label": "Ball out of play", "position": "618762", "team": "away", "visibility": "visible"}, {"gameTime": "2 - 10:43", "label": "Throw-in", "position": "643265", "team": "not applicable", "visibility": "visible"}, {"gameTime": "2 - 10:46", "label": "Ball out of play", "position": "646809", "team": "away", "visibility": "visible"}, {"gameTime": "2 - 11:05", "label": "Corner", "position": "665954", "team": "not applicable", "visibility": "visible"}, {"gameTime": "2 - 11:34", "label": "Shots on target", "position": "694742", "team": "away", "visibility": "visible"}, {"gameTime": "2 - 11:59", "label": "Ball out of play", "position": "719954", "team": "home", "visibility": "visible"}, {"gameTime": "2 - 12:01", "label": "Corner", "position": "721370", "team": "not applicable", "visibility": "visible"}, {"gameTime": "2 - 12:33", "label": "Ball out of play", "position": "753856", "team": "home", "visibility": "visible"}, {"gameTime": "2 - 13:18", "label": "Throw-in", "position": "798087", "team": "not applicable", "visibility": "visible"}, {"gameTime": "2 - 13:22", "label": "Ball out of play", "position": "802107", "team": "away", "visibility": "not shown"}, {"gameTime": "2 - 14:12", "label": "Corner", "position": "852664", "team": "not applicable", "visibility": "visible"}, {"gameTime": "2 - 14:47", "label": "Ball out of play", "position": "887758", "team": "home", "visibility": "visible"}, {"gameTime": "2 - 14:51", "label": "Clearance", "position": "891593", "team": "not applicable", "visibility": "visible"}, {"gameTime": "2 - 15:02", "label": "Ball out of play", "position": "902893", "team": "away", "visibility": "visible"}, {"gameTime": "2 - 15:11", "label": "Throw-in", "position": "911157", "team": "not applicable", "visibility": "visible"}, {"gameTime": "2 - 15:17", "label": "Offside", "position": "917417", "team": "away", "visibility": "visible"}, {"gameTime": "2 - 15:26", "label": "Indirect free-kick", "position": "926915", "team": "away", "visibility": "visible"}, {"gameTime": "2 - 15:41", "label": "Shots on target", "position": "941252", "team": "home", "visibility": "not shown"}, {"gameTime": "2 - 16:52", "label": "Shots off target", "position": "1012623", "team": "away", "visibility": "visible"}, {"gameTime": "2 - 17:19", "label": "Shots off target", "position": "1039219", "team": "away", "visibility": "visible"}, {"gameTime": "2 - 17:23", "label": "Ball out of play", "position": "1043603", "team": "away", "visibility": "visible"}, {"gameTime": "2 - 17:24", "label": "Clearance", "position": "1044880", "team": "not applicable", "visibility": "visible"}, {"gameTime": "2 - 17:48", "label": "Ball out of play", "position": "1068526", "team": "home", "visibility": "not shown"}, {"gameTime": "2 - 17:59", "label": "Throw-in", "position": "1079272", "team": "not applicable", "visibility": "visible"}, {"gameTime": "2 - 18:05", "label": "Ball out of play", "position": "1085042", "team": "home", "visibility": "not shown"}, {"gameTime": "2 - 18:20", "label": "Throw-in", "position": "1100107", "team": "not applicable", "visibility": "visible"}, {"gameTime": "2 - 18:24", "label": "Ball out of play", "position": "1104045", "team": "away", "visibility": "not shown"}, {"gameTime": "2 - 18:37", "label": "Throw-in", "position": "1117343", "team": "not applicable", "visibility": "visible"}, {"gameTime": "2 - 18:50", "label": "Ball out of play", "position": "1130561", "team": "away", "visibility": "not shown"}, {"gameTime": "2 - 21:05", "label": "Substitution", "position": "1265017", "team": "not applicable", "visibility": "visible"}, {"gameTime": "2 - 21:19", "label": "Clearance", "position": "1279000", "team": "away", "visibility": "visible"}, {"gameTime": "2 - 21:32", "label": "Ball out of play", "position": "1292386", "team": "away", "visibility": "visible"}, {"gameTime": "2 - 21:35", "label": "Throw-in", "position": "1295612", "team": "not applicable", "visibility": "visible"}, {"gameTime": "2 - 21:45", "label": "Shots off target", "position": "1305441", "team": "home", "visibility": "visible"}, {"gameTime": "2 - 23:53", "label": "Shots on target", "position": "1433739", "team": "away", "visibility": "visible"}, {"gameTime": "2 - 23:55", "label": "Ball out of play", "position": "1435996", "team": "away", "visibility": "visible"}, {"gameTime": "2 - 24:14", "label": "Substitution", "position": "1454624", "team": "not applicable", "visibility": "visible"}, {"gameTime": "2 - 24:43", "label": "Substitution", "position": "1483265", "team": "away", "visibility": "visible"}, {"gameTime": "2 - 25:10", "label": "Clearance", "position": "1510712", "team": "home", "visibility": "visible"}, {"gameTime": "2 - 25:29", "label": "Foul", "position": "1529924", "team": "away", "visibility": "visible"}, {"gameTime": "2 - 25:37", "label": "Substitution", "position": "1537332", "team": "away", "visibility": "visible"}, {"gameTime": "2 - 26:53", "label": "Indirect free-kick", "position": "1613712", "team": "home", "visibility": "visible"}, {"gameTime": "2 - 26:56", "label": "Foul", "position": "1616124", "team": "home", "visibility": "not shown"}, {"gameTime": "2 - 27:26", "label": "Indirect free-kick", "position": "1646557", "team": "away", "visibility": "visible"}, {"gameTime": "2 - 27:44", "label": "Shots off target", "position": "1664082", "team": "home", "visibility": "visible"}, {"gameTime": "2 - 28:00", "label": "Ball out of play", "position": "1680915", "team": "home", "visibility": "visible"}, {"gameTime": "2 - 28:02", "label": "Clearance", "position": "1682043", "team": "not applicable", "visibility": "visible"}, {"gameTime": "2 - 28:11", "label": "Shots off target", "position": "1691143", "team": "away", "visibility": "not shown"}, {"gameTime": "2 - 28:23", "label": "Ball out of play", "position": "1703970", "team": "home", "visibility": "visible"}, {"gameTime": "2 - 28:25", "label": "Clearance", "position": "1705250", "team": "not applicable", "visibility": "visible"}, {"gameTime": "2 - 28:30", "label": "Ball out of play", "position": "1710468", "team": "away", "visibility": "not shown"}, {"gameTime": "2 - 29:09", "label": "Corner", "position": "1749959", "team": "not applicable", "visibility": "visible"}, {"gameTime": "2 - 29:31", "label": "Shots on target", "position": "1771935", "team": "away", "visibility": "visible"}, {"gameTime": "2 - 30:29", "label": "Ball out of play", "position": "1829426", "team": "away", "visibility": "visible"}, {"gameTime": "2 - 30:30", "label": "Corner", "position": "1830906", "team": "not applicable", "visibility": "visible"}, {"gameTime": "2 - 31:11", "label": "Ball out of play", "position": "1871230", "team": "away", "visibility": "visible"}, {"gameTime": "2 - 31:48", "label": "Substitution", "position": "1908555", "team": "not applicable", "visibility": "visible"}, {"gameTime": "2 - 32:28", "label": "Clearance", "position": "1948000", "team": "home", "visibility": "visible"}, {"gameTime": "2 - 32:34", "label": "Ball out of play", "position": "1954939", "team": "home", "visibility": "not shown"}, {"gameTime": "2 - 33:35", "label": "Clearance", "position": "2015364", "team": "not applicable", "visibility": "visible"}, {"gameTime": "2 - 34:01", "label": "Offside", "position": "2041743", "team": "home", "visibility": "visible"}, {"gameTime": "2 - 34:17", "label": "Indirect free-kick", "position": "2057066", "team": "home", "visibility": "visible"}, {"gameTime": "2 - 34:30", "label": "Ball out of play", "position": "2070243", "team": "away", "visibility": "not shown"}, {"gameTime": "2 - 34:42", "label": "Corner", "position": "2082337", "team": "not applicable", "visibility": "visible"}, {"gameTime": "2 - 35:21", "label": "Shots on target", "position": "2121663", "team": "home", "visibility": "visible"}, {"gameTime": "2 - 35:23", "label": "Goal", "position": "2123327", "team": "home", "visibility": "visible"}, {"gameTime": "2 - 35:23", "label": "Kick-off", "position": "2123447", "team": "home", "visibility": "visible"}, {"gameTime": "2 - 36:08", "label": "Foul", "position": "2168591", "team": "away", "visibility": "not shown"}, {"gameTime": "2 - 37:11", "label": "Yellow card", "position": "2231716", "team": "away", "visibility": "visible"}, {"gameTime": "2 - 37:17", "label": "Indirect free-kick", "position": "2237000", "team": "away", "visibility": "visible"}, {"gameTime": "2 - 37:51", "label": "Shots on target", "position": "2271697", "team": "home", "visibility": "not shown"}, {"gameTime": "2 - 38:33", "label": "Ball out of play", "position": "2313059", "team": "away", "visibility": "visible"}, {"gameTime": "2 - 38:33", "label": "Corner", "position": "2313998", "team": "not applicable", "visibility": "visible"}, {"gameTime": "2 - 39:06", "label": "Ball out of play", "position": "2346138", "team": "away", "visibility": "visible"}, {"gameTime": "2 - 41:35", "label": "Corner", "position": "2495177", "team": "not applicable", "visibility": "visible"}, {"gameTime": "2 - 42:06", "label": "Ball out of play", "position": "2526255", "team": "home", "visibility": "visible"}, {"gameTime": "2 - 42:50", "label": "Corner", "position": "2570502", "team": "not applicable", "visibility": "visible"}, {"gameTime": "2 - 43:25", "label": "Shots on target", "position": "2605940", "team": "home", "visibility": "visible"}, {"gameTime": "2 - 43:43", "label": "Ball out of play", "position": "2623597", "team": "home", "visibility": "visible"}, {"gameTime": "2 - 44:31", "label": "Ball out of play", "position": "2671869", "team": "not applicable", "visibility": "visible"}], "gameAwayTeam": "Empoli", "gameDate": "26/10/2016 - 21:45", "gameHomeTeam": "Napoli", "gameScore": "2 - 0"}