{"UrlLocal": "italy_serie-a/2015-2016/2015-11-01 - 22-45 Lazio 1 - 3 AC Milan/", "UrlYoutube": "", "annotations": [{"gameTime": "1 - 00:00", "label": "Offside", "position": "271", "team": "away", "visibility": "visible"}, {"gameTime": "1 - 00:38", "label": "Indirect free-kick", "position": "38719", "team": "away", "visibility": "visible"}, {"gameTime": "1 - 00:56", "label": "Ball out of play", "position": "56391", "team": "home", "visibility": "not shown"}, {"gameTime": "1 - 01:11", "label": "Clearance", "position": "71217", "team": "not applicable", "visibility": "visible"}, {"gameTime": "1 - 01:32", "label": "Ball out of play", "position": "92914", "team": "away", "visibility": "visible"}, {"gameTime": "1 - 02:03", "label": "Throw-in", "position": "123328", "team": "not applicable", "visibility": "visible"}, {"gameTime": "1 - 02:11", "label": "Foul", "position": "131362", "team": "away", "visibility": "visible"}, {"gameTime": "1 - 02:28", "label": "Direct free-kick", "position": "148322", "team": "home", "visibility": "visible"}, {"gameTime": "1 - 03:03", "label": "Ball out of play", "position": "183936", "team": "away", "visibility": "visible"}, {"gameTime": "1 - 03:52", "label": "Clearance", "position": "232950", "team": "not applicable", "visibility": "visible"}, {"gameTime": "1 - 04:07", "label": "Ball out of play", "position": "247855", "team": "home", "visibility": "not shown"}, {"gameTime": "1 - 04:22", "label": "Throw-in", "position": "262714", "team": "not applicable", "visibility": "visible"}, {"gameTime": "1 - 04:34", "label": "Ball out of play", "position": "274622", "team": "home", "visibility": "visible"}, {"gameTime": "1 - 05:03", "label": "Corner", "position": "303381", "team": "not applicable", "visibility": "visible"}, {"gameTime": "1 - 05:30", "label": "Foul", "position": "330452", "team": "home", "visibility": "visible"}, {"gameTime": "1 - 05:30", "label": "Indirect free-kick", "position": "330658", "team": "home", "visibility": "visible"}, {"gameTime": "1 - 05:51", "label": "Ball out of play", "position": "351807", "team": "away", "visibility": "visible"}, {"gameTime": "1 - 06:14", "label": "Throw-in", "position": "374739", "team": "not applicable", "visibility": "visible"}, {"gameTime": "1 - 06:20", "label": "Foul", "position": "380006", "team": "home", "visibility": "not shown"}, {"gameTime": "1 - 06:21", "label": "Indirect free-kick", "position": "381201", "team": "away", "visibility": "visible"}, {"gameTime": "1 - 06:35", "label": "Ball out of play", "position": "395050", "team": "home", "visibility": "visible"}, {"gameTime": "1 - 07:17", "label": "Throw-in", "position": "437595", "team": "not applicable", "visibility": "visible"}, {"gameTime": "1 - 07:27", "label": "Ball out of play", "position": "447399", "team": "home", "visibility": "visible"}, {"gameTime": "1 - 07:35", "label": "Throw-in", "position": "455103", "team": "not applicable", "visibility": "visible"}, {"gameTime": "1 - 07:50", "label": "Foul", "position": "470179", "team": "home", "visibility": "visible"}, {"gameTime": "1 - 08:30", "label": "Indirect free-kick", "position": "510419", "team": "away", "visibility": "visible"}, {"gameTime": "1 - 08:47", "label": "Ball out of play", "position": "527366", "team": "home", "visibility": "not shown"}, {"gameTime": "1 - 09:21", "label": "Throw-in", "position": "561507", "team": "not applicable", "visibility": "visible"}, {"gameTime": "1 - 09:27", "label": "Ball out of play", "position": "567847", "team": "home", "visibility": "not shown"}, {"gameTime": "1 - 09:55", "label": "Corner", "position": "595705", "team": "not applicable", "visibility": "visible"}, {"gameTime": "1 - 10:19", "label": "Shots off target", "position": "619641", "team": "away", "visibility": "visible"}, {"gameTime": "1 - 10:27", "label": "Ball out of play", "position": "627939", "team": "away", "visibility": "visible"}, {"gameTime": "1 - 10:29", "label": "Clearance", "position": "629081", "team": "not applicable", "visibility": "visible"}, {"gameTime": "1 - 10:58", "label": "Ball out of play", "position": "658429", "team": "home", "visibility": "not shown"}, {"gameTime": "1 - 11:30", "label": "Throw-in", "position": "690731", "team": "not applicable", "visibility": "visible"}, {"gameTime": "1 - 11:41", "label": "Ball out of play", "position": "701621", "team": "away", "visibility": "not shown"}, {"gameTime": "1 - 11:54", "label": "Throw-in", "position": "714160", "team": "not applicable", "visibility": "visible"}, {"gameTime": "1 - 12:03", "label": "Ball out of play", "position": "723136", "team": "away", "visibility": "visible"}, {"gameTime": "1 - 14:36", "label": "Throw-in", "position": "876121", "team": "not applicable", "visibility": "visible"}, {"gameTime": "1 - 14:41", "label": "Ball out of play", "position": "881250", "team": "home", "visibility": "not shown"}, {"gameTime": "1 - 15:27", "label": "Throw-in", "position": "927044", "team": "not applicable", "visibility": "visible"}, {"gameTime": "1 - 15:28", "label": "Ball out of play", "position": "928928", "team": "home", "visibility": "not shown"}, {"gameTime": "1 - 15:38", "label": "Throw-in", "position": "938524", "team": "not applicable", "visibility": "visible"}, {"gameTime": "1 - 15:51", "label": "Ball out of play", "position": "951643", "team": "away", "visibility": "visible"}, {"gameTime": "1 - 17:20", "label": "Throw-in", "position": "1040346", "team": "not applicable", "visibility": "visible"}, {"gameTime": "1 - 17:27", "label": "Ball out of play", "position": "1047510", "team": "home", "visibility": "not shown"}, {"gameTime": "1 - 18:31", "label": "Throw-in", "position": "1111969", "team": "not applicable", "visibility": "visible"}, {"gameTime": "1 - 18:41", "label": "Foul", "position": "1121894", "team": "away", "visibility": "visible"}, {"gameTime": "1 - 19:06", "label": "Indirect free-kick", "position": "1146968", "team": "home", "visibility": "visible"}, {"gameTime": "1 - 19:26", "label": "Ball out of play", "position": "1166668", "team": "away", "visibility": "not shown"}, {"gameTime": "1 - 19:35", "label": "Throw-in", "position": "1175489", "team": "not applicable", "visibility": "visible"}, {"gameTime": "1 - 19:49", "label": "Shots on target", "position": "1189302", "team": "home", "visibility": "visible"}, {"gameTime": "1 - 20:34", "label": "Ball out of play", "position": "1234418", "team": "away", "visibility": "visible"}, {"gameTime": "1 - 21:32", "label": "Corner", "position": "1292360", "team": "not applicable", "visibility": "visible"}, {"gameTime": "1 - 22:07", "label": "Foul", "position": "1327322", "team": "home", "visibility": "visible"}, {"gameTime": "1 - 22:20", "label": "Indirect free-kick", "position": "1340452", "team": "home", "visibility": "visible"}, {"gameTime": "1 - 22:23", "label": "Ball out of play", "position": "1343983", "team": "away", "visibility": "visible"}, {"gameTime": "1 - 22:42", "label": "Throw-in", "position": "1362475", "team": "not applicable", "visibility": "visible"}, {"gameTime": "1 - 22:56", "label": "Ball out of play", "position": "1376820", "team": "home", "visibility": "visible"}, {"gameTime": "1 - 23:00", "label": "Throw-in", "position": "1380261", "team": "not applicable", "visibility": "visible"}, {"gameTime": "1 - 23:01", "label": "Ball out of play", "position": "1381341", "team": "home", "visibility": "visible"}, {"gameTime": "1 - 23:29", "label": "Throw-in", "position": "1409903", "team": "not applicable", "visibility": "visible"}, {"gameTime": "1 - 23:38", "label": "Ball out of play", "position": "1418615", "team": "home", "visibility": "visible"}, {"gameTime": "1 - 23:52", "label": "Throw-in", "position": "1432029", "team": "not applicable", "visibility": "visible"}, {"gameTime": "1 - 24:05", "label": "Ball out of play", "position": "1445313", "team": "away", "visibility": "visible"}, {"gameTime": "1 - 24:08", "label": "Throw-in", "position": "1448661", "team": "not applicable", "visibility": "visible"}, {"gameTime": "1 - 24:25", "label": "Shots on target", "position": "1465098", "team": "away", "visibility": "visible"}, {"gameTime": "1 - 24:34", "label": "Shots on target", "position": "1474080", "team": "away", "visibility": "visible"}, {"gameTime": "1 - 24:35", "label": "Goal", "position": "1475435", "team": "away", "visibility": "visible"}, {"gameTime": "1 - 24:35", "label": "Kick-off", "position": "1475628", "team": "away", "visibility": "visible"}, {"gameTime": "1 - 25:32", "label": "Ball out of play", "position": "1532514", "team": "home", "visibility": "visible"}, {"gameTime": "1 - 26:02", "label": "Clearance", "position": "1562617", "team": "not applicable", "visibility": "visible"}, {"gameTime": "1 - 26:31", "label": "Ball out of play", "position": "1591172", "team": "away", "visibility": "not shown"}, {"gameTime": "1 - 26:45", "label": "Throw-in", "position": "1605592", "team": "not applicable", "visibility": "visible"}, {"gameTime": "1 - 27:09", "label": "Foul", "position": "1629146", "team": "home", "visibility": "not shown"}, {"gameTime": "1 - 28:05", "label": "Indirect free-kick", "position": "1685135", "team": "home", "visibility": "visible"}, {"gameTime": "1 - 28:32", "label": "Ball out of play", "position": "1712835", "team": "away", "visibility": "visible"}, {"gameTime": "1 - 28:57", "label": "Throw-in", "position": "1737307", "team": "not applicable", "visibility": "visible"}, {"gameTime": "1 - 29:06", "label": "Ball out of play", "position": "1746806", "team": "away", "visibility": "visible"}, {"gameTime": "1 - 29:14", "label": "Throw-in", "position": "1754971", "team": "not applicable", "visibility": "visible"}, {"gameTime": "1 - 29:27", "label": "Foul", "position": "1767804", "team": "home", "visibility": "visible"}, {"gameTime": "1 - 30:28", "label": "Indirect free-kick", "position": "1828295", "team": "home", "visibility": "visible"}, {"gameTime": "1 - 30:42", "label": "Ball out of play", "position": "1842801", "team": "away", "visibility": "not shown"}, {"gameTime": "1 - 31:02", "label": "Throw-in", "position": "1862687", "team": "not applicable", "visibility": "visible"}, {"gameTime": "1 - 31:04", "label": "Ball out of play", "position": "1864216", "team": "home", "visibility": "visible"}, {"gameTime": "1 - 31:50", "label": "Clearance", "position": "1910728", "team": "not applicable", "visibility": "visible"}, {"gameTime": "1 - 32:15", "label": "Ball out of play", "position": "1935417", "team": "away", "visibility": "not shown"}, {"gameTime": "1 - 32:44", "label": "Throw-in", "position": "1964273", "team": "not applicable", "visibility": "visible"}, {"gameTime": "1 - 33:08", "label": "Foul", "position": "1988416", "team": "away", "visibility": "not shown"}, {"gameTime": "1 - 33:10", "label": "Indirect free-kick", "position": "1990889", "team": "away", "visibility": "not shown"}, {"gameTime": "1 - 33:17", "label": "Ball out of play", "position": "1997185", "team": "home", "visibility": "visible"}, {"gameTime": "1 - 34:05", "label": "Substitution", "position": "2045455", "team": "not applicable", "visibility": "visible"}, {"gameTime": "1 - 34:13", "label": "Throw-in", "position": "2053413", "team": "away", "visibility": "visible"}, {"gameTime": "1 - 34:25", "label": "Ball out of play", "position": "2065405", "team": "home", "visibility": "not shown"}, {"gameTime": "1 - 34:37", "label": "Throw-in", "position": "2077068", "team": "not applicable", "visibility": "visible"}, {"gameTime": "1 - 34:43", "label": "Ball out of play", "position": "2083530", "team": "home", "visibility": "not shown"}, {"gameTime": "1 - 34:49", "label": "Corner", "position": "2089776", "team": "not applicable", "visibility": "visible"}, {"gameTime": "1 - 35:02", "label": "Ball out of play", "position": "2102021", "team": "home", "visibility": "not shown"}, {"gameTime": "1 - 35:12", "label": "Throw-in", "position": "2112856", "team": "not applicable", "visibility": "visible"}, {"gameTime": "1 - 35:33", "label": "Ball out of play", "position": "2133597", "team": "away", "visibility": "visible"}, {"gameTime": "1 - 35:58", "label": "Clearance", "position": "2158521", "team": "not applicable", "visibility": "visible"}, {"gameTime": "1 - 36:21", "label": "Foul", "position": "2181339", "team": "away", "visibility": "not shown"}, {"gameTime": "1 - 36:29", "label": "Indirect free-kick", "position": "2189459", "team": "home", "visibility": "visible"}, {"gameTime": "1 - 36:51", "label": "Shots off target", "position": "2211929", "team": "away", "visibility": "visible"}, {"gameTime": "1 - 36:56", "label": "Foul", "position": "2216029", "team": "away", "visibility": "visible"}, {"gameTime": "1 - 37:27", "label": "Shots on target", "position": "2247473", "team": "away", "visibility": "visible"}, {"gameTime": "1 - 38:21", "label": "Ball out of play", "position": "2301880", "team": "home", "visibility": "visible"}, {"gameTime": "1 - 38:22", "label": "Corner", "position": "2302993", "team": "not applicable", "visibility": "visible"}, {"gameTime": "1 - 38:33", "label": "Ball out of play", "position": "2313359", "team": "home", "visibility": "not shown"}, {"gameTime": "1 - 38:47", "label": "Clearance", "position": "2327205", "team": "not applicable", "visibility": "visible"}, {"gameTime": "1 - 39:25", "label": "Ball out of play", "position": "2365969", "team": "away", "visibility": "visible"}, {"gameTime": "1 - 39:36", "label": "Throw-in", "position": "2376724", "team": "not applicable", "visibility": "visible"}, {"gameTime": "1 - 39:46", "label": "Foul", "position": "2386282", "team": "away", "visibility": "visible"}, {"gameTime": "1 - 40:03", "label": "Indirect free-kick", "position": "2403950", "team": "home", "visibility": "visible"}, {"gameTime": "1 - 40:31", "label": "Ball out of play", "position": "2431747", "team": "away", "visibility": "not shown"}, {"gameTime": "1 - 42:02", "label": "Throw-in", "position": "2522959", "team": "not applicable", "visibility": "visible"}, {"gameTime": "1 - 42:05", "label": "Shots on target", "position": "2525734", "team": "home", "visibility": "not shown"}, {"gameTime": "1 - 42:14", "label": "Foul", "position": "2534514", "team": "home", "visibility": "visible"}, {"gameTime": "1 - 43:15", "label": "Indirect free-kick", "position": "2595723", "team": "away", "visibility": "visible"}, {"gameTime": "1 - 43:28", "label": "Foul", "position": "2608298", "team": "home", "visibility": "visible"}, {"gameTime": "1 - 43:47", "label": "Indirect free-kick", "position": "2627087", "team": "home", "visibility": "visible"}, {"gameTime": "1 - 44:12", "label": "Ball out of play", "position": "2652780", "team": "away", "visibility": "visible"}, {"gameTime": "1 - 44:56", "label": "Ball out of play", "position": "2696526", "team": "not applicable", "visibility": "visible"}, {"gameTime": "2 - 00:00", "label": "Kick-off", "position": "26", "team": "home", "visibility": "not shown"}, {"gameTime": "2 - 00:00", "label": "Foul", "position": "26", "team": "home", "visibility": "not shown"}, {"gameTime": "2 - 00:08", "label": "Indirect free-kick", "position": "8646", "team": "home", "visibility": "visible"}, {"gameTime": "2 - 00:28", "label": "Foul", "position": "28614", "team": "away", "visibility": "visible"}, {"gameTime": "2 - 00:55", "label": "Indirect free-kick", "position": "55491", "team": "home", "visibility": "visible"}, {"gameTime": "2 - 01:13", "label": "Foul", "position": "73226", "team": "away", "visibility": "not shown"}, {"gameTime": "2 - 02:55", "label": "Indirect free-kick", "position": "175056", "team": "away", "visibility": "visible"}, {"gameTime": "2 - 03:29", "label": "Foul", "position": "209824", "team": "home", "visibility": "visible"}, {"gameTime": "2 - 03:31", "label": "Substitution", "position": "211863", "team": "home", "visibility": "visible"}, {"gameTime": "2 - 05:55", "label": "Indirect free-kick", "position": "355419", "team": "away", "visibility": "not shown"}, {"gameTime": "2 - 06:21", "label": "Foul", "position": "381218", "team": "away", "visibility": "visible"}, {"gameTime": "2 - 06:26", "label": "Direct free-kick", "position": "386450", "team": "home", "visibility": "visible"}, {"gameTime": "2 - 07:01", "label": "Shots on target", "position": "421606", "team": "away", "visibility": "visible"}, {"gameTime": "2 - 07:03", "label": "Goal", "position": "423381", "team": "away", "visibility": "visible"}, {"gameTime": "2 - 07:03", "label": "Kick-off", "position": "423701", "team": "away", "visibility": "visible"}, {"gameTime": "2 - 08:04", "label": "Ball out of play", "position": "484708", "team": "home", "visibility": "not shown"}, {"gameTime": "2 - 08:23", "label": "Throw-in", "position": "503638", "team": "not applicable", "visibility": "visible"}, {"gameTime": "2 - 08:31", "label": "Shots off target", "position": "511771", "team": "home", "visibility": "visible"}, {"gameTime": "2 - 09:21", "label": "Ball out of play", "position": "561581", "team": "away", "visibility": "visible"}, {"gameTime": "2 - 09:22", "label": "Clearance", "position": "562924", "team": "not applicable", "visibility": "visible"}, {"gameTime": "2 - 09:38", "label": "Foul", "position": "578237", "team": "home", "visibility": "visible"}, {"gameTime": "2 - 10:26", "label": "Indirect free-kick", "position": "626569", "team": "home", "visibility": "visible"}, {"gameTime": "2 - 10:46", "label": "Foul", "position": "646340", "team": "away", "visibility": "visible"}, {"gameTime": "2 - 11:44", "label": "Indirect free-kick", "position": "704148", "team": "home", "visibility": "visible"}, {"gameTime": "2 - 12:00", "label": "Ball out of play", "position": "720895", "team": "away", "visibility": "visible"}, {"gameTime": "2 - 12:30", "label": "Throw-in", "position": "750579", "team": "not applicable", "visibility": "visible"}, {"gameTime": "2 - 12:39", "label": "Shots off target", "position": "759693", "team": "home", "visibility": "not shown"}, {"gameTime": "2 - 12:49", "label": "Ball out of play", "position": "769945", "team": "home", "visibility": "visible"}, {"gameTime": "2 - 12:51", "label": "Throw-in", "position": "771646", "team": "not applicable", "visibility": "visible"}, {"gameTime": "2 - 13:00", "label": "Foul", "position": "780184", "team": "home", "visibility": "not shown"}, {"gameTime": "2 - 13:51", "label": "Yellow card", "position": "831443", "team": "home", "visibility": "visible"}, {"gameTime": "2 - 13:58", "label": "Direct free-kick", "position": "838563", "team": "home", "visibility": "visible"}, {"gameTime": "2 - 14:55", "label": "Ball out of play", "position": "895924", "team": "away", "visibility": "visible"}, {"gameTime": "2 - 14:57", "label": "Clearance", "position": "897242", "team": "not applicable", "visibility": "visible"}, {"gameTime": "2 - 15:08", "label": "Shots off target", "position": "908719", "team": "home", "visibility": "not shown"}, {"gameTime": "2 - 15:16", "label": "Ball out of play", "position": "916568", "team": "away", "visibility": "visible"}, {"gameTime": "2 - 15:17", "label": "Clearance", "position": "917598", "team": "not applicable", "visibility": "visible"}, {"gameTime": "2 - 15:30", "label": "Ball out of play", "position": "930706", "team": "home", "visibility": "visible"}, {"gameTime": "2 - 16:05", "label": "Corner", "position": "965551", "team": "not applicable", "visibility": "visible"}, {"gameTime": "2 - 16:25", "label": "Shots off target", "position": "985839", "team": "home", "visibility": "visible"}, {"gameTime": "2 - 16:33", "label": "Ball out of play", "position": "993135", "team": "home", "visibility": "visible"}, {"gameTime": "2 - 16:47", "label": "Corner", "position": "1007683", "team": "not applicable", "visibility": "visible"}, {"gameTime": "2 - 17:06", "label": "Corner", "position": "1026569", "team": "home", "visibility": "visible"}, {"gameTime": "2 - 17:19", "label": "Ball out of play", "position": "1039705", "team": "away", "visibility": "not shown"}, {"gameTime": "2 - 17:37", "label": "Throw-in", "position": "1057784", "team": "not applicable", "visibility": "visible"}, {"gameTime": "2 - 17:40", "label": "Ball out of play", "position": "1060224", "team": "home", "visibility": "visible"}, {"gameTime": "2 - 18:24", "label": "Clearance", "position": "1104900", "team": "not applicable", "visibility": "visible"}, {"gameTime": "2 - 18:44", "label": "Ball out of play", "position": "1124464", "team": "away", "visibility": "visible"}, {"gameTime": "2 - 19:51", "label": "Corner", "position": "1191853", "team": "not applicable", "visibility": "visible"}, {"gameTime": "2 - 20:25", "label": "Foul", "position": "1225410", "team": "away", "visibility": "visible"}, {"gameTime": "2 - 20:26", "label": "Yellow card", "position": "1226710", "team": "away", "visibility": "visible"}, {"gameTime": "2 - 20:41", "label": "Indirect free-kick", "position": "1241428", "team": "away", "visibility": "visible"}, {"gameTime": "2 - 20:46", "label": "Foul", "position": "1246510", "team": "home", "visibility": "visible"}, {"gameTime": "2 - 20:58", "label": "Indirect free-kick", "position": "1258579", "team": "home", "visibility": "visible"}, {"gameTime": "2 - 21:38", "label": "Ball out of play", "position": "1298577", "team": "away", "visibility": "visible"}, {"gameTime": "2 - 21:53", "label": "Clearance", "position": "1313019", "team": "not applicable", "visibility": "visible"}, {"gameTime": "2 - 21:58", "label": "Foul", "position": "1318586", "team": "home", "visibility": "visible"}, {"gameTime": "2 - 22:13", "label": "Indirect free-kick", "position": "1333708", "team": "away", "visibility": "visible"}, {"gameTime": "2 - 22:21", "label": "Shots on target", "position": "1341449", "team": "home", "visibility": "visible"}, {"gameTime": "2 - 22:29", "label": "Ball out of play", "position": "1349029", "team": "home", "visibility": "visible"}, {"gameTime": "2 - 23:34", "label": "Throw-in", "position": "1414441", "team": "not applicable", "visibility": "visible"}, {"gameTime": "2 - 23:38", "label": "Foul", "position": "1418071", "team": "home", "visibility": "not shown"}, {"gameTime": "2 - 23:57", "label": "Indirect free-kick", "position": "1437956", "team": "home", "visibility": "visible"}, {"gameTime": "2 - 24:14", "label": "Ball out of play", "position": "1454542", "team": "away", "visibility": "not shown"}, {"gameTime": "2 - 24:50", "label": "Substitution", "position": "1490723", "team": "not applicable", "visibility": "visible"}, {"gameTime": "2 - 25:10", "label": "Throw-in", "position": "1510812", "team": "home", "visibility": "visible"}, {"gameTime": "2 - 25:16", "label": "Ball out of play", "position": "1516812", "team": "home", "visibility": "visible"}, {"gameTime": "2 - 25:28", "label": "Throw-in", "position": "1528522", "team": "not applicable", "visibility": "visible"}, {"gameTime": "2 - 25:37", "label": "Ball out of play", "position": "1537767", "team": "home", "visibility": "visible"}, {"gameTime": "2 - 25:40", "label": "Throw-in", "position": "1540978", "team": "not applicable", "visibility": "visible"}, {"gameTime": "2 - 25:54", "label": "Ball out of play", "position": "1554832", "team": "away", "visibility": "visible"}, {"gameTime": "2 - 25:56", "label": "Throw-in", "position": "1556547", "team": "not applicable", "visibility": "visible"}, {"gameTime": "2 - 26:06", "label": "Ball out of play", "position": "1566254", "team": "away", "visibility": "not shown"}, {"gameTime": "2 - 26:21", "label": "Clearance", "position": "1581146", "team": "not applicable", "visibility": "visible"}, {"gameTime": "2 - 26:41", "label": "Foul", "position": "1601418", "team": "away", "visibility": "not shown"}, {"gameTime": "2 - 26:53", "label": "Direct free-kick", "position": "1613839", "team": "away", "visibility": "visible"}, {"gameTime": "2 - 27:25", "label": "Shots off target", "position": "1645531", "team": "home", "visibility": "visible"}, {"gameTime": "2 - 27:30", "label": "Ball out of play", "position": "1650300", "team": "home", "visibility": "visible"}, {"gameTime": "2 - 27:31", "label": "Clearance", "position": "1651629", "team": "not applicable", "visibility": "visible"}, {"gameTime": "2 - 27:55", "label": "Foul", "position": "1675977", "team": "away", "visibility": "visible"}, {"gameTime": "2 - 27:58", "label": "Indirect free-kick", "position": "1678370", "team": "home", "visibility": "visible"}, {"gameTime": "2 - 28:16", "label": "Shots on target", "position": "1696371", "team": "away", "visibility": "visible"}, {"gameTime": "2 - 28:38", "label": "Offside", "position": "1718328", "team": "home", "visibility": "visible"}, {"gameTime": "2 - 28:41", "label": "Indirect free-kick", "position": "1721390", "team": "home", "visibility": "visible"}, {"gameTime": "2 - 29:10", "label": "Offside", "position": "1750697", "team": "away", "visibility": "not shown"}, {"gameTime": "2 - 29:28", "label": "Indirect free-kick", "position": "1768199", "team": "away", "visibility": "visible"}, {"gameTime": "2 - 29:42", "label": "Ball out of play", "position": "1782557", "team": "home", "visibility": "not shown"}, {"gameTime": "2 - 29:59", "label": "Corner", "position": "1799713", "team": "not applicable", "visibility": "visible"}, {"gameTime": "2 - 30:57", "label": "Shots off target", "position": "1857323", "team": "home", "visibility": "visible"}, {"gameTime": "2 - 30:58", "label": "Ball out of play", "position": "1858634", "team": "home", "visibility": "visible"}, {"gameTime": "2 - 30:59", "label": "Clearance", "position": "1859670", "team": "not applicable", "visibility": "visible"}, {"gameTime": "2 - 31:21", "label": "Ball out of play", "position": "1881106", "team": "away", "visibility": "not shown"}, {"gameTime": "2 - 31:47", "label": "Throw-in", "position": "1907483", "team": "not applicable", "visibility": "visible"}, {"gameTime": "2 - 31:56", "label": "Ball out of play", "position": "1916702", "team": "home", "visibility": "visible"}, {"gameTime": "2 - 32:10", "label": "Clearance", "position": "1930694", "team": "not applicable", "visibility": "visible"}, {"gameTime": "2 - 32:37", "label": "Ball out of play", "position": "1957918", "team": "away", "visibility": "visible"}, {"gameTime": "2 - 32:59", "label": "Throw-in", "position": "1979820", "team": "not applicable", "visibility": "visible"}, {"gameTime": "2 - 33:18", "label": "Shots on target", "position": "1998579", "team": "away", "visibility": "visible"}, {"gameTime": "2 - 33:53", "label": "Goal", "position": "2033400", "team": "away", "visibility": "visible"}, {"gameTime": "2 - 33:53", "label": "Kick-off", "position": "2033764", "team": "away", "visibility": "visible"}, {"gameTime": "2 - 35:07", "label": "Ball out of play", "position": "2107666", "team": "home", "visibility": "visible"}, {"gameTime": "2 - 35:22", "label": "Substitution", "position": "2122793", "team": "not applicable", "visibility": "visible"}, {"gameTime": "2 - 35:44", "label": "Throw-in", "position": "2144191", "team": "away", "visibility": "visible"}, {"gameTime": "2 - 35:50", "label": "Offside", "position": "2150252", "team": "home", "visibility": "not shown"}, {"gameTime": "2 - 36:01", "label": "Indirect free-kick", "position": "2161431", "team": "home", "visibility": "visible"}, {"gameTime": "2 - 36:23", "label": "Ball out of play", "position": "2183356", "team": "away", "visibility": "not shown"}, {"gameTime": "2 - 36:46", "label": "Throw-in", "position": "2206561", "team": "not applicable", "visibility": "visible"}, {"gameTime": "2 - 37:13", "label": "Ball out of play", "position": "2233218", "team": "home", "visibility": "visible"}, {"gameTime": "2 - 37:40", "label": "Throw-in", "position": "2260943", "team": "not applicable", "visibility": "visible"}, {"gameTime": "2 - 37:43", "label": "Ball out of play", "position": "2263541", "team": "home", "visibility": "not shown"}, {"gameTime": "2 - 38:03", "label": "Throw-in", "position": "2283018", "team": "not applicable", "visibility": "visible"}, {"gameTime": "2 - 38:16", "label": "Ball out of play", "position": "2296849", "team": "away", "visibility": "visible"}, {"gameTime": "2 - 38:22", "label": "Throw-in", "position": "2302060", "team": "not applicable", "visibility": "visible"}, {"gameTime": "2 - 38:27", "label": "Shots on target", "position": "2307031", "team": "home", "visibility": "visible"}, {"gameTime": "2 - 38:57", "label": "Goal", "position": "2337488", "team": "home", "visibility": "visible"}, {"gameTime": "2 - 38:57", "label": "Kick-off", "position": "2337968", "team": "home", "visibility": "visible"}, {"gameTime": "2 - 39:34", "label": "Foul", "position": "2374641", "team": "away", "visibility": "not shown"}, {"gameTime": "2 - 39:41", "label": "Indirect free-kick", "position": "2381771", "team": "home", "visibility": "visible"}, {"gameTime": "2 - 40:11", "label": "Ball out of play", "position": "2411759", "team": "away", "visibility": "visible"}, {"gameTime": "2 - 40:29", "label": "Throw-in", "position": "2429079", "team": "not applicable", "visibility": "visible"}, {"gameTime": "2 - 40:38", "label": "Ball out of play", "position": "2438830", "team": "away", "visibility": "visible"}, {"gameTime": "2 - 40:44", "label": "Throw-in", "position": "2444994", "team": "not applicable", "visibility": "visible"}, {"gameTime": "2 - 40:56", "label": "Ball out of play", "position": "2456823", "team": "away", "visibility": "visible"}, {"gameTime": "2 - 41:04", "label": "Clearance", "position": "2464554", "team": "not applicable", "visibility": "visible"}, {"gameTime": "2 - 41:17", "label": "Ball out of play", "position": "2477932", "team": "home", "visibility": "visible"}, {"gameTime": "2 - 41:25", "label": "Throw-in", "position": "2485009", "team": "not applicable", "visibility": "visible"}, {"gameTime": "2 - 41:35", "label": "Foul", "position": "2495751", "team": "away", "visibility": "visible"}, {"gameTime": "2 - 41:48", "label": "Yellow card", "position": "2508450", "team": "away", "visibility": "visible"}, {"gameTime": "2 - 41:52", "label": "Indirect free-kick", "position": "2512068", "team": "away", "visibility": "visible"}, {"gameTime": "2 - 42:00", "label": "Ball out of play", "position": "2520434", "team": "home", "visibility": "not shown"}, {"gameTime": "2 - 42:10", "label": "Throw-in", "position": "2530426", "team": "not applicable", "visibility": "visible"}, {"gameTime": "2 - 42:14", "label": "Ball out of play", "position": "2534474", "team": "home", "visibility": "visible"}, {"gameTime": "2 - 42:23", "label": "Throw-in", "position": "2543895", "team": "not applicable", "visibility": "visible"}, {"gameTime": "2 - 42:58", "label": "Ball out of play", "position": "2578813", "team": "away", "visibility": "visible"}, {"gameTime": "2 - 43:14", "label": "Throw-in", "position": "2594699", "team": "not applicable", "visibility": "visible"}, {"gameTime": "2 - 43:20", "label": "Ball out of play", "position": "2600984", "team": "home", "visibility": "not shown"}, {"gameTime": "2 - 43:37", "label": "Throw-in", "position": "2617909", "team": "not applicable", "visibility": "visible"}, {"gameTime": "2 - 43:56", "label": "Ball out of play", "position": "2636341", "team": "away", "visibility": "visible"}, {"gameTime": "2 - 43:58", "label": "Throw-in", "position": "2638663", "team": "not applicable", "visibility": "visible"}, {"gameTime": "2 - 44:08", "label": "Ball out of play", "position": "2648818", "team": "away", "visibility": "visible"}, {"gameTime": "2 - 44:11", "label": "Throw-in", "position": "2651499", "team": "not applicable", "visibility": "visible"}, {"gameTime": "2 - 44:16", "label": "Ball out of play", "position": "2656853", "team": "away", "visibility": "visible"}, {"gameTime": "2 - 44:28", "label": "Clearance", "position": "2668238", "team": "not applicable", "visibility": "visible"}, {"gameTime": "2 - 44:40", "label": "Ball out of play", "position": "2680464", "team": "home", "visibility": "visible"}, {"gameTime": "2 - 45:14", "label": "Throw-in", "position": "2714839", "team": "not applicable", "visibility": "visible"}, {"gameTime": "2 - 45:18", "label": "Foul", "position": "2718288", "team": "home", "visibility": "not shown"}, {"gameTime": "2 - 45:22", "label": "Indirect free-kick", "position": "2722773", "team": "away", "visibility": "visible"}, {"gameTime": "2 - 45:38", "label": "Ball out of play", "position": "2738638", "team": "home", "visibility": "not shown"}, {"gameTime": "2 - 45:47", "label": "Clearance", "position": "2747714", "team": "not applicable", "visibility": "not shown"}, {"gameTime": "2 - 46:07", "label": "Foul", "position": "2767414", "team": "away", "visibility": "visible"}, {"gameTime": "2 - 46:45", "label": "Yellow card", "position": "2805026", "team": "home", "visibility": "visible"}, {"gameTime": "2 - 46:51", "label": "Shots off target", "position": "2811582", "team": "home", "visibility": "visible"}, {"gameTime": "2 - 47:49", "label": "Direct free-kick", "position": "2869148", "team": "away", "visibility": "visible"}, {"gameTime": "2 - 47:49", "label": "Ball out of play", "position": "2869148", "team": "away", "visibility": "visible"}, {"gameTime": "2 - 47:50", "label": "Ball out of play", "position": "2870060", "team": "not applicable", "visibility": "visible"}], "gameAwayTeam": "AC Milan", "gameDate": "01/11/2015 - 22:45", "gameHomeTeam": "Lazio", "gameScore": "1 - 3"}