{"UrlLocal": "france_ligue-1/2016-2017/2017-04-30 - 22-00 Nice 3 - 1 Paris SG/", "UrlYoutube": "", "annotations": [{"gameTime": "1 - 00:00", "label": "Ball out of play", "position": "24", "team": "away", "visibility": "not shown"}, {"gameTime": "1 - 00:54", "label": "Throw-in", "position": "54950", "team": "not applicable", "visibility": "visible"}, {"gameTime": "1 - 01:15", "label": "Offside", "position": "75103", "team": "away", "visibility": "visible"}, {"gameTime": "1 - 01:31", "label": "Indirect free-kick", "position": "91842", "team": "away", "visibility": "visible"}, {"gameTime": "1 - 01:52", "label": "Foul", "position": "112153", "team": "home", "visibility": "not shown"}, {"gameTime": "1 - 03:09", "label": "Indirect free-kick", "position": "189860", "team": "home", "visibility": "visible"}, {"gameTime": "1 - 03:23", "label": "Ball out of play", "position": "203428", "team": "away", "visibility": "not shown"}, {"gameTime": "1 - 03:41", "label": "Throw-in", "position": "221444", "team": "not applicable", "visibility": "visible"}, {"gameTime": "1 - 03:43", "label": "Shots on target", "position": "223779", "team": "home", "visibility": "not shown"}, {"gameTime": "1 - 04:31", "label": "Ball out of play", "position": "271034", "team": "away", "visibility": "visible"}, {"gameTime": "1 - 05:38", "label": "Clearance", "position": "338783", "team": "not applicable", "visibility": "visible"}, {"gameTime": "1 - 05:59", "label": "Ball out of play", "position": "359025", "team": "away", "visibility": "not shown"}, {"gameTime": "1 - 07:05", "label": "Corner", "position": "425585", "team": "not applicable", "visibility": "visible"}, {"gameTime": "1 - 08:13", "label": "Ball out of play", "position": "493482", "team": "away", "visibility": "visible"}, {"gameTime": "1 - 08:19", "label": "Throw-in", "position": "499118", "team": "not applicable", "visibility": "visible"}, {"gameTime": "1 - 08:32", "label": "Ball out of play", "position": "512008", "team": "away", "visibility": "visible"}, {"gameTime": "1 - 08:39", "label": "Throw-in", "position": "519702", "team": "not applicable", "visibility": "not shown"}, {"gameTime": "1 - 08:50", "label": "Shots off target", "position": "530180", "team": "away", "visibility": "visible"}, {"gameTime": "1 - 09:07", "label": "Ball out of play", "position": "547674", "team": "home", "visibility": "visible"}, {"gameTime": "1 - 09:08", "label": "Corner", "position": "548424", "team": "not applicable", "visibility": "visible"}, {"gameTime": "1 - 09:35", "label": "Offside", "position": "575415", "team": "home", "visibility": "visible"}, {"gameTime": "1 - 09:39", "label": "Indirect free-kick", "position": "579258", "team": "home", "visibility": "not shown"}, {"gameTime": "1 - 10:16", "label": "Ball out of play", "position": "616823", "team": "away", "visibility": "visible"}, {"gameTime": "1 - 10:36", "label": "Throw-in", "position": "636935", "team": "not applicable", "visibility": "visible"}, {"gameTime": "1 - 10:41", "label": "Ball out of play", "position": "641686", "team": "away", "visibility": "visible"}, {"gameTime": "1 - 11:10", "label": "Throw-in", "position": "670984", "team": "not applicable", "visibility": "visible"}, {"gameTime": "1 - 11:23", "label": "Ball out of play", "position": "683630", "team": "away", "visibility": "visible"}, {"gameTime": "1 - 11:42", "label": "Clearance", "position": "702680", "team": "not applicable", "visibility": "visible"}, {"gameTime": "1 - 12:10", "label": "Ball out of play", "position": "730430", "team": "home", "visibility": "visible"}, {"gameTime": "1 - 14:32", "label": "Throw-in", "position": "872375", "team": "not applicable", "visibility": "not shown"}, {"gameTime": "1 - 15:27", "label": "Ball out of play", "position": "927867", "team": "home", "visibility": "visible"}, {"gameTime": "1 - 15:51", "label": "Corner", "position": "951321", "team": "not applicable", "visibility": "visible"}, {"gameTime": "1 - 16:25", "label": "Shots off target", "position": "985063", "team": "away", "visibility": "visible"}, {"gameTime": "1 - 16:26", "label": "Foul", "position": "986192", "team": "away", "visibility": "visible"}, {"gameTime": "1 - 17:21", "label": "Indirect free-kick", "position": "1041543", "team": "away", "visibility": "visible"}, {"gameTime": "1 - 17:27", "label": "Ball out of play", "position": "1047042", "team": "home", "visibility": "visible"}, {"gameTime": "1 - 18:15", "label": "Throw-in", "position": "1095345", "team": "not applicable", "visibility": "not shown"}, {"gameTime": "1 - 18:25", "label": "Ball out of play", "position": "1105897", "team": "home", "visibility": "not shown"}, {"gameTime": "1 - 18:37", "label": "Throw-in", "position": "1117004", "team": "not applicable", "visibility": "visible"}, {"gameTime": "1 - 18:51", "label": "Foul", "position": "1131177", "team": "away", "visibility": "not shown"}, {"gameTime": "1 - 18:52", "label": "Direct free-kick", "position": "1132370", "team": "away", "visibility": "visible"}, {"gameTime": "1 - 19:39", "label": "Shots off target", "position": "1179915", "team": "home", "visibility": "visible"}, {"gameTime": "1 - 19:41", "label": "Clearance", "position": "1181176", "team": "home", "visibility": "visible"}, {"gameTime": "1 - 20:04", "label": "Foul", "position": "1204373", "team": "away", "visibility": "not shown"}, {"gameTime": "1 - 20:05", "label": "Yellow card", "position": "1205053", "team": "home", "visibility": "not shown"}, {"gameTime": "1 - 20:11", "label": "Indirect free-kick", "position": "1211473", "team": "home", "visibility": "visible"}, {"gameTime": "1 - 20:49", "label": "Foul", "position": "1249689", "team": "away", "visibility": "visible"}, {"gameTime": "1 - 21:39", "label": "Indirect free-kick", "position": "1299630", "team": "home", "visibility": "visible"}, {"gameTime": "1 - 21:59", "label": "Ball out of play", "position": "1319156", "team": "away", "visibility": "not shown"}, {"gameTime": "1 - 23:31", "label": "Throw-in", "position": "1411137", "team": "not applicable", "visibility": "visible"}, {"gameTime": "1 - 23:44", "label": "Shots on target", "position": "1424669", "team": "home", "visibility": "not shown"}, {"gameTime": "1 - 25:01", "label": "Goal", "position": "1501680", "team": "home", "visibility": "visible"}, {"gameTime": "1 - 25:02", "label": "Kick-off", "position": "1502480", "team": "home", "visibility": "visible"}, {"gameTime": "1 - 26:13", "label": "Foul", "position": "1573558", "team": "away", "visibility": "not shown"}, {"gameTime": "1 - 26:44", "label": "Indirect free-kick", "position": "1604625", "team": "home", "visibility": "not shown"}, {"gameTime": "1 - 26:51", "label": "Shots off target", "position": "1611791", "team": "away", "visibility": "not shown"}, {"gameTime": "1 - 27:49", "label": "Ball out of play", "position": "1669033", "team": "away", "visibility": "visible"}, {"gameTime": "1 - 27:50", "label": "Clearance", "position": "1670140", "team": "not applicable", "visibility": "visible"}, {"gameTime": "1 - 29:45", "label": "Ball out of play", "position": "1785615", "team": "home", "visibility": "visible"}, {"gameTime": "1 - 30:22", "label": "Throw-in", "position": "1822681", "team": "not applicable", "visibility": "visible"}, {"gameTime": "1 - 30:36", "label": "Ball out of play", "position": "1836266", "team": "home", "visibility": "visible"}, {"gameTime": "1 - 30:38", "label": "Throw-in", "position": "1838947", "team": "not applicable", "visibility": "visible"}, {"gameTime": "1 - 30:49", "label": "Ball out of play", "position": "1849634", "team": "home", "visibility": "not shown"}, {"gameTime": "1 - 30:59", "label": "Throw-in", "position": "1859806", "team": "not applicable", "visibility": "visible"}, {"gameTime": "1 - 31:09", "label": "Foul", "position": "1869477", "team": "away", "visibility": "visible"}, {"gameTime": "1 - 31:33", "label": "Direct free-kick", "position": "1893091", "team": "away", "visibility": "visible"}, {"gameTime": "1 - 32:02", "label": "Offside", "position": "1922630", "team": "home", "visibility": "not shown"}, {"gameTime": "1 - 32:05", "label": "Indirect free-kick", "position": "1925962", "team": "home", "visibility": "not shown"}, {"gameTime": "1 - 32:15", "label": "Ball out of play", "position": "1935349", "team": "away", "visibility": "visible"}, {"gameTime": "1 - 32:47", "label": "Throw-in", "position": "1967806", "team": "not applicable", "visibility": "visible"}, {"gameTime": "1 - 33:06", "label": "Shots off target", "position": "1986800", "team": "away", "visibility": "visible"}, {"gameTime": "1 - 33:58", "label": "Ball out of play", "position": "2038300", "team": "away", "visibility": "visible"}, {"gameTime": "1 - 33:59", "label": "Clearance", "position": "2039593", "team": "not applicable", "visibility": "visible"}, {"gameTime": "1 - 34:21", "label": "Ball out of play", "position": "2061772", "team": "home", "visibility": "not shown"}, {"gameTime": "1 - 35:51", "label": "Throw-in", "position": "2151928", "team": "not applicable", "visibility": "visible"}, {"gameTime": "1 - 35:59", "label": "Ball out of play", "position": "2159941", "team": "away", "visibility": "visible"}, {"gameTime": "1 - 36:35", "label": "Clearance", "position": "2195283", "team": "not applicable", "visibility": "visible"}, {"gameTime": "1 - 37:47", "label": "Shots on target", "position": "2267169", "team": "home", "visibility": "visible"}, {"gameTime": "1 - 38:04", "label": "Ball out of play", "position": "2284979", "team": "home", "visibility": "visible"}, {"gameTime": "1 - 38:05", "label": "Corner", "position": "2285848", "team": "not applicable", "visibility": "not shown"}, {"gameTime": "1 - 38:31", "label": "Ball out of play", "position": "2311320", "team": "home", "visibility": "visible"}, {"gameTime": "1 - 38:52", "label": "Throw-in", "position": "2332395", "team": "not applicable", "visibility": "visible"}, {"gameTime": "1 - 39:00", "label": "Ball out of play", "position": "2340511", "team": "away", "visibility": "not shown"}, {"gameTime": "1 - 39:05", "label": "Throw-in", "position": "2345825", "team": "not applicable", "visibility": "visible"}, {"gameTime": "1 - 39:12", "label": "Foul", "position": "2352657", "team": "away", "visibility": "visible"}, {"gameTime": "1 - 40:47", "label": "Yellow card", "position": "2447686", "team": "home", "visibility": "visible"}, {"gameTime": "1 - 40:52", "label": "Indirect free-kick", "position": "2452611", "team": "home", "visibility": "visible"}, {"gameTime": "1 - 41:08", "label": "Ball out of play", "position": "2468661", "team": "away", "visibility": "not shown"}, {"gameTime": "1 - 41:30", "label": "Clearance", "position": "2490755", "team": "not applicable", "visibility": "visible"}, {"gameTime": "1 - 42:04", "label": "Foul", "position": "2524373", "team": "home", "visibility": "visible"}, {"gameTime": "1 - 42:14", "label": "Indirect free-kick", "position": "2534491", "team": "away", "visibility": "visible"}, {"gameTime": "1 - 42:41", "label": "Offside", "position": "2561465", "team": "home", "visibility": "not shown"}, {"gameTime": "1 - 43:05", "label": "Indirect free-kick", "position": "2585861", "team": "home", "visibility": "not shown"}, {"gameTime": "1 - 43:15", "label": "Shots on target", "position": "2595508", "team": "away", "visibility": "not shown"}, {"gameTime": "1 - 44:26", "label": "Shots off target", "position": "2666429", "team": "away", "visibility": "visible"}, {"gameTime": "1 - 44:30", "label": "Ball out of play", "position": "2670161", "team": "away", "visibility": "visible"}, {"gameTime": "1 - 44:30", "label": "Clearance", "position": "2670925", "team": "not applicable", "visibility": "visible"}, {"gameTime": "1 - 44:56", "label": "Clearance", "position": "2696592", "team": "home", "visibility": "not shown"}, {"gameTime": "2 - 00:00", "label": "Kick-off", "position": "0", "team": "away", "visibility": "not shown"}, {"gameTime": "2 - 00:00", "label": "Ball out of play", "position": "31", "team": "home", "visibility": "not shown"}, {"gameTime": "2 - 00:26", "label": "Throw-in", "position": "26308", "team": "not applicable", "visibility": "visible"}, {"gameTime": "2 - 00:31", "label": "Ball out of play", "position": "31297", "team": "away", "visibility": "visible"}, {"gameTime": "2 - 01:31", "label": "Throw-in", "position": "91758", "team": "not applicable", "visibility": "visible"}, {"gameTime": "2 - 01:35", "label": "Ball out of play", "position": "95569", "team": "away", "visibility": "visible"}, {"gameTime": "2 - 01:51", "label": "Throw-in", "position": "111414", "team": "not applicable", "visibility": "visible"}, {"gameTime": "2 - 02:02", "label": "Ball out of play", "position": "122005", "team": "away", "visibility": "visible"}, {"gameTime": "2 - 02:08", "label": "Throw-in", "position": "128396", "team": "not applicable", "visibility": "not shown"}, {"gameTime": "2 - 02:13", "label": "Shots on target", "position": "133946", "team": "away", "visibility": "visible"}, {"gameTime": "2 - 02:42", "label": "Goal", "position": "162343", "team": "home", "visibility": "visible"}, {"gameTime": "2 - 02:43", "label": "Kick-off", "position": "163464", "team": "home", "visibility": "visible"}, {"gameTime": "2 - 03:57", "label": "Offside", "position": "237615", "team": "away", "visibility": "not shown"}, {"gameTime": "2 - 04:58", "label": "Indirect free-kick", "position": "298776", "team": "away", "visibility": "not shown"}, {"gameTime": "2 - 05:31", "label": "Foul", "position": "331452", "team": "home", "visibility": "not shown"}, {"gameTime": "2 - 06:00", "label": "Indirect free-kick", "position": "360693", "team": "away", "visibility": "visible"}, {"gameTime": "2 - 06:26", "label": "Foul", "position": "386546", "team": "home", "visibility": "visible"}, {"gameTime": "2 - 06:30", "label": "Yellow card", "position": "390793", "team": "away", "visibility": "visible"}, {"gameTime": "2 - 06:37", "label": "Indirect free-kick", "position": "397372", "team": "away", "visibility": "visible"}, {"gameTime": "2 - 06:54", "label": "Ball out of play", "position": "414999", "team": "home", "visibility": "visible"}, {"gameTime": "2 - 07:46", "label": "Throw-in", "position": "466488", "team": "not applicable", "visibility": "not shown"}, {"gameTime": "2 - 08:08", "label": "Ball out of play", "position": "488317", "team": "home", "visibility": "not shown"}, {"gameTime": "2 - 08:13", "label": "Corner", "position": "493763", "team": "not applicable", "visibility": "not shown"}, {"gameTime": "2 - 08:35", "label": "Ball out of play", "position": "515418", "team": "away", "visibility": "visible"}, {"gameTime": "2 - 08:53", "label": "Throw-in", "position": "533308", "team": "not applicable", "visibility": "visible"}, {"gameTime": "2 - 09:01", "label": "Offside", "position": "541295", "team": "away", "visibility": "visible"}, {"gameTime": "2 - 09:07", "label": "Indirect free-kick", "position": "547512", "team": "away", "visibility": "not shown"}, {"gameTime": "2 - 09:36", "label": "Ball out of play", "position": "576785", "team": "home", "visibility": "not shown"}, {"gameTime": "2 - 09:52", "label": "Throw-in", "position": "592726", "team": "not applicable", "visibility": "visible"}, {"gameTime": "2 - 10:06", "label": "Ball out of play", "position": "606929", "team": "home", "visibility": "visible"}, {"gameTime": "2 - 11:28", "label": "Corner", "position": "688246", "team": "not applicable", "visibility": "visible"}, {"gameTime": "2 - 11:52", "label": "Shots on target", "position": "712147", "team": "away", "visibility": "visible"}, {"gameTime": "2 - 11:53", "label": "Foul", "position": "713265", "team": "away", "visibility": "visible"}, {"gameTime": "2 - 12:00", "label": "Yellow card", "position": "720272", "team": "away", "visibility": "visible"}, {"gameTime": "2 - 13:02", "label": "Yellow card", "position": "782094", "team": "away", "visibility": "visible"}, {"gameTime": "2 - 13:03", "label": "Indirect free-kick", "position": "783353", "team": "away", "visibility": "visible"}, {"gameTime": "2 - 13:39", "label": "Foul", "position": "819153", "team": "home", "visibility": "not shown"}, {"gameTime": "2 - 14:30", "label": "Direct free-kick", "position": "870322", "team": "away", "visibility": "visible"}, {"gameTime": "2 - 16:17", "label": "Shots off target", "position": "977194", "team": "home", "visibility": "visible"}, {"gameTime": "2 - 16:25", "label": "Ball out of play", "position": "985239", "team": "home", "visibility": "visible"}, {"gameTime": "2 - 16:27", "label": "Clearance", "position": "987306", "team": "not applicable", "visibility": "visible"}, {"gameTime": "2 - 16:41", "label": "Foul", "position": "1001973", "team": "away", "visibility": "not shown"}, {"gameTime": "2 - 16:52", "label": "Indirect free-kick", "position": "1012746", "team": "away", "visibility": "visible"}, {"gameTime": "2 - 17:16", "label": "Ball out of play", "position": "1036114", "team": "home", "visibility": "not shown"}, {"gameTime": "2 - 17:26", "label": "Throw-in", "position": "1046326", "team": "not applicable", "visibility": "not shown"}, {"gameTime": "2 - 17:40", "label": "Ball out of play", "position": "1060133", "team": "home", "visibility": "visible"}, {"gameTime": "2 - 17:43", "label": "Throw-in", "position": "1063710", "team": "not applicable", "visibility": "visible"}, {"gameTime": "2 - 17:52", "label": "Ball out of play", "position": "1072355", "team": "home", "visibility": "visible"}, {"gameTime": "2 - 17:55", "label": "Clearance", "position": "1075023", "team": "not applicable", "visibility": "visible"}, {"gameTime": "2 - 18:01", "label": "Ball out of play", "position": "1081095", "team": "away", "visibility": "not shown"}, {"gameTime": "2 - 18:24", "label": "Corner", "position": "1104172", "team": "not applicable", "visibility": "visible"}, {"gameTime": "2 - 18:45", "label": "Shots on target", "position": "1125321", "team": "away", "visibility": "visible"}, {"gameTime": "2 - 18:46", "label": "Goal", "position": "1126925", "team": "away", "visibility": "visible"}, {"gameTime": "2 - 18:47", "label": "Substitution", "position": "1127818", "team": "away", "visibility": "visible"}, {"gameTime": "2 - 19:30", "label": "Kick-off", "position": "1170951", "team": "away", "visibility": "visible"}, {"gameTime": "2 - 19:42", "label": "Foul", "position": "1182086", "team": "home", "visibility": "not shown"}, {"gameTime": "2 - 19:51", "label": "Indirect free-kick", "position": "1191314", "team": "home", "visibility": "visible"}, {"gameTime": "2 - 19:54", "label": "Ball out of play", "position": "1194157", "team": "away", "visibility": "visible"}, {"gameTime": "2 - 20:34", "label": "Throw-in", "position": "1234179", "team": "not applicable", "visibility": "visible"}, {"gameTime": "2 - 20:39", "label": "Foul", "position": "1239070", "team": "away", "visibility": "visible"}, {"gameTime": "2 - 20:44", "label": "Indirect free-kick", "position": "1244042", "team": "away", "visibility": "visible"}, {"gameTime": "2 - 21:11", "label": "Foul", "position": "1271154", "team": "home", "visibility": "not shown"}, {"gameTime": "2 - 21:13", "label": "Indirect free-kick", "position": "1273979", "team": "home", "visibility": "not shown"}, {"gameTime": "2 - 21:18", "label": "Ball out of play", "position": "1278273", "team": "away", "visibility": "visible"}, {"gameTime": "2 - 21:42", "label": "Clearance", "position": "1302001", "team": "not applicable", "visibility": "visible"}, {"gameTime": "2 - 22:01", "label": "Ball out of play", "position": "1321847", "team": "home", "visibility": "not shown"}, {"gameTime": "2 - 22:16", "label": "Throw-in", "position": "1336551", "team": "not applicable", "visibility": "visible"}, {"gameTime": "2 - 22:21", "label": "Ball out of play", "position": "1341791", "team": "away", "visibility": "visible"}, {"gameTime": "2 - 23:14", "label": "Clearance", "position": "1394527", "team": "not applicable", "visibility": "visible"}, {"gameTime": "2 - 23:47", "label": "Ball out of play", "position": "1427157", "team": "home", "visibility": "visible"}, {"gameTime": "2 - 23:51", "label": "Throw-in", "position": "1431054", "team": "not applicable", "visibility": "visible"}, {"gameTime": "2 - 23:57", "label": "Ball out of play", "position": "1437842", "team": "away", "visibility": "visible"}, {"gameTime": "2 - 24:56", "label": "Corner", "position": "1496395", "team": "not applicable", "visibility": "visible"}, {"gameTime": "2 - 25:14", "label": "Shots on target", "position": "1514876", "team": "away", "visibility": "visible"}, {"gameTime": "2 - 25:18", "label": "Ball out of play", "position": "1518171", "team": "away", "visibility": "visible"}, {"gameTime": "2 - 25:43", "label": "Throw-in", "position": "1543235", "team": "not applicable", "visibility": "visible"}, {"gameTime": "2 - 25:53", "label": "Shots off target", "position": "1553448", "team": "away", "visibility": "visible"}, {"gameTime": "2 - 26:31", "label": "Ball out of play", "position": "1591006", "team": "away", "visibility": "visible"}, {"gameTime": "2 - 26:31", "label": "Clearance", "position": "1591786", "team": "not applicable", "visibility": "visible"}, {"gameTime": "2 - 27:01", "label": "Ball out of play", "position": "1621374", "team": "home", "visibility": "not shown"}, {"gameTime": "2 - 27:24", "label": "Throw-in", "position": "1644524", "team": "not applicable", "visibility": "visible"}, {"gameTime": "2 - 27:29", "label": "Ball out of play", "position": "1649301", "team": "home", "visibility": "visible"}, {"gameTime": "2 - 27:55", "label": "Throw-in", "position": "1675562", "team": "not applicable", "visibility": "visible"}, {"gameTime": "2 - 28:15", "label": "Ball out of play", "position": "1695747", "team": "home", "visibility": "visible"}, {"gameTime": "2 - 28:17", "label": "Throw-in", "position": "1697207", "team": "not applicable", "visibility": "visible"}, {"gameTime": "2 - 28:24", "label": "Ball out of play", "position": "1704447", "team": "away", "visibility": "visible"}, {"gameTime": "2 - 29:12", "label": "Substitution", "position": "1752364", "team": "not applicable", "visibility": "visible"}, {"gameTime": "2 - 29:28", "label": "Corner", "position": "1768748", "team": "home", "visibility": "visible"}, {"gameTime": "2 - 29:54", "label": "Shots on target", "position": "1794648", "team": "away", "visibility": "visible"}, {"gameTime": "2 - 29:56", "label": "Shots on target", "position": "1796313", "team": "away", "visibility": "visible"}, {"gameTime": "2 - 29:59", "label": "Shots off target", "position": "1799116", "team": "away", "visibility": "visible"}, {"gameTime": "2 - 30:06", "label": "Ball out of play", "position": "1806659", "team": "away", "visibility": "visible"}, {"gameTime": "2 - 30:07", "label": "Clearance", "position": "1807651", "team": "not applicable", "visibility": "visible"}, {"gameTime": "2 - 30:36", "label": "Foul", "position": "1836849", "team": "home", "visibility": "visible"}, {"gameTime": "2 - 31:24", "label": "Substitution", "position": "1884087", "team": "away", "visibility": "visible"}, {"gameTime": "2 - 32:15", "label": "Substitution", "position": "1935697", "team": "home", "visibility": "visible"}, {"gameTime": "2 - 32:19", "label": "Indirect free-kick", "position": "1939684", "team": "away", "visibility": "not shown"}, {"gameTime": "2 - 32:30", "label": "Foul", "position": "1950515", "team": "home", "visibility": "visible"}, {"gameTime": "2 - 32:46", "label": "Indirect free-kick", "position": "1966355", "team": "home", "visibility": "visible"}, {"gameTime": "2 - 32:54", "label": "Ball out of play", "position": "1974241", "team": "away", "visibility": "visible"}, {"gameTime": "2 - 33:11", "label": "Throw-in", "position": "1991901", "team": "not applicable", "visibility": "visible"}, {"gameTime": "2 - 33:20", "label": "Ball out of play", "position": "2000823", "team": "away", "visibility": "visible"}, {"gameTime": "2 - 34:23", "label": "Corner", "position": "2063510", "team": "not applicable", "visibility": "visible"}, {"gameTime": "2 - 34:46", "label": "Offside", "position": "2086000", "team": "away", "visibility": "visible"}, {"gameTime": "2 - 34:56", "label": "Indirect free-kick", "position": "2096001", "team": "away", "visibility": "not shown"}, {"gameTime": "2 - 35:21", "label": "Foul", "position": "2121896", "team": "home", "visibility": "visible"}, {"gameTime": "2 - 35:57", "label": "Indirect free-kick", "position": "2157184", "team": "away", "visibility": "visible"}, {"gameTime": "2 - 36:16", "label": "Ball out of play", "position": "2176694", "team": "home", "visibility": "not shown"}, {"gameTime": "2 - 36:18", "label": "Throw-in", "position": "2178495", "team": "not applicable", "visibility": "visible"}, {"gameTime": "2 - 36:24", "label": "Shots off target", "position": "2184461", "team": "away", "visibility": "visible"}, {"gameTime": "2 - 38:16", "label": "Ball out of play", "position": "2296955", "team": "away", "visibility": "visible"}, {"gameTime": "2 - 38:17", "label": "Substitution", "position": "2297949", "team": "not applicable", "visibility": "visible"}, {"gameTime": "2 - 38:53", "label": "Clearance", "position": "2333235", "team": "home", "visibility": "visible"}, {"gameTime": "2 - 39:08", "label": "Shots off target", "position": "2348826", "team": "home", "visibility": "visible"}, {"gameTime": "2 - 39:25", "label": "Ball out of play", "position": "2365599", "team": "away", "visibility": "visible"}, {"gameTime": "2 - 39:26", "label": "Clearance", "position": "2366530", "team": "not applicable", "visibility": "visible"}, {"gameTime": "2 - 39:56", "label": "Ball out of play", "position": "2396390", "team": "home", "visibility": "visible"}, {"gameTime": "2 - 40:16", "label": "Throw-in", "position": "2416699", "team": "not applicable", "visibility": "visible"}, {"gameTime": "2 - 40:24", "label": "Ball out of play", "position": "2424529", "team": "away", "visibility": "visible"}, {"gameTime": "2 - 40:33", "label": "Throw-in", "position": "2433843", "team": "not applicable", "visibility": "visible"}, {"gameTime": "2 - 40:54", "label": "Foul", "position": "2454054", "team": "home", "visibility": "visible"}, {"gameTime": "2 - 40:54", "label": "Indirect free-kick", "position": "2454547", "team": "away", "visibility": "not shown"}, {"gameTime": "2 - 41:20", "label": "Foul", "position": "2480771", "team": "home", "visibility": "visible"}, {"gameTime": "2 - 41:29", "label": "Indirect free-kick", "position": "2489026", "team": "home", "visibility": "visible"}, {"gameTime": "2 - 41:38", "label": "Ball out of play", "position": "2498132", "team": "away", "visibility": "visible"}, {"gameTime": "2 - 42:44", "label": "Throw-in", "position": "2564459", "team": "not applicable", "visibility": "visible"}, {"gameTime": "2 - 42:48", "label": "Foul", "position": "2568696", "team": "away", "visibility": "visible"}, {"gameTime": "2 - 43:28", "label": "Direct free-kick", "position": "2608689", "team": "home", "visibility": "visible"}, {"gameTime": "2 - 44:13", "label": "Foul", "position": "2653776", "team": "away", "visibility": "visible"}, {"gameTime": "2 - 44:32", "label": "Red card", "position": "2672505", "team": "away", "visibility": "not shown"}, {"gameTime": "2 - 44:34", "label": "Indirect free-kick", "position": "2674745", "team": "away", "visibility": "visible"}, {"gameTime": "2 - 46:10", "label": "Shots on target", "position": "2770536", "team": "home", "visibility": "visible"}, {"gameTime": "2 - 46:24", "label": "Goal", "position": "2784575", "team": "home", "visibility": "visible"}, {"gameTime": "2 - 46:24", "label": "Kick-off", "position": "2784815", "team": "home", "visibility": "visible"}, {"gameTime": "2 - 47:36", "label": "Foul", "position": "2856988", "team": "away", "visibility": "not shown"}, {"gameTime": "2 - 47:50", "label": "Red card", "position": "2870615", "team": "away", "visibility": "visible"}, {"gameTime": "2 - 47:57", "label": "Indirect free-kick", "position": "2877661", "team": "away", "visibility": "visible"}, {"gameTime": "2 - 48:56", "label": "Indirect free-kick", "position": "2936174", "team": "home", "visibility": "visible"}], "gameAwayTeam": "Paris SG", "gameDate": "30/04/2017 - 22:00", "gameHomeTeam": "Nice", "gameScore": "3 - 1"}