{"UrlLocal": "england_epl/2015-2016/2015-12-05 - 20-30 Chelsea 0 - 1 Bournemouth/", "UrlYoutube": "", "annotations": [{"gameTime": "1 - 00:10", "label": "Kick-off", "position": "10592", "team": "not applicable", "visibility": "visible"}, {"gameTime": "1 - 00:10", "label": "Ball out of play", "position": "10592", "team": "away", "visibility": "visible"}, {"gameTime": "1 - 00:21", "label": "Kick-off", "position": "21933", "team": "home", "visibility": "not shown"}, {"gameTime": "1 - 01:23", "label": "Throw-in", "position": "83202", "team": "home", "visibility": "visible"}, {"gameTime": "1 - 02:52", "label": "Shots on target", "position": "172489", "team": "not applicable", "visibility": "visible"}, {"gameTime": "1 - 03:04", "label": "Ball out of play", "position": "184668", "team": "home", "visibility": "visible"}, {"gameTime": "1 - 03:08", "label": "Throw-in", "position": "188010", "team": "not applicable", "visibility": "visible"}, {"gameTime": "1 - 03:17", "label": "Ball out of play", "position": "197989", "team": "away", "visibility": "not shown"}, {"gameTime": "1 - 03:59", "label": "Clearance", "position": "239167", "team": "not applicable", "visibility": "visible"}, {"gameTime": "1 - 04:23", "label": "Ball out of play", "position": "263861", "team": "home", "visibility": "not shown"}, {"gameTime": "1 - 05:09", "label": "Clearance", "position": "309109", "team": "not applicable", "visibility": "visible"}, {"gameTime": "1 - 05:30", "label": "Ball out of play", "position": "330307", "team": "home", "visibility": "visible"}, {"gameTime": "1 - 06:14", "label": "Corner", "position": "374740", "team": "away", "visibility": "visible"}, {"gameTime": "1 - 06:30", "label": "Shots on target", "position": "390082", "team": "away", "visibility": "visible"}, {"gameTime": "1 - 07:53", "label": "Foul", "position": "473223", "team": "home", "visibility": "visible"}, {"gameTime": "1 - 08:05", "label": "Foul", "position": "485181", "team": "away", "visibility": "visible"}, {"gameTime": "1 - 08:38", "label": "Indirect free-kick", "position": "518533", "team": "not applicable", "visibility": "visible"}, {"gameTime": "1 - 08:39", "label": "Ball out of play", "position": "519973", "team": "away", "visibility": "visible"}, {"gameTime": "1 - 09:10", "label": "Throw-in", "position": "550021", "team": "not applicable", "visibility": "visible"}, {"gameTime": "1 - 09:17", "label": "Ball out of play", "position": "557311", "team": "away", "visibility": "not shown"}, {"gameTime": "1 - 10:17", "label": "Throw-in", "position": "617814", "team": "not applicable", "visibility": "visible"}, {"gameTime": "1 - 10:27", "label": "Ball out of play", "position": "627331", "team": "home", "visibility": "not shown"}, {"gameTime": "1 - 10:31", "label": "Throw-in", "position": "631927", "team": "away", "visibility": "visible"}, {"gameTime": "1 - 10:45", "label": "Foul", "position": "645708", "team": "home", "visibility": "not shown"}, {"gameTime": "1 - 11:41", "label": "Indirect free-kick", "position": "701273", "team": "away", "visibility": "visible"}, {"gameTime": "1 - 12:10", "label": "Shots on target", "position": "730549", "team": "not applicable", "visibility": "visible"}, {"gameTime": "1 - 12:17", "label": "Ball out of play", "position": "737293", "team": "home", "visibility": "visible"}, {"gameTime": "1 - 13:21", "label": "Throw-in", "position": "801169", "team": "home", "visibility": "visible"}, {"gameTime": "1 - 13:55", "label": "Foul", "position": "835171", "team": "away", "visibility": "visible"}, {"gameTime": "1 - 14:01", "label": "Indirect free-kick", "position": "841773", "team": "away", "visibility": "visible"}, {"gameTime": "1 - 14:02", "label": "Shots on target", "position": "842444", "team": "not applicable", "visibility": "visible"}, {"gameTime": "1 - 14:43", "label": "Ball out of play", "position": "883433", "team": "away", "visibility": "visible"}, {"gameTime": "1 - 17:11", "label": "Corner", "position": "1031826", "team": "home", "visibility": "visible"}, {"gameTime": "1 - 17:31", "label": "Clearance", "position": "1051963", "team": "not applicable", "visibility": "visible"}, {"gameTime": "1 - 17:45", "label": "Ball out of play", "position": "1065688", "team": "home", "visibility": "visible"}, {"gameTime": "1 - 18:48", "label": "Throw-in", "position": "1128989", "team": "not applicable", "visibility": "not shown"}, {"gameTime": "1 - 18:51", "label": "Ball out of play", "position": "1131108", "team": "away", "visibility": "not shown"}, {"gameTime": "1 - 19:15", "label": "Throw-in", "position": "1155209", "team": "not applicable", "visibility": "visible"}, {"gameTime": "1 - 19:37", "label": "Ball out of play", "position": "1177744", "team": "away", "visibility": "visible"}, {"gameTime": "1 - 19:45", "label": "Throw-in", "position": "1185237", "team": "away", "visibility": "visible"}, {"gameTime": "1 - 20:28", "label": "Foul", "position": "1228807", "team": "home", "visibility": "visible"}, {"gameTime": "1 - 20:34", "label": "Indirect free-kick", "position": "1234950", "team": "home", "visibility": "visible"}, {"gameTime": "1 - 20:40", "label": "Foul", "position": "1240000", "team": "home", "visibility": "visible"}, {"gameTime": "1 - 21:03", "label": "Yellow card", "position": "1263140", "team": "away", "visibility": "visible"}, {"gameTime": "1 - 21:24", "label": "Indirect free-kick", "position": "1284930", "team": "away", "visibility": "visible"}, {"gameTime": "1 - 21:39", "label": "Foul", "position": "1299226", "team": "home", "visibility": "visible"}, {"gameTime": "1 - 22:24", "label": "Indirect free-kick", "position": "1344491", "team": "not applicable", "visibility": "visible"}, {"gameTime": "1 - 22:38", "label": "Ball out of play", "position": "1358112", "team": "away", "visibility": "visible"}, {"gameTime": "1 - 22:49", "label": "Throw-in", "position": "1369290", "team": "away", "visibility": "visible"}, {"gameTime": "1 - 22:57", "label": "Foul", "position": "1377000", "team": "away", "visibility": "visible"}, {"gameTime": "1 - 23:22", "label": "Yellow card", "position": "1402056", "team": "home", "visibility": "visible"}, {"gameTime": "1 - 23:25", "label": "Indirect free-kick", "position": "1405299", "team": "not applicable", "visibility": "visible"}, {"gameTime": "1 - 23:48", "label": "Ball out of play", "position": "1428861", "team": "away", "visibility": "visible"}, {"gameTime": "1 - 24:05", "label": "Clearance", "position": "1445213", "team": "away", "visibility": "visible"}, {"gameTime": "1 - 24:06", "label": "Shots off target", "position": "1446655", "team": "not applicable", "visibility": "visible"}, {"gameTime": "1 - 24:30", "label": "Ball out of play", "position": "1470293", "team": "home", "visibility": "not shown"}, {"gameTime": "1 - 25:07", "label": "Clearance", "position": "1507344", "team": "not applicable", "visibility": "visible"}, {"gameTime": "1 - 25:17", "label": "Ball out of play", "position": "1517124", "team": "away", "visibility": "visible"}, {"gameTime": "1 - 25:22", "label": "Throw-in", "position": "1522978", "team": "not applicable", "visibility": "visible"}, {"gameTime": "1 - 25:32", "label": "Ball out of play", "position": "1532716", "team": "away", "visibility": "visible"}, {"gameTime": "1 - 25:34", "label": "Throw-in", "position": "1534908", "team": "not applicable", "visibility": "not shown"}, {"gameTime": "1 - 25:43", "label": "Ball out of play", "position": "1543691", "team": "away", "visibility": "visible"}, {"gameTime": "1 - 26:09", "label": "Throw-in", "position": "1569243", "team": "not applicable", "visibility": "visible"}, {"gameTime": "1 - 26:29", "label": "Ball out of play", "position": "1589783", "team": "home", "visibility": "visible"}, {"gameTime": "1 - 26:37", "label": "Corner", "position": "1597734", "team": "not applicable", "visibility": "visible"}, {"gameTime": "1 - 26:42", "label": "Ball out of play", "position": "1602315", "team": "home", "visibility": "not shown"}, {"gameTime": "1 - 27:12", "label": "Throw-in", "position": "1632668", "team": "home", "visibility": "visible"}, {"gameTime": "1 - 27:13", "label": "Shots off target", "position": "1633840", "team": "not applicable", "visibility": "visible"}, {"gameTime": "1 - 27:39", "label": "Ball out of play", "position": "1659408", "team": "away", "visibility": "not shown"}, {"gameTime": "1 - 28:49", "label": "Clearance", "position": "1729173", "team": "away", "visibility": "visible"}, {"gameTime": "1 - 28:50", "label": "Shots off target", "position": "1730505", "team": "not applicable", "visibility": "visible"}, {"gameTime": "1 - 29:26", "label": "Ball out of play", "position": "1766109", "team": "away", "visibility": "visible"}, {"gameTime": "1 - 29:35", "label": "Corner", "position": "1775344", "team": "not applicable", "visibility": "visible"}, {"gameTime": "1 - 30:00", "label": "Ball out of play", "position": "1800015", "team": "home", "visibility": "visible"}, {"gameTime": "1 - 30:57", "label": "Clearance", "position": "1857261", "team": "not applicable", "visibility": "visible"}, {"gameTime": "1 - 32:10", "label": "Ball out of play", "position": "1930382", "team": "home", "visibility": "visible"}, {"gameTime": "1 - 32:39", "label": "Clearance", "position": "1959344", "team": "home", "visibility": "visible"}, {"gameTime": "1 - 32:40", "label": "Shots off target", "position": "1960487", "team": "not applicable", "visibility": "visible"}, {"gameTime": "1 - 33:05", "label": "Ball out of play", "position": "1985552", "team": "away", "visibility": "not shown"}, {"gameTime": "1 - 33:13", "label": "Clearance", "position": "1993316", "team": "not applicable", "visibility": "visible"}, {"gameTime": "1 - 33:23", "label": "Ball out of play", "position": "2003932", "team": "away", "visibility": "visible"}, {"gameTime": "1 - 33:34", "label": "Throw-in", "position": "2014244", "team": "not applicable", "visibility": "visible"}, {"gameTime": "1 - 33:47", "label": "Ball out of play", "position": "2027024", "team": "home", "visibility": "visible"}, {"gameTime": "1 - 34:16", "label": "Clearance", "position": "2056146", "team": "home", "visibility": "visible"}, {"gameTime": "1 - 34:19", "label": "Shots on target", "position": "2059091", "team": "not applicable", "visibility": "not shown"}, {"gameTime": "1 - 34:21", "label": "Ball out of play", "position": "2061670", "team": "home", "visibility": "not shown"}, {"gameTime": "1 - 35:04", "label": "Throw-in", "position": "2104209", "team": "away", "visibility": "visible"}, {"gameTime": "1 - 35:19", "label": "Shots off target", "position": "2119261", "team": "not applicable", "visibility": "visible"}, {"gameTime": "1 - 35:37", "label": "Ball out of play", "position": "2137393", "team": "home", "visibility": "visible"}, {"gameTime": "1 - 35:38", "label": "Throw-in", "position": "2138237", "team": "away", "visibility": "visible"}, {"gameTime": "1 - 36:20", "label": "Foul", "position": "2180798", "team": "home", "visibility": "visible"}, {"gameTime": "1 - 36:40", "label": "Direct free-kick", "position": "2200959", "team": "home", "visibility": "visible"}, {"gameTime": "1 - 37:22", "label": "Shots on target", "position": "2242901", "team": "not applicable", "visibility": "visible"}, {"gameTime": "1 - 37:56", "label": "Ball out of play", "position": "2276027", "team": "away", "visibility": "not shown"}, {"gameTime": "1 - 38:01", "label": "Clearance", "position": "2281201", "team": "home", "visibility": "visible"}, {"gameTime": "1 - 38:54", "label": "Foul", "position": "2334503", "team": "away", "visibility": "visible"}, {"gameTime": "1 - 39:07", "label": "Direct free-kick", "position": "2347323", "team": "away", "visibility": "visible"}, {"gameTime": "1 - 39:08", "label": "Shots off target", "position": "2348210", "team": "not applicable", "visibility": "visible"}, {"gameTime": "1 - 39:34", "label": "Ball out of play", "position": "2374158", "team": "home", "visibility": "visible"}, {"gameTime": "1 - 39:46", "label": "Clearance", "position": "2386373", "team": "home", "visibility": "visible"}, {"gameTime": "1 - 39:48", "label": "Shots on target", "position": "2388147", "team": "not applicable", "visibility": "visible"}, {"gameTime": "1 - 40:31", "label": "Ball out of play", "position": "2431103", "team": "away", "visibility": "visible"}, {"gameTime": "1 - 41:07", "label": "Clearance", "position": "2467854", "team": "not applicable", "visibility": "visible"}, {"gameTime": "1 - 41:10", "label": "Ball out of play", "position": "2470022", "team": "home", "visibility": "not shown"}, {"gameTime": "1 - 42:37", "label": "Throw-in", "position": "2557827", "team": "home", "visibility": "visible"}, {"gameTime": "1 - 42:45", "label": "Shots on target", "position": "2565840", "team": "not applicable", "visibility": "visible"}, {"gameTime": "1 - 44:06", "label": "Ball out of play", "position": "2646019", "team": "away", "visibility": "visible"}, {"gameTime": "1 - 44:19", "label": "Clearance", "position": "2659682", "team": "not applicable", "visibility": "visible"}, {"gameTime": "1 - 44:31", "label": "Ball out of play", "position": "2671924", "team": "home", "visibility": "visible"}, {"gameTime": "2 - 00:00", "label": "Substitution", "position": "0", "team": "away", "visibility": "visible"}, {"gameTime": "2 - 00:10", "label": "Kick-off", "position": "10669", "team": "not applicable", "visibility": "visible"}, {"gameTime": "2 - 00:13", "label": "Ball out of play", "position": "13173", "team": "home", "visibility": "visible"}, {"gameTime": "2 - 00:18", "label": "Throw-in", "position": "18438", "team": "not applicable", "visibility": "visible"}, {"gameTime": "2 - 00:23", "label": "Ball out of play", "position": "23940", "team": "home", "visibility": "not shown"}, {"gameTime": "2 - 01:04", "label": "Throw-in", "position": "64602", "team": "away", "visibility": "visible"}, {"gameTime": "2 - 01:05", "label": "Shots off target", "position": "65682", "team": "not applicable", "visibility": "visible"}, {"gameTime": "2 - 01:37", "label": "Ball out of play", "position": "97045", "team": "home", "visibility": "visible"}, {"gameTime": "2 - 02:36", "label": "Clearance", "position": "156378", "team": "home", "visibility": "visible"}, {"gameTime": "2 - 03:41", "label": "Corner", "position": "221905", "team": "home", "visibility": "visible"}, {"gameTime": "2 - 03:58", "label": "Shots on target", "position": "238607", "team": "not applicable", "visibility": "visible"}, {"gameTime": "2 - 04:05", "label": "Ball out of play", "position": "245902", "team": "away", "visibility": "visible"}, {"gameTime": "2 - 04:25", "label": "Throw-in", "position": "265193", "team": "not applicable", "visibility": "visible"}, {"gameTime": "2 - 04:31", "label": "Ball out of play", "position": "271026", "team": "away", "visibility": "not shown"}, {"gameTime": "2 - 04:51", "label": "Throw-in", "position": "291616", "team": "home", "visibility": "visible"}, {"gameTime": "2 - 04:51", "label": "Foul", "position": "291617", "team": "not applicable", "visibility": "visible"}, {"gameTime": "2 - 05:06", "label": "Ball out of play", "position": "306607", "team": "away", "visibility": "visible"}, {"gameTime": "2 - 05:18", "label": "Throw-in", "position": "318000", "team": "not applicable", "visibility": "visible"}, {"gameTime": "2 - 05:26", "label": "Ball out of play", "position": "326417", "team": "home", "visibility": "visible"}, {"gameTime": "2 - 05:52", "label": "Throw-in", "position": "352068", "team": "home", "visibility": "visible"}, {"gameTime": "2 - 05:53", "label": "Shots off target", "position": "353229", "team": "not applicable", "visibility": "visible"}, {"gameTime": "2 - 06:12", "label": "Ball out of play", "position": "372633", "team": "away", "visibility": "not shown"}, {"gameTime": "2 - 06:23", "label": "Clearance", "position": "383900", "team": "not applicable", "visibility": "visible"}, {"gameTime": "2 - 06:28", "label": "Ball out of play", "position": "388593", "team": "home", "visibility": "visible"}, {"gameTime": "2 - 07:31", "label": "Throw-in", "position": "451798", "team": "home", "visibility": "visible"}, {"gameTime": "2 - 07:33", "label": "Shots on target", "position": "453102", "team": "not applicable", "visibility": "visible"}, {"gameTime": "2 - 07:55", "label": "Ball out of play", "position": "475841", "team": "home", "visibility": "visible"}, {"gameTime": "2 - 08:09", "label": "Corner", "position": "489781", "team": "home", "visibility": "visible"}, {"gameTime": "2 - 08:10", "label": "Shots off target", "position": "490035", "team": "not applicable", "visibility": "visible"}, {"gameTime": "2 - 08:37", "label": "Ball out of play", "position": "517108", "team": "away", "visibility": "visible"}, {"gameTime": "2 - 09:05", "label": "Clearance", "position": "545311", "team": "not applicable", "visibility": "visible"}, {"gameTime": "2 - 09:15", "label": "Ball out of play", "position": "555667", "team": "home", "visibility": "visible"}, {"gameTime": "2 - 09:31", "label": "Throw-in", "position": "571954", "team": "not applicable", "visibility": "visible"}, {"gameTime": "2 - 09:51", "label": "Ball out of play", "position": "591103", "team": "home", "visibility": "visible"}, {"gameTime": "2 - 09:52", "label": "Corner", "position": "592104", "team": "home", "visibility": "visible"}, {"gameTime": "2 - 10:10", "label": "Shots on target", "position": "610939", "team": "not applicable", "visibility": "visible"}, {"gameTime": "2 - 10:33", "label": "Ball out of play", "position": "633062", "team": "away", "visibility": "visible"}, {"gameTime": "2 - 10:58", "label": "Throw-in", "position": "658971", "team": "home", "visibility": "visible"}, {"gameTime": "2 - 11:02", "label": "Shots on target", "position": "662359", "team": "not applicable", "visibility": "visible"}, {"gameTime": "2 - 11:17", "label": "Ball out of play", "position": "677223", "team": "home", "visibility": "visible"}, {"gameTime": "2 - 11:48", "label": "Throw-in", "position": "708904", "team": "not applicable", "visibility": "visible"}, {"gameTime": "2 - 12:09", "label": "Ball out of play", "position": "729612", "team": "home", "visibility": "visible"}, {"gameTime": "2 - 12:21", "label": "Corner", "position": "741210", "team": "not applicable", "visibility": "visible"}, {"gameTime": "2 - 12:51", "label": "Ball out of play", "position": "771713", "team": "away", "visibility": "not shown"}, {"gameTime": "2 - 13:03", "label": "Clearance", "position": "783448", "team": "not applicable", "visibility": "visible"}, {"gameTime": "2 - 13:07", "label": "Ball out of play", "position": "787084", "team": "home", "visibility": "visible"}, {"gameTime": "2 - 14:29", "label": "Throw-in", "position": "869706", "team": "home", "visibility": "visible"}, {"gameTime": "2 - 15:25", "label": "Foul", "position": "925743", "team": "away", "visibility": "visible"}, {"gameTime": "2 - 16:32", "label": "Indirect free-kick", "position": "992385", "team": "away", "visibility": "visible"}, {"gameTime": "2 - 16:43", "label": "Foul", "position": "1003667", "team": "not applicable", "visibility": "visible"}, {"gameTime": "2 - 16:58", "label": "Ball out of play", "position": "1018785", "team": "home", "visibility": "visible"}, {"gameTime": "2 - 17:03", "label": "Throw-in", "position": "1023821", "team": "home", "visibility": "visible"}, {"gameTime": "2 - 17:11", "label": "Foul", "position": "1031000", "team": "home", "visibility": "visible"}, {"gameTime": "2 - 18:17", "label": "Yellow card", "position": "1097657", "team": "away", "visibility": "visible"}, {"gameTime": "2 - 19:18", "label": "Clearance", "position": "1158876", "team": "home", "visibility": "visible"}, {"gameTime": "2 - 19:20", "label": "Shots off target", "position": "1160356", "team": "not applicable", "visibility": "visible"}, {"gameTime": "2 - 19:43", "label": "Ball out of play", "position": "1183466", "team": "home", "visibility": "visible"}, {"gameTime": "2 - 20:20", "label": "Corner", "position": "1220975", "team": "not applicable", "visibility": "visible"}, {"gameTime": "2 - 20:43", "label": "Ball out of play", "position": "1243898", "team": "away", "visibility": "not shown"}, {"gameTime": "2 - 20:59", "label": "Throw-in", "position": "1259377", "team": "away", "visibility": "visible"}, {"gameTime": "2 - 20:59", "label": "Foul", "position": "1259967", "team": "not applicable", "visibility": "visible"}, {"gameTime": "2 - 21:11", "label": "Ball out of play", "position": "1271752", "team": "home", "visibility": "visible"}, {"gameTime": "2 - 21:53", "label": "Indirect free-kick", "position": "1313071", "team": "not applicable", "visibility": "visible"}, {"gameTime": "2 - 22:08", "label": "Ball out of play", "position": "1328835", "team": "home", "visibility": "visible"}, {"gameTime": "2 - 22:51", "label": "Corner", "position": "1371830", "team": "not applicable", "visibility": "visible"}, {"gameTime": "2 - 23:08", "label": "Ball out of play", "position": "1388561", "team": "away", "visibility": "visible"}, {"gameTime": "2 - 23:37", "label": "Throw-in", "position": "1417127", "team": "not applicable", "visibility": "visible"}, {"gameTime": "2 - 23:41", "label": "Ball out of play", "position": "1421370", "team": "home", "visibility": "visible"}, {"gameTime": "2 - 24:30", "label": "Throw-in", "position": "1470020", "team": "home", "visibility": "visible"}, {"gameTime": "2 - 24:38", "label": "Foul", "position": "1478548", "team": "away", "visibility": "visible"}, {"gameTime": "2 - 25:33", "label": "Indirect free-kick", "position": "1533562", "team": "not applicable", "visibility": "visible"}, {"gameTime": "2 - 25:44", "label": "Ball out of play", "position": "1544720", "team": "away", "visibility": "visible"}, {"gameTime": "2 - 26:08", "label": "Throw-in", "position": "1568154", "team": "not applicable", "visibility": "visible"}, {"gameTime": "2 - 26:32", "label": "Ball out of play", "position": "1592108", "team": "away", "visibility": "visible"}, {"gameTime": "2 - 27:19", "label": "Throw-in", "position": "1639083", "team": "home", "visibility": "visible"}, {"gameTime": "2 - 27:20", "label": "Shots off target", "position": "1640379", "team": "not applicable", "visibility": "visible"}, {"gameTime": "2 - 28:53", "label": "Ball out of play", "position": "1733821", "team": "away", "visibility": "not shown"}, {"gameTime": "2 - 29:01", "label": "Clearance", "position": "1741165", "team": "away", "visibility": "visible"}, {"gameTime": "2 - 29:21", "label": "Foul", "position": "1761387", "team": "home", "visibility": "visible"}, {"gameTime": "2 - 29:59", "label": "Indirect free-kick", "position": "1799143", "team": "not applicable", "visibility": "visible"}, {"gameTime": "2 - 30:09", "label": "Ball out of play", "position": "1809917", "team": "home", "visibility": "not shown"}, {"gameTime": "2 - 30:41", "label": "Throw-in", "position": "1841772", "team": "not applicable", "visibility": "visible"}, {"gameTime": "2 - 30:48", "label": "Ball out of play", "position": "1848026", "team": "home", "visibility": "visible"}, {"gameTime": "2 - 31:46", "label": "Throw-in", "position": "1906499", "team": "home", "visibility": "visible"}, {"gameTime": "2 - 31:47", "label": "Shots on target", "position": "1907438", "team": "not applicable", "visibility": "visible"}, {"gameTime": "2 - 32:09", "label": "Ball out of play", "position": "1929636", "team": "home", "visibility": "visible"}, {"gameTime": "2 - 32:11", "label": "Corner", "position": "1931994", "team": "not applicable", "visibility": "visible"}, {"gameTime": "2 - 32:40", "label": "Ball out of play", "position": "1960636", "team": "away", "visibility": "visible"}, {"gameTime": "2 - 33:17", "label": "Clearance", "position": "1997814", "team": "home", "visibility": "visible"}, {"gameTime": "2 - 34:46", "label": "Shots on target", "position": "2086000", "team": "away", "visibility": "visible"}, {"gameTime": "2 - 35:15", "label": "Substitution", "position": "2115493", "team": "away", "visibility": "visible"}, {"gameTime": "2 - 35:21", "label": "Foul", "position": "2121891", "team": "home", "visibility": "visible"}, {"gameTime": "2 - 35:50", "label": "Indirect free-kick", "position": "2150712", "team": "home", "visibility": "visible"}, {"gameTime": "2 - 35:52", "label": "Foul", "position": "2152556", "team": "not applicable", "visibility": "visible"}, {"gameTime": "2 - 36:20", "label": "Ball out of play", "position": "2180145", "team": "away", "visibility": "visible"}, {"gameTime": "2 - 36:24", "label": "Corner", "position": "2184665", "team": "away", "visibility": "visible"}, {"gameTime": "2 - 36:24", "label": "Shots on target", "position": "2184960", "team": "away", "visibility": "visible"}, {"gameTime": "2 - 37:44", "label": "Goal", "position": "2264453", "team": "home", "visibility": "visible"}, {"gameTime": "2 - 37:55", "label": "Substitution", "position": "2275399", "team": "home", "visibility": "visible"}, {"gameTime": "2 - 38:06", "label": "Kick-off", "position": "2286818", "team": "not applicable", "visibility": "visible"}, {"gameTime": "2 - 38:54", "label": "Ball out of play", "position": "2334578", "team": "away", "visibility": "visible"}, {"gameTime": "2 - 38:55", "label": "Shots off target", "position": "2335523", "team": "not applicable", "visibility": "visible"}, {"gameTime": "2 - 39:11", "label": "Ball out of play", "position": "2351158", "team": "home", "visibility": "visible"}, {"gameTime": "2 - 39:21", "label": "Clearance", "position": "2361307", "team": "not applicable", "visibility": "visible"}, {"gameTime": "2 - 39:47", "label": "Ball out of play", "position": "2387145", "team": "not applicable", "visibility": "visible"}, {"gameTime": "2 - 40:50", "label": "Ball out of play", "position": "2450263", "team": "not applicable", "visibility": "visible"}, {"gameTime": "2 - 41:12", "label": "Ball out of play", "position": "2472477", "team": "home", "visibility": "visible"}, {"gameTime": "2 - 41:18", "label": "Corner", "position": "2478760", "team": "not applicable", "visibility": "visible"}, {"gameTime": "2 - 42:31", "label": "Ball out of play", "position": "2551964", "team": "home", "visibility": "visible"}, {"gameTime": "2 - 43:34", "label": "Shots off target", "position": "2614411", "team": "away", "visibility": "visible"}, {"gameTime": "2 - 43:39", "label": "Shots off target", "position": "2619745", "team": "not applicable", "visibility": "visible"}, {"gameTime": "2 - 44:02", "label": "Ball out of play", "position": "2642307", "team": "away", "visibility": "visible"}, {"gameTime": "2 - 44:19", "label": "Throw-in", "position": "2659561", "team": "not applicable", "visibility": "visible"}, {"gameTime": "2 - 44:32", "label": "Ball out of play", "position": "2672286", "team": "home", "visibility": "visible"}], "gameAwayTeam": "Bournemouth", "gameDate": "05/12/2015 - 20:30", "gameHomeTeam": "Chelsea", "gameScore": "0 - 1"}