{"UrlLocal": "italy_serie-a/2016-2017/2017-02-25 - 20-00 Napoli 0 - 2 Atalanta/", "UrlYoutube": "", "annotations": [{"gameTime": "1 - 00:25", "label": "Kick-off", "position": "25909", "team": "away", "visibility": "visible"}, {"gameTime": "1 - 00:36", "label": "Foul", "position": "36955", "team": "home", "visibility": "visible"}, {"gameTime": "1 - 01:02", "label": "Indirect free-kick", "position": "62268", "team": "not applicable", "visibility": "visible"}, {"gameTime": "1 - 01:12", "label": "Ball out of play", "position": "72925", "team": "home", "visibility": "visible"}, {"gameTime": "1 - 01:38", "label": "Throw-in", "position": "98284", "team": "not applicable", "visibility": "visible"}, {"gameTime": "1 - 01:46", "label": "Ball out of play", "position": "106398", "team": "home", "visibility": "visible"}, {"gameTime": "1 - 02:23", "label": "Throw-in", "position": "143854", "team": "away", "visibility": "visible"}, {"gameTime": "1 - 02:51", "label": "Foul", "position": "171608", "team": "home", "visibility": "not shown"}, {"gameTime": "1 - 02:57", "label": "Indirect free-kick", "position": "177625", "team": "home", "visibility": "visible"}, {"gameTime": "1 - 03:23", "label": "Offside", "position": "203272", "team": "away", "visibility": "visible"}, {"gameTime": "1 - 03:41", "label": "Indirect free-kick", "position": "221541", "team": "not applicable", "visibility": "visible"}, {"gameTime": "1 - 03:48", "label": "Ball out of play", "position": "228852", "team": "away", "visibility": "visible"}, {"gameTime": "1 - 04:02", "label": "Throw-in", "position": "242358", "team": "not applicable", "visibility": "visible"}, {"gameTime": "1 - 04:05", "label": "Ball out of play", "position": "245075", "team": "away", "visibility": "not shown"}, {"gameTime": "1 - 04:56", "label": "Throw-in", "position": "296415", "team": "away", "visibility": "visible"}, {"gameTime": "1 - 05:46", "label": "Shots on target", "position": "346177", "team": "home", "visibility": "visible"}, {"gameTime": "1 - 05:47", "label": "Shots off target", "position": "347385", "team": "not applicable", "visibility": "visible"}, {"gameTime": "1 - 06:10", "label": "Ball out of play", "position": "370592", "team": "away", "visibility": "not shown"}, {"gameTime": "1 - 06:29", "label": "Clearance", "position": "389968", "team": "not applicable", "visibility": "visible"}, {"gameTime": "1 - 06:48", "label": "Ball out of play", "position": "408419", "team": "away", "visibility": "visible"}, {"gameTime": "1 - 07:39", "label": "Clearance", "position": "459737", "team": "not applicable", "visibility": "visible"}, {"gameTime": "1 - 07:45", "label": "Ball out of play", "position": "465801", "team": "home", "visibility": "not shown"}, {"gameTime": "1 - 08:43", "label": "Throw-in", "position": "523076", "team": "not applicable", "visibility": "visible"}, {"gameTime": "1 - 08:51", "label": "Ball out of play", "position": "531958", "team": "home", "visibility": "visible"}, {"gameTime": "1 - 08:56", "label": "Throw-in", "position": "536347", "team": "not applicable", "visibility": "visible"}, {"gameTime": "1 - 09:02", "label": "Ball out of play", "position": "542072", "team": "home", "visibility": "visible"}, {"gameTime": "1 - 10:05", "label": "Throw-in", "position": "605198", "team": "away", "visibility": "visible"}, {"gameTime": "1 - 10:19", "label": "Offside", "position": "619569", "team": "home", "visibility": "not shown"}, {"gameTime": "1 - 10:42", "label": "Indirect free-kick", "position": "642976", "team": "not applicable", "visibility": "visible"}, {"gameTime": "1 - 10:49", "label": "Ball out of play", "position": "649277", "team": "away", "visibility": "not shown"}, {"gameTime": "1 - 12:01", "label": "Throw-in", "position": "721018", "team": "not applicable", "visibility": "visible"}, {"gameTime": "1 - 12:04", "label": "Ball out of play", "position": "724132", "team": "home", "visibility": "visible"}, {"gameTime": "1 - 12:20", "label": "Throw-in", "position": "740664", "team": "not applicable", "visibility": "visible"}, {"gameTime": "1 - 12:42", "label": "Ball out of play", "position": "762843", "team": "away", "visibility": "visible"}, {"gameTime": "1 - 13:03", "label": "Clearance", "position": "783571", "team": "away", "visibility": "visible"}, {"gameTime": "1 - 13:38", "label": "Foul", "position": "818077", "team": "home", "visibility": "visible"}, {"gameTime": "1 - 14:23", "label": "Indirect free-kick", "position": "863276", "team": "not applicable", "visibility": "visible"}, {"gameTime": "1 - 14:39", "label": "Ball out of play", "position": "879808", "team": "away", "visibility": "visible"}, {"gameTime": "1 - 16:39", "label": "Throw-in", "position": "999875", "team": "not applicable", "visibility": "visible"}, {"gameTime": "1 - 16:45", "label": "Ball out of play", "position": "1005294", "team": "away", "visibility": "not shown"}, {"gameTime": "1 - 17:25", "label": "Throw-in", "position": "1045698", "team": "away", "visibility": "visible"}, {"gameTime": "1 - 17:35", "label": "Foul", "position": "1055030", "team": "home", "visibility": "not shown"}, {"gameTime": "1 - 18:24", "label": "Indirect free-kick", "position": "1104896", "team": "not applicable", "visibility": "visible"}, {"gameTime": "1 - 18:33", "label": "Ball out of play", "position": "1113668", "team": "home", "visibility": "visible"}, {"gameTime": "1 - 19:02", "label": "Throw-in", "position": "1142777", "team": "not applicable", "visibility": "visible"}, {"gameTime": "1 - 19:07", "label": "Ball out of play", "position": "1147666", "team": "away", "visibility": "not shown"}, {"gameTime": "1 - 19:18", "label": "Throw-in", "position": "1158096", "team": "away", "visibility": "visible"}, {"gameTime": "1 - 19:42", "label": "Offside", "position": "1182665", "team": "home", "visibility": "visible"}, {"gameTime": "1 - 19:46", "label": "Indirect free-kick", "position": "1186979", "team": "away", "visibility": "visible"}, {"gameTime": "1 - 20:01", "label": "Foul", "position": "1201145", "team": "home", "visibility": "not shown"}, {"gameTime": "1 - 20:23", "label": "Indirect free-kick", "position": "1223229", "team": "not applicable", "visibility": "visible"}, {"gameTime": "1 - 20:47", "label": "Ball out of play", "position": "1247801", "team": "away", "visibility": "not shown"}, {"gameTime": "1 - 21:02", "label": "Throw-in", "position": "1262356", "team": "not applicable", "visibility": "visible"}, {"gameTime": "1 - 21:06", "label": "Ball out of play", "position": "1266690", "team": "home", "visibility": "not shown"}, {"gameTime": "1 - 24:24", "label": "Throw-in", "position": "1464649", "team": "not applicable", "visibility": "visible"}, {"gameTime": "1 - 24:29", "label": "Ball out of play", "position": "1469280", "team": "away", "visibility": "visible"}, {"gameTime": "1 - 25:15", "label": "Throw-in", "position": "1515584", "team": "away", "visibility": "visible"}, {"gameTime": "1 - 26:06", "label": "Foul", "position": "1566319", "team": "home", "visibility": "visible"}, {"gameTime": "1 - 26:22", "label": "Direct free-kick", "position": "1582251", "team": "home", "visibility": "visible"}, {"gameTime": "1 - 26:24", "label": "Shots off target", "position": "1584478", "team": "not applicable", "visibility": "visible"}, {"gameTime": "1 - 26:43", "label": "Ball out of play", "position": "1603539", "team": "away", "visibility": "not shown"}, {"gameTime": "1 - 27:21", "label": "Clearance", "position": "1641881", "team": "not applicable", "visibility": "visible"}, {"gameTime": "1 - 27:45", "label": "Ball out of play", "position": "1665711", "team": "away", "visibility": "visible"}, {"gameTime": "1 - 27:47", "label": "Corner", "position": "1667300", "team": "away", "visibility": "visible"}, {"gameTime": "1 - 27:47", "label": "Shots off target", "position": "1667700", "team": "away", "visibility": "visible"}, {"gameTime": "1 - 27:48", "label": "Shots on target", "position": "1668300", "team": "away", "visibility": "visible"}, {"gameTime": "1 - 28:27", "label": "Goal", "position": "1707131", "team": "home", "visibility": "visible"}, {"gameTime": "1 - 28:52", "label": "Kick-off", "position": "1732735", "team": "not applicable", "visibility": "visible"}, {"gameTime": "1 - 28:55", "label": "Ball out of play", "position": "1735502", "team": "home", "visibility": "visible"}, {"gameTime": "1 - 30:15", "label": "Throw-in", "position": "1815672", "team": "not applicable", "visibility": "visible"}, {"gameTime": "1 - 30:35", "label": "Ball out of play", "position": "1835258", "team": "away", "visibility": "visible"}, {"gameTime": "1 - 30:54", "label": "Clearance", "position": "1854596", "team": "home", "visibility": "visible"}, {"gameTime": "1 - 31:14", "label": "Foul", "position": "1874061", "team": "away", "visibility": "visible"}, {"gameTime": "1 - 31:25", "label": "Indirect free-kick", "position": "1885518", "team": "away", "visibility": "visible"}, {"gameTime": "1 - 31:34", "label": "Offside", "position": "1894432", "team": "home", "visibility": "visible"}, {"gameTime": "1 - 31:58", "label": "Indirect free-kick", "position": "1918124", "team": "away", "visibility": "visible"}, {"gameTime": "1 - 33:15", "label": "Shots on target", "position": "1995708", "team": "not applicable", "visibility": "visible"}, {"gameTime": "1 - 33:44", "label": "Ball out of play", "position": "2024133", "team": "home", "visibility": "visible"}, {"gameTime": "1 - 33:58", "label": "Corner", "position": "2038594", "team": "not applicable", "visibility": "visible"}, {"gameTime": "1 - 34:02", "label": "Ball out of play", "position": "2042490", "team": "home", "visibility": "visible"}, {"gameTime": "1 - 34:15", "label": "Throw-in", "position": "2055844", "team": "home", "visibility": "visible"}, {"gameTime": "1 - 34:16", "label": "Shots off target", "position": "2056958", "team": "not applicable", "visibility": "visible"}, {"gameTime": "1 - 34:36", "label": "Ball out of play", "position": "2076899", "team": "away", "visibility": "visible"}, {"gameTime": "1 - 34:51", "label": "Clearance", "position": "2091804", "team": "home", "visibility": "visible"}, {"gameTime": "1 - 35:01", "label": "Foul", "position": "2101304", "team": "away", "visibility": "visible"}, {"gameTime": "1 - 37:16", "label": "Indirect free-kick", "position": "2236455", "team": "home", "visibility": "visible"}, {"gameTime": "1 - 38:31", "label": "Shots on target", "position": "2311631", "team": "home", "visibility": "visible"}, {"gameTime": "1 - 38:32", "label": "Shots off target", "position": "2312416", "team": "not applicable", "visibility": "visible"}, {"gameTime": "1 - 38:57", "label": "Ball out of play", "position": "2337811", "team": "away", "visibility": "not shown"}, {"gameTime": "1 - 39:16", "label": "Clearance", "position": "2356412", "team": "away", "visibility": "visible"}, {"gameTime": "1 - 39:24", "label": "Foul", "position": "2364060", "team": "home", "visibility": "not shown"}, {"gameTime": "1 - 39:33", "label": "Indirect free-kick", "position": "2373774", "team": "not applicable", "visibility": "visible"}, {"gameTime": "1 - 39:38", "label": "Ball out of play", "position": "2378308", "team": "home", "visibility": "visible"}, {"gameTime": "1 - 39:53", "label": "Throw-in", "position": "2393019", "team": "home", "visibility": "visible"}, {"gameTime": "1 - 39:58", "label": "Foul", "position": "2398235", "team": "home", "visibility": "visible"}, {"gameTime": "1 - 40:29", "label": "Yellow card", "position": "2429680", "team": "away", "visibility": "not shown"}, {"gameTime": "1 - 40:40", "label": "Indirect free-kick", "position": "2440692", "team": "not applicable", "visibility": "visible"}, {"gameTime": "1 - 40:43", "label": "Ball out of play", "position": "2443615", "team": "away", "visibility": "visible"}, {"gameTime": "1 - 40:45", "label": "Throw-in", "position": "2445134", "team": "not applicable", "visibility": "visible"}, {"gameTime": "1 - 40:58", "label": "Ball out of play", "position": "2458507", "team": "away", "visibility": "visible"}, {"gameTime": "1 - 41:10", "label": "Throw-in", "position": "2470243", "team": "not applicable", "visibility": "visible"}, {"gameTime": "1 - 41:40", "label": "Ball out of play", "position": "2500468", "team": "away", "visibility": "visible"}, {"gameTime": "1 - 41:42", "label": "Corner", "position": "2502264", "team": "not applicable", "visibility": "visible"}, {"gameTime": "1 - 41:55", "label": "Ball out of play", "position": "2515319", "team": "away", "visibility": "visible"}, {"gameTime": "1 - 41:57", "label": "Corner", "position": "2517157", "team": "not applicable", "visibility": "visible"}, {"gameTime": "1 - 42:09", "label": "Ball out of play", "position": "2529676", "team": "away", "visibility": "visible"}, {"gameTime": "1 - 42:12", "label": "Corner", "position": "2532611", "team": "not applicable", "visibility": "visible"}, {"gameTime": "1 - 42:26", "label": "Ball out of play", "position": "2546351", "team": "away", "visibility": "visible"}, {"gameTime": "1 - 42:42", "label": "Corner", "position": "2562553", "team": "not applicable", "visibility": "visible"}, {"gameTime": "1 - 43:07", "label": "Ball out of play", "position": "2587813", "team": "away", "visibility": "visible"}, {"gameTime": "1 - 43:11", "label": "Clearance", "position": "2591275", "team": "not applicable", "visibility": "not shown"}, {"gameTime": "1 - 43:17", "label": "Ball out of play", "position": "2597715", "team": "home", "visibility": "visible"}, {"gameTime": "1 - 43:22", "label": "Throw-in", "position": "2602108", "team": "away", "visibility": "visible"}, {"gameTime": "1 - 44:17", "label": "Foul", "position": "2657608", "team": "home", "visibility": "visible"}, {"gameTime": "1 - 44:17", "label": "Direct free-kick", "position": "2657608", "team": "home", "visibility": "visible"}, {"gameTime": "1 - 44:20", "label": "Shots on target", "position": "2660186", "team": "not applicable", "visibility": "visible"}, {"gameTime": "1 - 44:40", "label": "Ball out of play", "position": "2680517", "team": "home", "visibility": "not shown"}, {"gameTime": "1 - 44:48", "label": "Corner", "position": "2688085", "team": "home", "visibility": "visible"}, {"gameTime": "1 - 44:49", "label": "Shots off target", "position": "2689500", "team": "not applicable", "visibility": "visible"}, {"gameTime": "2 - 00:27", "label": "Kick-off", "position": "27433", "team": "away", "visibility": "visible"}, {"gameTime": "2 - 00:42", "label": "Shots on target", "position": "42610", "team": "not applicable", "visibility": "visible"}, {"gameTime": "2 - 00:53", "label": "Ball out of play", "position": "53962", "team": "home", "visibility": "visible"}, {"gameTime": "2 - 00:56", "label": "Throw-in", "position": "56618", "team": "not applicable", "visibility": "visible"}, {"gameTime": "2 - 01:02", "label": "Ball out of play", "position": "62133", "team": "home", "visibility": "visible"}, {"gameTime": "2 - 01:29", "label": "Throw-in", "position": "89443", "team": "not applicable", "visibility": "visible"}, {"gameTime": "2 - 01:49", "label": "Ball out of play", "position": "109560", "team": "away", "visibility": "not shown"}, {"gameTime": "2 - 02:16", "label": "Clearance", "position": "136815", "team": "not applicable", "visibility": "visible"}, {"gameTime": "2 - 02:29", "label": "Ball out of play", "position": "149123", "team": "away", "visibility": "visible"}, {"gameTime": "2 - 04:59", "label": "Throw-in", "position": "299519", "team": "not applicable", "visibility": "visible"}, {"gameTime": "2 - 05:09", "label": "Ball out of play", "position": "309676", "team": "home", "visibility": "not shown"}, {"gameTime": "2 - 05:11", "label": "Throw-in", "position": "311683", "team": "not applicable", "visibility": "not shown"}, {"gameTime": "2 - 05:20", "label": "Ball out of play", "position": "320382", "team": "home", "visibility": "visible"}, {"gameTime": "2 - 05:23", "label": "Throw-in", "position": "323181", "team": "not applicable", "visibility": "visible"}, {"gameTime": "2 - 05:33", "label": "Ball out of play", "position": "333754", "team": "away", "visibility": "visible"}, {"gameTime": "2 - 07:06", "label": "Throw-in", "position": "426961", "team": "not applicable", "visibility": "visible"}, {"gameTime": "2 - 07:24", "label": "Ball out of play", "position": "444633", "team": "away", "visibility": "visible"}, {"gameTime": "2 - 07:28", "label": "Corner", "position": "448125", "team": "not applicable", "visibility": "visible"}, {"gameTime": "2 - 07:57", "label": "Ball out of play", "position": "477076", "team": "away", "visibility": "visible"}, {"gameTime": "2 - 08:00", "label": "Corner", "position": "480159", "team": "away", "visibility": "visible"}, {"gameTime": "2 - 09:59", "label": "Shots on target", "position": "599603", "team": "away", "visibility": "visible"}, {"gameTime": "2 - 10:16", "label": "Shots off target", "position": "616705", "team": "not applicable", "visibility": "visible"}, {"gameTime": "2 - 10:46", "label": "Ball out of play", "position": "646327", "team": "away", "visibility": "visible"}, {"gameTime": "2 - 10:53", "label": "Corner", "position": "653501", "team": "not applicable", "visibility": "visible"}, {"gameTime": "2 - 11:10", "label": "Ball out of play", "position": "670829", "team": "away", "visibility": "visible"}, {"gameTime": "2 - 12:27", "label": "Throw-in", "position": "747615", "team": "not applicable", "visibility": "visible"}, {"gameTime": "2 - 12:52", "label": "Ball out of play", "position": "772906", "team": "away", "visibility": "visible"}, {"gameTime": "2 - 13:10", "label": "Corner", "position": "790094", "team": "home", "visibility": "visible"}, {"gameTime": "2 - 13:14", "label": "Shots off target", "position": "794129", "team": "not applicable", "visibility": "visible"}, {"gameTime": "2 - 13:32", "label": "Ball out of play", "position": "812062", "team": "home", "visibility": "not shown"}, {"gameTime": "2 - 13:41", "label": "Substitution", "position": "821041", "team": "away", "visibility": "not shown"}, {"gameTime": "2 - 14:45", "label": "Clearance", "position": "885589", "team": "home", "visibility": "visible"}, {"gameTime": "2 - 15:09", "label": "Foul", "position": "909637", "team": "away", "visibility": "visible"}, {"gameTime": "2 - 15:38", "label": "Indirect free-kick", "position": "938759", "team": "not applicable", "visibility": "visible"}, {"gameTime": "2 - 15:43", "label": "Ball out of play", "position": "943510", "team": "home", "visibility": "visible"}, {"gameTime": "2 - 15:53", "label": "Throw-in", "position": "953150", "team": "home", "visibility": "visible"}, {"gameTime": "2 - 16:02", "label": "Foul", "position": "962832", "team": "away", "visibility": "visible"}, {"gameTime": "2 - 17:54", "label": "Indirect free-kick", "position": "1074088", "team": "not applicable", "visibility": "visible"}, {"gameTime": "2 - 17:58", "label": "Ball out of play", "position": "1078123", "team": "away", "visibility": "visible"}, {"gameTime": "2 - 18:24", "label": "Throw-in", "position": "1104527", "team": "away", "visibility": "visible"}, {"gameTime": "2 - 18:47", "label": "Foul", "position": "1127996", "team": "home", "visibility": "not shown"}, {"gameTime": "2 - 19:00", "label": "Indirect free-kick", "position": "1140722", "team": "home", "visibility": "visible"}, {"gameTime": "2 - 19:14", "label": "Shots on target", "position": "1154575", "team": "not applicable", "visibility": "visible"}, {"gameTime": "2 - 19:26", "label": "Ball out of play", "position": "1166245", "team": "away", "visibility": "visible"}, {"gameTime": "2 - 19:43", "label": "Throw-in", "position": "1183025", "team": "not applicable", "visibility": "visible"}, {"gameTime": "2 - 19:56", "label": "Ball out of play", "position": "1196798", "team": "away", "visibility": "visible"}, {"gameTime": "2 - 20:00", "label": "Throw-in", "position": "1200608", "team": "not applicable", "visibility": "visible"}, {"gameTime": "2 - 20:09", "label": "Ball out of play", "position": "1209561", "team": "away", "visibility": "not shown"}, {"gameTime": "2 - 20:33", "label": "Throw-in", "position": "1233554", "team": "not applicable", "visibility": "visible"}, {"gameTime": "2 - 21:02", "label": "Ball out of play", "position": "1262851", "team": "away", "visibility": "visible"}, {"gameTime": "2 - 21:06", "label": "Corner", "position": "1266369", "team": "away", "visibility": "visible"}, {"gameTime": "2 - 21:13", "label": "Foul", "position": "1273183", "team": "away", "visibility": "visible"}, {"gameTime": "2 - 22:11", "label": "Yellow->red card", "position": "1331045", "team": "home", "visibility": "not shown"}, {"gameTime": "2 - 22:22", "label": "Indirect free-kick", "position": "1342540", "team": "home", "visibility": "visible"}, {"gameTime": "2 - 22:53", "label": "Foul", "position": "1373604", "team": "away", "visibility": "not shown"}, {"gameTime": "2 - 23:16", "label": "Indirect free-kick", "position": "1396429", "team": "not applicable", "visibility": "visible"}, {"gameTime": "2 - 23:18", "label": "Ball out of play", "position": "1398206", "team": "home", "visibility": "visible"}, {"gameTime": "2 - 24:03", "label": "Throw-in", "position": "1443512", "team": "away", "visibility": "visible"}, {"gameTime": "2 - 24:04", "label": "Shots on target", "position": "1444283", "team": "away", "visibility": "visible"}, {"gameTime": "2 - 25:11", "label": "Goal", "position": "1511125", "team": "home", "visibility": "visible"}, {"gameTime": "2 - 25:35", "label": "Kick-off", "position": "1535681", "team": "not applicable", "visibility": "visible"}, {"gameTime": "2 - 25:39", "label": "Ball out of play", "position": "1539009", "team": "home", "visibility": "visible"}, {"gameTime": "2 - 26:43", "label": "Throw-in", "position": "1603826", "team": "home", "visibility": "visible"}, {"gameTime": "2 - 26:45", "label": "Shots off target", "position": "1605111", "team": "not applicable", "visibility": "visible"}, {"gameTime": "2 - 27:14", "label": "Ball out of play", "position": "1634241", "team": "away", "visibility": "visible"}, {"gameTime": "2 - 27:39", "label": "Clearance", "position": "1659426", "team": "not applicable", "visibility": "visible"}, {"gameTime": "2 - 28:03", "label": "Ball out of play", "position": "1683222", "team": "away", "visibility": "not shown"}, {"gameTime": "2 - 29:16", "label": "Clearance", "position": "1756968", "team": "not applicable", "visibility": "visible"}, {"gameTime": "2 - 29:36", "label": "Ball out of play", "position": "1776426", "team": "away", "visibility": "visible"}, {"gameTime": "2 - 29:55", "label": "Throw-in", "position": "1795164", "team": "not applicable", "visibility": "visible"}, {"gameTime": "2 - 29:59", "label": "Ball out of play", "position": "1799120", "team": "home", "visibility": "not shown"}, {"gameTime": "2 - 30:22", "label": "Throw-in", "position": "1822000", "team": "home", "visibility": "visible"}, {"gameTime": "2 - 30:22", "label": "Shots off target", "position": "1822765", "team": "not applicable", "visibility": "visible"}, {"gameTime": "2 - 30:51", "label": "Ball out of play", "position": "1851436", "team": "away", "visibility": "visible"}, {"gameTime": "2 - 31:22", "label": "Clearance", "position": "1882481", "team": "not applicable", "visibility": "visible"}, {"gameTime": "2 - 31:39", "label": "Ball out of play", "position": "1899874", "team": "away", "visibility": "visible"}, {"gameTime": "2 - 31:57", "label": "Yellow card", "position": "1917064", "team": "away", "visibility": "visible"}, {"gameTime": "2 - 32:59", "label": "Clearance", "position": "1979896", "team": "home", "visibility": "visible"}, {"gameTime": "2 - 33:07", "label": "Shots on target", "position": "1987604", "team": "not applicable", "visibility": "visible"}, {"gameTime": "2 - 33:20", "label": "Ball out of play", "position": "2000532", "team": "home", "visibility": "visible"}, {"gameTime": "2 - 33:42", "label": "Substitution", "position": "2022769", "team": "home", "visibility": "visible"}, {"gameTime": "2 - 33:57", "label": "Substitution", "position": "2037423", "team": "away", "visibility": "visible"}, {"gameTime": "2 - 34:25", "label": "Clearance", "position": "2065329", "team": "not applicable", "visibility": "visible"}, {"gameTime": "2 - 34:45", "label": "Ball out of play", "position": "2085109", "team": "home", "visibility": "visible"}, {"gameTime": "2 - 35:09", "label": "Corner", "position": "2109320", "team": "home", "visibility": "visible"}, {"gameTime": "2 - 35:42", "label": "Foul", "position": "2142052", "team": "away", "visibility": "visible"}, {"gameTime": "2 - 36:30", "label": "Indirect free-kick", "position": "2190926", "team": "home", "visibility": "visible"}, {"gameTime": "2 - 37:04", "label": "Foul", "position": "2224268", "team": "away", "visibility": "visible"}, {"gameTime": "2 - 37:27", "label": "Substitution", "position": "2247738", "team": "away", "visibility": "visible"}, {"gameTime": "2 - 37:38", "label": "Indirect free-kick", "position": "2258996", "team": "not applicable", "visibility": "visible"}, {"gameTime": "2 - 37:41", "label": "Ball out of play", "position": "2261904", "team": "home", "visibility": "visible"}, {"gameTime": "2 - 38:09", "label": "Throw-in", "position": "2289498", "team": "not applicable", "visibility": "visible"}, {"gameTime": "2 - 38:33", "label": "Ball out of play", "position": "2313358", "team": "home", "visibility": "not shown"}, {"gameTime": "2 - 38:35", "label": "Corner", "position": "2315230", "team": "home", "visibility": "visible"}, {"gameTime": "2 - 40:08", "label": "Shots on target", "position": "2408476", "team": "not applicable", "visibility": "visible"}, {"gameTime": "2 - 40:30", "label": "Ball out of play", "position": "2430425", "team": "away", "visibility": "visible"}, {"gameTime": "2 - 40:33", "label": "Substitution", "position": "2433318", "team": "home", "visibility": "not shown"}, {"gameTime": "2 - 41:10", "label": "Throw-in", "position": "2470179", "team": "not applicable", "visibility": "visible"}, {"gameTime": "2 - 41:28", "label": "Ball out of play", "position": "2488814", "team": "home", "visibility": "visible"}, {"gameTime": "2 - 41:42", "label": "Corner", "position": "2502083", "team": "home", "visibility": "visible"}, {"gameTime": "2 - 43:21", "label": "Shots on target", "position": "2601616", "team": "not applicable", "visibility": "visible"}, {"gameTime": "2 - 43:44", "label": "Ball out of play", "position": "2624688", "team": "home", "visibility": "visible"}, {"gameTime": "2 - 43:47", "label": "Corner", "position": "2627051", "team": "home", "visibility": "visible"}, {"gameTime": "2 - 45:17", "label": "Shots on target", "position": "2717982", "team": "not applicable", "visibility": "visible"}, {"gameTime": "2 - 45:52", "label": "Ball out of play", "position": "2752521", "team": "away", "visibility": "visible"}, {"gameTime": "2 - 46:06", "label": "Substitution", "position": "2766563", "team": "home", "visibility": "visible"}, {"gameTime": "2 - 46:22", "label": "Corner", "position": "2782141", "team": "not applicable", "visibility": "visible"}, {"gameTime": "2 - 46:25", "label": "Ball out of play", "position": "2785323", "team": "home", "visibility": "not shown"}, {"gameTime": "2 - 46:30", "label": "Throw-in", "position": "2790553", "team": "home", "visibility": "visible"}], "gameAwayTeam": "Atalanta", "gameDate": "25/02/2017 - 20:00", "gameHomeTeam": "Napoli", "gameScore": "0 - 2"}