{"UrlLocal": "italy_serie-a/2015-2016/2015-09-26 - 21-45 Napoli 2 - 1 Juventus/", "UrlYoutube": "", "annotations": [{"gameTime": "1 - 00:00", "label": "Ball out of play", "position": "0", "team": "away", "visibility": "not shown"}, {"gameTime": "1 - 00:46", "label": "Throw-in", "position": "46554", "team": "not applicable", "visibility": "visible"}, {"gameTime": "1 - 00:56", "label": "Shots off target", "position": "56696", "team": "away", "visibility": "visible"}, {"gameTime": "1 - 01:58", "label": "Ball out of play", "position": "118750", "team": "home", "visibility": "visible"}, {"gameTime": "1 - 01:59", "label": "Clearance", "position": "119859", "team": "not applicable", "visibility": "visible"}, {"gameTime": "1 - 02:09", "label": "Ball out of play", "position": "129900", "team": "away", "visibility": "not shown"}, {"gameTime": "1 - 02:20", "label": "Throw-in", "position": "140794", "team": "not applicable", "visibility": "visible"}, {"gameTime": "1 - 02:30", "label": "Ball out of play", "position": "150125", "team": "home", "visibility": "visible"}, {"gameTime": "1 - 02:43", "label": "Throw-in", "position": "163803", "team": "not applicable", "visibility": "visible"}, {"gameTime": "1 - 02:48", "label": "Offside", "position": "168379", "team": "home", "visibility": "not shown"}, {"gameTime": "1 - 03:11", "label": "Indirect free-kick", "position": "191310", "team": "away", "visibility": "visible"}, {"gameTime": "1 - 03:41", "label": "Ball out of play", "position": "221927", "team": "home", "visibility": "not shown"}, {"gameTime": "1 - 03:55", "label": "Throw-in", "position": "235021", "team": "not applicable", "visibility": "visible"}, {"gameTime": "1 - 04:05", "label": "Ball out of play", "position": "245198", "team": "home", "visibility": "visible"}, {"gameTime": "1 - 04:17", "label": "Throw-in", "position": "257478", "team": "not applicable", "visibility": "visible"}, {"gameTime": "1 - 04:24", "label": "Shots off target", "position": "264530", "team": "away", "visibility": "not shown"}, {"gameTime": "1 - 05:10", "label": "Ball out of play", "position": "310623", "team": "home", "visibility": "visible"}, {"gameTime": "1 - 05:11", "label": "Clearance", "position": "311227", "team": "not applicable", "visibility": "visible"}, {"gameTime": "1 - 05:35", "label": "Shots on target", "position": "335575", "team": "away", "visibility": "visible"}, {"gameTime": "1 - 05:52", "label": "Offside", "position": "352411", "team": "home", "visibility": "visible"}, {"gameTime": "1 - 06:18", "label": "Indirect free-kick", "position": "378481", "team": "away", "visibility": "visible"}, {"gameTime": "1 - 06:37", "label": "Ball out of play", "position": "397663", "team": "home", "visibility": "not shown"}, {"gameTime": "1 - 06:42", "label": "Throw-in", "position": "402090", "team": "not applicable", "visibility": "visible"}, {"gameTime": "1 - 06:49", "label": "Ball out of play", "position": "409066", "team": "home", "visibility": "not shown"}, {"gameTime": "1 - 06:58", "label": "Throw-in", "position": "418028", "team": "not applicable", "visibility": "visible"}, {"gameTime": "1 - 07:14", "label": "Foul", "position": "434351", "team": "away", "visibility": "visible"}, {"gameTime": "1 - 07:32", "label": "Indirect free-kick", "position": "452142", "team": "away", "visibility": "visible"}, {"gameTime": "1 - 07:40", "label": "Ball out of play", "position": "460843", "team": "home", "visibility": "not shown"}, {"gameTime": "1 - 08:35", "label": "Throw-in", "position": "515883", "team": "not applicable", "visibility": "visible"}, {"gameTime": "1 - 08:45", "label": "Foul", "position": "525061", "team": "home", "visibility": "visible"}, {"gameTime": "1 - 08:57", "label": "Indirect free-kick", "position": "537920", "team": "home", "visibility": "visible"}, {"gameTime": "1 - 09:12", "label": "Ball out of play", "position": "552641", "team": "away", "visibility": "not shown"}, {"gameTime": "1 - 09:27", "label": "Throw-in", "position": "567947", "team": "not applicable", "visibility": "not shown"}, {"gameTime": "1 - 09:39", "label": "Shots on target", "position": "579801", "team": "home", "visibility": "visible"}, {"gameTime": "1 - 13:00", "label": "Ball out of play", "position": "780080", "team": "away", "visibility": "visible"}, {"gameTime": "1 - 13:06", "label": "Throw-in", "position": "786241", "team": "not applicable", "visibility": "visible"}, {"gameTime": "1 - 13:13", "label": "Foul", "position": "793128", "team": "away", "visibility": "visible"}, {"gameTime": "1 - 13:49", "label": "Indirect free-kick", "position": "829070", "team": "home", "visibility": "visible"}, {"gameTime": "1 - 14:04", "label": "Foul", "position": "844998", "team": "away", "visibility": "visible"}, {"gameTime": "1 - 15:26", "label": "Indirect free-kick", "position": "926960", "team": "away", "visibility": "visible"}, {"gameTime": "1 - 15:46", "label": "Ball out of play", "position": "946972", "team": "home", "visibility": "not shown"}, {"gameTime": "1 - 16:15", "label": "Throw-in", "position": "975189", "team": "not applicable", "visibility": "visible"}, {"gameTime": "1 - 16:18", "label": "Ball out of play", "position": "978532", "team": "home", "visibility": "not shown"}, {"gameTime": "1 - 17:22", "label": "Throw-in", "position": "1042877", "team": "not applicable", "visibility": "visible"}, {"gameTime": "1 - 17:37", "label": "Ball out of play", "position": "1057242", "team": "away", "visibility": "visible"}, {"gameTime": "1 - 19:30", "label": "Throw-in", "position": "1170461", "team": "not applicable", "visibility": "not shown"}, {"gameTime": "1 - 19:36", "label": "Shots off target", "position": "1176738", "team": "home", "visibility": "not shown"}, {"gameTime": "1 - 19:59", "label": "Ball out of play", "position": "1199787", "team": "home", "visibility": "visible"}, {"gameTime": "1 - 20:00", "label": "Clearance", "position": "1200975", "team": "not applicable", "visibility": "visible"}, {"gameTime": "1 - 20:26", "label": "Foul", "position": "1226346", "team": "away", "visibility": "visible"}, {"gameTime": "1 - 20:48", "label": "Indirect free-kick", "position": "1248213", "team": "away", "visibility": "visible"}, {"gameTime": "1 - 21:01", "label": "Ball out of play", "position": "1261098", "team": "home", "visibility": "not shown"}, {"gameTime": "1 - 21:10", "label": "Throw-in", "position": "1270970", "team": "not applicable", "visibility": "visible"}, {"gameTime": "1 - 21:19", "label": "Foul", "position": "1279063", "team": "away", "visibility": "not shown"}, {"gameTime": "1 - 22:49", "label": "Indirect free-kick", "position": "1369613", "team": "away", "visibility": "visible"}, {"gameTime": "1 - 23:07", "label": "Foul", "position": "1387323", "team": "home", "visibility": "not shown"}, {"gameTime": "1 - 23:53", "label": "Indirect free-kick", "position": "1433016", "team": "home", "visibility": "visible"}, {"gameTime": "1 - 24:35", "label": "Shots on target", "position": "1475836", "team": "away", "visibility": "visible"}, {"gameTime": "1 - 25:08", "label": "Goal", "position": "1508058", "team": "home", "visibility": "visible"}, {"gameTime": "1 - 25:08", "label": "Kick-off", "position": "1508890", "team": "home", "visibility": "visible"}, {"gameTime": "1 - 26:09", "label": "Ball out of play", "position": "1569690", "team": "away", "visibility": "not shown"}, {"gameTime": "1 - 26:42", "label": "Throw-in", "position": "1602343", "team": "not applicable", "visibility": "visible"}, {"gameTime": "1 - 26:46", "label": "Ball out of play", "position": "1606179", "team": "away", "visibility": "not shown"}, {"gameTime": "1 - 26:53", "label": "Corner", "position": "1613763", "team": "not applicable", "visibility": "visible"}, {"gameTime": "1 - 27:07", "label": "Foul", "position": "1627057", "team": "away", "visibility": "visible"}, {"gameTime": "1 - 27:21", "label": "Indirect free-kick", "position": "1641912", "team": "away", "visibility": "visible"}, {"gameTime": "1 - 27:50", "label": "Foul", "position": "1670583", "team": "home", "visibility": "not shown"}, {"gameTime": "1 - 28:16", "label": "Indirect free-kick", "position": "1696566", "team": "home", "visibility": "visible"}, {"gameTime": "1 - 28:26", "label": "Ball out of play", "position": "1706665", "team": "away", "visibility": "not shown"}, {"gameTime": "1 - 28:38", "label": "Throw-in", "position": "1718505", "team": "not applicable", "visibility": "visible"}, {"gameTime": "1 - 28:52", "label": "Ball out of play", "position": "1732157", "team": "home", "visibility": "visible"}, {"gameTime": "1 - 29:23", "label": "Throw-in", "position": "1763978", "team": "not applicable", "visibility": "visible"}, {"gameTime": "1 - 29:30", "label": "Ball out of play", "position": "1770856", "team": "home", "visibility": "not shown"}, {"gameTime": "1 - 29:43", "label": "Throw-in", "position": "1783864", "team": "not applicable", "visibility": "visible"}, {"gameTime": "1 - 29:56", "label": "Foul", "position": "1796072", "team": "away", "visibility": "visible"}, {"gameTime": "1 - 31:19", "label": "Indirect free-kick", "position": "1879383", "team": "away", "visibility": "visible"}, {"gameTime": "1 - 31:48", "label": "Foul", "position": "1908699", "team": "home", "visibility": "visible"}, {"gameTime": "1 - 32:28", "label": "Indirect free-kick", "position": "1948932", "team": "home", "visibility": "visible"}, {"gameTime": "1 - 32:33", "label": "Shots off target", "position": "1953937", "team": "away", "visibility": "visible"}, {"gameTime": "1 - 33:38", "label": "Ball out of play", "position": "2018076", "team": "home", "visibility": "visible"}, {"gameTime": "1 - 33:38", "label": "Corner", "position": "2018893", "team": "not applicable", "visibility": "visible"}, {"gameTime": "1 - 34:19", "label": "Foul", "position": "2059777", "team": "home", "visibility": "visible"}, {"gameTime": "1 - 34:21", "label": "Indirect free-kick", "position": "2061590", "team": "home", "visibility": "visible"}, {"gameTime": "1 - 34:58", "label": "Ball out of play", "position": "2098119", "team": "away", "visibility": "visible"}, {"gameTime": "1 - 35:10", "label": "Throw-in", "position": "2110418", "team": "not applicable", "visibility": "visible"}, {"gameTime": "1 - 36:20", "label": "Ball out of play", "position": "2180226", "team": "away", "visibility": "visible"}, {"gameTime": "1 - 38:16", "label": "Substitution", "position": "2296871", "team": "not applicable", "visibility": "visible"}, {"gameTime": "1 - 39:40", "label": "Throw-in", "position": "2380483", "team": "home", "visibility": "visible"}, {"gameTime": "1 - 39:47", "label": "Ball out of play", "position": "2387113", "team": "home", "visibility": "not shown"}, {"gameTime": "1 - 40:13", "label": "Throw-in", "position": "2413216", "team": "not applicable", "visibility": "visible"}, {"gameTime": "1 - 40:18", "label": "Ball out of play", "position": "2418343", "team": "away", "visibility": "not shown"}, {"gameTime": "1 - 40:56", "label": "Throw-in", "position": "2456426", "team": "not applicable", "visibility": "visible"}, {"gameTime": "1 - 41:12", "label": "Ball out of play", "position": "2472748", "team": "away", "visibility": "visible"}, {"gameTime": "1 - 41:15", "label": "Clearance", "position": "2475827", "team": "not applicable", "visibility": "visible"}, {"gameTime": "1 - 41:39", "label": "Ball out of play", "position": "2499735", "team": "home", "visibility": "visible"}, {"gameTime": "1 - 41:49", "label": "Throw-in", "position": "2509946", "team": "not applicable", "visibility": "visible"}, {"gameTime": "1 - 42:17", "label": "Offside", "position": "2537148", "team": "away", "visibility": "not shown"}, {"gameTime": "1 - 43:25", "label": "Indirect free-kick", "position": "2605109", "team": "away", "visibility": "visible"}, {"gameTime": "1 - 43:45", "label": "Ball out of play", "position": "2625848", "team": "home", "visibility": "not shown"}, {"gameTime": "1 - 43:54", "label": "Throw-in", "position": "2634566", "team": "not applicable", "visibility": "visible"}, {"gameTime": "1 - 44:00", "label": "Throw-in", "position": "2640090", "team": "away", "visibility": "not shown"}, {"gameTime": "2 - 00:00", "label": "Offside", "position": "39", "team": "home", "visibility": "not shown"}, {"gameTime": "2 - 00:15", "label": "Indirect free-kick", "position": "15626", "team": "away", "visibility": "visible"}, {"gameTime": "2 - 00:27", "label": "Ball out of play", "position": "27187", "team": "home", "visibility": "not shown"}, {"gameTime": "2 - 01:19", "label": "Throw-in", "position": "79836", "team": "not applicable", "visibility": "visible"}, {"gameTime": "2 - 01:32", "label": "Ball out of play", "position": "92416", "team": "home", "visibility": "visible"}, {"gameTime": "2 - 01:39", "label": "Throw-in", "position": "99111", "team": "not applicable", "visibility": "visible"}, {"gameTime": "2 - 01:50", "label": "Ball out of play", "position": "110833", "team": "home", "visibility": "visible"}, {"gameTime": "2 - 01:59", "label": "Throw-in", "position": "119088", "team": "not applicable", "visibility": "visible"}, {"gameTime": "2 - 02:10", "label": "Ball out of play", "position": "130691", "team": "away", "visibility": "visible"}, {"gameTime": "2 - 02:14", "label": "Throw-in", "position": "134146", "team": "not applicable", "visibility": "visible"}, {"gameTime": "2 - 02:20", "label": "Ball out of play", "position": "140279", "team": "away", "visibility": "visible"}, {"gameTime": "2 - 02:33", "label": "Foul", "position": "153001", "team": "not applicable", "visibility": "visible"}, {"gameTime": "2 - 02:50", "label": "Indirect free-kick", "position": "170352", "team": "away", "visibility": "visible"}, {"gameTime": "2 - 03:08", "label": "Shots on target", "position": "188256", "team": "home", "visibility": "visible"}, {"gameTime": "2 - 03:37", "label": "Ball out of play", "position": "217751", "team": "away", "visibility": "visible"}, {"gameTime": "2 - 03:41", "label": "Corner", "position": "221945", "team": "not applicable", "visibility": "visible"}, {"gameTime": "2 - 04:01", "label": "Ball out of play", "position": "241109", "team": "away", "visibility": "visible"}, {"gameTime": "2 - 04:05", "label": "Throw-in", "position": "245472", "team": "not applicable", "visibility": "visible"}, {"gameTime": "2 - 04:09", "label": "Foul", "position": "249034", "team": "away", "visibility": "visible"}, {"gameTime": "2 - 04:29", "label": "Yellow card", "position": "269716", "team": "home", "visibility": "visible"}, {"gameTime": "2 - 04:35", "label": "Yellow card", "position": "275220", "team": "home", "visibility": "visible"}, {"gameTime": "2 - 05:18", "label": "Direct free-kick", "position": "318781", "team": "away", "visibility": "visible"}, {"gameTime": "2 - 05:44", "label": "Shots off target", "position": "344715", "team": "away", "visibility": "visible"}, {"gameTime": "2 - 05:46", "label": "Ball out of play", "position": "346033", "team": "away", "visibility": "visible"}, {"gameTime": "2 - 05:47", "label": "Clearance", "position": "347405", "team": "not applicable", "visibility": "visible"}, {"gameTime": "2 - 06:42", "label": "Ball out of play", "position": "402384", "team": "home", "visibility": "not shown"}, {"gameTime": "2 - 06:48", "label": "Throw-in", "position": "408096", "team": "not applicable", "visibility": "visible"}, {"gameTime": "2 - 06:51", "label": "Ball out of play", "position": "411659", "team": "home", "visibility": "visible"}, {"gameTime": "2 - 06:58", "label": "Throw-in", "position": "418758", "team": "not applicable", "visibility": "visible"}, {"gameTime": "2 - 07:04", "label": "Foul", "position": "424949", "team": "away", "visibility": "visible"}, {"gameTime": "2 - 07:28", "label": "Yellow card", "position": "448625", "team": "away", "visibility": "visible"}, {"gameTime": "2 - 07:32", "label": "Indirect free-kick", "position": "452671", "team": "away", "visibility": "visible"}, {"gameTime": "2 - 08:06", "label": "Ball out of play", "position": "486023", "team": "home", "visibility": "not shown"}, {"gameTime": "2 - 08:21", "label": "Throw-in", "position": "501390", "team": "not applicable", "visibility": "visible"}, {"gameTime": "2 - 08:25", "label": "Foul", "position": "505573", "team": "home", "visibility": "visible"}, {"gameTime": "2 - 08:55", "label": "Yellow card", "position": "535031", "team": "home", "visibility": "visible"}, {"gameTime": "2 - 08:58", "label": "Direct free-kick", "position": "538476", "team": "home", "visibility": "visible"}, {"gameTime": "2 - 10:14", "label": "Shots on target", "position": "614896", "team": "away", "visibility": "visible"}, {"gameTime": "2 - 10:14", "label": "Ball out of play", "position": "614896", "team": "away", "visibility": "visible"}, {"gameTime": "2 - 10:32", "label": "Throw-in", "position": "632307", "team": "not applicable", "visibility": "visible"}, {"gameTime": "2 - 10:38", "label": "Shots off target", "position": "638022", "team": "home", "visibility": "not shown"}, {"gameTime": "2 - 11:14", "label": "Ball out of play", "position": "674044", "team": "home", "visibility": "visible"}, {"gameTime": "2 - 11:15", "label": "Corner", "position": "675832", "team": "not applicable", "visibility": "visible"}, {"gameTime": "2 - 12:09", "label": "Shots off target", "position": "729708", "team": "home", "visibility": "visible"}, {"gameTime": "2 - 12:14", "label": "Ball out of play", "position": "734555", "team": "home", "visibility": "visible"}, {"gameTime": "2 - 12:16", "label": "Clearance", "position": "736769", "team": "not applicable", "visibility": "visible"}, {"gameTime": "2 - 12:36", "label": "Ball out of play", "position": "756765", "team": "away", "visibility": "not shown"}, {"gameTime": "2 - 12:40", "label": "Throw-in", "position": "760629", "team": "not applicable", "visibility": "visible"}, {"gameTime": "2 - 12:47", "label": "Shots off target", "position": "767626", "team": "away", "visibility": "visible"}, {"gameTime": "2 - 13:06", "label": "Ball out of play", "position": "786114", "team": "away", "visibility": "visible"}, {"gameTime": "2 - 13:07", "label": "Corner", "position": "787185", "team": "not applicable", "visibility": "visible"}, {"gameTime": "2 - 13:32", "label": "Shots off target", "position": "812501", "team": "away", "visibility": "visible"}, {"gameTime": "2 - 13:54", "label": "Ball out of play", "position": "834494", "team": "away", "visibility": "visible"}, {"gameTime": "2 - 13:56", "label": "Clearance", "position": "836237", "team": "not applicable", "visibility": "visible"}, {"gameTime": "2 - 14:21", "label": "Shots on target", "position": "861660", "team": "home", "visibility": "visible"}, {"gameTime": "2 - 14:39", "label": "Shots off target", "position": "879211", "team": "home", "visibility": "visible"}, {"gameTime": "2 - 15:01", "label": "Ball out of play", "position": "901587", "team": "home", "visibility": "visible"}, {"gameTime": "2 - 15:22", "label": "Throw-in", "position": "922372", "team": "not applicable", "visibility": "visible"}, {"gameTime": "2 - 15:36", "label": "Shots on target", "position": "936622", "team": "away", "visibility": "not shown"}, {"gameTime": "2 - 16:21", "label": "Goal", "position": "981766", "team": "home", "visibility": "visible"}, {"gameTime": "2 - 16:22", "label": "Kick-off", "position": "982406", "team": "home", "visibility": "visible"}, {"gameTime": "2 - 17:27", "label": "Shots on target", "position": "1047876", "team": "away", "visibility": "visible"}, {"gameTime": "2 - 17:47", "label": "Goal", "position": "1067030", "team": "away", "visibility": "visible"}, {"gameTime": "2 - 17:47", "label": "Substitution", "position": "1067416", "team": "away", "visibility": "visible"}, {"gameTime": "2 - 18:22", "label": "Kick-off", "position": "1102245", "team": "away", "visibility": "visible"}, {"gameTime": "2 - 18:30", "label": "Ball out of play", "position": "1110140", "team": "home", "visibility": "not shown"}, {"gameTime": "2 - 19:17", "label": "Throw-in", "position": "1157538", "team": "not applicable", "visibility": "visible"}, {"gameTime": "2 - 19:36", "label": "Foul", "position": "1176126", "team": "home", "visibility": "visible"}, {"gameTime": "2 - 19:46", "label": "Indirect free-kick", "position": "1186449", "team": "away", "visibility": "visible"}, {"gameTime": "2 - 20:02", "label": "Shots on target", "position": "1202823", "team": "home", "visibility": "not shown"}, {"gameTime": "2 - 21:10", "label": "Ball out of play", "position": "1270159", "team": "home", "visibility": "visible"}, {"gameTime": "2 - 22:07", "label": "Throw-in", "position": "1327537", "team": "not applicable", "visibility": "visible"}, {"gameTime": "2 - 22:12", "label": "Shots on target", "position": "1332244", "team": "home", "visibility": "visible"}, {"gameTime": "2 - 22:52", "label": "Shots off target", "position": "1372330", "team": "away", "visibility": "visible"}, {"gameTime": "2 - 23:06", "label": "Ball out of play", "position": "1386614", "team": "home", "visibility": "visible"}, {"gameTime": "2 - 23:08", "label": "Corner", "position": "1388651", "team": "not applicable", "visibility": "visible"}, {"gameTime": "2 - 23:56", "label": "Ball out of play", "position": "1436548", "team": "home", "visibility": "visible"}, {"gameTime": "2 - 23:56", "label": "Corner", "position": "1436965", "team": "not applicable", "visibility": "visible"}, {"gameTime": "2 - 24:14", "label": "Ball out of play", "position": "1454836", "team": "home", "visibility": "visible"}, {"gameTime": "2 - 24:34", "label": "Substitution", "position": "1474053", "team": "not applicable", "visibility": "visible"}, {"gameTime": "2 - 25:08", "label": "Throw-in", "position": "1508520", "team": "away", "visibility": "visible"}, {"gameTime": "2 - 25:18", "label": "Shots on target", "position": "1518281", "team": "away", "visibility": "not shown"}, {"gameTime": "2 - 25:26", "label": "Foul", "position": "1526135", "team": "home", "visibility": "visible"}, {"gameTime": "2 - 26:34", "label": "Indirect free-kick", "position": "1594717", "team": "home", "visibility": "visible"}, {"gameTime": "2 - 26:42", "label": "Shots off target", "position": "1602606", "team": "away", "visibility": "not shown"}, {"gameTime": "2 - 27:11", "label": "Ball out of play", "position": "1631863", "team": "away", "visibility": "visible"}, {"gameTime": "2 - 27:12", "label": "Clearance", "position": "1632652", "team": "not applicable", "visibility": "visible"}, {"gameTime": "2 - 27:29", "label": "Ball out of play", "position": "1649714", "team": "home", "visibility": "not shown"}, {"gameTime": "2 - 27:52", "label": "Throw-in", "position": "1672407", "team": "not applicable", "visibility": "visible"}, {"gameTime": "2 - 27:57", "label": "Foul", "position": "1677713", "team": "away", "visibility": "not shown"}, {"gameTime": "2 - 28:33", "label": "Indirect free-kick", "position": "1713773", "team": "home", "visibility": "visible"}, {"gameTime": "2 - 28:46", "label": "Foul", "position": "1726092", "team": "away", "visibility": "visible"}, {"gameTime": "2 - 29:28", "label": "Direct free-kick", "position": "1768636", "team": "home", "visibility": "visible"}, {"gameTime": "2 - 30:09", "label": "Foul", "position": "1809353", "team": "away", "visibility": "visible"}, {"gameTime": "2 - 30:09", "label": "Indirect free-kick", "position": "1809695", "team": "away", "visibility": "visible"}, {"gameTime": "2 - 30:38", "label": "Foul", "position": "1838674", "team": "home", "visibility": "not shown"}, {"gameTime": "2 - 30:42", "label": "Indirect free-kick", "position": "1842601", "team": "home", "visibility": "visible"}, {"gameTime": "2 - 30:51", "label": "Ball out of play", "position": "1851173", "team": "away", "visibility": "not shown"}, {"gameTime": "2 - 31:14", "label": "Throw-in", "position": "1874151", "team": "not applicable", "visibility": "visible"}, {"gameTime": "2 - 31:42", "label": "Foul", "position": "1902803", "team": "home", "visibility": "visible"}, {"gameTime": "2 - 32:01", "label": "Indirect free-kick", "position": "1921935", "team": "away", "visibility": "visible"}, {"gameTime": "2 - 32:06", "label": "Ball out of play", "position": "1926522", "team": "home", "visibility": "visible"}, {"gameTime": "2 - 33:08", "label": "Throw-in", "position": "1988546", "team": "not applicable", "visibility": "visible"}, {"gameTime": "2 - 33:16", "label": "Ball out of play", "position": "1996412", "team": "away", "visibility": "not shown"}, {"gameTime": "2 - 33:34", "label": "Corner", "position": "2014547", "team": "not applicable", "visibility": "visible"}, {"gameTime": "2 - 33:56", "label": "Ball out of play", "position": "2036011", "team": "away", "visibility": "not shown"}, {"gameTime": "2 - 34:08", "label": "Substitution", "position": "2048690", "team": "not applicable", "visibility": "visible"}, {"gameTime": "2 - 34:50", "label": "Throw-in", "position": "2090649", "team": "home", "visibility": "visible"}, {"gameTime": "2 - 34:59", "label": "Foul", "position": "2099079", "team": "home", "visibility": "not shown"}, {"gameTime": "2 - 35:23", "label": "Indirect free-kick", "position": "2123968", "team": "away", "visibility": "visible"}, {"gameTime": "2 - 35:41", "label": "Foul", "position": "2141579", "team": "home", "visibility": "not shown"}, {"gameTime": "2 - 35:53", "label": "Indirect free-kick", "position": "2153803", "team": "home", "visibility": "visible"}, {"gameTime": "2 - 36:02", "label": "Foul", "position": "2162266", "team": "away", "visibility": "not shown"}, {"gameTime": "2 - 36:11", "label": "Indirect free-kick", "position": "2171255", "team": "home", "visibility": "visible"}, {"gameTime": "2 - 36:15", "label": "Ball out of play", "position": "2175452", "team": "away", "visibility": "visible"}, {"gameTime": "2 - 36:26", "label": "Throw-in", "position": "2186658", "team": "not applicable", "visibility": "visible"}, {"gameTime": "2 - 36:38", "label": "Foul", "position": "2198339", "team": "home", "visibility": "not shown"}, {"gameTime": "2 - 36:46", "label": "Indirect free-kick", "position": "2206358", "team": "home", "visibility": "visible"}, {"gameTime": "2 - 36:55", "label": "Shots off target", "position": "2215635", "team": "away", "visibility": "visible"}, {"gameTime": "2 - 37:26", "label": "Ball out of play", "position": "2246685", "team": "away", "visibility": "visible"}, {"gameTime": "2 - 37:28", "label": "Clearance", "position": "2248208", "team": "not applicable", "visibility": "visible"}, {"gameTime": "2 - 37:53", "label": "Ball out of play", "position": "2273693", "team": "home", "visibility": "visible"}, {"gameTime": "2 - 38:39", "label": "Substitution", "position": "2319938", "team": "not applicable", "visibility": "visible"}, {"gameTime": "2 - 39:22", "label": "Throw-in", "position": "2362060", "team": "home", "visibility": "visible"}, {"gameTime": "2 - 39:31", "label": "Ball out of play", "position": "2371030", "team": "away", "visibility": "visible"}, {"gameTime": "2 - 39:51", "label": "Throw-in", "position": "2391131", "team": "not applicable", "visibility": "visible"}, {"gameTime": "2 - 39:56", "label": "Ball out of play", "position": "2396083", "team": "away", "visibility": "visible"}, {"gameTime": "2 - 40:05", "label": "Throw-in", "position": "2405779", "team": "not applicable", "visibility": "visible"}, {"gameTime": "2 - 40:16", "label": "Ball out of play", "position": "2416474", "team": "home", "visibility": "visible"}, {"gameTime": "2 - 40:20", "label": "Throw-in", "position": "2420834", "team": "not applicable", "visibility": "visible"}, {"gameTime": "2 - 40:34", "label": "Foul", "position": "2434766", "team": "home", "visibility": "visible"}, {"gameTime": "2 - 41:36", "label": "Yellow card", "position": "2496281", "team": "away", "visibility": "visible"}, {"gameTime": "2 - 41:41", "label": "Direct free-kick", "position": "2501912", "team": "away", "visibility": "visible"}, {"gameTime": "2 - 42:14", "label": "Foul", "position": "2534969", "team": "home", "visibility": "visible"}, {"gameTime": "2 - 42:48", "label": "Substitution", "position": "2568361", "team": "home", "visibility": "visible"}, {"gameTime": "2 - 43:04", "label": "Indirect free-kick", "position": "2584095", "team": "away", "visibility": "visible"}, {"gameTime": "2 - 43:10", "label": "Foul", "position": "2590034", "team": "away", "visibility": "not shown"}, {"gameTime": "2 - 43:37", "label": "Indirect free-kick", "position": "2617608", "team": "away", "visibility": "visible"}, {"gameTime": "2 - 43:58", "label": "Ball out of play", "position": "2638452", "team": "home", "visibility": "not shown"}, {"gameTime": "2 - 44:06", "label": "Throw-in", "position": "2646044", "team": "not applicable", "visibility": "visible"}, {"gameTime": "2 - 44:15", "label": "Shots off target", "position": "2655958", "team": "away", "visibility": "not shown"}, {"gameTime": "2 - 44:40", "label": "Ball out of play", "position": "2680250", "team": "home", "visibility": "visible"}, {"gameTime": "2 - 44:41", "label": "Clearance", "position": "2681429", "team": "not applicable", "visibility": "visible"}, {"gameTime": "2 - 44:46", "label": "Foul", "position": "2686322", "team": "away", "visibility": "not shown"}, {"gameTime": "2 - 44:53", "label": "Indirect free-kick", "position": "2693829", "team": "home", "visibility": "visible"}, {"gameTime": "2 - 44:58", "label": "Ball out of play", "position": "2698800", "team": "away", "visibility": "visible"}, {"gameTime": "2 - 45:03", "label": "Throw-in", "position": "2703788", "team": "not applicable", "visibility": "visible"}, {"gameTime": "2 - 45:12", "label": "Ball out of play", "position": "2712911", "team": "away", "visibility": "not shown"}, {"gameTime": "2 - 45:21", "label": "Throw-in", "position": "2721783", "team": "not applicable", "visibility": "visible"}, {"gameTime": "2 - 45:40", "label": "Foul", "position": "2740281", "team": "home", "visibility": "visible"}, {"gameTime": "2 - 46:34", "label": "Indirect free-kick", "position": "2794250", "team": "home", "visibility": "visible"}, {"gameTime": "2 - 46:52", "label": "Shots on target", "position": "2812749", "team": "away", "visibility": "visible"}, {"gameTime": "2 - 47:00", "label": "Foul", "position": "2820220", "team": "away", "visibility": "visible"}, {"gameTime": "2 - 47:11", "label": "Yellow card", "position": "2831171", "team": "away", "visibility": "not shown"}, {"gameTime": "2 - 47:13", "label": "Indirect free-kick", "position": "2833172", "team": "away", "visibility": "visible"}, {"gameTime": "2 - 47:42", "label": "Indirect free-kick", "position": "2862093", "team": "home", "visibility": "not shown"}], "gameAwayTeam": "Juventus", "gameDate": "26/09/2015 - 21:45", "gameHomeTeam": "Napoli", "gameScore": "2 - 1"}