{"UrlLocal": "england_epl/2015-2016/2015-11-08 - 19-00 Arsenal 1 - 1 Tottenham/", "UrlYoutube": "", "annotations": [{"gameTime": "1 - 00:00", "label": "Ball out of play", "position": "0", "team": "away", "visibility": "not shown"}, {"gameTime": "1 - 00:07", "label": "Throw-in", "position": "7594", "team": "not applicable", "visibility": "visible"}, {"gameTime": "1 - 00:22", "label": "Ball out of play", "position": "22553", "team": "home", "visibility": "visible"}, {"gameTime": "1 - 00:26", "label": "Throw-in", "position": "26037", "team": "not applicable", "visibility": "visible"}, {"gameTime": "1 - 00:37", "label": "Ball out of play", "position": "37140", "team": "away", "visibility": "not shown"}, {"gameTime": "1 - 00:40", "label": "Throw-in", "position": "40037", "team": "not applicable", "visibility": "visible"}, {"gameTime": "1 - 00:46", "label": "Ball out of play", "position": "46321", "team": "away", "visibility": "visible"}, {"gameTime": "1 - 01:12", "label": "Throw-in", "position": "72477", "team": "not applicable", "visibility": "visible"}, {"gameTime": "1 - 01:20", "label": "Ball out of play", "position": "80682", "team": "away", "visibility": "not shown"}, {"gameTime": "1 - 02:07", "label": "Throw-in", "position": "127113", "team": "not applicable", "visibility": "visible"}, {"gameTime": "1 - 02:20", "label": "Ball out of play", "position": "140997", "team": "home", "visibility": "visible"}, {"gameTime": "1 - 04:35", "label": "Throw-in", "position": "275491", "team": "not applicable", "visibility": "visible"}, {"gameTime": "1 - 04:48", "label": "Ball out of play", "position": "288434", "team": "away", "visibility": "visible"}, {"gameTime": "1 - 05:49", "label": "Clearance", "position": "349339", "team": "not applicable", "visibility": "visible"}, {"gameTime": "1 - 06:10", "label": "Ball out of play", "position": "370802", "team": "away", "visibility": "not shown"}, {"gameTime": "1 - 06:41", "label": "Throw-in", "position": "401971", "team": "not applicable", "visibility": "not shown"}, {"gameTime": "1 - 06:53", "label": "Ball out of play", "position": "413146", "team": "home", "visibility": "visible"}, {"gameTime": "1 - 06:58", "label": "Throw-in", "position": "418955", "team": "not applicable", "visibility": "visible"}, {"gameTime": "1 - 07:06", "label": "Ball out of play", "position": "426399", "team": "home", "visibility": "visible"}, {"gameTime": "1 - 07:40", "label": "Corner", "position": "460849", "team": "not applicable", "visibility": "visible"}, {"gameTime": "1 - 08:23", "label": "Ball out of play", "position": "503358", "team": "home", "visibility": "visible"}, {"gameTime": "1 - 08:42", "label": "Throw-in", "position": "522050", "team": "not applicable", "visibility": "visible"}, {"gameTime": "1 - 09:00", "label": "Ball out of play", "position": "540570", "team": "away", "visibility": "visible"}, {"gameTime": "1 - 09:49", "label": "Throw-in", "position": "589379", "team": "not applicable", "visibility": "visible"}, {"gameTime": "1 - 09:58", "label": "Foul", "position": "598113", "team": "home", "visibility": "not shown"}, {"gameTime": "1 - 10:15", "label": "Direct free-kick", "position": "615555", "team": "away", "visibility": "visible"}, {"gameTime": "1 - 11:07", "label": "Ball out of play", "position": "667396", "team": "home", "visibility": "visible"}, {"gameTime": "1 - 11:30", "label": "Throw-in", "position": "690049", "team": "not applicable", "visibility": "visible"}, {"gameTime": "1 - 11:54", "label": "Ball out of play", "position": "714062", "team": "away", "visibility": "visible"}, {"gameTime": "1 - 12:04", "label": "Throw-in", "position": "724041", "team": "not applicable", "visibility": "visible"}, {"gameTime": "1 - 12:22", "label": "Ball out of play", "position": "742371", "team": "away", "visibility": "visible"}, {"gameTime": "1 - 12:30", "label": "Throw-in", "position": "750362", "team": "not applicable", "visibility": "visible"}, {"gameTime": "1 - 12:36", "label": "Ball out of play", "position": "756576", "team": "home", "visibility": "visible"}, {"gameTime": "1 - 13:11", "label": "Throw-in", "position": "791520", "team": "not applicable", "visibility": "visible"}, {"gameTime": "1 - 13:21", "label": "Ball out of play", "position": "801290", "team": "home", "visibility": "not shown"}, {"gameTime": "1 - 14:09", "label": "Throw-in", "position": "849728", "team": "not applicable", "visibility": "visible"}, {"gameTime": "1 - 14:19", "label": "Ball out of play", "position": "859042", "team": "home", "visibility": "not shown"}, {"gameTime": "1 - 14:23", "label": "Throw-in", "position": "863683", "team": "not applicable", "visibility": "visible"}, {"gameTime": "1 - 14:30", "label": "Shots on target", "position": "870738", "team": "away", "visibility": "not shown"}, {"gameTime": "1 - 15:30", "label": "Ball out of play", "position": "930074", "team": "home", "visibility": "visible"}, {"gameTime": "1 - 15:30", "label": "Corner", "position": "930588", "team": "not applicable", "visibility": "visible"}, {"gameTime": "1 - 16:13", "label": "Foul", "position": "973084", "team": "home", "visibility": "visible"}, {"gameTime": "1 - 16:14", "label": "Indirect free-kick", "position": "974206", "team": "home", "visibility": "visible"}, {"gameTime": "1 - 16:39", "label": "Ball out of play", "position": "999954", "team": "away", "visibility": "visible"}, {"gameTime": "1 - 17:37", "label": "Clearance", "position": "1057569", "team": "not applicable", "visibility": "visible"}, {"gameTime": "1 - 17:50", "label": "Shots on target", "position": "1070552", "team": "away", "visibility": "visible"}, {"gameTime": "1 - 18:30", "label": "Ball out of play", "position": "1110258", "team": "away", "visibility": "visible"}, {"gameTime": "1 - 18:31", "label": "Corner", "position": "1111288", "team": "not applicable", "visibility": "visible"}, {"gameTime": "1 - 18:54", "label": "Shots off target", "position": "1134784", "team": "away", "visibility": "visible"}, {"gameTime": "1 - 18:59", "label": "Ball out of play", "position": "1139173", "team": "away", "visibility": "visible"}, {"gameTime": "1 - 19:00", "label": "Clearance", "position": "1140471", "team": "not applicable", "visibility": "visible"}, {"gameTime": "1 - 19:25", "label": "Ball out of play", "position": "1165878", "team": "home", "visibility": "visible"}, {"gameTime": "1 - 21:24", "label": "Throw-in", "position": "1284085", "team": "not applicable", "visibility": "visible"}, {"gameTime": "1 - 21:50", "label": "Foul", "position": "1310824", "team": "away", "visibility": "not shown"}, {"gameTime": "1 - 22:11", "label": "Indirect free-kick", "position": "1331207", "team": "away", "visibility": "visible"}, {"gameTime": "1 - 22:30", "label": "Foul", "position": "1350111", "team": "home", "visibility": "visible"}, {"gameTime": "1 - 22:43", "label": "Indirect free-kick", "position": "1363875", "team": "home", "visibility": "visible"}, {"gameTime": "1 - 23:06", "label": "Foul", "position": "1386018", "team": "away", "visibility": "visible"}, {"gameTime": "1 - 23:53", "label": "Direct free-kick", "position": "1433365", "team": "home", "visibility": "visible"}, {"gameTime": "1 - 24:30", "label": "Shots off target", "position": "1470580", "team": "away", "visibility": "visible"}, {"gameTime": "1 - 24:32", "label": "Ball out of play", "position": "1472440", "team": "away", "visibility": "visible"}, {"gameTime": "1 - 24:33", "label": "Clearance", "position": "1473000", "team": "not applicable", "visibility": "visible"}, {"gameTime": "1 - 24:58", "label": "Shots off target", "position": "1498092", "team": "home", "visibility": "not shown"}, {"gameTime": "1 - 27:08", "label": "Ball out of play", "position": "1628292", "team": "away", "visibility": "visible"}, {"gameTime": "1 - 27:09", "label": "Clearance", "position": "1629364", "team": "not applicable", "visibility": "visible"}, {"gameTime": "1 - 27:34", "label": "Ball out of play", "position": "1654659", "team": "home", "visibility": "visible"}, {"gameTime": "1 - 28:48", "label": "Throw-in", "position": "1728336", "team": "not applicable", "visibility": "visible"}, {"gameTime": "1 - 29:14", "label": "Ball out of play", "position": "1754599", "team": "away", "visibility": "visible"}, {"gameTime": "1 - 29:30", "label": "Throw-in", "position": "1770513", "team": "not applicable", "visibility": "visible"}, {"gameTime": "1 - 29:36", "label": "Ball out of play", "position": "1776982", "team": "away", "visibility": "visible"}, {"gameTime": "1 - 30:14", "label": "Throw-in", "position": "1814550", "team": "not applicable", "visibility": "visible"}, {"gameTime": "1 - 30:30", "label": "Shots on target", "position": "1830645", "team": "home", "visibility": "visible"}, {"gameTime": "1 - 31:46", "label": "Goal", "position": "1906181", "team": "away", "visibility": "visible"}, {"gameTime": "1 - 31:46", "label": "Kick-off", "position": "1906825", "team": "away", "visibility": "visible"}, {"gameTime": "1 - 32:44", "label": "Foul", "position": "1964786", "team": "home", "visibility": "not shown"}, {"gameTime": "1 - 32:58", "label": "Direct free-kick", "position": "1978920", "team": "away", "visibility": "visible"}, {"gameTime": "1 - 33:32", "label": "Ball out of play", "position": "2012873", "team": "home", "visibility": "visible"}, {"gameTime": "1 - 33:48", "label": "Throw-in", "position": "2028391", "team": "not applicable", "visibility": "visible"}, {"gameTime": "1 - 33:56", "label": "Foul", "position": "2036466", "team": "home", "visibility": "not shown"}, {"gameTime": "1 - 34:23", "label": "Indirect free-kick", "position": "2063032", "team": "away", "visibility": "visible"}, {"gameTime": "1 - 34:31", "label": "Ball out of play", "position": "2071118", "team": "home", "visibility": "not shown"}, {"gameTime": "1 - 36:18", "label": "Throw-in", "position": "2178658", "team": "not applicable", "visibility": "visible"}, {"gameTime": "1 - 37:07", "label": "Ball out of play", "position": "2227345", "team": "away", "visibility": "not shown"}, {"gameTime": "1 - 37:09", "label": "Throw-in", "position": "2229570", "team": "not applicable", "visibility": "visible"}, {"gameTime": "1 - 37:24", "label": "Foul", "position": "2244452", "team": "away", "visibility": "not shown"}, {"gameTime": "1 - 37:39", "label": "Indirect free-kick", "position": "2259134", "team": "home", "visibility": "visible"}, {"gameTime": "1 - 37:54", "label": "Shots on target", "position": "2274309", "team": "away", "visibility": "visible"}, {"gameTime": "1 - 38:17", "label": "Foul", "position": "2297056", "team": "home", "visibility": "visible"}, {"gameTime": "1 - 38:59", "label": "Indirect free-kick", "position": "2339099", "team": "away", "visibility": "visible"}, {"gameTime": "1 - 39:07", "label": "Ball out of play", "position": "2347045", "team": "home", "visibility": "not shown"}, {"gameTime": "1 - 39:33", "label": "Clearance", "position": "2373326", "team": "not applicable", "visibility": "visible"}, {"gameTime": "1 - 39:59", "label": "Ball out of play", "position": "2399056", "team": "away", "visibility": "not shown"}, {"gameTime": "1 - 40:07", "label": "Clearance", "position": "2407715", "team": "not applicable", "visibility": "visible"}, {"gameTime": "1 - 40:24", "label": "Ball out of play", "position": "2424182", "team": "home", "visibility": "visible"}, {"gameTime": "1 - 40:37", "label": "Throw-in", "position": "2437545", "team": "not applicable", "visibility": "visible"}, {"gameTime": "1 - 40:39", "label": "Foul", "position": "2439877", "team": "away", "visibility": "visible"}, {"gameTime": "1 - 41:08", "label": "Indirect free-kick", "position": "2468604", "team": "home", "visibility": "visible"}, {"gameTime": "1 - 41:20", "label": "Ball out of play", "position": "2480560", "team": "away", "visibility": "not shown"}, {"gameTime": "1 - 41:38", "label": "Throw-in", "position": "2498415", "team": "not applicable", "visibility": "visible"}, {"gameTime": "1 - 41:45", "label": "Shots on target", "position": "2505484", "team": "home", "visibility": "visible"}, {"gameTime": "1 - 44:10", "label": "Foul", "position": "2650596", "team": "away", "visibility": "visible"}, {"gameTime": "1 - 44:15", "label": "Indirect free-kick", "position": "2655049", "team": "away", "visibility": "visible"}, {"gameTime": "1 - 44:35", "label": "Indirect free-kick", "position": "2675336", "team": "home", "visibility": "not shown"}, {"gameTime": "2 - 00:00", "label": "Substitution", "position": "0", "team": "home", "visibility": "not shown"}, {"gameTime": "2 - 00:00", "label": "Ball out of play", "position": "33", "team": "home", "visibility": "not shown"}, {"gameTime": "2 - 00:24", "label": "Throw-in", "position": "24461", "team": "not applicable", "visibility": "visible"}, {"gameTime": "2 - 00:32", "label": "Ball out of play", "position": "32397", "team": "home", "visibility": "not shown"}, {"gameTime": "2 - 00:36", "label": "Throw-in", "position": "36412", "team": "not applicable", "visibility": "visible"}, {"gameTime": "2 - 00:47", "label": "Ball out of play", "position": "47335", "team": "home", "visibility": "not shown"}, {"gameTime": "2 - 00:57", "label": "Clearance", "position": "57758", "team": "not applicable", "visibility": "visible"}, {"gameTime": "2 - 01:14", "label": "Foul", "position": "74664", "team": "away", "visibility": "visible"}, {"gameTime": "2 - 01:47", "label": "Indirect free-kick", "position": "107448", "team": "home", "visibility": "visible"}, {"gameTime": "2 - 02:05", "label": "Offside", "position": "125097", "team": "away", "visibility": "visible"}, {"gameTime": "2 - 02:14", "label": "Indirect free-kick", "position": "134892", "team": "away", "visibility": "visible"}, {"gameTime": "2 - 02:24", "label": "Shots on target", "position": "144810", "team": "home", "visibility": "visible"}, {"gameTime": "2 - 02:39", "label": "Ball out of play", "position": "159728", "team": "home", "visibility": "visible"}, {"gameTime": "2 - 03:30", "label": "Throw-in", "position": "210783", "team": "not applicable", "visibility": "visible"}, {"gameTime": "2 - 03:40", "label": "Foul", "position": "220661", "team": "away", "visibility": "not shown"}, {"gameTime": "2 - 04:46", "label": "Indirect free-kick", "position": "286967", "team": "away", "visibility": "visible"}, {"gameTime": "2 - 04:59", "label": "Foul", "position": "299984", "team": "home", "visibility": "not shown"}, {"gameTime": "2 - 05:24", "label": "Indirect free-kick", "position": "324237", "team": "home", "visibility": "visible"}, {"gameTime": "2 - 05:39", "label": "Shots off target", "position": "339211", "team": "away", "visibility": "not shown"}, {"gameTime": "2 - 05:52", "label": "Ball out of play", "position": "352417", "team": "away", "visibility": "visible"}, {"gameTime": "2 - 05:53", "label": "Corner", "position": "353426", "team": "not applicable", "visibility": "visible"}, {"gameTime": "2 - 06:20", "label": "Ball out of play", "position": "380774", "team": "away", "visibility": "visible"}, {"gameTime": "2 - 06:48", "label": "Corner", "position": "408134", "team": "not applicable", "visibility": "visible"}, {"gameTime": "2 - 06:55", "label": "Ball out of play", "position": "415494", "team": "away", "visibility": "visible"}, {"gameTime": "2 - 07:16", "label": "Clearance", "position": "436318", "team": "not applicable", "visibility": "visible"}, {"gameTime": "2 - 07:34", "label": "Foul", "position": "454096", "team": "home", "visibility": "not shown"}, {"gameTime": "2 - 07:50", "label": "Direct free-kick", "position": "470659", "team": "away", "visibility": "visible"}, {"gameTime": "2 - 08:33", "label": "Shots off target", "position": "513286", "team": "home", "visibility": "visible"}, {"gameTime": "2 - 08:35", "label": "Ball out of play", "position": "515358", "team": "home", "visibility": "visible"}, {"gameTime": "2 - 08:35", "label": "Clearance", "position": "515798", "team": "not applicable", "visibility": "visible"}, {"gameTime": "2 - 08:55", "label": "Ball out of play", "position": "535925", "team": "away", "visibility": "not shown"}, {"gameTime": "2 - 09:00", "label": "Throw-in", "position": "540440", "team": "not applicable", "visibility": "visible"}, {"gameTime": "2 - 09:12", "label": "Foul", "position": "552797", "team": "away", "visibility": "visible"}, {"gameTime": "2 - 09:38", "label": "Yellow card", "position": "578348", "team": "away", "visibility": "visible"}, {"gameTime": "2 - 09:45", "label": "Indirect free-kick", "position": "585400", "team": "away", "visibility": "visible"}, {"gameTime": "2 - 10:15", "label": "Foul", "position": "615494", "team": "home", "visibility": "visible"}, {"gameTime": "2 - 10:25", "label": "Indirect free-kick", "position": "625911", "team": "away", "visibility": "visible"}, {"gameTime": "2 - 10:29", "label": "Foul", "position": "629682", "team": "home", "visibility": "visible"}, {"gameTime": "2 - 12:02", "label": "Direct free-kick", "position": "722163", "team": "away", "visibility": "visible"}, {"gameTime": "2 - 12:35", "label": "Shots off target", "position": "755961", "team": "home", "visibility": "not shown"}, {"gameTime": "2 - 12:37", "label": "Ball out of play", "position": "757749", "team": "home", "visibility": "visible"}, {"gameTime": "2 - 12:39", "label": "Clearance", "position": "759131", "team": "not applicable", "visibility": "visible"}, {"gameTime": "2 - 13:01", "label": "Offside", "position": "781882", "team": "away", "visibility": "not shown"}, {"gameTime": "2 - 13:13", "label": "Indirect free-kick", "position": "793256", "team": "away", "visibility": "visible"}, {"gameTime": "2 - 13:28", "label": "Ball out of play", "position": "808168", "team": "home", "visibility": "visible"}, {"gameTime": "2 - 13:50", "label": "Throw-in", "position": "830397", "team": "not applicable", "visibility": "visible"}, {"gameTime": "2 - 13:57", "label": "Ball out of play", "position": "837066", "team": "home", "visibility": "not shown"}, {"gameTime": "2 - 14:01", "label": "Corner", "position": "841463", "team": "not applicable", "visibility": "visible"}, {"gameTime": "2 - 14:18", "label": "Ball out of play", "position": "858966", "team": "home", "visibility": "visible"}, {"gameTime": "2 - 14:28", "label": "Corner", "position": "868983", "team": "not applicable", "visibility": "visible"}, {"gameTime": "2 - 14:40", "label": "Shots off target", "position": "880599", "team": "home", "visibility": "visible"}, {"gameTime": "2 - 14:42", "label": "Ball out of play", "position": "882350", "team": "home", "visibility": "visible"}, {"gameTime": "2 - 14:42", "label": "Clearance", "position": "882910", "team": "not applicable", "visibility": "visible"}, {"gameTime": "2 - 15:10", "label": "Foul", "position": "910368", "team": "away", "visibility": "not shown"}, {"gameTime": "2 - 15:23", "label": "Indirect free-kick", "position": "923959", "team": "away", "visibility": "visible"}, {"gameTime": "2 - 15:35", "label": "Foul", "position": "935456", "team": "home", "visibility": "visible"}, {"gameTime": "2 - 15:38", "label": "Indirect free-kick", "position": "938428", "team": "away", "visibility": "visible"}, {"gameTime": "2 - 15:40", "label": "Ball out of play", "position": "940875", "team": "home", "visibility": "visible"}, {"gameTime": "2 - 16:03", "label": "Throw-in", "position": "963142", "team": "not applicable", "visibility": "visible"}, {"gameTime": "2 - 16:10", "label": "Ball out of play", "position": "970067", "team": "home", "visibility": "visible"}, {"gameTime": "2 - 16:23", "label": "Throw-in", "position": "983930", "team": "not applicable", "visibility": "not shown"}, {"gameTime": "2 - 16:43", "label": "Ball out of play", "position": "1003427", "team": "away", "visibility": "visible"}, {"gameTime": "2 - 16:46", "label": "Throw-in", "position": "1006166", "team": "not applicable", "visibility": "visible"}, {"gameTime": "2 - 16:52", "label": "Ball out of play", "position": "1012392", "team": "away", "visibility": "visible"}, {"gameTime": "2 - 17:01", "label": "Throw-in", "position": "1021336", "team": "not applicable", "visibility": "visible"}, {"gameTime": "2 - 17:04", "label": "Shots on target", "position": "1024278", "team": "home", "visibility": "not shown"}, {"gameTime": "2 - 18:01", "label": "Shots off target", "position": "1081640", "team": "away", "visibility": "visible"}, {"gameTime": "2 - 18:04", "label": "Ball out of play", "position": "1084092", "team": "away", "visibility": "visible"}, {"gameTime": "2 - 18:04", "label": "Clearance", "position": "1084972", "team": "not applicable", "visibility": "visible"}, {"gameTime": "2 - 18:16", "label": "Shots off target", "position": "1096539", "team": "home", "visibility": "not shown"}, {"gameTime": "2 - 18:41", "label": "Ball out of play", "position": "1121276", "team": "away", "visibility": "visible"}, {"gameTime": "2 - 18:42", "label": "Clearance", "position": "1122196", "team": "not applicable", "visibility": "visible"}, {"gameTime": "2 - 19:06", "label": "Ball out of play", "position": "1146707", "team": "home", "visibility": "visible"}, {"gameTime": "2 - 19:21", "label": "Corner", "position": "1161491", "team": "not applicable", "visibility": "visible"}, {"gameTime": "2 - 19:45", "label": "Shots off target", "position": "1185474", "team": "away", "visibility": "visible"}, {"gameTime": "2 - 19:49", "label": "Ball out of play", "position": "1189158", "team": "away", "visibility": "visible"}, {"gameTime": "2 - 19:51", "label": "Clearance", "position": "1191016", "team": "not applicable", "visibility": "visible"}, {"gameTime": "2 - 20:08", "label": "Ball out of play", "position": "1208483", "team": "home", "visibility": "visible"}, {"gameTime": "2 - 20:11", "label": "Throw-in", "position": "1211732", "team": "not applicable", "visibility": "visible"}, {"gameTime": "2 - 20:31", "label": "Foul", "position": "1231145", "team": "away", "visibility": "visible"}, {"gameTime": "2 - 20:35", "label": "Direct free-kick", "position": "1235926", "team": "home", "visibility": "visible"}, {"gameTime": "2 - 21:05", "label": "Ball out of play", "position": "1265935", "team": "away", "visibility": "visible"}, {"gameTime": "2 - 21:26", "label": "Corner", "position": "1286556", "team": "not applicable", "visibility": "visible"}, {"gameTime": "2 - 21:54", "label": "Ball out of play", "position": "1314374", "team": "away", "visibility": "visible"}, {"gameTime": "2 - 22:06", "label": "Throw-in", "position": "1326940", "team": "not applicable", "visibility": "visible"}, {"gameTime": "2 - 22:16", "label": "Ball out of play", "position": "1336550", "team": "home", "visibility": "visible"}, {"gameTime": "2 - 22:41", "label": "Throw-in", "position": "1361975", "team": "not applicable", "visibility": "visible"}, {"gameTime": "2 - 22:53", "label": "Shots on target", "position": "1373217", "team": "away", "visibility": "visible"}, {"gameTime": "2 - 23:17", "label": "Shots on target", "position": "1397205", "team": "away", "visibility": "visible"}, {"gameTime": "2 - 23:42", "label": "Ball out of play", "position": "1422502", "team": "away", "visibility": "visible"}, {"gameTime": "2 - 23:42", "label": "Corner", "position": "1422822", "team": "not applicable", "visibility": "visible"}, {"gameTime": "2 - 24:17", "label": "Shots on target", "position": "1457768", "team": "away", "visibility": "visible"}, {"gameTime": "2 - 24:19", "label": "Shots off target", "position": "1459045", "team": "away", "visibility": "visible"}, {"gameTime": "2 - 26:12", "label": "Ball out of play", "position": "1572996", "team": "away", "visibility": "visible"}, {"gameTime": "2 - 26:13", "label": "Clearance", "position": "1573956", "team": "not applicable", "visibility": "visible"}, {"gameTime": "2 - 26:39", "label": "Ball out of play", "position": "1599206", "team": "home", "visibility": "not shown"}, {"gameTime": "2 - 26:44", "label": "Throw-in", "position": "1604781", "team": "not applicable", "visibility": "visible"}, {"gameTime": "2 - 26:54", "label": "Ball out of play", "position": "1614364", "team": "home", "visibility": "visible"}, {"gameTime": "2 - 27:38", "label": "Substitution", "position": "1658022", "team": "not applicable", "visibility": "visible"}, {"gameTime": "2 - 28:01", "label": "Throw-in", "position": "1681160", "team": "home", "visibility": "visible"}, {"gameTime": "2 - 28:07", "label": "Ball out of play", "position": "1687372", "team": "home", "visibility": "not shown"}, {"gameTime": "2 - 28:38", "label": "Throw-in", "position": "1718841", "team": "not applicable", "visibility": "visible"}, {"gameTime": "2 - 28:56", "label": "Ball out of play", "position": "1736984", "team": "away", "visibility": "visible"}, {"gameTime": "2 - 29:04", "label": "Substitution", "position": "1744155", "team": "not applicable", "visibility": "visible"}, {"gameTime": "2 - 29:31", "label": "Throw-in", "position": "1771720", "team": "away", "visibility": "visible"}, {"gameTime": "2 - 29:39", "label": "Offside", "position": "1779957", "team": "home", "visibility": "not shown"}, {"gameTime": "2 - 29:47", "label": "Indirect free-kick", "position": "1787368", "team": "home", "visibility": "visible"}, {"gameTime": "2 - 30:15", "label": "Shots on target", "position": "1815350", "team": "away", "visibility": "not shown"}, {"gameTime": "2 - 30:48", "label": "Shots on target", "position": "1848748", "team": "home", "visibility": "visible"}, {"gameTime": "2 - 31:01", "label": "Goal", "position": "1861607", "team": "home", "visibility": "visible"}, {"gameTime": "2 - 31:02", "label": "Kick-off", "position": "1862880", "team": "home", "visibility": "visible"}, {"gameTime": "2 - 32:01", "label": "Substitution", "position": "1921044", "team": "away", "visibility": "not shown"}, {"gameTime": "2 - 32:06", "label": "Ball out of play", "position": "1926963", "team": "home", "visibility": "not shown"}, {"gameTime": "2 - 32:11", "label": "Throw-in", "position": "1931078", "team": "not applicable", "visibility": "visible"}, {"gameTime": "2 - 32:21", "label": "Foul", "position": "1941572", "team": "home", "visibility": "not shown"}, {"gameTime": "2 - 32:34", "label": "Direct free-kick", "position": "1954506", "team": "away", "visibility": "visible"}, {"gameTime": "2 - 33:00", "label": "Shots off target", "position": "1980791", "team": "home", "visibility": "visible"}, {"gameTime": "2 - 33:13", "label": "Ball out of play", "position": "1993129", "team": "home", "visibility": "visible"}, {"gameTime": "2 - 33:14", "label": "Corner", "position": "1994956", "team": "not applicable", "visibility": "visible"}, {"gameTime": "2 - 33:33", "label": "Shots off target", "position": "2013263", "team": "home", "visibility": "visible"}, {"gameTime": "2 - 33:34", "label": "Ball out of play", "position": "2014874", "team": "home", "visibility": "visible"}, {"gameTime": "2 - 33:35", "label": "Clearance", "position": "2015354", "team": "not applicable", "visibility": "visible"}, {"gameTime": "2 - 33:59", "label": "Offside", "position": "2039408", "team": "away", "visibility": "not shown"}, {"gameTime": "2 - 34:07", "label": "Indirect free-kick", "position": "2047080", "team": "away", "visibility": "visible"}, {"gameTime": "2 - 34:26", "label": "Foul", "position": "2066890", "team": "home", "visibility": "visible"}, {"gameTime": "2 - 34:56", "label": "Indirect free-kick", "position": "2096302", "team": "home", "visibility": "visible"}, {"gameTime": "2 - 35:27", "label": "Ball out of play", "position": "2127655", "team": "away", "visibility": "visible"}, {"gameTime": "2 - 35:37", "label": "Substitution", "position": "2137643", "team": "not applicable", "visibility": "visible"}, {"gameTime": "2 - 36:17", "label": "Throw-in", "position": "2177560", "team": "away", "visibility": "visible"}, {"gameTime": "2 - 36:29", "label": "Ball out of play", "position": "2189787", "team": "home", "visibility": "visible"}, {"gameTime": "2 - 36:34", "label": "Throw-in", "position": "2194591", "team": "not applicable", "visibility": "visible"}, {"gameTime": "2 - 36:41", "label": "Ball out of play", "position": "2201405", "team": "home", "visibility": "visible"}, {"gameTime": "2 - 36:43", "label": "Throw-in", "position": "2203503", "team": "not applicable", "visibility": "visible"}, {"gameTime": "2 - 37:01", "label": "Ball out of play", "position": "2221989", "team": "away", "visibility": "not shown"}, {"gameTime": "2 - 37:04", "label": "Throw-in", "position": "2224402", "team": "not applicable", "visibility": "visible"}, {"gameTime": "2 - 37:15", "label": "Ball out of play", "position": "2235488", "team": "home", "visibility": "visible"}, {"gameTime": "2 - 37:26", "label": "Throw-in", "position": "2246785", "team": "not applicable", "visibility": "visible"}, {"gameTime": "2 - 37:34", "label": "Ball out of play", "position": "2254417", "team": "home", "visibility": "visible"}, {"gameTime": "2 - 37:37", "label": "Corner", "position": "2257757", "team": "not applicable", "visibility": "visible"}, {"gameTime": "2 - 37:56", "label": "Shots on target", "position": "2276300", "team": "home", "visibility": "visible"}, {"gameTime": "2 - 38:04", "label": "Ball out of play", "position": "2284720", "team": "home", "visibility": "visible"}, {"gameTime": "2 - 38:06", "label": "Corner", "position": "2286720", "team": "not applicable", "visibility": "visible"}, {"gameTime": "2 - 38:21", "label": "Ball out of play", "position": "2301451", "team": "home", "visibility": "visible"}, {"gameTime": "2 - 38:30", "label": "Throw-in", "position": "2310689", "team": "not applicable", "visibility": "visible"}, {"gameTime": "2 - 38:44", "label": "Ball out of play", "position": "2324780", "team": "home", "visibility": "visible"}, {"gameTime": "2 - 39:47", "label": "Throw-in", "position": "2387149", "team": "not applicable", "visibility": "not shown"}, {"gameTime": "2 - 39:52", "label": "Ball out of play", "position": "2392534", "team": "home", "visibility": "visible"}, {"gameTime": "2 - 40:03", "label": "Throw-in", "position": "2403210", "team": "not applicable", "visibility": "visible"}, {"gameTime": "2 - 40:23", "label": "Foul", "position": "2423315", "team": "away", "visibility": "visible"}, {"gameTime": "2 - 40:27", "label": "Indirect free-kick", "position": "2427275", "team": "away", "visibility": "visible"}, {"gameTime": "2 - 40:45", "label": "Ball out of play", "position": "2445064", "team": "home", "visibility": "visible"}, {"gameTime": "2 - 41:15", "label": "Throw-in", "position": "2475824", "team": "not applicable", "visibility": "visible"}, {"gameTime": "2 - 41:28", "label": "Ball out of play", "position": "2488149", "team": "home", "visibility": "visible"}, {"gameTime": "2 - 41:31", "label": "Throw-in", "position": "2491692", "team": "not applicable", "visibility": "visible"}, {"gameTime": "2 - 41:39", "label": "Foul", "position": "2499605", "team": "home", "visibility": "visible"}, {"gameTime": "2 - 42:40", "label": "Indirect free-kick", "position": "2560187", "team": "home", "visibility": "visible"}, {"gameTime": "2 - 43:14", "label": "Foul", "position": "2594762", "team": "away", "visibility": "visible"}, {"gameTime": "2 - 43:28", "label": "Direct free-kick", "position": "2608763", "team": "away", "visibility": "visible"}, {"gameTime": "2 - 44:01", "label": "Shots off target", "position": "2641518", "team": "home", "visibility": "visible"}, {"gameTime": "2 - 44:51", "label": "Ball out of play", "position": "2691633", "team": "away", "visibility": "visible"}, {"gameTime": "2 - 44:53", "label": "Substitution", "position": "2693753", "team": "not applicable", "visibility": "visible"}, {"gameTime": "2 - 45:20", "label": "Clearance", "position": "2720908", "team": "away", "visibility": "visible"}, {"gameTime": "2 - 45:29", "label": "Ball out of play", "position": "2729791", "team": "home", "visibility": "visible"}, {"gameTime": "2 - 45:46", "label": "Throw-in", "position": "2746017", "team": "not applicable", "visibility": "visible"}, {"gameTime": "2 - 46:01", "label": "Foul", "position": "2761762", "team": "home", "visibility": "visible"}, {"gameTime": "2 - 46:09", "label": "Indirect free-kick", "position": "2769794", "team": "away", "visibility": "visible"}, {"gameTime": "2 - 46:18", "label": "Indirect free-kick", "position": "2778545", "team": "home", "visibility": "visible"}], "gameAwayTeam": "Tottenham", "gameDate": "08/11/2015 - 19:00", "gameHomeTeam": "Arsenal", "gameScore": "1 - 1"}