{"UrlLocal": "england_epl/2015-2016/2015-12-26 - 18-00 Chelsea 2 - 2 Watford/", "UrlYoutube": "", "annotations": [{"gameTime": "1 - 00:00", "label": "Ball out of play", "position": "0", "team": "away", "visibility": "not shown"}, {"gameTime": "1 - 00:57", "label": "Throw-in", "position": "57967", "team": "not applicable", "visibility": "visible"}, {"gameTime": "1 - 01:26", "label": "Ball out of play", "position": "86487", "team": "home", "visibility": "visible"}, {"gameTime": "1 - 01:43", "label": "Clearance", "position": "103201", "team": "not applicable", "visibility": "visible"}, {"gameTime": "1 - 02:06", "label": "Ball out of play", "position": "126068", "team": "away", "visibility": "not shown"}, {"gameTime": "1 - 02:16", "label": "Shots off target", "position": "136425", "team": "not applicable", "visibility": "visible"}, {"gameTime": "1 - 03:20", "label": "Ball out of play", "position": "200973", "team": "home", "visibility": "visible"}, {"gameTime": "1 - 03:21", "label": "Clearance", "position": "201918", "team": "not applicable", "visibility": "visible"}, {"gameTime": "1 - 03:56", "label": "Foul", "position": "236161", "team": "away", "visibility": "not shown"}, {"gameTime": "1 - 04:47", "label": "Indirect free-kick", "position": "287320", "team": "away", "visibility": "visible"}, {"gameTime": "1 - 05:02", "label": "Ball out of play", "position": "302585", "team": "home", "visibility": "visible"}, {"gameTime": "1 - 07:40", "label": "Corner", "position": "460807", "team": "not applicable", "visibility": "visible"}, {"gameTime": "1 - 08:02", "label": "Ball out of play", "position": "482153", "team": "home", "visibility": "visible"}, {"gameTime": "1 - 08:03", "label": "Corner", "position": "483851", "team": "not applicable", "visibility": "visible"}, {"gameTime": "1 - 08:16", "label": "Foul", "position": "496330", "team": "home", "visibility": "visible"}, {"gameTime": "1 - 08:26", "label": "Direct free-kick", "position": "506475", "team": "away", "visibility": "visible"}, {"gameTime": "1 - 09:19", "label": "Ball out of play", "position": "559013", "team": "home", "visibility": "visible"}, {"gameTime": "1 - 09:21", "label": "Corner", "position": "561586", "team": "not applicable", "visibility": "visible"}, {"gameTime": "1 - 09:45", "label": "Foul", "position": "585416", "team": "home", "visibility": "visible"}, {"gameTime": "1 - 10:15", "label": "Indirect free-kick", "position": "615080", "team": "home", "visibility": "visible"}, {"gameTime": "1 - 10:38", "label": "Ball out of play", "position": "638078", "team": "away", "visibility": "visible"}, {"gameTime": "1 - 10:48", "label": "Throw-in", "position": "648639", "team": "not applicable", "visibility": "visible"}, {"gameTime": "1 - 10:57", "label": "Ball out of play", "position": "657307", "team": "away", "visibility": "visible"}, {"gameTime": "1 - 12:40", "label": "Clearance", "position": "760922", "team": "not applicable", "visibility": "visible"}, {"gameTime": "1 - 12:57", "label": "Ball out of play", "position": "777803", "team": "home", "visibility": "not shown"}, {"gameTime": "1 - 13:17", "label": "Throw-in", "position": "797877", "team": "not applicable", "visibility": "visible"}, {"gameTime": "1 - 13:21", "label": "Ball out of play", "position": "801997", "team": "home", "visibility": "not shown"}, {"gameTime": "1 - 13:34", "label": "Throw-in", "position": "814839", "team": "not applicable", "visibility": "visible"}, {"gameTime": "1 - 13:40", "label": "Foul", "position": "820387", "team": "home", "visibility": "visible"}, {"gameTime": "1 - 14:50", "label": "Indirect free-kick", "position": "890436", "team": "away", "visibility": "visible"}, {"gameTime": "1 - 15:17", "label": "Shots off target", "position": "917338", "team": "home", "visibility": "not shown"}, {"gameTime": "1 - 16:52", "label": "Ball out of play", "position": "1012599", "team": "away", "visibility": "visible"}, {"gameTime": "1 - 16:54", "label": "Corner", "position": "1014299", "team": "not applicable", "visibility": "visible"}, {"gameTime": "1 - 17:30", "label": "Ball out of play", "position": "1050898", "team": "away", "visibility": "visible"}, {"gameTime": "1 - 17:41", "label": "Clearance", "position": "1061705", "team": "not applicable", "visibility": "visible"}, {"gameTime": "1 - 18:08", "label": "Ball out of play", "position": "1088556", "team": "home", "visibility": "not shown"}, {"gameTime": "1 - 19:14", "label": "Clearance", "position": "1154460", "team": "not applicable", "visibility": "visible"}, {"gameTime": "1 - 19:47", "label": "Ball out of play", "position": "1187841", "team": "home", "visibility": "not shown"}, {"gameTime": "1 - 21:20", "label": "Throw-in", "position": "1280280", "team": "not applicable", "visibility": "visible"}, {"gameTime": "1 - 21:27", "label": "Ball out of play", "position": "1287648", "team": "home", "visibility": "visible"}, {"gameTime": "1 - 22:08", "label": "Corner", "position": "1328624", "team": "not applicable", "visibility": "visible"}, {"gameTime": "1 - 22:48", "label": "Ball out of play", "position": "1368756", "team": "away", "visibility": "visible"}, {"gameTime": "1 - 22:50", "label": "Clearance", "position": "1370418", "team": "not applicable", "visibility": "visible"}, {"gameTime": "1 - 23:04", "label": "Ball out of play", "position": "1384039", "team": "home", "visibility": "not shown"}, {"gameTime": "1 - 25:21", "label": "Clearance", "position": "1521558", "team": "not applicable", "visibility": "visible"}, {"gameTime": "1 - 25:49", "label": "Ball out of play", "position": "1549598", "team": "away", "visibility": "not shown"}, {"gameTime": "1 - 27:02", "label": "Throw-in", "position": "1622870", "team": "not applicable", "visibility": "not shown"}, {"gameTime": "1 - 27:23", "label": "Shots off target", "position": "1643821", "team": "home", "visibility": "visible"}, {"gameTime": "1 - 27:28", "label": "Ball out of play", "position": "1648810", "team": "away", "visibility": "visible"}, {"gameTime": "1 - 27:30", "label": "Clearance", "position": "1650418", "team": "not applicable", "visibility": "visible"}, {"gameTime": "1 - 28:01", "label": "Ball out of play", "position": "1681654", "team": "home", "visibility": "not shown"}, {"gameTime": "1 - 28:35", "label": "Throw-in", "position": "1715170", "team": "not applicable", "visibility": "visible"}, {"gameTime": "1 - 28:52", "label": "Ball out of play", "position": "1732325", "team": "away", "visibility": "visible"}, {"gameTime": "1 - 29:04", "label": "Throw-in", "position": "1744222", "team": "not applicable", "visibility": "visible"}, {"gameTime": "1 - 29:22", "label": "Ball out of play", "position": "1762016", "team": "away", "visibility": "visible"}, {"gameTime": "1 - 31:20", "label": "Corner", "position": "1880125", "team": "not applicable", "visibility": "visible"}, {"gameTime": "1 - 31:44", "label": "Shots on target", "position": "1904855", "team": "home", "visibility": "visible"}, {"gameTime": "1 - 31:47", "label": "Goal", "position": "1907693", "team": "home", "visibility": "visible"}, {"gameTime": "1 - 31:48", "label": "Kick-off", "position": "1908000", "team": "home", "visibility": "visible"}, {"gameTime": "1 - 32:47", "label": "Ball out of play", "position": "1967799", "team": "away", "visibility": "not shown"}, {"gameTime": "1 - 33:01", "label": "Throw-in", "position": "1981748", "team": "not applicable", "visibility": "visible"}, {"gameTime": "1 - 33:12", "label": "Ball out of play", "position": "1992749", "team": "away", "visibility": "visible"}, {"gameTime": "1 - 33:32", "label": "Throw-in", "position": "2012945", "team": "not applicable", "visibility": "visible"}, {"gameTime": "1 - 33:42", "label": "Ball out of play", "position": "2022964", "team": "home", "visibility": "not shown"}, {"gameTime": "1 - 34:46", "label": "Throw-in", "position": "2086155", "team": "not applicable", "visibility": "visible"}, {"gameTime": "1 - 34:55", "label": "Ball out of play", "position": "2095480", "team": "home", "visibility": "not shown"}, {"gameTime": "1 - 35:55", "label": "Throw-in", "position": "2155208", "team": "not applicable", "visibility": "visible"}, {"gameTime": "1 - 36:00", "label": "Ball out of play", "position": "2160193", "team": "home", "visibility": "not shown"}, {"gameTime": "1 - 36:33", "label": "Clearance", "position": "2193052", "team": "not applicable", "visibility": "not shown"}, {"gameTime": "1 - 36:43", "label": "Ball out of play", "position": "2203873", "team": "away", "visibility": "not shown"}, {"gameTime": "1 - 37:20", "label": "Corner", "position": "2240098", "team": "not applicable", "visibility": "visible"}, {"gameTime": "1 - 37:45", "label": "Ball out of play", "position": "2265644", "team": "home", "visibility": "visible"}, {"gameTime": "1 - 38:17", "label": "Foul", "position": "2297620", "team": "not applicable", "visibility": "visible"}, {"gameTime": "1 - 38:57", "label": "Shots off target", "position": "2337754", "team": "home", "visibility": "visible"}, {"gameTime": "1 - 40:07", "label": "Direct free-kick", "position": "2407811", "team": "away", "visibility": "visible"}, {"gameTime": "1 - 40:07", "label": "Ball out of play", "position": "2407811", "team": "away", "visibility": "visible"}, {"gameTime": "1 - 40:08", "label": "Corner", "position": "2408751", "team": "not applicable", "visibility": "visible"}, {"gameTime": "1 - 40:34", "label": "Foul", "position": "2434913", "team": "away", "visibility": "visible"}, {"gameTime": "1 - 40:38", "label": "Shots on target", "position": "2438281", "team": "home", "visibility": "visible"}, {"gameTime": "1 - 41:37", "label": "Penalty", "position": "2497231", "team": "away", "visibility": "visible"}, {"gameTime": "1 - 41:37", "label": "Goal", "position": "2497266", "team": "away", "visibility": "visible"}, {"gameTime": "1 - 41:37", "label": "Kick-off", "position": "2497640", "team": "away", "visibility": "visible"}, {"gameTime": "1 - 42:38", "label": "Foul", "position": "2558120", "team": "home", "visibility": "not shown"}, {"gameTime": "1 - 43:01", "label": "Yellow card", "position": "2581602", "team": "away", "visibility": "visible"}, {"gameTime": "1 - 43:17", "label": "Direct free-kick", "position": "2597000", "team": "away", "visibility": "visible"}, {"gameTime": "1 - 44:36", "label": "Shots off target", "position": "2676042", "team": "home", "visibility": "visible"}, {"gameTime": "1 - 44:36", "label": "Ball out of play", "position": "2676042", "team": "home", "visibility": "visible"}, {"gameTime": "1 - 44:37", "label": "Ball out of play", "position": "2677157", "team": "not applicable", "visibility": "visible"}, {"gameTime": "2 - 00:00", "label": "Kick-off", "position": "0", "team": "home", "visibility": "not shown"}, {"gameTime": "2 - 00:00", "label": "Ball out of play", "position": "20", "team": "home", "visibility": "not shown"}, {"gameTime": "2 - 00:59", "label": "Throw-in", "position": "59188", "team": "not applicable", "visibility": "visible"}, {"gameTime": "2 - 01:12", "label": "Ball out of play", "position": "72151", "team": "home", "visibility": "not shown"}, {"gameTime": "2 - 01:57", "label": "Corner", "position": "117616", "team": "not applicable", "visibility": "visible"}, {"gameTime": "2 - 02:28", "label": "Foul", "position": "148606", "team": "away", "visibility": "visible"}, {"gameTime": "2 - 02:37", "label": "Yellow card", "position": "157989", "team": "away", "visibility": "visible"}, {"gameTime": "2 - 02:45", "label": "Indirect free-kick", "position": "165360", "team": "away", "visibility": "visible"}, {"gameTime": "2 - 03:05", "label": "Ball out of play", "position": "185530", "team": "home", "visibility": "not shown"}, {"gameTime": "2 - 03:16", "label": "Corner", "position": "196709", "team": "not applicable", "visibility": "visible"}, {"gameTime": "2 - 03:40", "label": "Ball out of play", "position": "220392", "team": "home", "visibility": "visible"}, {"gameTime": "2 - 03:45", "label": "Corner", "position": "225508", "team": "not applicable", "visibility": "visible"}, {"gameTime": "2 - 04:07", "label": "Foul", "position": "247523", "team": "home", "visibility": "not shown"}, {"gameTime": "2 - 04:20", "label": "Indirect free-kick", "position": "260663", "team": "away", "visibility": "visible"}, {"gameTime": "2 - 04:40", "label": "Ball out of play", "position": "280686", "team": "home", "visibility": "not shown"}, {"gameTime": "2 - 05:27", "label": "Throw-in", "position": "327870", "team": "not applicable", "visibility": "visible"}, {"gameTime": "2 - 05:32", "label": "Ball out of play", "position": "332335", "team": "home", "visibility": "visible"}, {"gameTime": "2 - 05:51", "label": "Throw-in", "position": "351317", "team": "not applicable", "visibility": "visible"}, {"gameTime": "2 - 06:26", "label": "Ball out of play", "position": "386888", "team": "away", "visibility": "visible"}, {"gameTime": "2 - 06:32", "label": "Throw-in", "position": "392308", "team": "not applicable", "visibility": "visible"}, {"gameTime": "2 - 06:43", "label": "Ball out of play", "position": "403414", "team": "away", "visibility": "visible"}, {"gameTime": "2 - 07:02", "label": "Throw-in", "position": "422592", "team": "not applicable", "visibility": "visible"}, {"gameTime": "2 - 07:20", "label": "Ball out of play", "position": "440673", "team": "home", "visibility": "not shown"}, {"gameTime": "2 - 07:42", "label": "Throw-in", "position": "462823", "team": "not applicable", "visibility": "visible"}, {"gameTime": "2 - 07:50", "label": "Ball out of play", "position": "470116", "team": "away", "visibility": "visible"}, {"gameTime": "2 - 08:35", "label": "Throw-in", "position": "515088", "team": "not applicable", "visibility": "visible"}, {"gameTime": "2 - 08:36", "label": "Foul", "position": "516938", "team": "home", "visibility": "visible"}, {"gameTime": "2 - 09:24", "label": "Indirect free-kick", "position": "564088", "team": "home", "visibility": "visible"}, {"gameTime": "2 - 09:41", "label": "Shots on target", "position": "581727", "team": "away", "visibility": "visible"}, {"gameTime": "2 - 10:00", "label": "Ball out of play", "position": "600359", "team": "away", "visibility": "visible"}, {"gameTime": "2 - 10:14", "label": "Throw-in", "position": "614800", "team": "not applicable", "visibility": "visible"}, {"gameTime": "2 - 10:25", "label": "Clearance", "position": "625268", "team": "home", "visibility": "visible"}, {"gameTime": "2 - 10:36", "label": "Shots on target", "position": "636526", "team": "away", "visibility": "visible"}, {"gameTime": "2 - 10:46", "label": "Goal", "position": "646733", "team": "away", "visibility": "visible"}, {"gameTime": "2 - 10:47", "label": "Kick-off", "position": "647600", "team": "away", "visibility": "visible"}, {"gameTime": "2 - 12:08", "label": "Ball out of play", "position": "728932", "team": "home", "visibility": "not shown"}, {"gameTime": "2 - 12:18", "label": "Clearance", "position": "738509", "team": "not applicable", "visibility": "visible"}, {"gameTime": "2 - 12:43", "label": "Ball out of play", "position": "763155", "team": "away", "visibility": "not shown"}, {"gameTime": "2 - 12:54", "label": "Throw-in", "position": "774024", "team": "not applicable", "visibility": "visible"}, {"gameTime": "2 - 12:58", "label": "Foul", "position": "778598", "team": "home", "visibility": "visible"}, {"gameTime": "2 - 14:23", "label": "Indirect free-kick", "position": "863082", "team": "away", "visibility": "visible"}, {"gameTime": "2 - 14:42", "label": "Ball out of play", "position": "882178", "team": "home", "visibility": "not shown"}, {"gameTime": "2 - 16:14", "label": "Ball out of play", "position": "974512", "team": "not applicable", "visibility": "visible"}, {"gameTime": "2 - 16:47", "label": "Throw-in", "position": "1007642", "team": "not applicable", "visibility": "visible"}, {"gameTime": "2 - 16:51", "label": "Ball out of play", "position": "1011811", "team": "home", "visibility": "visible"}, {"gameTime": "2 - 18:25", "label": "Throw-in", "position": "1105715", "team": "not applicable", "visibility": "visible"}, {"gameTime": "2 - 18:33", "label": "Shots on target", "position": "1113446", "team": "home", "visibility": "visible"}, {"gameTime": "2 - 19:11", "label": "Shots on target", "position": "1151916", "team": "home", "visibility": "visible"}, {"gameTime": "2 - 19:33", "label": "Goal", "position": "1173595", "team": "home", "visibility": "visible"}, {"gameTime": "2 - 19:34", "label": "Kick-off", "position": "1174520", "team": "home", "visibility": "visible"}, {"gameTime": "2 - 20:41", "label": "Ball out of play", "position": "1241248", "team": "away", "visibility": "not shown"}, {"gameTime": "2 - 20:59", "label": "Clearance", "position": "1259351", "team": "not applicable", "visibility": "visible"}, {"gameTime": "2 - 21:26", "label": "Shots off target", "position": "1286965", "team": "away", "visibility": "not shown"}, {"gameTime": "2 - 22:00", "label": "Ball out of play", "position": "1320737", "team": "home", "visibility": "visible"}, {"gameTime": "2 - 22:01", "label": "Clearance", "position": "1321337", "team": "not applicable", "visibility": "visible"}, {"gameTime": "2 - 22:32", "label": "Ball out of play", "position": "1352221", "team": "away", "visibility": "not shown"}, {"gameTime": "2 - 22:47", "label": "Substitution", "position": "1367150", "team": "not applicable", "visibility": "visible"}, {"gameTime": "2 - 23:21", "label": "Ball out of play", "position": "1401294", "team": "away", "visibility": "visible"}, {"gameTime": "2 - 23:49", "label": "Throw-in", "position": "1429069", "team": "not applicable", "visibility": "visible"}, {"gameTime": "2 - 24:18", "label": "Ball out of play", "position": "1458031", "team": "away", "visibility": "visible"}, {"gameTime": "2 - 26:01", "label": "Throw-in", "position": "1561858", "team": "not applicable", "visibility": "visible"}, {"gameTime": "2 - 26:13", "label": "Ball out of play", "position": "1573924", "team": "home", "visibility": "not shown"}, {"gameTime": "2 - 26:33", "label": "Throw-in", "position": "1593514", "team": "not applicable", "visibility": "visible"}, {"gameTime": "2 - 26:45", "label": "Ball out of play", "position": "1605836", "team": "home", "visibility": "visible"}, {"gameTime": "2 - 26:57", "label": "Clearance", "position": "1617545", "team": "not applicable", "visibility": "visible"}, {"gameTime": "2 - 27:08", "label": "Ball out of play", "position": "1628875", "team": "away", "visibility": "not shown"}, {"gameTime": "2 - 27:24", "label": "Substitution", "position": "1644495", "team": "not applicable", "visibility": "visible"}, {"gameTime": "2 - 27:38", "label": "Throw-in", "position": "1658000", "team": "away", "visibility": "visible"}, {"gameTime": "2 - 27:46", "label": "Ball out of play", "position": "1666363", "team": "home", "visibility": "not shown"}, {"gameTime": "2 - 28:42", "label": "Substitution", "position": "1722528", "team": "not applicable", "visibility": "visible"}, {"gameTime": "2 - 29:00", "label": "Foul", "position": "1740000", "team": "home", "visibility": "visible"}, {"gameTime": "2 - 30:03", "label": "Direct free-kick", "position": "1803083", "team": "away", "visibility": "visible"}, {"gameTime": "2 - 31:15", "label": "Ball out of play", "position": "1875991", "team": "home", "visibility": "visible"}, {"gameTime": "2 - 32:09", "label": "Throw-in", "position": "1929923", "team": "not applicable", "visibility": "visible"}, {"gameTime": "2 - 32:19", "label": "Ball out of play", "position": "1939370", "team": "home", "visibility": "visible"}, {"gameTime": "2 - 33:03", "label": "Foul", "position": "1983313", "team": "not applicable", "visibility": "visible"}, {"gameTime": "2 - 33:24", "label": "Penalty", "position": "2004076", "team": "away", "visibility": "visible"}, {"gameTime": "2 - 34:29", "label": "Shots on target", "position": "2069378", "team": "home", "visibility": "visible"}, {"gameTime": "2 - 34:29", "label": "Ball out of play", "position": "2069378", "team": "home", "visibility": "visible"}, {"gameTime": "2 - 34:29", "label": "Foul", "position": "2069832", "team": "not applicable", "visibility": "visible"}, {"gameTime": "2 - 35:14", "label": "Yellow card", "position": "2114185", "team": "away", "visibility": "visible"}, {"gameTime": "2 - 35:24", "label": "Direct free-kick", "position": "2124680", "team": "away", "visibility": "visible"}, {"gameTime": "2 - 35:48", "label": "Ball out of play", "position": "2148192", "team": "home", "visibility": "visible"}, {"gameTime": "2 - 36:06", "label": "Throw-in", "position": "2166595", "team": "not applicable", "visibility": "visible"}, {"gameTime": "2 - 36:12", "label": "Ball out of play", "position": "2172826", "team": "home", "visibility": "visible"}, {"gameTime": "2 - 36:26", "label": "Throw-in", "position": "2186219", "team": "not applicable", "visibility": "not shown"}, {"gameTime": "2 - 36:29", "label": "Foul", "position": "2189127", "team": "home", "visibility": "visible"}, {"gameTime": "2 - 36:48", "label": "Ball out of play", "position": "2208391", "team": "away", "visibility": "visible"}, {"gameTime": "2 - 36:49", "label": "Yellow card", "position": "2209724", "team": "not applicable", "visibility": "visible"}, {"gameTime": "2 - 37:05", "label": "Indirect free-kick", "position": "2225000", "team": "away", "visibility": "visible"}, {"gameTime": "2 - 37:51", "label": "Offside", "position": "2271884", "team": "home", "visibility": "not shown"}, {"gameTime": "2 - 38:16", "label": "Ball out of play", "position": "2296828", "team": "away", "visibility": "visible"}, {"gameTime": "2 - 39:14", "label": "Throw-in", "position": "2354140", "team": "not applicable", "visibility": "visible"}, {"gameTime": "2 - 39:18", "label": "Ball out of play", "position": "2358480", "team": "home", "visibility": "visible"}, {"gameTime": "2 - 39:47", "label": "Ball out of play", "position": "2387137", "team": "not applicable", "visibility": "visible"}, {"gameTime": "2 - 39:51", "label": "Clearance", "position": "2391979", "team": "not applicable", "visibility": "visible"}, {"gameTime": "2 - 40:11", "label": "Ball out of play", "position": "2411347", "team": "home", "visibility": "visible"}, {"gameTime": "2 - 41:45", "label": "Throw-in", "position": "2505177", "team": "not applicable", "visibility": "visible"}, {"gameTime": "2 - 42:04", "label": "Shots on target", "position": "2524355", "team": "away", "visibility": "visible"}, {"gameTime": "2 - 42:17", "label": "Foul", "position": "2537235", "team": "away", "visibility": "visible"}, {"gameTime": "2 - 42:32", "label": "Yellow card", "position": "2552345", "team": "home", "visibility": "visible"}, {"gameTime": "2 - 42:44", "label": "Indirect free-kick", "position": "2564000", "team": "home", "visibility": "visible"}, {"gameTime": "2 - 43:21", "label": "Ball out of play", "position": "2601397", "team": "away", "visibility": "not shown"}, {"gameTime": "2 - 43:48", "label": "Throw-in", "position": "2628476", "team": "not applicable", "visibility": "visible"}, {"gameTime": "2 - 44:03", "label": "Ball out of play", "position": "2643160", "team": "away", "visibility": "visible"}, {"gameTime": "2 - 46:30", "label": "Throw-in", "position": "2790943", "team": "not applicable", "visibility": "visible"}, {"gameTime": "2 - 46:36", "label": "Ball out of play", "position": "2796277", "team": "home", "visibility": "not shown"}, {"gameTime": "2 - 46:52", "label": "Substitution", "position": "2812069", "team": "not applicable", "visibility": "visible"}, {"gameTime": "2 - 47:36", "label": "Clearance", "position": "2856000", "team": "away", "visibility": "visible"}, {"gameTime": "2 - 47:44", "label": "Shots off target", "position": "2864559", "team": "away", "visibility": "not shown"}, {"gameTime": "2 - 48:07", "label": "Ball out of play", "position": "2887051", "team": "home", "visibility": "visible"}, {"gameTime": "2 - 48:08", "label": "Ball out of play", "position": "2888171", "team": "not applicable", "visibility": "visible"}], "gameAwayTeam": "Watford", "gameDate": "26/12/2015 - 18:00", "gameHomeTeam": "Chelsea", "gameScore": "2 - 2"}