{"UrlLocal": "italy_serie-a/2016-2017/2016-12-12 - 23-00 AS Roma 1 - 0 AC Milan/", "UrlYoutube": "", "annotations": [{"gameTime": "1 - 00:00", "label": "Foul", "position": "18", "team": "home", "visibility": "not shown"}, {"gameTime": "1 - 00:03", "label": "Indirect free-kick", "position": "3933", "team": "away", "visibility": "visible"}, {"gameTime": "1 - 00:30", "label": "Ball out of play", "position": "30358", "team": "home", "visibility": "visible"}, {"gameTime": "1 - 01:06", "label": "Throw-in", "position": "66634", "team": "not applicable", "visibility": "visible"}, {"gameTime": "1 - 01:17", "label": "Shots on target", "position": "77258", "team": "away", "visibility": "visible"}, {"gameTime": "1 - 01:33", "label": "Ball out of play", "position": "93121", "team": "home", "visibility": "visible"}, {"gameTime": "1 - 01:34", "label": "Corner", "position": "94224", "team": "not applicable", "visibility": "visible"}, {"gameTime": "1 - 01:59", "label": "Shots on target", "position": "119746", "team": "home", "visibility": "visible"}, {"gameTime": "1 - 02:06", "label": "Ball out of play", "position": "126353", "team": "home", "visibility": "visible"}, {"gameTime": "1 - 02:44", "label": "Throw-in", "position": "164964", "team": "not applicable", "visibility": "visible"}, {"gameTime": "1 - 02:55", "label": "Ball out of play", "position": "175820", "team": "away", "visibility": "visible"}, {"gameTime": "1 - 03:50", "label": "Corner", "position": "230932", "team": "not applicable", "visibility": "visible"}, {"gameTime": "1 - 04:45", "label": "Ball out of play", "position": "285968", "team": "home", "visibility": "visible"}, {"gameTime": "1 - 04:50", "label": "Clearance", "position": "290533", "team": "not applicable", "visibility": "visible"}, {"gameTime": "1 - 04:59", "label": "Foul", "position": "299928", "team": "away", "visibility": "visible"}, {"gameTime": "1 - 05:27", "label": "Indirect free-kick", "position": "327832", "team": "away", "visibility": "visible"}, {"gameTime": "1 - 06:00", "label": "Foul", "position": "360496", "team": "home", "visibility": "visible"}, {"gameTime": "1 - 06:02", "label": "Indirect free-kick", "position": "362312", "team": "home", "visibility": "visible"}, {"gameTime": "1 - 06:43", "label": "Offside", "position": "403956", "team": "away", "visibility": "not shown"}, {"gameTime": "1 - 07:06", "label": "Indirect free-kick", "position": "426835", "team": "away", "visibility": "visible"}, {"gameTime": "1 - 07:13", "label": "Ball out of play", "position": "433112", "team": "home", "visibility": "not shown"}, {"gameTime": "1 - 07:36", "label": "Throw-in", "position": "456670", "team": "not applicable", "visibility": "visible"}, {"gameTime": "1 - 07:48", "label": "Offside", "position": "468448", "team": "home", "visibility": "not shown"}, {"gameTime": "1 - 08:13", "label": "Indirect free-kick", "position": "493442", "team": "home", "visibility": "visible"}, {"gameTime": "1 - 08:28", "label": "Ball out of play", "position": "508114", "team": "away", "visibility": "not shown"}, {"gameTime": "1 - 09:01", "label": "Throw-in", "position": "541066", "team": "not applicable", "visibility": "visible"}, {"gameTime": "1 - 09:06", "label": "Foul", "position": "546917", "team": "home", "visibility": "visible"}, {"gameTime": "1 - 09:21", "label": "Indirect free-kick", "position": "561725", "team": "home", "visibility": "visible"}, {"gameTime": "1 - 09:44", "label": "Foul", "position": "584639", "team": "away", "visibility": "visible"}, {"gameTime": "1 - 11:08", "label": "Indirect free-kick", "position": "668289", "team": "away", "visibility": "visible"}, {"gameTime": "1 - 11:21", "label": "Ball out of play", "position": "681496", "team": "home", "visibility": "visible"}, {"gameTime": "1 - 11:37", "label": "Throw-in", "position": "697952", "team": "not applicable", "visibility": "visible"}, {"gameTime": "1 - 11:49", "label": "Ball out of play", "position": "709581", "team": "home", "visibility": "visible"}, {"gameTime": "1 - 12:34", "label": "Throw-in", "position": "754817", "team": "not applicable", "visibility": "visible"}, {"gameTime": "1 - 12:55", "label": "Ball out of play", "position": "775528", "team": "away", "visibility": "visible"}, {"gameTime": "1 - 13:31", "label": "Throw-in", "position": "811587", "team": "not applicable", "visibility": "visible"}, {"gameTime": "1 - 13:45", "label": "Foul", "position": "825386", "team": "away", "visibility": "visible"}, {"gameTime": "1 - 14:01", "label": "Indirect free-kick", "position": "841932", "team": "home", "visibility": "visible"}, {"gameTime": "1 - 14:17", "label": "Ball out of play", "position": "857892", "team": "away", "visibility": "not shown"}, {"gameTime": "1 - 15:05", "label": "Throw-in", "position": "905778", "team": "not applicable", "visibility": "not shown"}, {"gameTime": "1 - 15:14", "label": "Ball out of play", "position": "914322", "team": "home", "visibility": "visible"}, {"gameTime": "1 - 15:18", "label": "Throw-in", "position": "918436", "team": "not applicable", "visibility": "visible"}, {"gameTime": "1 - 15:39", "label": "Foul", "position": "939117", "team": "away", "visibility": "visible"}, {"gameTime": "1 - 16:03", "label": "Indirect free-kick", "position": "963629", "team": "away", "visibility": "visible"}, {"gameTime": "1 - 16:38", "label": "Shots on target", "position": "998271", "team": "home", "visibility": "visible"}, {"gameTime": "1 - 16:55", "label": "Foul", "position": "1015212", "team": "away", "visibility": "visible"}, {"gameTime": "1 - 17:34", "label": "Yellow card", "position": "1054550", "team": "away", "visibility": "visible"}, {"gameTime": "1 - 17:39", "label": "Indirect free-kick", "position": "1059838", "team": "away", "visibility": "visible"}, {"gameTime": "1 - 18:11", "label": "Ball out of play", "position": "1091848", "team": "home", "visibility": "not shown"}, {"gameTime": "1 - 18:46", "label": "Corner", "position": "1126689", "team": "not applicable", "visibility": "visible"}, {"gameTime": "1 - 19:11", "label": "Shots off target", "position": "1151640", "team": "home", "visibility": "not shown"}, {"gameTime": "1 - 19:15", "label": "Ball out of play", "position": "1155204", "team": "home", "visibility": "visible"}, {"gameTime": "1 - 19:17", "label": "Clearance", "position": "1157032", "team": "not applicable", "visibility": "visible"}, {"gameTime": "1 - 19:59", "label": "Ball out of play", "position": "1199078", "team": "away", "visibility": "not shown"}, {"gameTime": "1 - 20:02", "label": "Throw-in", "position": "1202823", "team": "not applicable", "visibility": "visible"}, {"gameTime": "1 - 20:17", "label": "Ball out of play", "position": "1217145", "team": "home", "visibility": "visible"}, {"gameTime": "1 - 21:05", "label": "Throw-in", "position": "1265734", "team": "not applicable", "visibility": "not shown"}, {"gameTime": "1 - 21:20", "label": "Ball out of play", "position": "1280714", "team": "home", "visibility": "not shown"}, {"gameTime": "1 - 21:25", "label": "Corner", "position": "1285704", "team": "not applicable", "visibility": "not shown"}, {"gameTime": "1 - 21:51", "label": "Ball out of play", "position": "1311661", "team": "home", "visibility": "visible"}, {"gameTime": "1 - 22:04", "label": "Throw-in", "position": "1324362", "team": "not applicable", "visibility": "visible"}, {"gameTime": "1 - 22:13", "label": "Ball out of play", "position": "1333800", "team": "home", "visibility": "not shown"}, {"gameTime": "1 - 22:45", "label": "Throw-in", "position": "1365643", "team": "not applicable", "visibility": "visible"}, {"gameTime": "1 - 23:04", "label": "Ball out of play", "position": "1384103", "team": "away", "visibility": "visible"}, {"gameTime": "1 - 23:06", "label": "Throw-in", "position": "1386362", "team": "not applicable", "visibility": "visible"}, {"gameTime": "1 - 23:14", "label": "Ball out of play", "position": "1394202", "team": "away", "visibility": "visible"}, {"gameTime": "1 - 23:19", "label": "Throw-in", "position": "1399541", "team": "not applicable", "visibility": "visible"}, {"gameTime": "1 - 23:28", "label": "Ball out of play", "position": "1408368", "team": "away", "visibility": "visible"}, {"gameTime": "1 - 23:49", "label": "Corner", "position": "1429925", "team": "not applicable", "visibility": "visible"}, {"gameTime": "1 - 24:17", "label": "Ball out of play", "position": "1457574", "team": "away", "visibility": "visible"}, {"gameTime": "1 - 24:28", "label": "Throw-in", "position": "1468661", "team": "not applicable", "visibility": "not shown"}, {"gameTime": "1 - 24:44", "label": "Ball out of play", "position": "1484764", "team": "away", "visibility": "visible"}, {"gameTime": "1 - 24:48", "label": "Throw-in", "position": "1488998", "team": "not applicable", "visibility": "visible"}, {"gameTime": "1 - 25:04", "label": "Ball out of play", "position": "1504093", "team": "away", "visibility": "visible"}, {"gameTime": "1 - 25:13", "label": "Throw-in", "position": "1513105", "team": "not applicable", "visibility": "visible"}, {"gameTime": "1 - 25:31", "label": "Foul", "position": "1531497", "team": "home", "visibility": "visible"}, {"gameTime": "1 - 25:55", "label": "Penalty", "position": "1555656", "team": "home", "visibility": "visible"}, {"gameTime": "1 - 26:47", "label": "Shots on target", "position": "1607304", "team": "away", "visibility": "visible"}, {"gameTime": "1 - 26:47", "label": "Ball out of play", "position": "1607304", "team": "away", "visibility": "visible"}, {"gameTime": "1 - 26:47", "label": "Corner", "position": "1607994", "team": "not applicable", "visibility": "visible"}, {"gameTime": "1 - 27:17", "label": "Ball out of play", "position": "1637751", "team": "away", "visibility": "visible"}, {"gameTime": "1 - 27:20", "label": "Clearance", "position": "1640758", "team": "not applicable", "visibility": "visible"}, {"gameTime": "1 - 27:38", "label": "Foul", "position": "1658091", "team": "home", "visibility": "visible"}, {"gameTime": "1 - 27:48", "label": "Indirect free-kick", "position": "1668906", "team": "away", "visibility": "visible"}, {"gameTime": "1 - 28:14", "label": "Ball out of play", "position": "1694023", "team": "home", "visibility": "visible"}, {"gameTime": "1 - 28:18", "label": "Throw-in", "position": "1698753", "team": "not applicable", "visibility": "visible"}, {"gameTime": "1 - 28:28", "label": "Ball out of play", "position": "1708796", "team": "home", "visibility": "visible"}, {"gameTime": "1 - 28:33", "label": "Throw-in", "position": "1713636", "team": "not applicable", "visibility": "visible"}, {"gameTime": "1 - 28:40", "label": "Ball out of play", "position": "1720159", "team": "home", "visibility": "not shown"}, {"gameTime": "1 - 29:04", "label": "Throw-in", "position": "1744113", "team": "not applicable", "visibility": "visible"}, {"gameTime": "1 - 29:14", "label": "Ball out of play", "position": "1754312", "team": "away", "visibility": "visible"}, {"gameTime": "1 - 29:40", "label": "Throw-in", "position": "1780104", "team": "not applicable", "visibility": "not shown"}, {"gameTime": "1 - 30:03", "label": "Ball out of play", "position": "1803089", "team": "away", "visibility": "visible"}, {"gameTime": "1 - 30:07", "label": "Throw-in", "position": "1807562", "team": "not applicable", "visibility": "visible"}, {"gameTime": "1 - 30:20", "label": "Ball out of play", "position": "1820151", "team": "away", "visibility": "visible"}, {"gameTime": "1 - 31:10", "label": "Clearance", "position": "1870684", "team": "not applicable", "visibility": "visible"}, {"gameTime": "1 - 31:37", "label": "Shots on target", "position": "1897773", "team": "home", "visibility": "visible"}, {"gameTime": "1 - 32:13", "label": "Ball out of play", "position": "1933127", "team": "away", "visibility": "visible"}, {"gameTime": "1 - 33:05", "label": "Throw-in", "position": "1985834", "team": "not applicable", "visibility": "visible"}, {"gameTime": "1 - 33:26", "label": "Foul", "position": "2006199", "team": "away", "visibility": "visible"}, {"gameTime": "1 - 34:03", "label": "Indirect free-kick", "position": "2043978", "team": "away", "visibility": "visible"}, {"gameTime": "1 - 34:19", "label": "Shots off target", "position": "2059853", "team": "home", "visibility": "visible"}, {"gameTime": "1 - 35:37", "label": "Ball out of play", "position": "2137761", "team": "home", "visibility": "visible"}, {"gameTime": "1 - 35:38", "label": "Clearance", "position": "2138763", "team": "not applicable", "visibility": "visible"}, {"gameTime": "1 - 36:01", "label": "Foul", "position": "2161734", "team": "away", "visibility": "not shown"}, {"gameTime": "1 - 36:08", "label": "Indirect free-kick", "position": "2168779", "team": "away", "visibility": "visible"}, {"gameTime": "1 - 36:32", "label": "Foul", "position": "2192314", "team": "home", "visibility": "visible"}, {"gameTime": "1 - 36:50", "label": "Substitution", "position": "2210068", "team": "home", "visibility": "visible"}, {"gameTime": "1 - 41:41", "label": "Indirect free-kick", "position": "2501364", "team": "home", "visibility": "visible"}, {"gameTime": "1 - 41:52", "label": "Ball out of play", "position": "2512231", "team": "away", "visibility": "not shown"}, {"gameTime": "1 - 42:08", "label": "Throw-in", "position": "2528001", "team": "not applicable", "visibility": "visible"}, {"gameTime": "1 - 42:19", "label": "Ball out of play", "position": "2539191", "team": "away", "visibility": "visible"}, {"gameTime": "1 - 42:22", "label": "Throw-in", "position": "2542930", "team": "not applicable", "visibility": "visible"}, {"gameTime": "1 - 42:36", "label": "Ball out of play", "position": "2556754", "team": "home", "visibility": "visible"}, {"gameTime": "1 - 43:03", "label": "Throw-in", "position": "2583100", "team": "not applicable", "visibility": "visible"}, {"gameTime": "1 - 43:06", "label": "Ball out of play", "position": "2586720", "team": "home", "visibility": "not shown"}, {"gameTime": "1 - 43:41", "label": "Throw-in", "position": "2621024", "team": "not applicable", "visibility": "visible"}, {"gameTime": "1 - 43:56", "label": "Ball out of play", "position": "2636053", "team": "away", "visibility": "visible"}, {"gameTime": "1 - 44:02", "label": "Clearance", "position": "2642276", "team": "not applicable", "visibility": "visible"}, {"gameTime": "1 - 44:13", "label": "Ball out of play", "position": "2653187", "team": "home", "visibility": "visible"}, {"gameTime": "1 - 44:31", "label": "Throw-in", "position": "2671377", "team": "not applicable", "visibility": "visible"}, {"gameTime": "1 - 44:52", "label": "Throw-in", "position": "2692233", "team": "away", "visibility": "visible"}, {"gameTime": "2 - 00:00", "label": "Ball out of play", "position": "3", "team": "away", "visibility": "not shown"}, {"gameTime": "2 - 00:11", "label": "Throw-in", "position": "11481", "team": "not applicable", "visibility": "visible"}, {"gameTime": "2 - 00:21", "label": "Ball out of play", "position": "21837", "team": "home", "visibility": "visible"}, {"gameTime": "2 - 01:08", "label": "Throw-in", "position": "68664", "team": "not applicable", "visibility": "visible"}, {"gameTime": "2 - 01:19", "label": "Ball out of play", "position": "79380", "team": "away", "visibility": "visible"}, {"gameTime": "2 - 02:11", "label": "Throw-in", "position": "131249", "team": "not applicable", "visibility": "visible"}, {"gameTime": "2 - 02:17", "label": "Shots on target", "position": "137896", "team": "home", "visibility": "not shown"}, {"gameTime": "2 - 03:14", "label": "Ball out of play", "position": "194000", "team": "away", "visibility": "visible"}, {"gameTime": "2 - 04:02", "label": "Corner", "position": "242619", "team": "not applicable", "visibility": "visible"}, {"gameTime": "2 - 04:36", "label": "Foul", "position": "276491", "team": "home", "visibility": "visible"}, {"gameTime": "2 - 04:40", "label": "Indirect free-kick", "position": "280977", "team": "home", "visibility": "visible"}, {"gameTime": "2 - 05:07", "label": "Ball out of play", "position": "307443", "team": "away", "visibility": "visible"}, {"gameTime": "2 - 05:12", "label": "Throw-in", "position": "312567", "team": "not applicable", "visibility": "visible"}, {"gameTime": "2 - 05:23", "label": "Ball out of play", "position": "323695", "team": "home", "visibility": "visible"}, {"gameTime": "2 - 05:26", "label": "Throw-in", "position": "326866", "team": "not applicable", "visibility": "visible"}, {"gameTime": "2 - 05:43", "label": "Ball out of play", "position": "343648", "team": "away", "visibility": "visible"}, {"gameTime": "2 - 06:02", "label": "Throw-in", "position": "362941", "team": "not applicable", "visibility": "visible"}, {"gameTime": "2 - 06:21", "label": "Foul", "position": "381266", "team": "away", "visibility": "visible"}, {"gameTime": "2 - 06:22", "label": "Indirect free-kick", "position": "382388", "team": "away", "visibility": "visible"}, {"gameTime": "2 - 06:33", "label": "Shots off target", "position": "393596", "team": "home", "visibility": "visible"}, {"gameTime": "2 - 06:57", "label": "Ball out of play", "position": "417732", "team": "away", "visibility": "visible"}, {"gameTime": "2 - 06:58", "label": "Clearance", "position": "418890", "team": "not applicable", "visibility": "visible"}, {"gameTime": "2 - 07:05", "label": "Foul", "position": "425713", "team": "home", "visibility": "not shown"}, {"gameTime": "2 - 07:07", "label": "Indirect free-kick", "position": "427170", "team": "away", "visibility": "not shown"}, {"gameTime": "2 - 07:23", "label": "Ball out of play", "position": "443360", "team": "home", "visibility": "not shown"}, {"gameTime": "2 - 08:21", "label": "Throw-in", "position": "501806", "team": "not applicable", "visibility": "visible"}, {"gameTime": "2 - 08:32", "label": "Ball out of play", "position": "512906", "team": "home", "visibility": "visible"}, {"gameTime": "2 - 08:35", "label": "Throw-in", "position": "515758", "team": "not applicable", "visibility": "visible"}, {"gameTime": "2 - 08:39", "label": "Foul", "position": "519500", "team": "home", "visibility": "visible"}, {"gameTime": "2 - 08:58", "label": "Indirect free-kick", "position": "538779", "team": "home", "visibility": "visible"}, {"gameTime": "2 - 09:29", "label": "Ball out of play", "position": "569615", "team": "away", "visibility": "visible"}, {"gameTime": "2 - 09:53", "label": "Corner", "position": "593476", "team": "not applicable", "visibility": "visible"}, {"gameTime": "2 - 10:19", "label": "Shots off target", "position": "619624", "team": "home", "visibility": "visible"}, {"gameTime": "2 - 10:23", "label": "Ball out of play", "position": "623661", "team": "home", "visibility": "visible"}, {"gameTime": "2 - 10:24", "label": "Clearance", "position": "624740", "team": "not applicable", "visibility": "visible"}, {"gameTime": "2 - 10:43", "label": "Foul", "position": "643879", "team": "away", "visibility": "not shown"}, {"gameTime": "2 - 11:00", "label": "Indirect free-kick", "position": "660477", "team": "away", "visibility": "visible"}, {"gameTime": "2 - 11:17", "label": "Foul", "position": "677099", "team": "home", "visibility": "not shown"}, {"gameTime": "2 - 11:17", "label": "Indirect free-kick", "position": "677600", "team": "away", "visibility": "not shown"}, {"gameTime": "2 - 11:26", "label": "Ball out of play", "position": "686079", "team": "home", "visibility": "visible"}, {"gameTime": "2 - 12:27", "label": "Clearance", "position": "747342", "team": "not applicable", "visibility": "visible"}, {"gameTime": "2 - 12:48", "label": "Offside", "position": "768601", "team": "away", "visibility": "not shown"}, {"gameTime": "2 - 13:05", "label": "Indirect free-kick", "position": "785832", "team": "home", "visibility": "visible"}, {"gameTime": "2 - 13:40", "label": "Shots off target", "position": "820004", "team": "away", "visibility": "visible"}, {"gameTime": "2 - 15:29", "label": "Ball out of play", "position": "929468", "team": "home", "visibility": "visible"}, {"gameTime": "2 - 15:30", "label": "Clearance", "position": "930755", "team": "not applicable", "visibility": "visible"}, {"gameTime": "2 - 15:51", "label": "Shots off target", "position": "951316", "team": "away", "visibility": "not shown"}, {"gameTime": "2 - 16:13", "label": "Ball out of play", "position": "973009", "team": "home", "visibility": "visible"}, {"gameTime": "2 - 16:13", "label": "Clearance", "position": "973482", "team": "not applicable", "visibility": "visible"}, {"gameTime": "2 - 16:33", "label": "Shots on target", "position": "993241", "team": "away", "visibility": "visible"}, {"gameTime": "2 - 16:50", "label": "Goal", "position": "1010583", "team": "home", "visibility": "visible"}, {"gameTime": "2 - 16:51", "label": "Kick-off", "position": "1011607", "team": "home", "visibility": "visible"}, {"gameTime": "2 - 17:48", "label": "Foul", "position": "1068058", "team": "away", "visibility": "not shown"}, {"gameTime": "2 - 18:26", "label": "Indirect free-kick", "position": "1106800", "team": "away", "visibility": "visible"}, {"gameTime": "2 - 18:32", "label": "Shots off target", "position": "1112772", "team": "home", "visibility": "visible"}, {"gameTime": "2 - 18:44", "label": "Ball out of play", "position": "1124277", "team": "home", "visibility": "visible"}, {"gameTime": "2 - 18:46", "label": "Clearance", "position": "1126379", "team": "not applicable", "visibility": "visible"}, {"gameTime": "2 - 19:07", "label": "Ball out of play", "position": "1147285", "team": "away", "visibility": "not shown"}, {"gameTime": "2 - 19:21", "label": "Throw-in", "position": "1161456", "team": "not applicable", "visibility": "visible"}, {"gameTime": "2 - 19:39", "label": "Ball out of play", "position": "1179826", "team": "away", "visibility": "visible"}, {"gameTime": "2 - 19:42", "label": "Throw-in", "position": "1182546", "team": "not applicable", "visibility": "visible"}, {"gameTime": "2 - 19:59", "label": "Shots off target", "position": "1199317", "team": "away", "visibility": "visible"}, {"gameTime": "2 - 20:30", "label": "Ball out of play", "position": "1230118", "team": "away", "visibility": "visible"}, {"gameTime": "2 - 20:31", "label": "Substitution", "position": "1231569", "team": "not applicable", "visibility": "visible"}, {"gameTime": "2 - 20:59", "label": "Clearance", "position": "1259779", "team": "away", "visibility": "not shown"}, {"gameTime": "2 - 21:10", "label": "Ball out of play", "position": "1270819", "team": "home", "visibility": "not shown"}, {"gameTime": "2 - 21:42", "label": "Throw-in", "position": "1302929", "team": "not applicable", "visibility": "visible"}, {"gameTime": "2 - 21:54", "label": "Foul", "position": "1314723", "team": "home", "visibility": "visible"}, {"gameTime": "2 - 22:19", "label": "Indirect free-kick", "position": "1339791", "team": "away", "visibility": "visible"}, {"gameTime": "2 - 22:48", "label": "Foul", "position": "1368991", "team": "home", "visibility": "not shown"}, {"gameTime": "2 - 22:59", "label": "Indirect free-kick", "position": "1379151", "team": "home", "visibility": "visible"}, {"gameTime": "2 - 23:02", "label": "Shots on target", "position": "1382266", "team": "away", "visibility": "visible"}, {"gameTime": "2 - 23:11", "label": "Ball out of play", "position": "1391608", "team": "away", "visibility": "visible"}, {"gameTime": "2 - 24:34", "label": "Clearance", "position": "1474567", "team": "not applicable", "visibility": "visible"}, {"gameTime": "2 - 24:42", "label": "Ball out of play", "position": "1482483", "team": "away", "visibility": "not shown"}, {"gameTime": "2 - 25:40", "label": "Substitution", "position": "1540546", "team": "not applicable", "visibility": "visible"}, {"gameTime": "2 - 26:01", "label": "Clearance", "position": "1561200", "team": "away", "visibility": "visible"}, {"gameTime": "2 - 26:12", "label": "Ball out of play", "position": "1572631", "team": "home", "visibility": "visible"}, {"gameTime": "2 - 26:49", "label": "Throw-in", "position": "1609025", "team": "not applicable", "visibility": "visible"}, {"gameTime": "2 - 27:12", "label": "Foul", "position": "1632237", "team": "home", "visibility": "visible"}, {"gameTime": "2 - 27:24", "label": "Indirect free-kick", "position": "1644252", "team": "away", "visibility": "visible"}, {"gameTime": "2 - 27:46", "label": "Ball out of play", "position": "1666327", "team": "home", "visibility": "visible"}, {"gameTime": "2 - 28:03", "label": "Throw-in", "position": "1683105", "team": "not applicable", "visibility": "visible"}, {"gameTime": "2 - 28:13", "label": "Foul", "position": "1693081", "team": "home", "visibility": "visible"}, {"gameTime": "2 - 29:22", "label": "Direct free-kick", "position": "1762898", "team": "away", "visibility": "visible"}, {"gameTime": "2 - 30:45", "label": "Shots on target", "position": "1845899", "team": "home", "visibility": "visible"}, {"gameTime": "2 - 30:45", "label": "Ball out of play", "position": "1845929", "team": "home", "visibility": "visible"}, {"gameTime": "2 - 30:54", "label": "Throw-in", "position": "1854517", "team": "not applicable", "visibility": "visible"}, {"gameTime": "2 - 30:59", "label": "Foul", "position": "1859077", "team": "away", "visibility": "visible"}, {"gameTime": "2 - 31:06", "label": "Indirect free-kick", "position": "1866311", "team": "home", "visibility": "visible"}, {"gameTime": "2 - 31:29", "label": "Foul", "position": "1889177", "team": "away", "visibility": "visible"}, {"gameTime": "2 - 31:33", "label": "Indirect free-kick", "position": "1893701", "team": "away", "visibility": "visible"}, {"gameTime": "2 - 32:01", "label": "Ball out of play", "position": "1921530", "team": "home", "visibility": "visible"}, {"gameTime": "2 - 32:11", "label": "Throw-in", "position": "1931658", "team": "not applicable", "visibility": "visible"}, {"gameTime": "2 - 32:16", "label": "Ball out of play", "position": "1936950", "team": "away", "visibility": "not shown"}, {"gameTime": "2 - 32:42", "label": "Throw-in", "position": "1962699", "team": "not applicable", "visibility": "visible"}, {"gameTime": "2 - 32:45", "label": "Foul", "position": "1965411", "team": "away", "visibility": "visible"}, {"gameTime": "2 - 32:57", "label": "Yellow card", "position": "1977950", "team": "away", "visibility": "visible"}, {"gameTime": "2 - 33:00", "label": "Indirect free-kick", "position": "1980640", "team": "away", "visibility": "visible"}, {"gameTime": "2 - 33:38", "label": "Offside", "position": "2018365", "team": "home", "visibility": "visible"}, {"gameTime": "2 - 33:40", "label": "Ball out of play", "position": "2020085", "team": "home", "visibility": "visible"}, {"gameTime": "2 - 33:41", "label": "Indirect free-kick", "position": "2021240", "team": "not applicable", "visibility": "visible"}, {"gameTime": "2 - 33:59", "label": "Ball out of play", "position": "2039217", "team": "away", "visibility": "not shown"}, {"gameTime": "2 - 34:16", "label": "Throw-in", "position": "2056913", "team": "not applicable", "visibility": "visible"}, {"gameTime": "2 - 34:23", "label": "Foul", "position": "2063648", "team": "home", "visibility": "visible"}, {"gameTime": "2 - 34:38", "label": "Direct free-kick", "position": "2078463", "team": "away", "visibility": "visible"}, {"gameTime": "2 - 35:08", "label": "Offside", "position": "2108248", "team": "home", "visibility": "visible"}, {"gameTime": "2 - 35:09", "label": "Indirect free-kick", "position": "2109448", "team": "home", "visibility": "visible"}, {"gameTime": "2 - 35:27", "label": "Shots on target", "position": "2127213", "team": "away", "visibility": "not shown"}, {"gameTime": "2 - 36:02", "label": "Ball out of play", "position": "2162285", "team": "home", "visibility": "visible"}, {"gameTime": "2 - 36:03", "label": "Corner", "position": "2163374", "team": "not applicable", "visibility": "visible"}, {"gameTime": "2 - 36:42", "label": "Ball out of play", "position": "2202366", "team": "home", "visibility": "visible"}, {"gameTime": "2 - 37:45", "label": "Throw-in", "position": "2265026", "team": "not applicable", "visibility": "visible"}, {"gameTime": "2 - 37:56", "label": "Foul", "position": "2276882", "team": "away", "visibility": "visible"}, {"gameTime": "2 - 38:27", "label": "Yellow card", "position": "2307857", "team": "home", "visibility": "visible"}, {"gameTime": "2 - 38:31", "label": "Substitution", "position": "2311680", "team": "home", "visibility": "visible"}, {"gameTime": "2 - 38:51", "label": "Indirect free-kick", "position": "2331114", "team": "away", "visibility": "visible"}, {"gameTime": "2 - 39:10", "label": "Shots off target", "position": "2350070", "team": "away", "visibility": "visible"}, {"gameTime": "2 - 39:13", "label": "Ball out of play", "position": "2353222", "team": "away", "visibility": "visible"}, {"gameTime": "2 - 39:51", "label": "Corner", "position": "2391071", "team": "not applicable", "visibility": "visible"}, {"gameTime": "2 - 39:59", "label": "Ball out of play", "position": "2399188", "team": "away", "visibility": "visible"}, {"gameTime": "2 - 40:04", "label": "Corner", "position": "2404443", "team": "not applicable", "visibility": "visible"}, {"gameTime": "2 - 40:18", "label": "Foul", "position": "2418540", "team": "away", "visibility": "visible"}, {"gameTime": "2 - 41:52", "label": "Indirect free-kick", "position": "2512707", "team": "home", "visibility": "visible"}, {"gameTime": "2 - 42:21", "label": "Foul", "position": "2541255", "team": "away", "visibility": "visible"}, {"gameTime": "2 - 43:16", "label": "Indirect free-kick", "position": "2596049", "team": "away", "visibility": "visible"}, {"gameTime": "2 - 43:31", "label": "Ball out of play", "position": "2611888", "team": "home", "visibility": "not shown"}, {"gameTime": "2 - 44:11", "label": "Throw-in", "position": "2651252", "team": "not applicable", "visibility": "visible"}, {"gameTime": "2 - 44:27", "label": "Ball out of play", "position": "2667722", "team": "home", "visibility": "not shown"}, {"gameTime": "2 - 44:31", "label": "Throw-in", "position": "2671894", "team": "not applicable", "visibility": "visible"}, {"gameTime": "2 - 44:47", "label": "Throw-in", "position": "2687843", "team": "away", "visibility": "visible"}], "gameAwayTeam": "AC Milan", "gameDate": "12/12/2016 - 23:00", "gameHomeTeam": "AS Roma", "gameScore": "1 - 0"}