{"UrlLocal": "italy_serie-a/2016-2017/2016-11-05 - 22-45 Napoli 1 - 1 Lazio/", "UrlYoutube": "", "annotations": [{"gameTime": "1 - 00:07", "label": "Kick-off", "position": "7416", "team": "not applicable", "visibility": "visible"}, {"gameTime": "1 - 00:28", "label": "Ball out of play", "position": "28070", "team": "home", "visibility": "not shown"}, {"gameTime": "1 - 00:34", "label": "Clearance", "position": "34710", "team": "away", "visibility": "visible"}, {"gameTime": "1 - 00:51", "label": "Shots on target", "position": "51217", "team": "home", "visibility": "visible"}, {"gameTime": "1 - 00:52", "label": "Shots off target", "position": "52102", "team": "not applicable", "visibility": "visible"}, {"gameTime": "1 - 01:20", "label": "Ball out of play", "position": "80234", "team": "away", "visibility": "visible"}, {"gameTime": "1 - 01:54", "label": "Clearance", "position": "114334", "team": "not applicable", "visibility": "visible"}, {"gameTime": "1 - 02:35", "label": "Ball out of play", "position": "155923", "team": "not applicable", "visibility": "not shown"}, {"gameTime": "1 - 03:14", "label": "Ball out of play", "position": "194703", "team": "home", "visibility": "visible"}, {"gameTime": "1 - 03:17", "label": "Corner", "position": "197933", "team": "not applicable", "visibility": "visible"}, {"gameTime": "1 - 03:30", "label": "Ball out of play", "position": "210483", "team": "away", "visibility": "visible"}, {"gameTime": "1 - 03:43", "label": "Clearance", "position": "223035", "team": "not applicable", "visibility": "visible"}, {"gameTime": "1 - 03:48", "label": "Ball out of play", "position": "228267", "team": "home", "visibility": "visible"}, {"gameTime": "1 - 04:13", "label": "Throw-in", "position": "253112", "team": "not applicable", "visibility": "visible"}, {"gameTime": "1 - 04:26", "label": "Ball out of play", "position": "266501", "team": "home", "visibility": "not shown"}, {"gameTime": "1 - 05:10", "label": "Throw-in", "position": "310952", "team": "home", "visibility": "visible"}, {"gameTime": "1 - 05:11", "label": "Shots off target", "position": "311450", "team": "not applicable", "visibility": "visible"}, {"gameTime": "1 - 05:39", "label": "Ball out of play", "position": "339713", "team": "away", "visibility": "visible"}, {"gameTime": "1 - 06:16", "label": "Clearance", "position": "376565", "team": "home", "visibility": "visible"}, {"gameTime": "1 - 06:30", "label": "Foul", "position": "390337", "team": "away", "visibility": "visible"}, {"gameTime": "1 - 08:28", "label": "Indirect free-kick", "position": "508091", "team": "not applicable", "visibility": "visible"}, {"gameTime": "1 - 08:41", "label": "Ball out of play", "position": "521310", "team": "away", "visibility": "visible"}, {"gameTime": "1 - 09:03", "label": "Throw-in", "position": "543075", "team": "not applicable", "visibility": "visible"}, {"gameTime": "1 - 09:28", "label": "Ball out of play", "position": "568531", "team": "home", "visibility": "not shown"}, {"gameTime": "1 - 10:58", "label": "Clearance", "position": "658037", "team": "home", "visibility": "visible"}, {"gameTime": "1 - 11:29", "label": "Shots on target", "position": "689956", "team": "away", "visibility": "visible"}, {"gameTime": "1 - 11:30", "label": "Shots off target", "position": "690660", "team": "not applicable", "visibility": "visible"}, {"gameTime": "1 - 11:52", "label": "Ball out of play", "position": "712133", "team": "home", "visibility": "not shown"}, {"gameTime": "1 - 12:35", "label": "Clearance", "position": "755134", "team": "home", "visibility": "visible"}, {"gameTime": "1 - 15:22", "label": "Shots on target", "position": "922035", "team": "not applicable", "visibility": "visible"}, {"gameTime": "1 - 16:02", "label": "Ball out of play", "position": "962229", "team": "home", "visibility": "not shown"}, {"gameTime": "1 - 17:18", "label": "Indirect free-kick", "position": "1038236", "team": "not applicable", "visibility": "visible"}, {"gameTime": "1 - 17:38", "label": "Ball out of play", "position": "1058655", "team": "away", "visibility": "not shown"}, {"gameTime": "1 - 17:48", "label": "Corner", "position": "1068462", "team": "away", "visibility": "visible"}, {"gameTime": "1 - 17:50", "label": "Shots off target", "position": "1070388", "team": "not applicable", "visibility": "visible"}, {"gameTime": "1 - 17:56", "label": "Ball out of play", "position": "1076045", "team": "home", "visibility": "not shown"}, {"gameTime": "1 - 18:17", "label": "Clearance", "position": "1097684", "team": "not applicable", "visibility": "visible"}, {"gameTime": "1 - 18:27", "label": "Ball out of play", "position": "1107473", "team": "home", "visibility": "not shown"}, {"gameTime": "1 - 19:19", "label": "Throw-in", "position": "1159299", "team": "home", "visibility": "visible"}, {"gameTime": "1 - 19:30", "label": "Foul", "position": "1170978", "team": "away", "visibility": "not shown"}, {"gameTime": "1 - 19:48", "label": "Indirect free-kick", "position": "1188318", "team": "home", "visibility": "visible"}, {"gameTime": "1 - 20:13", "label": "Offside", "position": "1213078", "team": "away", "visibility": "not shown"}, {"gameTime": "1 - 21:11", "label": "Indirect free-kick", "position": "1271239", "team": "not applicable", "visibility": "not shown"}, {"gameTime": "1 - 21:40", "label": "Ball out of play", "position": "1300972", "team": "away", "visibility": "visible"}, {"gameTime": "1 - 22:11", "label": "Clearance", "position": "1331279", "team": "not applicable", "visibility": "visible"}, {"gameTime": "1 - 22:22", "label": "Ball out of play", "position": "1342338", "team": "away", "visibility": "not shown"}, {"gameTime": "1 - 22:38", "label": "Throw-in", "position": "1358906", "team": "not applicable", "visibility": "visible"}, {"gameTime": "1 - 22:42", "label": "Ball out of play", "position": "1362099", "team": "home", "visibility": "visible"}, {"gameTime": "1 - 23:34", "label": "Throw-in", "position": "1414498", "team": "away", "visibility": "visible"}, {"gameTime": "1 - 24:34", "label": "Foul", "position": "1474224", "team": "home", "visibility": "visible"}, {"gameTime": "1 - 24:34", "label": "Direct free-kick", "position": "1474224", "team": "home", "visibility": "visible"}, {"gameTime": "1 - 25:12", "label": "Shots on target", "position": "1512006", "team": "home", "visibility": "visible"}, {"gameTime": "1 - 25:24", "label": "Corner", "position": "1524718", "team": "not applicable", "visibility": "visible"}, {"gameTime": "1 - 25:39", "label": "Ball out of play", "position": "1539843", "team": "away", "visibility": "visible"}, {"gameTime": "1 - 26:06", "label": "Throw-in", "position": "1566794", "team": "away", "visibility": "visible"}, {"gameTime": "1 - 26:14", "label": "Foul", "position": "1574375", "team": "home", "visibility": "not shown"}, {"gameTime": "1 - 26:55", "label": "Indirect free-kick", "position": "1615432", "team": "away", "visibility": "visible"}, {"gameTime": "1 - 27:02", "label": "Foul", "position": "1622546", "team": "away", "visibility": "visible"}, {"gameTime": "1 - 27:45", "label": "Yellow card", "position": "1665720", "team": "home", "visibility": "visible"}, {"gameTime": "1 - 29:50", "label": "Indirect free-kick", "position": "1790697", "team": "not applicable", "visibility": "visible"}, {"gameTime": "1 - 30:16", "label": "Ball out of play", "position": "1816483", "team": "away", "visibility": "not shown"}, {"gameTime": "1 - 30:23", "label": "Clearance", "position": "1823934", "team": "away", "visibility": "visible"}, {"gameTime": "1 - 30:45", "label": "Offside", "position": "1845622", "team": "home", "visibility": "visible"}, {"gameTime": "1 - 31:41", "label": "Indirect free-kick", "position": "1901609", "team": "away", "visibility": "visible"}, {"gameTime": "1 - 31:45", "label": "Foul", "position": "1905452", "team": "home", "visibility": "not shown"}, {"gameTime": "1 - 33:24", "label": "Indirect free-kick", "position": "2004717", "team": "away", "visibility": "visible"}, {"gameTime": "1 - 33:56", "label": "Indirect free-kick", "position": "2036809", "team": "not applicable", "visibility": "visible"}, {"gameTime": "1 - 34:04", "label": "Ball out of play", "position": "2044368", "team": "home", "visibility": "visible"}, {"gameTime": "1 - 34:48", "label": "Throw-in", "position": "2088316", "team": "home", "visibility": "visible"}, {"gameTime": "1 - 34:49", "label": "Shots off target", "position": "2089187", "team": "not applicable", "visibility": "visible"}, {"gameTime": "1 - 35:28", "label": "Ball out of play", "position": "2128024", "team": "away", "visibility": "visible"}, {"gameTime": "1 - 37:01", "label": "Clearance", "position": "2221595", "team": "away", "visibility": "visible"}, {"gameTime": "1 - 37:39", "label": "Foul", "position": "2259461", "team": "home", "visibility": "visible"}, {"gameTime": "1 - 38:11", "label": "Indirect free-kick", "position": "2291028", "team": "not applicable", "visibility": "visible"}, {"gameTime": "1 - 38:26", "label": "Ball out of play", "position": "2306535", "team": "home", "visibility": "visible"}, {"gameTime": "1 - 39:17", "label": "Throw-in", "position": "2357288", "team": "not applicable", "visibility": "visible"}, {"gameTime": "1 - 39:51", "label": "Ball out of play", "position": "2391071", "team": "away", "visibility": "visible"}, {"gameTime": "1 - 40:13", "label": "Corner", "position": "2413335", "team": "away", "visibility": "visible"}, {"gameTime": "1 - 40:25", "label": "Foul", "position": "2425246", "team": "home", "visibility": "not shown"}, {"gameTime": "1 - 40:41", "label": "Indirect free-kick", "position": "2441794", "team": "away", "visibility": "visible"}, {"gameTime": "1 - 41:08", "label": "Foul", "position": "2468175", "team": "home", "visibility": "not shown"}, {"gameTime": "1 - 42:09", "label": "Indirect free-kick", "position": "2529490", "team": "not applicable", "visibility": "visible"}, {"gameTime": "1 - 42:14", "label": "Ball out of play", "position": "2534525", "team": "home", "visibility": "not shown"}, {"gameTime": "1 - 43:11", "label": "Throw-in", "position": "2591809", "team": "home", "visibility": "visible"}, {"gameTime": "1 - 44:02", "label": "Foul", "position": "2642538", "team": "away", "visibility": "visible"}, {"gameTime": "1 - 44:04", "label": "Direct free-kick", "position": "2644227", "team": "away", "visibility": "visible"}, {"gameTime": "1 - 44:04", "label": "Shots off target", "position": "2644846", "team": "not applicable", "visibility": "visible"}, {"gameTime": "1 - 44:21", "label": "Ball out of play", "position": "2661875", "team": "home", "visibility": "not shown"}, {"gameTime": "2 - 00:49", "label": "Kick-off", "position": "49594", "team": "not applicable", "visibility": "visible"}, {"gameTime": "2 - 00:53", "label": "Ball out of play", "position": "53220", "team": "home", "visibility": "not shown"}, {"gameTime": "2 - 01:09", "label": "Throw-in", "position": "69570", "team": "home", "visibility": "visible"}, {"gameTime": "2 - 01:26", "label": "Foul", "position": "86785", "team": "away", "visibility": "visible"}, {"gameTime": "2 - 01:53", "label": "Indirect free-kick", "position": "113858", "team": "away", "visibility": "visible"}, {"gameTime": "2 - 02:03", "label": "Shots on target", "position": "123263", "team": "not applicable", "visibility": "visible"}, {"gameTime": "2 - 02:08", "label": "Ball out of play", "position": "128698", "team": "home", "visibility": "not shown"}, {"gameTime": "2 - 02:36", "label": "Throw-in", "position": "156660", "team": "away", "visibility": "visible"}, {"gameTime": "2 - 02:37", "label": "Shots off target", "position": "157675", "team": "not applicable", "visibility": "visible"}, {"gameTime": "2 - 03:00", "label": "Ball out of play", "position": "180635", "team": "home", "visibility": "not shown"}, {"gameTime": "2 - 03:16", "label": "Clearance", "position": "196906", "team": "not applicable", "visibility": "visible"}, {"gameTime": "2 - 03:21", "label": "Ball out of play", "position": "201988", "team": "away", "visibility": "not shown"}, {"gameTime": "2 - 03:32", "label": "Throw-in", "position": "212636", "team": "not applicable", "visibility": "visible"}, {"gameTime": "2 - 03:40", "label": "Ball out of play", "position": "220746", "team": "home", "visibility": "visible"}, {"gameTime": "2 - 03:59", "label": "Throw-in", "position": "239080", "team": "not applicable", "visibility": "visible"}, {"gameTime": "2 - 04:02", "label": "Ball out of play", "position": "242859", "team": "home", "visibility": "visible"}, {"gameTime": "2 - 04:45", "label": "Throw-in", "position": "285562", "team": "home", "visibility": "visible"}, {"gameTime": "2 - 04:47", "label": "Shots on target", "position": "287685", "team": "not applicable", "visibility": "visible"}, {"gameTime": "2 - 05:36", "label": "Ball out of play", "position": "336044", "team": "away", "visibility": "visible"}, {"gameTime": "2 - 05:38", "label": "Foul", "position": "338152", "team": "away", "visibility": "visible"}, {"gameTime": "2 - 06:00", "label": "Yellow card", "position": "360759", "team": "home", "visibility": "visible"}, {"gameTime": "2 - 06:11", "label": "Corner", "position": "371695", "team": "not applicable", "visibility": "visible"}, {"gameTime": "2 - 06:19", "label": "Ball out of play", "position": "379014", "team": "home", "visibility": "visible"}, {"gameTime": "2 - 06:50", "label": "Throw-in", "position": "410907", "team": "home", "visibility": "visible"}, {"gameTime": "2 - 06:51", "label": "Shots on target", "position": "411546", "team": "home", "visibility": "visible"}, {"gameTime": "2 - 07:48", "label": "Goal", "position": "468824", "team": "away", "visibility": "visible"}, {"gameTime": "2 - 08:16", "label": "Kick-off", "position": "496439", "team": "away", "visibility": "visible"}, {"gameTime": "2 - 08:17", "label": "Shots on target", "position": "497394", "team": "away", "visibility": "visible"}, {"gameTime": "2 - 09:20", "label": "Goal", "position": "560926", "team": "home", "visibility": "visible"}, {"gameTime": "2 - 09:36", "label": "Kick-off", "position": "576766", "team": "not applicable", "visibility": "visible"}, {"gameTime": "2 - 09:41", "label": "Ball out of play", "position": "581938", "team": "home", "visibility": "visible"}, {"gameTime": "2 - 10:45", "label": "Throw-in", "position": "645044", "team": "away", "visibility": "visible"}, {"gameTime": "2 - 10:51", "label": "Foul", "position": "651823", "team": "home", "visibility": "not shown"}, {"gameTime": "2 - 11:05", "label": "Indirect free-kick", "position": "665025", "team": "home", "visibility": "visible"}, {"gameTime": "2 - 11:06", "label": "Shots on target", "position": "666492", "team": "not applicable", "visibility": "visible"}, {"gameTime": "2 - 11:37", "label": "Ball out of play", "position": "697289", "team": "home", "visibility": "visible"}, {"gameTime": "2 - 11:41", "label": "Corner", "position": "701566", "team": "not applicable", "visibility": "visible"}, {"gameTime": "2 - 12:07", "label": "Ball out of play", "position": "727007", "team": "home", "visibility": "visible"}, {"gameTime": "2 - 12:29", "label": "Throw-in", "position": "749866", "team": "away", "visibility": "visible"}, {"gameTime": "2 - 12:39", "label": "Foul", "position": "759337", "team": "home", "visibility": "not shown"}, {"gameTime": "2 - 13:18", "label": "Indirect free-kick", "position": "798286", "team": "not applicable", "visibility": "visible"}, {"gameTime": "2 - 13:29", "label": "Ball out of play", "position": "809584", "team": "home", "visibility": "not shown"}, {"gameTime": "2 - 14:45", "label": "Throw-in", "position": "885871", "team": "not applicable", "visibility": "visible"}, {"gameTime": "2 - 15:04", "label": "Ball out of play", "position": "904435", "team": "away", "visibility": "visible"}, {"gameTime": "2 - 15:18", "label": "Throw-in", "position": "918930", "team": "not applicable", "visibility": "visible"}, {"gameTime": "2 - 15:51", "label": "Ball out of play", "position": "951069", "team": "home", "visibility": "visible"}, {"gameTime": "2 - 15:52", "label": "Corner", "position": "952106", "team": "home", "visibility": "visible"}, {"gameTime": "2 - 15:53", "label": "Shots on target", "position": "953462", "team": "not applicable", "visibility": "visible"}, {"gameTime": "2 - 16:12", "label": "Ball out of play", "position": "972150", "team": "home", "visibility": "visible"}, {"gameTime": "2 - 16:21", "label": "Corner", "position": "981507", "team": "home", "visibility": "visible"}, {"gameTime": "2 - 16:23", "label": "Shots on target", "position": "983460", "team": "not applicable", "visibility": "visible"}, {"gameTime": "2 - 16:43", "label": "Ball out of play", "position": "1003641", "team": "home", "visibility": "not shown"}, {"gameTime": "2 - 16:45", "label": "Corner", "position": "1005600", "team": "not applicable", "visibility": "visible"}, {"gameTime": "2 - 17:28", "label": "Ball out of play", "position": "1048712", "team": "away", "visibility": "visible"}, {"gameTime": "2 - 17:42", "label": "Clearance", "position": "1062642", "team": "not applicable", "visibility": "visible"}, {"gameTime": "2 - 17:55", "label": "Ball out of play", "position": "1075250", "team": "away", "visibility": "visible"}, {"gameTime": "2 - 18:06", "label": "Throw-in", "position": "1086897", "team": "not applicable", "visibility": "visible"}, {"gameTime": "2 - 18:11", "label": "Ball out of play", "position": "1091848", "team": "home", "visibility": "not shown"}, {"gameTime": "2 - 18:55", "label": "Throw-in", "position": "1135685", "team": "away", "visibility": "visible"}, {"gameTime": "2 - 19:12", "label": "Foul", "position": "1152720", "team": "home", "visibility": "visible"}, {"gameTime": "2 - 19:24", "label": "Indirect free-kick", "position": "1164134", "team": "not applicable", "visibility": "visible"}, {"gameTime": "2 - 19:37", "label": "Ball out of play", "position": "1177817", "team": "away", "visibility": "visible"}, {"gameTime": "2 - 20:27", "label": "Throw-in", "position": "1227050", "team": "away", "visibility": "visible"}, {"gameTime": "2 - 20:35", "label": "Foul", "position": "1235232", "team": "home", "visibility": "visible"}, {"gameTime": "2 - 20:54", "label": "Indirect free-kick", "position": "1254008", "team": "home", "visibility": "visible"}, {"gameTime": "2 - 20:54", "label": "Shots off target", "position": "1254705", "team": "not applicable", "visibility": "visible"}, {"gameTime": "2 - 21:16", "label": "Ball out of play", "position": "1276178", "team": "home", "visibility": "visible"}, {"gameTime": "2 - 21:33", "label": "Substitution", "position": "1293319", "team": "away", "visibility": "visible"}, {"gameTime": "2 - 22:34", "label": "Clearance", "position": "1354172", "team": "away", "visibility": "visible"}, {"gameTime": "2 - 22:40", "label": "Foul", "position": "1360019", "team": "home", "visibility": "not shown"}, {"gameTime": "2 - 23:08", "label": "Indirect free-kick", "position": "1388047", "team": "home", "visibility": "visible"}, {"gameTime": "2 - 23:22", "label": "Shots off target", "position": "1402258", "team": "home", "visibility": "visible"}, {"gameTime": "2 - 23:41", "label": "Foul", "position": "1421729", "team": "away", "visibility": "not shown"}, {"gameTime": "2 - 23:50", "label": "Indirect free-kick", "position": "1430204", "team": "not applicable", "visibility": "visible"}, {"gameTime": "2 - 24:01", "label": "Ball out of play", "position": "1441124", "team": "home", "visibility": "visible"}, {"gameTime": "2 - 24:01", "label": "Throw-in", "position": "1441840", "team": "home", "visibility": "not shown"}, {"gameTime": "2 - 24:22", "label": "Foul", "position": "1462314", "team": "away", "visibility": "visible"}, {"gameTime": "2 - 24:36", "label": "Indirect free-kick", "position": "1476617", "team": "home", "visibility": "visible"}, {"gameTime": "2 - 25:47", "label": "Shots on target", "position": "1547869", "team": "home", "visibility": "visible"}, {"gameTime": "2 - 26:18", "label": "Offside", "position": "1578013", "team": "away", "visibility": "not shown"}, {"gameTime": "2 - 28:40", "label": "Indirect free-kick", "position": "1720066", "team": "not applicable", "visibility": "visible"}, {"gameTime": "2 - 29:07", "label": "Ball out of play", "position": "1747251", "team": "home", "visibility": "visible"}, {"gameTime": "2 - 29:21", "label": "Corner", "position": "1761059", "team": "home", "visibility": "visible"}, {"gameTime": "2 - 29:22", "label": "Shots off target", "position": "1762369", "team": "not applicable", "visibility": "visible"}, {"gameTime": "2 - 29:50", "label": "Ball out of play", "position": "1790298", "team": "away", "visibility": "not shown"}, {"gameTime": "2 - 32:03", "label": "Clearance", "position": "1923412", "team": "not applicable", "visibility": "visible"}, {"gameTime": "2 - 32:27", "label": "Ball out of play", "position": "1947251", "team": "away", "visibility": "visible"}, {"gameTime": "2 - 32:32", "label": "Substitution", "position": "1952387", "team": "home", "visibility": "visible"}, {"gameTime": "2 - 33:06", "label": "Throw-in", "position": "1986094", "team": "not applicable", "visibility": "visible"}, {"gameTime": "2 - 33:09", "label": "Ball out of play", "position": "1989362", "team": "away", "visibility": "visible"}, {"gameTime": "2 - 33:47", "label": "Throw-in", "position": "2027469", "team": "home", "visibility": "visible"}, {"gameTime": "2 - 34:18", "label": "Foul", "position": "2058985", "team": "away", "visibility": "visible"}, {"gameTime": "2 - 34:50", "label": "Indirect free-kick", "position": "2090153", "team": "home", "visibility": "visible"}, {"gameTime": "2 - 34:52", "label": "Shots off target", "position": "2092053", "team": "not applicable", "visibility": "visible"}, {"gameTime": "2 - 35:18", "label": "Ball out of play", "position": "2118872", "team": "home", "visibility": "visible"}, {"gameTime": "2 - 35:24", "label": "Corner", "position": "2124761", "team": "not applicable", "visibility": "visible"}, {"gameTime": "2 - 35:36", "label": "Ball out of play", "position": "2136417", "team": "home", "visibility": "not shown"}, {"gameTime": "2 - 35:44", "label": "Substitution", "position": "2144426", "team": "away", "visibility": "not shown"}, {"gameTime": "2 - 37:03", "label": "Throw-in", "position": "2223131", "team": "not applicable", "visibility": "not shown"}, {"gameTime": "2 - 37:37", "label": "Ball out of play", "position": "2257872", "team": "away", "visibility": "visible"}, {"gameTime": "2 - 37:42", "label": "Substitution", "position": "2262334", "team": "home", "visibility": "not shown"}, {"gameTime": "2 - 38:33", "label": "Throw-in", "position": "2313168", "team": "home", "visibility": "visible"}, {"gameTime": "2 - 38:38", "label": "Foul", "position": "2318669", "team": "away", "visibility": "visible"}, {"gameTime": "2 - 40:47", "label": "Indirect free-kick", "position": "2447523", "team": "away", "visibility": "visible"}, {"gameTime": "2 - 41:25", "label": "Foul", "position": "2485527", "team": "home", "visibility": "visible"}, {"gameTime": "2 - 41:37", "label": "Substitution", "position": "2497463", "team": "away", "visibility": "visible"}, {"gameTime": "2 - 41:47", "label": "Substitution", "position": "2507313", "team": "home", "visibility": "visible"}, {"gameTime": "2 - 41:58", "label": "Indirect free-kick", "position": "2518092", "team": "away", "visibility": "visible"}, {"gameTime": "2 - 42:03", "label": "Foul", "position": "2523048", "team": "home", "visibility": "visible"}, {"gameTime": "2 - 42:19", "label": "Indirect free-kick", "position": "2539392", "team": "home", "visibility": "visible"}, {"gameTime": "2 - 42:53", "label": "Foul", "position": "2573871", "team": "away", "visibility": "visible"}, {"gameTime": "2 - 43:01", "label": "Indirect free-kick", "position": "2581649", "team": "not applicable", "visibility": "visible"}, {"gameTime": "2 - 43:07", "label": "Ball out of play", "position": "2587782", "team": "home", "visibility": "not shown"}, {"gameTime": "2 - 43:31", "label": "Clearance", "position": "2611232", "team": "not applicable", "visibility": "visible"}, {"gameTime": "2 - 43:34", "label": "Ball out of play", "position": "2614534", "team": "home", "visibility": "not shown"}, {"gameTime": "2 - 43:58", "label": "Throw-in", "position": "2638993", "team": "not applicable", "visibility": "visible"}, {"gameTime": "2 - 44:14", "label": "Ball out of play", "position": "2654092", "team": "away", "visibility": "visible"}, {"gameTime": "2 - 44:35", "label": "Throw-in", "position": "2675695", "team": "not applicable", "visibility": "visible"}], "gameAwayTeam": "Lazio", "gameDate": "05/11/2016 - 22:45", "gameHomeTeam": "Napoli", "gameScore": "1 - 1"}