{"UrlLocal": "england_epl/2016-2017/2016-12-27 - 20-15 Liverpool 4 - 1 Stoke City/", "UrlYoutube": "", "annotations": [{"gameTime": "1 - 00:00", "label": "Ball out of play", "position": "0", "team": "home", "visibility": "not shown"}, {"gameTime": "1 - 00:26", "label": "Throw-in", "position": "26243", "team": "not applicable", "visibility": "visible"}, {"gameTime": "1 - 00:33", "label": "Ball out of play", "position": "33562", "team": "home", "visibility": "visible"}, {"gameTime": "1 - 01:09", "label": "Throw-in", "position": "69590", "team": "not applicable", "visibility": "visible"}, {"gameTime": "1 - 01:12", "label": "Ball out of play", "position": "72635", "team": "home", "visibility": "visible"}, {"gameTime": "1 - 01:35", "label": "Clearance", "position": "95633", "team": "not applicable", "visibility": "visible"}, {"gameTime": "1 - 02:04", "label": "Ball out of play", "position": "124809", "team": "away", "visibility": "not shown"}, {"gameTime": "1 - 02:15", "label": "Throw-in", "position": "135817", "team": "not applicable", "visibility": "visible"}, {"gameTime": "1 - 02:20", "label": "Foul", "position": "140580", "team": "home", "visibility": "not shown"}, {"gameTime": "1 - 02:51", "label": "Indirect free-kick", "position": "171234", "team": "home", "visibility": "visible"}, {"gameTime": "1 - 03:04", "label": "Ball out of play", "position": "184650", "team": "away", "visibility": "not shown"}, {"gameTime": "1 - 03:13", "label": "Clearance", "position": "193094", "team": "not applicable", "visibility": "visible"}, {"gameTime": "1 - 03:40", "label": "Ball out of play", "position": "220666", "team": "away", "visibility": "not shown"}, {"gameTime": "1 - 04:02", "label": "Throw-in", "position": "242189", "team": "not applicable", "visibility": "visible"}, {"gameTime": "1 - 04:05", "label": "Ball out of play", "position": "245074", "team": "home", "visibility": "visible"}, {"gameTime": "1 - 04:45", "label": "Corner", "position": "285302", "team": "not applicable", "visibility": "visible"}, {"gameTime": "1 - 05:07", "label": "Shots off target", "position": "307774", "team": "home", "visibility": "visible"}, {"gameTime": "1 - 05:12", "label": "Ball out of play", "position": "312572", "team": "home", "visibility": "visible"}, {"gameTime": "1 - 05:13", "label": "Clearance", "position": "313414", "team": "not applicable", "visibility": "visible"}, {"gameTime": "1 - 05:39", "label": "Ball out of play", "position": "339513", "team": "away", "visibility": "not shown"}, {"gameTime": "1 - 06:12", "label": "Throw-in", "position": "372658", "team": "not applicable", "visibility": "visible"}, {"gameTime": "1 - 06:18", "label": "Shots on target", "position": "378130", "team": "home", "visibility": "visible"}, {"gameTime": "1 - 06:22", "label": "Foul", "position": "382288", "team": "home", "visibility": "visible"}, {"gameTime": "1 - 06:31", "label": "Indirect free-kick", "position": "391082", "team": "home", "visibility": "visible"}, {"gameTime": "1 - 06:49", "label": "Shots off target", "position": "409501", "team": "away", "visibility": "visible"}, {"gameTime": "1 - 08:29", "label": "Ball out of play", "position": "509335", "team": "home", "visibility": "visible"}, {"gameTime": "1 - 09:17", "label": "Clearance", "position": "557539", "team": "not applicable", "visibility": "visible"}, {"gameTime": "1 - 09:50", "label": "Shots on target", "position": "590576", "team": "away", "visibility": "visible"}, {"gameTime": "1 - 11:35", "label": "Shots on target", "position": "695040", "team": "away", "visibility": "visible"}, {"gameTime": "1 - 11:44", "label": "Goal", "position": "704091", "team": "away", "visibility": "visible"}, {"gameTime": "1 - 11:44", "label": "Kick-off", "position": "704491", "team": "away", "visibility": "visible"}, {"gameTime": "1 - 12:37", "label": "Ball out of play", "position": "757361", "team": "home", "visibility": "not shown"}, {"gameTime": "1 - 13:28", "label": "Throw-in", "position": "808018", "team": "not applicable", "visibility": "visible"}, {"gameTime": "1 - 13:43", "label": "Shots off target", "position": "823020", "team": "away", "visibility": "visible"}, {"gameTime": "1 - 15:47", "label": "Ball out of play", "position": "947605", "team": "home", "visibility": "visible"}, {"gameTime": "1 - 15:48", "label": "Clearance", "position": "948600", "team": "not applicable", "visibility": "visible"}, {"gameTime": "1 - 16:19", "label": "Ball out of play", "position": "979313", "team": "away", "visibility": "visible"}, {"gameTime": "1 - 16:35", "label": "Corner", "position": "995821", "team": "not applicable", "visibility": "visible"}, {"gameTime": "1 - 17:02", "label": "Shots on target", "position": "1022606", "team": "away", "visibility": "visible"}, {"gameTime": "1 - 17:42", "label": "Shots on target", "position": "1062397", "team": "away", "visibility": "visible"}, {"gameTime": "1 - 17:45", "label": "Foul", "position": "1065031", "team": "away", "visibility": "visible"}, {"gameTime": "1 - 18:45", "label": "Indirect free-kick", "position": "1125852", "team": "home", "visibility": "visible"}, {"gameTime": "1 - 19:18", "label": "Ball out of play", "position": "1158050", "team": "away", "visibility": "not shown"}, {"gameTime": "1 - 21:09", "label": "Throw-in", "position": "1269239", "team": "not applicable", "visibility": "visible"}, {"gameTime": "1 - 21:13", "label": "Foul", "position": "1273667", "team": "home", "visibility": "visible"}, {"gameTime": "1 - 21:48", "label": "Indirect free-kick", "position": "1308297", "team": "away", "visibility": "visible"}, {"gameTime": "1 - 22:13", "label": "Shots on target", "position": "1333498", "team": "home", "visibility": "not shown"}, {"gameTime": "1 - 22:25", "label": "Ball out of play", "position": "1345648", "team": "home", "visibility": "visible"}, {"gameTime": "1 - 22:27", "label": "Corner", "position": "1347043", "team": "not applicable", "visibility": "visible"}, {"gameTime": "1 - 22:48", "label": "Shots on target", "position": "1368065", "team": "home", "visibility": "visible"}, {"gameTime": "1 - 22:53", "label": "Shots on target", "position": "1373866", "team": "home", "visibility": "visible"}, {"gameTime": "1 - 23:11", "label": "Ball out of play", "position": "1391513", "team": "home", "visibility": "visible"}, {"gameTime": "1 - 23:12", "label": "Corner", "position": "1392352", "team": "not applicable", "visibility": "visible"}, {"gameTime": "1 - 23:21", "label": "Shots on target", "position": "1401429", "team": "home", "visibility": "not shown"}, {"gameTime": "1 - 23:27", "label": "Ball out of play", "position": "1407733", "team": "home", "visibility": "visible"}, {"gameTime": "1 - 23:38", "label": "Throw-in", "position": "1418739", "team": "not applicable", "visibility": "visible"}, {"gameTime": "1 - 23:44", "label": "Ball out of play", "position": "1424148", "team": "home", "visibility": "visible"}, {"gameTime": "1 - 23:55", "label": "Throw-in", "position": "1435801", "team": "not applicable", "visibility": "visible"}, {"gameTime": "1 - 25:36", "label": "Offside", "position": "1536114", "team": "home", "visibility": "not shown"}, {"gameTime": "1 - 26:29", "label": "Indirect free-kick", "position": "1589555", "team": "away", "visibility": "visible"}, {"gameTime": "1 - 26:32", "label": "Ball out of play", "position": "1592897", "team": "home", "visibility": "not shown"}, {"gameTime": "1 - 27:25", "label": "Throw-in", "position": "1645923", "team": "not applicable", "visibility": "visible"}, {"gameTime": "1 - 27:44", "label": "Ball out of play", "position": "1664806", "team": "away", "visibility": "not shown"}, {"gameTime": "1 - 28:25", "label": "Throw-in", "position": "1705227", "team": "not applicable", "visibility": "visible"}, {"gameTime": "1 - 28:48", "label": "Ball out of play", "position": "1728768", "team": "away", "visibility": "visible"}, {"gameTime": "1 - 28:51", "label": "Throw-in", "position": "1731679", "team": "not applicable", "visibility": "visible"}, {"gameTime": "1 - 28:56", "label": "Shots on target", "position": "1736044", "team": "home", "visibility": "visible"}, {"gameTime": "1 - 29:49", "label": "Shots off target", "position": "1789598", "team": "away", "visibility": "visible"}, {"gameTime": "1 - 30:58", "label": "Ball out of play", "position": "1858668", "team": "home", "visibility": "visible"}, {"gameTime": "1 - 31:01", "label": "Clearance", "position": "1861392", "team": "not applicable", "visibility": "visible"}, {"gameTime": "1 - 31:32", "label": "Ball out of play", "position": "1892510", "team": "away", "visibility": "not shown"}, {"gameTime": "1 - 31:42", "label": "Throw-in", "position": "1902128", "team": "not applicable", "visibility": "visible"}, {"gameTime": "1 - 31:54", "label": "Ball out of play", "position": "1914072", "team": "home", "visibility": "visible"}, {"gameTime": "1 - 32:13", "label": "Throw-in", "position": "1933636", "team": "not applicable", "visibility": "visible"}, {"gameTime": "1 - 32:36", "label": "Ball out of play", "position": "1956200", "team": "away", "visibility": "visible"}, {"gameTime": "1 - 33:09", "label": "Clearance", "position": "1989787", "team": "not applicable", "visibility": "visible"}, {"gameTime": "1 - 33:41", "label": "Shots on target", "position": "2021497", "team": "away", "visibility": "visible"}, {"gameTime": "1 - 34:00", "label": "Goal", "position": "2040345", "team": "home", "visibility": "visible"}, {"gameTime": "1 - 34:00", "label": "Kick-off", "position": "2040585", "team": "home", "visibility": "visible"}, {"gameTime": "1 - 34:38", "label": "Foul", "position": "2078321", "team": "away", "visibility": "not shown"}, {"gameTime": "1 - 35:12", "label": "Yellow card", "position": "2112297", "team": "away", "visibility": "visible"}, {"gameTime": "1 - 35:23", "label": "Indirect free-kick", "position": "2123181", "team": "away", "visibility": "visible"}, {"gameTime": "1 - 35:38", "label": "Shots on target", "position": "2138892", "team": "home", "visibility": "not shown"}, {"gameTime": "1 - 36:04", "label": "Shots off target", "position": "2164290", "team": "home", "visibility": "visible"}, {"gameTime": "1 - 37:14", "label": "Ball out of play", "position": "2234362", "team": "home", "visibility": "visible"}, {"gameTime": "1 - 37:14", "label": "Clearance", "position": "2234933", "team": "not applicable", "visibility": "visible"}, {"gameTime": "1 - 37:49", "label": "Ball out of play", "position": "2269267", "team": "away", "visibility": "visible"}, {"gameTime": "1 - 37:58", "label": "Throw-in", "position": "2278462", "team": "not applicable", "visibility": "visible"}, {"gameTime": "1 - 38:18", "label": "Ball out of play", "position": "2298675", "team": "away", "visibility": "visible"}, {"gameTime": "1 - 39:23", "label": "Throw-in", "position": "2363507", "team": "not applicable", "visibility": "visible"}, {"gameTime": "1 - 39:29", "label": "Ball out of play", "position": "2369103", "team": "home", "visibility": "visible"}, {"gameTime": "1 - 39:56", "label": "Throw-in", "position": "2396168", "team": "not applicable", "visibility": "visible"}, {"gameTime": "1 - 39:59", "label": "Ball out of play", "position": "2399671", "team": "home", "visibility": "not shown"}, {"gameTime": "1 - 40:50", "label": "Clearance", "position": "2450295", "team": "not applicable", "visibility": "visible"}, {"gameTime": "1 - 41:23", "label": "Ball out of play", "position": "2483875", "team": "away", "visibility": "visible"}, {"gameTime": "1 - 41:40", "label": "Throw-in", "position": "2500410", "team": "not applicable", "visibility": "visible"}, {"gameTime": "1 - 41:45", "label": "Shots off target", "position": "2505441", "team": "home", "visibility": "visible"}, {"gameTime": "1 - 42:12", "label": "Ball out of play", "position": "2532211", "team": "home", "visibility": "visible"}, {"gameTime": "1 - 42:15", "label": "Throw-in", "position": "2535374", "team": "not applicable", "visibility": "visible"}, {"gameTime": "1 - 42:19", "label": "Ball out of play", "position": "2539074", "team": "home", "visibility": "visible"}, {"gameTime": "1 - 42:45", "label": "Throw-in", "position": "2565133", "team": "not applicable", "visibility": "visible"}, {"gameTime": "1 - 42:50", "label": "Shots on target", "position": "2570499", "team": "home", "visibility": "visible"}, {"gameTime": "1 - 43:12", "label": "Goal", "position": "2592858", "team": "home", "visibility": "visible"}, {"gameTime": "1 - 43:14", "label": "Kick-off", "position": "2594406", "team": "home", "visibility": "visible"}, {"gameTime": "1 - 44:14", "label": "Ball out of play", "position": "2654064", "team": "away", "visibility": "not shown"}, {"gameTime": "1 - 44:30", "label": "Throw-in", "position": "2670452", "team": "not applicable", "visibility": "visible"}, {"gameTime": "1 - 44:34", "label": "Throw-in", "position": "2674383", "team": "home", "visibility": "visible"}, {"gameTime": "2 - 00:00", "label": "Ball out of play", "position": "0", "team": "away", "visibility": "not shown"}, {"gameTime": "2 - 00:04", "label": "Throw-in", "position": "4817", "team": "not applicable", "visibility": "visible"}, {"gameTime": "2 - 00:15", "label": "Ball out of play", "position": "15300", "team": "away", "visibility": "visible"}, {"gameTime": "2 - 00:18", "label": "Throw-in", "position": "18238", "team": "not applicable", "visibility": "visible"}, {"gameTime": "2 - 00:27", "label": "Ball out of play", "position": "27638", "team": "home", "visibility": "visible"}, {"gameTime": "2 - 00:31", "label": "Throw-in", "position": "31168", "team": "not applicable", "visibility": "visible"}, {"gameTime": "2 - 00:43", "label": "Ball out of play", "position": "43810", "team": "away", "visibility": "visible"}, {"gameTime": "2 - 00:51", "label": "Throw-in", "position": "51572", "team": "not applicable", "visibility": "visible"}, {"gameTime": "2 - 01:09", "label": "Foul", "position": "69199", "team": "home", "visibility": "visible"}, {"gameTime": "2 - 01:21", "label": "Indirect free-kick", "position": "81160", "team": "home", "visibility": "visible"}, {"gameTime": "2 - 01:38", "label": "Ball out of play", "position": "98192", "team": "away", "visibility": "visible"}, {"gameTime": "2 - 02:12", "label": "Throw-in", "position": "132609", "team": "not applicable", "visibility": "visible"}, {"gameTime": "2 - 02:27", "label": "Ball out of play", "position": "147378", "team": "home", "visibility": "visible"}, {"gameTime": "2 - 02:34", "label": "Throw-in", "position": "154653", "team": "not applicable", "visibility": "visible"}, {"gameTime": "2 - 02:47", "label": "Ball out of play", "position": "167638", "team": "away", "visibility": "visible"}, {"gameTime": "2 - 03:17", "label": "Throw-in", "position": "197719", "team": "not applicable", "visibility": "visible"}, {"gameTime": "2 - 03:23", "label": "Shots off target", "position": "203839", "team": "away", "visibility": "visible"}, {"gameTime": "2 - 04:17", "label": "Ball out of play", "position": "257658", "team": "home", "visibility": "visible"}, {"gameTime": "2 - 04:18", "label": "Clearance", "position": "258832", "team": "not applicable", "visibility": "visible"}, {"gameTime": "2 - 04:47", "label": "Ball out of play", "position": "287744", "team": "away", "visibility": "visible"}, {"gameTime": "2 - 05:30", "label": "Throw-in", "position": "330436", "team": "not applicable", "visibility": "not shown"}, {"gameTime": "2 - 05:43", "label": "Foul", "position": "343903", "team": "away", "visibility": "visible"}, {"gameTime": "2 - 06:08", "label": "Direct free-kick", "position": "368980", "team": "home", "visibility": "visible"}, {"gameTime": "2 - 06:46", "label": "Ball out of play", "position": "406562", "team": "away", "visibility": "visible"}, {"gameTime": "2 - 06:50", "label": "Clearance", "position": "410473", "team": "not applicable", "visibility": "visible"}, {"gameTime": "2 - 07:20", "label": "Ball out of play", "position": "440617", "team": "home", "visibility": "visible"}, {"gameTime": "2 - 07:27", "label": "Throw-in", "position": "447457", "team": "not applicable", "visibility": "visible"}, {"gameTime": "2 - 07:39", "label": "Ball out of play", "position": "459053", "team": "home", "visibility": "visible"}, {"gameTime": "2 - 08:40", "label": "Corner", "position": "520329", "team": "not applicable", "visibility": "visible"}, {"gameTime": "2 - 09:03", "label": "Ball out of play", "position": "543702", "team": "away", "visibility": "not shown"}, {"gameTime": "2 - 09:26", "label": "Throw-in", "position": "566041", "team": "not applicable", "visibility": "visible"}, {"gameTime": "2 - 09:50", "label": "Ball out of play", "position": "590916", "team": "home", "visibility": "visible"}, {"gameTime": "2 - 10:04", "label": "Throw-in", "position": "604366", "team": "not applicable", "visibility": "visible"}, {"gameTime": "2 - 10:11", "label": "Shots on target", "position": "611703", "team": "away", "visibility": "visible"}, {"gameTime": "2 - 11:03", "label": "Ball out of play", "position": "663498", "team": "home", "visibility": "visible"}, {"gameTime": "2 - 11:05", "label": "Corner", "position": "665252", "team": "not applicable", "visibility": "visible"}, {"gameTime": "2 - 11:27", "label": "Ball out of play", "position": "687542", "team": "home", "visibility": "visible"}, {"gameTime": "2 - 12:53", "label": "Throw-in", "position": "773054", "team": "not applicable", "visibility": "visible"}, {"gameTime": "2 - 13:06", "label": "Ball out of play", "position": "786377", "team": "home", "visibility": "visible"}, {"gameTime": "2 - 13:26", "label": "Throw-in", "position": "806758", "team": "not applicable", "visibility": "not shown"}, {"gameTime": "2 - 13:35", "label": "Shots on target", "position": "815999", "team": "home", "visibility": "visible"}, {"gameTime": "2 - 13:56", "label": "Goal", "position": "836819", "team": "home", "visibility": "visible"}, {"gameTime": "2 - 13:57", "label": "Kick-off", "position": "837179", "team": "home", "visibility": "visible"}, {"gameTime": "2 - 14:49", "label": "Shots off target", "position": "889427", "team": "away", "visibility": "not shown"}, {"gameTime": "2 - 15:13", "label": "Ball out of play", "position": "913942", "team": "home", "visibility": "visible"}, {"gameTime": "2 - 15:14", "label": "Corner", "position": "914992", "team": "not applicable", "visibility": "visible"}, {"gameTime": "2 - 15:54", "label": "Foul", "position": "954098", "team": "home", "visibility": "not shown"}, {"gameTime": "2 - 16:53", "label": "Indirect free-kick", "position": "1013156", "team": "home", "visibility": "visible"}, {"gameTime": "2 - 17:03", "label": "Ball out of play", "position": "1023161", "team": "away", "visibility": "visible"}, {"gameTime": "2 - 18:39", "label": "Throw-in", "position": "1119854", "team": "not applicable", "visibility": "visible"}, {"gameTime": "2 - 19:04", "label": "Ball out of play", "position": "1144321", "team": "home", "visibility": "not shown"}, {"gameTime": "2 - 19:24", "label": "Throw-in", "position": "1164893", "team": "not applicable", "visibility": "visible"}, {"gameTime": "2 - 19:31", "label": "Shots on target", "position": "1171263", "team": "home", "visibility": "not shown"}, {"gameTime": "2 - 20:01", "label": "Ball out of play", "position": "1201728", "team": "home", "visibility": "visible"}, {"gameTime": "2 - 20:29", "label": "Substitution", "position": "1229806", "team": "not applicable", "visibility": "visible"}, {"gameTime": "2 - 20:55", "label": "Throw-in", "position": "1255848", "team": "away", "visibility": "visible"}, {"gameTime": "2 - 21:20", "label": "Foul", "position": "1280436", "team": "home", "visibility": "visible"}, {"gameTime": "2 - 21:38", "label": "Indirect free-kick", "position": "1298126", "team": "away", "visibility": "visible"}, {"gameTime": "2 - 21:56", "label": "Ball out of play", "position": "1316469", "team": "home", "visibility": "not shown"}, {"gameTime": "2 - 22:16", "label": "Throw-in", "position": "1336218", "team": "not applicable", "visibility": "visible"}, {"gameTime": "2 - 22:28", "label": "Foul", "position": "1348137", "team": "away", "visibility": "not shown"}, {"gameTime": "2 - 23:12", "label": "Substitution", "position": "1392465", "team": "home", "visibility": "visible"}, {"gameTime": "2 - 23:45", "label": "Substitution", "position": "1425219", "team": "home", "visibility": "visible"}, {"gameTime": "2 - 24:02", "label": "Indirect free-kick", "position": "1442930", "team": "home", "visibility": "visible"}, {"gameTime": "2 - 24:11", "label": "Shots on target", "position": "1451595", "team": "away", "visibility": "not shown"}, {"gameTime": "2 - 24:57", "label": "Goal", "position": "1497539", "team": "home", "visibility": "visible"}, {"gameTime": "2 - 24:58", "label": "Kick-off", "position": "1498128", "team": "home", "visibility": "visible"}, {"gameTime": "2 - 25:51", "label": "Ball out of play", "position": "1551437", "team": "away", "visibility": "not shown"}, {"gameTime": "2 - 26:26", "label": "Throw-in", "position": "1586014", "team": "not applicable", "visibility": "visible"}, {"gameTime": "2 - 26:41", "label": "Ball out of play", "position": "1601837", "team": "away", "visibility": "visible"}, {"gameTime": "2 - 27:17", "label": "Throw-in", "position": "1637778", "team": "not applicable", "visibility": "visible"}, {"gameTime": "2 - 27:29", "label": "Ball out of play", "position": "1649915", "team": "away", "visibility": "visible"}, {"gameTime": "2 - 28:01", "label": "Corner", "position": "1681369", "team": "not applicable", "visibility": "visible"}, {"gameTime": "2 - 28:29", "label": "Shots off target", "position": "1709059", "team": "home", "visibility": "not shown"}, {"gameTime": "2 - 28:37", "label": "Foul", "position": "1717417", "team": "home", "visibility": "visible"}, {"gameTime": "2 - 28:54", "label": "Substitution", "position": "1734139", "team": "home", "visibility": "visible"}, {"gameTime": "2 - 29:13", "label": "Indirect free-kick", "position": "1753398", "team": "away", "visibility": "not shown"}, {"gameTime": "2 - 29:28", "label": "Ball out of play", "position": "1768892", "team": "away", "visibility": "visible"}, {"gameTime": "2 - 29:35", "label": "Clearance", "position": "1775446", "team": "not applicable", "visibility": "visible"}, {"gameTime": "2 - 29:55", "label": "Shots off target", "position": "1795704", "team": "home", "visibility": "visible"}, {"gameTime": "2 - 32:29", "label": "Ball out of play", "position": "1949972", "team": "away", "visibility": "visible"}, {"gameTime": "2 - 32:30", "label": "Substitution", "position": "1950978", "team": "not applicable", "visibility": "visible"}, {"gameTime": "2 - 32:59", "label": "Clearance", "position": "1979583", "team": "home", "visibility": "visible"}, {"gameTime": "2 - 33:04", "label": "Ball out of play", "position": "1984129", "team": "home", "visibility": "not shown"}, {"gameTime": "2 - 33:48", "label": "Throw-in", "position": "2028571", "team": "not applicable", "visibility": "visible"}, {"gameTime": "2 - 33:56", "label": "Foul", "position": "2036716", "team": "away", "visibility": "visible"}, {"gameTime": "2 - 34:23", "label": "Indirect free-kick", "position": "2063059", "team": "away", "visibility": "visible"}, {"gameTime": "2 - 34:33", "label": "Ball out of play", "position": "2073104", "team": "home", "visibility": "visible"}, {"gameTime": "2 - 35:22", "label": "Throw-in", "position": "2122952", "team": "not applicable", "visibility": "visible"}, {"gameTime": "2 - 35:39", "label": "Ball out of play", "position": "2139057", "team": "away", "visibility": "visible"}, {"gameTime": "2 - 36:31", "label": "Throw-in", "position": "2191545", "team": "not applicable", "visibility": "visible"}, {"gameTime": "2 - 36:37", "label": "Shots off target", "position": "2197175", "team": "home", "visibility": "visible"}, {"gameTime": "2 - 37:18", "label": "Shots on target", "position": "2238461", "team": "home", "visibility": "visible"}, {"gameTime": "2 - 37:20", "label": "Ball out of play", "position": "2240047", "team": "home", "visibility": "visible"}, {"gameTime": "2 - 37:23", "label": "Corner", "position": "2243072", "team": "not applicable", "visibility": "visible"}, {"gameTime": "2 - 37:53", "label": "Ball out of play", "position": "2273561", "team": "home", "visibility": "visible"}, {"gameTime": "2 - 38:04", "label": "Substitution", "position": "2284059", "team": "not applicable", "visibility": "visible"}, {"gameTime": "2 - 38:29", "label": "Throw-in", "position": "2309065", "team": "away", "visibility": "visible"}, {"gameTime": "2 - 38:39", "label": "Ball out of play", "position": "2319163", "team": "away", "visibility": "not shown"}, {"gameTime": "2 - 39:32", "label": "Throw-in", "position": "2372824", "team": "not applicable", "visibility": "visible"}, {"gameTime": "2 - 39:47", "label": "Foul", "position": "2387639", "team": "away", "visibility": "visible"}, {"gameTime": "2 - 39:54", "label": "Indirect free-kick", "position": "2394423", "team": "away", "visibility": "visible"}, {"gameTime": "2 - 40:31", "label": "Foul", "position": "2431170", "team": "home", "visibility": "visible"}, {"gameTime": "2 - 40:50", "label": "Indirect free-kick", "position": "2450647", "team": "home", "visibility": "visible"}, {"gameTime": "2 - 40:57", "label": "Ball out of play", "position": "2457243", "team": "away", "visibility": "visible"}, {"gameTime": "2 - 41:33", "label": "Throw-in", "position": "2493434", "team": "not applicable", "visibility": "visible"}, {"gameTime": "2 - 41:35", "label": "Ball out of play", "position": "2495935", "team": "away", "visibility": "visible"}, {"gameTime": "2 - 42:44", "label": "Throw-in", "position": "2564732", "team": "not applicable", "visibility": "visible"}, {"gameTime": "2 - 42:53", "label": "Ball out of play", "position": "2573232", "team": "home", "visibility": "visible"}, {"gameTime": "2 - 43:42", "label": "Throw-in", "position": "2622625", "team": "not applicable", "visibility": "visible"}, {"gameTime": "2 - 44:05", "label": "Ball out of play", "position": "2645873", "team": "home", "visibility": "visible"}, {"gameTime": "2 - 44:07", "label": "Throw-in", "position": "2647865", "team": "not applicable", "visibility": "visible"}, {"gameTime": "2 - 44:24", "label": "Throw-in", "position": "2664689", "team": "away", "visibility": "visible"}], "gameAwayTeam": "Stoke City", "gameDate": "27/12/2016 - 20:15", "gameHomeTeam": "Liverpool", "gameScore": "4 - 1"}