{"UrlLocal": "italy_serie-a/2016-2017/2017-02-10 - 22-45 Napoli 2 - 0 Genoa/", "UrlYoutube": "", "annotations": [{"gameTime": "1 - 00:01", "label": "Ball out of play", "position": "1903", "team": "away", "visibility": "not shown"}, {"gameTime": "1 - 01:31", "label": "Throw-in", "position": "91680", "team": "not applicable", "visibility": "visible"}, {"gameTime": "1 - 01:39", "label": "Ball out of play", "position": "99105", "team": "away", "visibility": "visible"}, {"gameTime": "1 - 02:17", "label": "Throw-in", "position": "137118", "team": "not applicable", "visibility": "visible"}, {"gameTime": "1 - 02:34", "label": "Ball out of play", "position": "154636", "team": "away", "visibility": "visible"}, {"gameTime": "1 - 02:35", "label": "Throw-in", "position": "155979", "team": "not applicable", "visibility": "visible"}, {"gameTime": "1 - 02:43", "label": "Ball out of play", "position": "163071", "team": "away", "visibility": "visible"}, {"gameTime": "1 - 02:51", "label": "Throw-in", "position": "171045", "team": "not applicable", "visibility": "visible"}, {"gameTime": "1 - 02:59", "label": "Shots on target", "position": "179530", "team": "home", "visibility": "visible"}, {"gameTime": "1 - 03:12", "label": "Ball out of play", "position": "192732", "team": "away", "visibility": "visible"}, {"gameTime": "1 - 03:20", "label": "Throw-in", "position": "200093", "team": "not applicable", "visibility": "not shown"}, {"gameTime": "1 - 04:03", "label": "Foul", "position": "243107", "team": "away", "visibility": "visible"}, {"gameTime": "1 - 04:21", "label": "Indirect free-kick", "position": "261844", "team": "away", "visibility": "visible"}, {"gameTime": "1 - 04:29", "label": "Ball out of play", "position": "269485", "team": "home", "visibility": "not shown"}, {"gameTime": "1 - 04:36", "label": "Throw-in", "position": "276971", "team": "not applicable", "visibility": "visible"}, {"gameTime": "1 - 04:44", "label": "Ball out of play", "position": "284993", "team": "away", "visibility": "not shown"}, {"gameTime": "1 - 05:23", "label": "Throw-in", "position": "323703", "team": "not applicable", "visibility": "visible"}, {"gameTime": "1 - 05:28", "label": "Ball out of play", "position": "328042", "team": "away", "visibility": "visible"}, {"gameTime": "1 - 07:21", "label": "Throw-in", "position": "441061", "team": "not applicable", "visibility": "not shown"}, {"gameTime": "1 - 07:39", "label": "Ball out of play", "position": "459825", "team": "home", "visibility": "visible"}, {"gameTime": "1 - 08:00", "label": "Throw-in", "position": "480204", "team": "not applicable", "visibility": "not shown"}, {"gameTime": "1 - 08:08", "label": "Ball out of play", "position": "488030", "team": "home", "visibility": "not shown"}, {"gameTime": "1 - 08:10", "label": "Throw-in", "position": "490619", "team": "not applicable", "visibility": "visible"}, {"gameTime": "1 - 08:23", "label": "Ball out of play", "position": "503249", "team": "away", "visibility": "visible"}, {"gameTime": "1 - 08:43", "label": "Throw-in", "position": "523133", "team": "not applicable", "visibility": "visible"}, {"gameTime": "1 - 08:51", "label": "Ball out of play", "position": "531278", "team": "home", "visibility": "not shown"}, {"gameTime": "1 - 09:05", "label": "Throw-in", "position": "545008", "team": "not applicable", "visibility": "visible"}, {"gameTime": "1 - 09:21", "label": "Ball out of play", "position": "561888", "team": "home", "visibility": "visible"}, {"gameTime": "1 - 10:00", "label": "Throw-in", "position": "600410", "team": "not applicable", "visibility": "visible"}, {"gameTime": "1 - 10:04", "label": "Foul", "position": "604724", "team": "home", "visibility": "visible"}, {"gameTime": "1 - 10:21", "label": "Indirect free-kick", "position": "621184", "team": "home", "visibility": "visible"}, {"gameTime": "1 - 10:47", "label": "Foul", "position": "647941", "team": "away", "visibility": "visible"}, {"gameTime": "1 - 12:05", "label": "Indirect free-kick", "position": "725023", "team": "away", "visibility": "visible"}, {"gameTime": "1 - 12:30", "label": "Ball out of play", "position": "750755", "team": "home", "visibility": "visible"}, {"gameTime": "1 - 13:21", "label": "Throw-in", "position": "801017", "team": "not applicable", "visibility": "visible"}, {"gameTime": "1 - 13:42", "label": "Ball out of play", "position": "822366", "team": "away", "visibility": "visible"}, {"gameTime": "1 - 15:00", "label": "Corner", "position": "900691", "team": "not applicable", "visibility": "visible"}, {"gameTime": "1 - 15:31", "label": "Ball out of play", "position": "931759", "team": "away", "visibility": "visible"}, {"gameTime": "1 - 15:37", "label": "Throw-in", "position": "937712", "team": "not applicable", "visibility": "visible"}, {"gameTime": "1 - 15:50", "label": "Ball out of play", "position": "950578", "team": "away", "visibility": "visible"}, {"gameTime": "1 - 15:55", "label": "Clearance", "position": "955922", "team": "not applicable", "visibility": "visible"}, {"gameTime": "1 - 16:13", "label": "Ball out of play", "position": "973377", "team": "away", "visibility": "not shown"}, {"gameTime": "1 - 16:19", "label": "Clearance", "position": "979236", "team": "not applicable", "visibility": "visible"}, {"gameTime": "1 - 16:24", "label": "Ball out of play", "position": "984057", "team": "home", "visibility": "visible"}, {"gameTime": "1 - 16:46", "label": "Corner", "position": "1006399", "team": "not applicable", "visibility": "visible"}, {"gameTime": "1 - 17:10", "label": "Offside", "position": "1030846", "team": "home", "visibility": "not shown"}, {"gameTime": "1 - 17:15", "label": "Substitution", "position": "1035716", "team": "home", "visibility": "visible"}, {"gameTime": "1 - 18:38", "label": "Indirect free-kick", "position": "1118582", "team": "away", "visibility": "visible"}, {"gameTime": "1 - 18:48", "label": "Ball out of play", "position": "1128403", "team": "away", "visibility": "visible"}, {"gameTime": "1 - 19:20", "label": "Throw-in", "position": "1160836", "team": "not applicable", "visibility": "visible"}, {"gameTime": "1 - 19:25", "label": "Shots off target", "position": "1165490", "team": "home", "visibility": "not shown"}, {"gameTime": "1 - 19:34", "label": "Ball out of play", "position": "1174362", "team": "away", "visibility": "visible"}, {"gameTime": "1 - 19:35", "label": "Corner", "position": "1175023", "team": "not applicable", "visibility": "visible"}, {"gameTime": "1 - 20:15", "label": "Ball out of play", "position": "1215399", "team": "away", "visibility": "visible"}, {"gameTime": "1 - 21:15", "label": "Corner", "position": "1275136", "team": "not applicable", "visibility": "visible"}, {"gameTime": "1 - 21:53", "label": "Foul", "position": "1313871", "team": "home", "visibility": "visible"}, {"gameTime": "1 - 22:35", "label": "Indirect free-kick", "position": "1355214", "team": "away", "visibility": "visible"}, {"gameTime": "1 - 22:44", "label": "Foul", "position": "1364960", "team": "home", "visibility": "not shown"}, {"gameTime": "1 - 23:32", "label": "Indirect free-kick", "position": "1412996", "team": "away", "visibility": "visible"}, {"gameTime": "1 - 23:35", "label": "Foul", "position": "1415559", "team": "home", "visibility": "visible"}, {"gameTime": "1 - 24:55", "label": "Indirect free-kick", "position": "1495495", "team": "away", "visibility": "visible"}, {"gameTime": "1 - 25:07", "label": "Ball out of play", "position": "1507063", "team": "home", "visibility": "not shown"}, {"gameTime": "1 - 26:10", "label": "Throw-in", "position": "1570352", "team": "not applicable", "visibility": "visible"}, {"gameTime": "1 - 26:30", "label": "Ball out of play", "position": "1590192", "team": "away", "visibility": "visible"}, {"gameTime": "1 - 26:32", "label": "Throw-in", "position": "1592594", "team": "not applicable", "visibility": "visible"}, {"gameTime": "1 - 26:47", "label": "Ball out of play", "position": "1607366", "team": "away", "visibility": "visible"}, {"gameTime": "1 - 27:32", "label": "Throw-in", "position": "1652473", "team": "not applicable", "visibility": "visible"}, {"gameTime": "1 - 27:36", "label": "Ball out of play", "position": "1656901", "team": "home", "visibility": "not shown"}, {"gameTime": "1 - 28:10", "label": "Throw-in", "position": "1690803", "team": "not applicable", "visibility": "visible"}, {"gameTime": "1 - 28:14", "label": "Shots off target", "position": "1694811", "team": "home", "visibility": "visible"}, {"gameTime": "1 - 28:21", "label": "Ball out of play", "position": "1701001", "team": "home", "visibility": "visible"}, {"gameTime": "1 - 28:23", "label": "Clearance", "position": "1703116", "team": "not applicable", "visibility": "not shown"}, {"gameTime": "1 - 28:47", "label": "Ball out of play", "position": "1727509", "team": "away", "visibility": "visible"}, {"gameTime": "1 - 29:04", "label": "Throw-in", "position": "1744600", "team": "not applicable", "visibility": "visible"}, {"gameTime": "1 - 29:08", "label": "Ball out of play", "position": "1748494", "team": "away", "visibility": "not shown"}, {"gameTime": "1 - 29:22", "label": "Throw-in", "position": "1762935", "team": "not applicable", "visibility": "visible"}, {"gameTime": "1 - 29:46", "label": "Ball out of play", "position": "1786895", "team": "home", "visibility": "visible"}, {"gameTime": "1 - 30:12", "label": "Corner", "position": "1812876", "team": "not applicable", "visibility": "visible"}, {"gameTime": "1 - 30:45", "label": "Ball out of play", "position": "1845850", "team": "home", "visibility": "visible"}, {"gameTime": "1 - 31:22", "label": "Corner", "position": "1882837", "team": "not applicable", "visibility": "not shown"}, {"gameTime": "1 - 31:53", "label": "Shots off target", "position": "1913156", "team": "home", "visibility": "visible"}, {"gameTime": "1 - 32:05", "label": "Ball out of play", "position": "1925962", "team": "home", "visibility": "visible"}, {"gameTime": "1 - 32:06", "label": "Clearance", "position": "1926532", "team": "not applicable", "visibility": "visible"}, {"gameTime": "1 - 32:36", "label": "Ball out of play", "position": "1956902", "team": "away", "visibility": "not shown"}, {"gameTime": "1 - 32:55", "label": "Corner", "position": "1975202", "team": "not applicable", "visibility": "visible"}, {"gameTime": "1 - 33:27", "label": "Ball out of play", "position": "2007111", "team": "home", "visibility": "visible"}, {"gameTime": "1 - 33:28", "label": "Clearance", "position": "2008641", "team": "not applicable", "visibility": "visible"}, {"gameTime": "1 - 33:50", "label": "Ball out of play", "position": "2030898", "team": "away", "visibility": "not shown"}, {"gameTime": "1 - 34:36", "label": "Throw-in", "position": "2076668", "team": "not applicable", "visibility": "visible"}, {"gameTime": "1 - 34:41", "label": "Shots off target", "position": "2081040", "team": "home", "visibility": "not shown"}, {"gameTime": "1 - 35:04", "label": "Ball out of play", "position": "2104741", "team": "home", "visibility": "visible"}, {"gameTime": "1 - 35:05", "label": "Corner", "position": "2105811", "team": "not applicable", "visibility": "visible"}, {"gameTime": "1 - 35:42", "label": "Ball out of play", "position": "2142218", "team": "home", "visibility": "visible"}, {"gameTime": "1 - 35:47", "label": "Throw-in", "position": "2147945", "team": "not applicable", "visibility": "visible"}, {"gameTime": "1 - 36:08", "label": "Ball out of play", "position": "2168481", "team": "away", "visibility": "visible"}, {"gameTime": "1 - 36:19", "label": "Throw-in", "position": "2179664", "team": "not applicable", "visibility": "visible"}, {"gameTime": "1 - 36:32", "label": "Ball out of play", "position": "2192848", "team": "home", "visibility": "visible"}, {"gameTime": "1 - 36:54", "label": "Substitution", "position": "2214016", "team": "not applicable", "visibility": "visible"}, {"gameTime": "1 - 38:11", "label": "Corner", "position": "2291430", "team": "away", "visibility": "visible"}, {"gameTime": "1 - 38:25", "label": "Ball out of play", "position": "2305404", "team": "home", "visibility": "visible"}, {"gameTime": "1 - 39:01", "label": "Throw-in", "position": "2341650", "team": "not applicable", "visibility": "visible"}, {"gameTime": "1 - 39:05", "label": "Ball out of play", "position": "2345734", "team": "home", "visibility": "visible"}, {"gameTime": "1 - 39:34", "label": "Throw-in", "position": "2374974", "team": "not applicable", "visibility": "visible"}, {"gameTime": "1 - 39:57", "label": "Ball out of play", "position": "2397771", "team": "away", "visibility": "visible"}, {"gameTime": "1 - 40:04", "label": "Throw-in", "position": "2404333", "team": "not applicable", "visibility": "visible"}, {"gameTime": "1 - 40:14", "label": "Ball out of play", "position": "2414837", "team": "away", "visibility": "visible"}, {"gameTime": "1 - 40:27", "label": "Throw-in", "position": "2427715", "team": "not applicable", "visibility": "visible"}, {"gameTime": "1 - 40:49", "label": "Ball out of play", "position": "2449031", "team": "away", "visibility": "visible"}, {"gameTime": "1 - 40:56", "label": "Throw-in", "position": "2456863", "team": "not applicable", "visibility": "visible"}, {"gameTime": "1 - 41:12", "label": "Shots off target", "position": "2472138", "team": "away", "visibility": "visible"}, {"gameTime": "1 - 41:16", "label": "Ball out of play", "position": "2476044", "team": "away", "visibility": "visible"}, {"gameTime": "1 - 42:25", "label": "Corner", "position": "2545254", "team": "not applicable", "visibility": "visible"}, {"gameTime": "1 - 43:01", "label": "Shots on target", "position": "2581026", "team": "home", "visibility": "visible"}, {"gameTime": "1 - 43:38", "label": "Shots off target", "position": "2618183", "team": "home", "visibility": "visible"}, {"gameTime": "1 - 44:22", "label": "Ball out of play", "position": "2662510", "team": "home", "visibility": "visible"}, {"gameTime": "1 - 44:23", "label": "Clearance", "position": "2663745", "team": "not applicable", "visibility": "visible"}, {"gameTime": "1 - 44:55", "label": "Clearance", "position": "2695511", "team": "away", "visibility": "visible"}, {"gameTime": "2 - 00:00", "label": "Ball out of play", "position": "11", "team": "home", "visibility": "not shown"}, {"gameTime": "2 - 00:06", "label": "Throw-in", "position": "6649", "team": "not applicable", "visibility": "visible"}, {"gameTime": "2 - 00:24", "label": "Ball out of play", "position": "24540", "team": "away", "visibility": "visible"}, {"gameTime": "2 - 02:33", "label": "Throw-in", "position": "153277", "team": "not applicable", "visibility": "visible"}, {"gameTime": "2 - 02:38", "label": "Foul", "position": "158235", "team": "home", "visibility": "visible"}, {"gameTime": "2 - 02:47", "label": "Direct free-kick", "position": "167223", "team": "away", "visibility": "visible"}, {"gameTime": "2 - 03:41", "label": "Ball out of play", "position": "221660", "team": "home", "visibility": "visible"}, {"gameTime": "2 - 03:45", "label": "Throw-in", "position": "225709", "team": "not applicable", "visibility": "visible"}, {"gameTime": "2 - 04:03", "label": "Shots on target", "position": "243540", "team": "home", "visibility": "visible"}, {"gameTime": "2 - 04:25", "label": "Goal", "position": "265253", "team": "home", "visibility": "visible"}, {"gameTime": "2 - 04:25", "label": "Kick-off", "position": "265841", "team": "home", "visibility": "visible"}, {"gameTime": "2 - 05:15", "label": "Shots on target", "position": "315172", "team": "away", "visibility": "visible"}, {"gameTime": "2 - 05:40", "label": "Shots on target", "position": "340629", "team": "home", "visibility": "visible"}, {"gameTime": "2 - 06:25", "label": "Shots off target", "position": "385148", "team": "home", "visibility": "visible"}, {"gameTime": "2 - 06:28", "label": "Ball out of play", "position": "388046", "team": "home", "visibility": "visible"}, {"gameTime": "2 - 06:28", "label": "Clearance", "position": "388971", "team": "not applicable", "visibility": "visible"}, {"gameTime": "2 - 06:59", "label": "Ball out of play", "position": "419256", "team": "away", "visibility": "not shown"}, {"gameTime": "2 - 07:03", "label": "Throw-in", "position": "423035", "team": "not applicable", "visibility": "visible"}, {"gameTime": "2 - 07:15", "label": "Ball out of play", "position": "435968", "team": "home", "visibility": "visible"}, {"gameTime": "2 - 08:31", "label": "Corner", "position": "511760", "team": "not applicable", "visibility": "visible"}, {"gameTime": "2 - 08:56", "label": "Ball out of play", "position": "536557", "team": "home", "visibility": "visible"}, {"gameTime": "2 - 09:06", "label": "Corner", "position": "546372", "team": "not applicable", "visibility": "visible"}, {"gameTime": "2 - 09:29", "label": "Ball out of play", "position": "569202", "team": "home", "visibility": "not shown"}, {"gameTime": "2 - 09:40", "label": "Throw-in", "position": "580281", "team": "not applicable", "visibility": "visible"}, {"gameTime": "2 - 09:59", "label": "Ball out of play", "position": "599676", "team": "home", "visibility": "visible"}, {"gameTime": "2 - 10:39", "label": "Corner", "position": "639780", "team": "not applicable", "visibility": "visible"}, {"gameTime": "2 - 11:06", "label": "Ball out of play", "position": "666430", "team": "away", "visibility": "visible"}, {"gameTime": "2 - 12:08", "label": "Substitution", "position": "728866", "team": "not applicable", "visibility": "visible"}, {"gameTime": "2 - 12:43", "label": "Throw-in", "position": "763108", "team": "away", "visibility": "visible"}, {"gameTime": "2 - 12:55", "label": "Ball out of play", "position": "775984", "team": "away", "visibility": "visible"}, {"gameTime": "2 - 14:02", "label": "Clearance", "position": "842125", "team": "not applicable", "visibility": "visible"}, {"gameTime": "2 - 14:18", "label": "Shots on target", "position": "858518", "team": "home", "visibility": "visible"}, {"gameTime": "2 - 14:57", "label": "Shots on target", "position": "897730", "team": "away", "visibility": "visible"}, {"gameTime": "2 - 15:51", "label": "Ball out of play", "position": "951843", "team": "home", "visibility": "visible"}, {"gameTime": "2 - 17:21", "label": "Throw-in", "position": "1041344", "team": "not applicable", "visibility": "visible"}, {"gameTime": "2 - 17:41", "label": "Ball out of play", "position": "1061079", "team": "home", "visibility": "visible"}, {"gameTime": "2 - 17:44", "label": "Corner", "position": "1064724", "team": "not applicable", "visibility": "visible"}, {"gameTime": "2 - 18:17", "label": "Ball out of play", "position": "1097092", "team": "home", "visibility": "visible"}, {"gameTime": "2 - 18:30", "label": "Clearance", "position": "1110566", "team": "not applicable", "visibility": "visible"}, {"gameTime": "2 - 18:49", "label": "Ball out of play", "position": "1129730", "team": "away", "visibility": "visible"}, {"gameTime": "2 - 18:55", "label": "Throw-in", "position": "1135298", "team": "not applicable", "visibility": "visible"}, {"gameTime": "2 - 19:09", "label": "Ball out of play", "position": "1149491", "team": "home", "visibility": "visible"}, {"gameTime": "2 - 19:13", "label": "Throw-in", "position": "1153876", "team": "not applicable", "visibility": "visible"}, {"gameTime": "2 - 19:22", "label": "Ball out of play", "position": "1162375", "team": "away", "visibility": "visible"}, {"gameTime": "2 - 20:59", "label": "Throw-in", "position": "1259393", "team": "not applicable", "visibility": "visible"}, {"gameTime": "2 - 21:09", "label": "Foul", "position": "1269077", "team": "away", "visibility": "not shown"}, {"gameTime": "2 - 21:37", "label": "Yellow card", "position": "1297487", "team": "away", "visibility": "visible"}, {"gameTime": "2 - 21:39", "label": "Indirect free-kick", "position": "1299984", "team": "away", "visibility": "visible"}, {"gameTime": "2 - 22:01", "label": "Shots on target", "position": "1321072", "team": "home", "visibility": "not shown"}, {"gameTime": "2 - 22:11", "label": "Goal", "position": "1331360", "team": "home", "visibility": "visible"}, {"gameTime": "2 - 22:11", "label": "Kick-off", "position": "1331560", "team": "home", "visibility": "visible"}, {"gameTime": "2 - 23:10", "label": "Foul", "position": "1390905", "team": "away", "visibility": "visible"}, {"gameTime": "2 - 23:46", "label": "Direct free-kick", "position": "1426534", "team": "home", "visibility": "visible"}, {"gameTime": "2 - 24:10", "label": "Shots on target", "position": "1450623", "team": "away", "visibility": "visible"}, {"gameTime": "2 - 24:11", "label": "Shots off target", "position": "1451957", "team": "away", "visibility": "visible"}, {"gameTime": "2 - 24:22", "label": "Ball out of play", "position": "1462679", "team": "home", "visibility": "visible"}, {"gameTime": "2 - 24:23", "label": "Clearance", "position": "1463527", "team": "not applicable", "visibility": "visible"}, {"gameTime": "2 - 24:38", "label": "Foul", "position": "1478560", "team": "away", "visibility": "not shown"}, {"gameTime": "2 - 26:02", "label": "Indirect free-kick", "position": "1562111", "team": "away", "visibility": "visible"}, {"gameTime": "2 - 26:39", "label": "Ball out of play", "position": "1599237", "team": "home", "visibility": "visible"}, {"gameTime": "2 - 26:48", "label": "Throw-in", "position": "1608113", "team": "not applicable", "visibility": "visible"}, {"gameTime": "2 - 27:09", "label": "Ball out of play", "position": "1629315", "team": "home", "visibility": "visible"}, {"gameTime": "2 - 27:38", "label": "Substitution", "position": "1658995", "team": "not applicable", "visibility": "not shown"}, {"gameTime": "2 - 28:26", "label": "Throw-in", "position": "1706105", "team": "home", "visibility": "not shown"}, {"gameTime": "2 - 28:31", "label": "Ball out of play", "position": "1711143", "team": "home", "visibility": "not shown"}, {"gameTime": "2 - 29:22", "label": "Substitution", "position": "1762484", "team": "not applicable", "visibility": "visible"}, {"gameTime": "2 - 29:50", "label": "Throw-in", "position": "1790519", "team": "home", "visibility": "visible"}, {"gameTime": "2 - 30:02", "label": "Ball out of play", "position": "1802332", "team": "away", "visibility": "not shown"}, {"gameTime": "2 - 32:03", "label": "Substitution", "position": "1923018", "team": "not applicable", "visibility": "visible"}, {"gameTime": "2 - 32:40", "label": "Throw-in", "position": "1960170", "team": "home", "visibility": "not shown"}, {"gameTime": "2 - 32:44", "label": "Shots off target", "position": "1964052", "team": "away", "visibility": "not shown"}, {"gameTime": "2 - 33:05", "label": "Ball out of play", "position": "1985615", "team": "away", "visibility": "visible"}, {"gameTime": "2 - 33:06", "label": "Clearance", "position": "1986960", "team": "not applicable", "visibility": "visible"}, {"gameTime": "2 - 33:17", "label": "Foul", "position": "1997307", "team": "home", "visibility": "not shown"}, {"gameTime": "2 - 34:22", "label": "Yellow card", "position": "2062431", "team": "away", "visibility": "visible"}, {"gameTime": "2 - 34:24", "label": "Shots on target", "position": "2064929", "team": "away", "visibility": "visible"}, {"gameTime": "2 - 35:26", "label": "Direct free-kick", "position": "2126132", "team": "home", "visibility": "visible"}, {"gameTime": "2 - 35:26", "label": "Ball out of play", "position": "2126132", "team": "home", "visibility": "visible"}, {"gameTime": "2 - 35:27", "label": "Corner", "position": "2127296", "team": "not applicable", "visibility": "visible"}, {"gameTime": "2 - 35:51", "label": "Foul", "position": "2151747", "team": "home", "visibility": "visible"}, {"gameTime": "2 - 36:38", "label": "Indirect free-kick", "position": "2198600", "team": "away", "visibility": "visible"}, {"gameTime": "2 - 36:45", "label": "Ball out of play", "position": "2205326", "team": "home", "visibility": "visible"}, {"gameTime": "2 - 37:08", "label": "Throw-in", "position": "2228803", "team": "not applicable", "visibility": "visible"}, {"gameTime": "2 - 37:16", "label": "Foul", "position": "2236637", "team": "home", "visibility": "visible"}, {"gameTime": "2 - 37:24", "label": "Indirect free-kick", "position": "2244881", "team": "home", "visibility": "visible"}, {"gameTime": "2 - 37:45", "label": "Shots on target", "position": "2265145", "team": "away", "visibility": "not shown"}, {"gameTime": "2 - 38:37", "label": "Ball out of play", "position": "2317504", "team": "home", "visibility": "visible"}, {"gameTime": "2 - 39:14", "label": "Throw-in", "position": "2354806", "team": "not applicable", "visibility": "visible"}, {"gameTime": "2 - 39:31", "label": "Foul", "position": "2371870", "team": "home", "visibility": "visible"}, {"gameTime": "2 - 40:04", "label": "Indirect free-kick", "position": "2404525", "team": "home", "visibility": "visible"}, {"gameTime": "2 - 40:10", "label": "Ball out of play", "position": "2410025", "team": "home", "visibility": "not shown"}, {"gameTime": "2 - 40:37", "label": "Throw-in", "position": "2437214", "team": "not applicable", "visibility": "visible"}, {"gameTime": "2 - 40:56", "label": "Foul", "position": "2456819", "team": "home", "visibility": "visible"}, {"gameTime": "2 - 41:09", "label": "Indirect free-kick", "position": "2469662", "team": "home", "visibility": "visible"}, {"gameTime": "2 - 41:21", "label": "Ball out of play", "position": "2481974", "team": "away", "visibility": "not shown"}, {"gameTime": "2 - 44:31", "label": "Throw-in", "position": "2671391", "team": "not applicable", "visibility": "visible"}, {"gameTime": "2 - 45:09", "label": "Foul", "position": "2709148", "team": "away", "visibility": "not shown"}, {"gameTime": "2 - 46:03", "label": "Yellow card", "position": "2763030", "team": "home", "visibility": "visible"}, {"gameTime": "2 - 46:06", "label": "Indirect free-kick", "position": "2766625", "team": "home", "visibility": "visible"}, {"gameTime": "2 - 46:25", "label": "Foul", "position": "2785099", "team": "away", "visibility": "visible"}, {"gameTime": "2 - 46:37", "label": "Indirect free-kick", "position": "2797418", "team": "away", "visibility": "visible"}, {"gameTime": "2 - 47:00", "label": "Indirect free-kick", "position": "2820760", "team": "home", "visibility": "visible"}], "gameAwayTeam": "Genoa", "gameDate": "10/02/2017 - 22:45", "gameHomeTeam": "Napoli", "gameScore": "2 - 0"}