{"UrlLocal": "england_epl/2015-2016/2016-02-03 - 22-45 Watford 0 - 0 Chelsea/", "UrlYoutube": "", "annotations": [{"gameTime": "1 - 00:00", "label": "Ball out of play", "position": "0", "team": "away", "visibility": "visible"}, {"gameTime": "1 - 01:08", "label": "Clearance", "position": "68510", "team": "not applicable", "visibility": "visible"}, {"gameTime": "1 - 01:34", "label": "Ball out of play", "position": "94167", "team": "home", "visibility": "visible"}, {"gameTime": "1 - 01:38", "label": "Throw-in", "position": "98803", "team": "not applicable", "visibility": "visible"}, {"gameTime": "1 - 01:46", "label": "Ball out of play", "position": "106398", "team": "home", "visibility": "visible"}, {"gameTime": "1 - 02:37", "label": "Throw-in", "position": "157556", "team": "not applicable", "visibility": "visible"}, {"gameTime": "1 - 02:45", "label": "Ball out of play", "position": "165734", "team": "away", "visibility": "not shown"}, {"gameTime": "1 - 03:41", "label": "Throw-in", "position": "221328", "team": "not applicable", "visibility": "visible"}, {"gameTime": "1 - 03:56", "label": "Ball out of play", "position": "236058", "team": "away", "visibility": "visible"}, {"gameTime": "1 - 04:03", "label": "Throw-in", "position": "243520", "team": "not applicable", "visibility": "visible"}, {"gameTime": "1 - 04:15", "label": "Ball out of play", "position": "255047", "team": "away", "visibility": "visible"}, {"gameTime": "1 - 04:59", "label": "Throw-in", "position": "299337", "team": "not applicable", "visibility": "visible"}, {"gameTime": "1 - 05:09", "label": "Foul", "position": "309988", "team": "away", "visibility": "visible"}, {"gameTime": "1 - 05:22", "label": "Ball out of play", "position": "322803", "team": "away", "visibility": "visible"}, {"gameTime": "1 - 05:23", "label": "Direct free-kick", "position": "323884", "team": "not applicable", "visibility": "visible"}, {"gameTime": "1 - 05:58", "label": "Ball out of play", "position": "358869", "team": "home", "visibility": "visible"}, {"gameTime": "1 - 06:23", "label": "Corner", "position": "383474", "team": "not applicable", "visibility": "visible"}, {"gameTime": "1 - 07:06", "label": "Ball out of play", "position": "426795", "team": "home", "visibility": "visible"}, {"gameTime": "1 - 07:17", "label": "Throw-in", "position": "437577", "team": "not applicable", "visibility": "visible"}, {"gameTime": "1 - 07:28", "label": "Ball out of play", "position": "448806", "team": "home", "visibility": "visible"}, {"gameTime": "1 - 08:40", "label": "Throw-in", "position": "520417", "team": "not applicable", "visibility": "visible"}, {"gameTime": "1 - 08:47", "label": "Ball out of play", "position": "527893", "team": "home", "visibility": "not shown"}, {"gameTime": "1 - 09:36", "label": "Throw-in", "position": "576278", "team": "not applicable", "visibility": "visible"}, {"gameTime": "1 - 09:57", "label": "Foul", "position": "597928", "team": "away", "visibility": "visible"}, {"gameTime": "1 - 11:23", "label": "Indirect free-kick", "position": "683263", "team": "away", "visibility": "visible"}, {"gameTime": "1 - 12:14", "label": "Ball out of play", "position": "734508", "team": "home", "visibility": "not shown"}, {"gameTime": "1 - 12:25", "label": "Throw-in", "position": "745788", "team": "not applicable", "visibility": "visible"}, {"gameTime": "1 - 12:39", "label": "Ball out of play", "position": "759424", "team": "home", "visibility": "visible"}, {"gameTime": "1 - 12:41", "label": "Throw-in", "position": "761338", "team": "not applicable", "visibility": "visible"}, {"gameTime": "1 - 12:51", "label": "Ball out of play", "position": "771037", "team": "home", "visibility": "visible"}, {"gameTime": "1 - 12:55", "label": "Throw-in", "position": "775632", "team": "not applicable", "visibility": "visible"}, {"gameTime": "1 - 13:06", "label": "Ball out of play", "position": "786939", "team": "home", "visibility": "visible"}, {"gameTime": "1 - 13:17", "label": "Throw-in", "position": "797183", "team": "not applicable", "visibility": "visible"}, {"gameTime": "1 - 13:27", "label": "Ball out of play", "position": "807100", "team": "home", "visibility": "visible"}, {"gameTime": "1 - 13:49", "label": "Throw-in", "position": "829816", "team": "not applicable", "visibility": "visible"}, {"gameTime": "1 - 14:07", "label": "Ball out of play", "position": "847237", "team": "home", "visibility": "visible"}, {"gameTime": "1 - 14:13", "label": "Throw-in", "position": "853345", "team": "not applicable", "visibility": "visible"}, {"gameTime": "1 - 14:22", "label": "Ball out of play", "position": "862967", "team": "away", "visibility": "not shown"}, {"gameTime": "1 - 14:44", "label": "Throw-in", "position": "884421", "team": "not applicable", "visibility": "visible"}, {"gameTime": "1 - 15:07", "label": "Ball out of play", "position": "907255", "team": "away", "visibility": "visible"}, {"gameTime": "1 - 15:45", "label": "Throw-in", "position": "945643", "team": "not applicable", "visibility": "visible"}, {"gameTime": "1 - 16:03", "label": "Ball out of play", "position": "963689", "team": "home", "visibility": "visible"}, {"gameTime": "1 - 16:10", "label": "Throw-in", "position": "970255", "team": "not applicable", "visibility": "visible"}, {"gameTime": "1 - 16:21", "label": "Ball out of play", "position": "981534", "team": "home", "visibility": "visible"}, {"gameTime": "1 - 16:46", "label": "Corner", "position": "1006833", "team": "not applicable", "visibility": "visible"}, {"gameTime": "1 - 17:23", "label": "Foul", "position": "1043421", "team": "home", "visibility": "visible"}, {"gameTime": "1 - 18:07", "label": "Yellow card", "position": "1087337", "team": "home", "visibility": "visible"}, {"gameTime": "1 - 18:15", "label": "Direct free-kick", "position": "1095000", "team": "home", "visibility": "visible"}, {"gameTime": "1 - 18:44", "label": "Foul", "position": "1124907", "team": "away", "visibility": "visible"}, {"gameTime": "1 - 19:21", "label": "Direct free-kick", "position": "1161640", "team": "away", "visibility": "visible"}, {"gameTime": "1 - 20:17", "label": "Ball out of play", "position": "1217295", "team": "home", "visibility": "visible"}, {"gameTime": "1 - 20:39", "label": "Throw-in", "position": "1239561", "team": "not applicable", "visibility": "visible"}, {"gameTime": "1 - 20:48", "label": "Offside", "position": "1248757", "team": "away", "visibility": "visible"}, {"gameTime": "1 - 21:15", "label": "Foul", "position": "1275556", "team": "away", "visibility": "visible"}, {"gameTime": "1 - 21:49", "label": "Throw-in", "position": "1309917", "team": "away", "visibility": "visible"}, {"gameTime": "1 - 22:12", "label": "Ball out of play", "position": "1332608", "team": "home", "visibility": "visible"}, {"gameTime": "1 - 25:32", "label": "Throw-in", "position": "1532815", "team": "not applicable", "visibility": "visible"}, {"gameTime": "1 - 25:52", "label": "Ball out of play", "position": "1552652", "team": "home", "visibility": "visible"}, {"gameTime": "1 - 25:57", "label": "Corner", "position": "1557574", "team": "not applicable", "visibility": "visible"}, {"gameTime": "1 - 26:25", "label": "Shots on target", "position": "1585708", "team": "home", "visibility": "visible"}, {"gameTime": "1 - 26:27", "label": "Shots on target", "position": "1587489", "team": "home", "visibility": "visible"}, {"gameTime": "1 - 27:24", "label": "Shots off target", "position": "1644581", "team": "home", "visibility": "visible"}, {"gameTime": "1 - 27:48", "label": "Ball out of play", "position": "1668844", "team": "home", "visibility": "visible"}, {"gameTime": "1 - 27:53", "label": "Throw-in", "position": "1673272", "team": "not applicable", "visibility": "visible"}, {"gameTime": "1 - 27:55", "label": "Ball out of play", "position": "1675982", "team": "home", "visibility": "visible"}, {"gameTime": "1 - 28:17", "label": "Clearance", "position": "1697908", "team": "not applicable", "visibility": "visible"}, {"gameTime": "1 - 28:44", "label": "Ball out of play", "position": "1724986", "team": "away", "visibility": "visible"}, {"gameTime": "1 - 29:00", "label": "Throw-in", "position": "1740396", "team": "not applicable", "visibility": "visible"}, {"gameTime": "1 - 29:15", "label": "Foul", "position": "1755114", "team": "home", "visibility": "visible"}, {"gameTime": "1 - 29:31", "label": "Direct free-kick", "position": "1771579", "team": "away", "visibility": "visible"}, {"gameTime": "1 - 30:11", "label": "Ball out of play", "position": "1811433", "team": "home", "visibility": "visible"}, {"gameTime": "1 - 30:28", "label": "Throw-in", "position": "1828483", "team": "not applicable", "visibility": "not shown"}, {"gameTime": "1 - 30:52", "label": "Shots off target", "position": "1852994", "team": "home", "visibility": "visible"}, {"gameTime": "1 - 31:58", "label": "Ball out of play", "position": "1918125", "team": "away", "visibility": "visible"}, {"gameTime": "1 - 31:59", "label": "Corner", "position": "1919160", "team": "not applicable", "visibility": "visible"}, {"gameTime": "1 - 32:44", "label": "Ball out of play", "position": "1964890", "team": "away", "visibility": "visible"}, {"gameTime": "1 - 33:24", "label": "Throw-in", "position": "2004253", "team": "not applicable", "visibility": "visible"}, {"gameTime": "1 - 33:29", "label": "Foul", "position": "2009477", "team": "away", "visibility": "visible"}, {"gameTime": "1 - 36:02", "label": "Direct free-kick", "position": "2162171", "team": "away", "visibility": "visible"}, {"gameTime": "1 - 36:40", "label": "Foul", "position": "2200351", "team": "home", "visibility": "visible"}, {"gameTime": "1 - 40:46", "label": "Indirect free-kick", "position": "2446381", "team": "home", "visibility": "visible"}, {"gameTime": "1 - 41:29", "label": "Shots off target", "position": "2489772", "team": "away", "visibility": "visible"}, {"gameTime": "1 - 41:53", "label": "Ball out of play", "position": "2513645", "team": "away", "visibility": "visible"}, {"gameTime": "1 - 41:55", "label": "Clearance", "position": "2515147", "team": "not applicable", "visibility": "visible"}, {"gameTime": "1 - 42:29", "label": "Foul", "position": "2549225", "team": "home", "visibility": "visible"}, {"gameTime": "1 - 42:49", "label": "Indirect free-kick", "position": "2569992", "team": "home", "visibility": "visible"}, {"gameTime": "1 - 43:12", "label": "Ball out of play", "position": "2592270", "team": "away", "visibility": "visible"}, {"gameTime": "1 - 43:55", "label": "Throw-in", "position": "2635862", "team": "not applicable", "visibility": "visible"}, {"gameTime": "1 - 44:06", "label": "Foul", "position": "2646722", "team": "away", "visibility": "visible"}, {"gameTime": "1 - 44:25", "label": "Foul", "position": "2665256", "team": "home", "visibility": "not shown"}, {"gameTime": "1 - 44:25", "label": "Ball out of play", "position": "2665256", "team": "away", "visibility": "visible"}, {"gameTime": "1 - 44:27", "label": "Throw-in", "position": "2667251", "team": "not applicable", "visibility": "visible"}, {"gameTime": "1 - 46:22", "label": "Yellow card", "position": "2782316", "team": "away", "visibility": "visible"}, {"gameTime": "1 - 46:23", "label": "Yellow card", "position": "2783000", "team": "home", "visibility": "visible"}, {"gameTime": "1 - 46:37", "label": "Yellow card", "position": "2797000", "team": "away", "visibility": "visible"}, {"gameTime": "2 - 00:00", "label": "Shots off target", "position": "0", "team": "home", "visibility": "not shown"}, {"gameTime": "2 - 01:25", "label": "Ball out of play", "position": "85586", "team": "away", "visibility": "visible"}, {"gameTime": "2 - 01:28", "label": "Corner", "position": "88235", "team": "not applicable", "visibility": "visible"}, {"gameTime": "2 - 01:54", "label": "Ball out of play", "position": "114221", "team": "away", "visibility": "visible"}, {"gameTime": "2 - 02:15", "label": "Throw-in", "position": "135590", "team": "not applicable", "visibility": "visible"}, {"gameTime": "2 - 02:18", "label": "Ball out of play", "position": "138870", "team": "home", "visibility": "visible"}, {"gameTime": "2 - 02:51", "label": "Throw-in", "position": "171622", "team": "not applicable", "visibility": "visible"}, {"gameTime": "2 - 03:03", "label": "Shots off target", "position": "183875", "team": "home", "visibility": "visible"}, {"gameTime": "2 - 03:17", "label": "Ball out of play", "position": "197244", "team": "home", "visibility": "visible"}, {"gameTime": "2 - 03:18", "label": "Clearance", "position": "198348", "team": "not applicable", "visibility": "visible"}, {"gameTime": "2 - 03:40", "label": "Ball out of play", "position": "220384", "team": "away", "visibility": "not shown"}, {"gameTime": "2 - 04:37", "label": "Throw-in", "position": "277717", "team": "not applicable", "visibility": "visible"}, {"gameTime": "2 - 04:52", "label": "Foul", "position": "292144", "team": "home", "visibility": "visible"}, {"gameTime": "2 - 05:37", "label": "Indirect free-kick", "position": "337487", "team": "away", "visibility": "visible"}, {"gameTime": "2 - 05:52", "label": "Shots off target", "position": "352995", "team": "home", "visibility": "visible"}, {"gameTime": "2 - 06:04", "label": "Ball out of play", "position": "364764", "team": "home", "visibility": "visible"}, {"gameTime": "2 - 06:05", "label": "Clearance", "position": "365148", "team": "not applicable", "visibility": "visible"}, {"gameTime": "2 - 06:30", "label": "Ball out of play", "position": "390953", "team": "away", "visibility": "visible"}, {"gameTime": "2 - 08:20", "label": "Throw-in", "position": "500565", "team": "not applicable", "visibility": "visible"}, {"gameTime": "2 - 08:27", "label": "Ball out of play", "position": "507596", "team": "home", "visibility": "visible"}, {"gameTime": "2 - 09:25", "label": "Clearance", "position": "565598", "team": "not applicable", "visibility": "visible"}, {"gameTime": "2 - 09:55", "label": "Ball out of play", "position": "595706", "team": "away", "visibility": "not shown"}, {"gameTime": "2 - 12:49", "label": "Clearance", "position": "769137", "team": "not applicable", "visibility": "visible"}, {"gameTime": "2 - 13:02", "label": "Shots on target", "position": "782106", "team": "away", "visibility": "visible"}, {"gameTime": "2 - 14:54", "label": "Foul", "position": "894715", "team": "away", "visibility": "visible"}, {"gameTime": "2 - 15:51", "label": "Ball out of play", "position": "951724", "team": "away", "visibility": "visible"}, {"gameTime": "2 - 15:53", "label": "Direct free-kick", "position": "953604", "team": "not applicable", "visibility": "visible"}, {"gameTime": "2 - 16:35", "label": "Ball out of play", "position": "995484", "team": "home", "visibility": "visible"}, {"gameTime": "2 - 16:45", "label": "Throw-in", "position": "1005120", "team": "not applicable", "visibility": "visible"}, {"gameTime": "2 - 16:46", "label": "Ball out of play", "position": "1006880", "team": "away", "visibility": "visible"}, {"gameTime": "2 - 17:34", "label": "Substitution", "position": "1054880", "team": "not applicable", "visibility": "visible"}, {"gameTime": "2 - 18:24", "label": "Throw-in", "position": "1104000", "team": "home", "visibility": "visible"}, {"gameTime": "2 - 18:37", "label": "Ball out of play", "position": "1117505", "team": "away", "visibility": "visible"}, {"gameTime": "2 - 20:39", "label": "Throw-in", "position": "1239401", "team": "not applicable", "visibility": "visible"}, {"gameTime": "2 - 20:49", "label": "Ball out of play", "position": "1249987", "team": "away", "visibility": "visible"}, {"gameTime": "2 - 21:05", "label": "Corner", "position": "1265154", "team": "not applicable", "visibility": "visible"}, {"gameTime": "2 - 21:36", "label": "Ball out of play", "position": "1296905", "team": "home", "visibility": "visible"}, {"gameTime": "2 - 21:44", "label": "Substitution", "position": "1304670", "team": "not applicable", "visibility": "visible"}, {"gameTime": "2 - 22:18", "label": "Throw-in", "position": "1338000", "team": "home", "visibility": "visible"}, {"gameTime": "2 - 22:27", "label": "Ball out of play", "position": "1347421", "team": "away", "visibility": "not shown"}, {"gameTime": "2 - 22:43", "label": "Throw-in", "position": "1363773", "team": "not applicable", "visibility": "visible"}, {"gameTime": "2 - 22:57", "label": "Shots on target", "position": "1377214", "team": "home", "visibility": "visible"}, {"gameTime": "2 - 24:14", "label": "Ball out of play", "position": "1454540", "team": "away", "visibility": "visible"}, {"gameTime": "2 - 24:16", "label": "Corner", "position": "1456187", "team": "not applicable", "visibility": "visible"}, {"gameTime": "2 - 24:42", "label": "Foul", "position": "1482163", "team": "away", "visibility": "visible"}, {"gameTime": "2 - 25:06", "label": "Indirect free-kick", "position": "1506910", "team": "home", "visibility": "visible"}, {"gameTime": "2 - 25:26", "label": "Ball out of play", "position": "1526822", "team": "away", "visibility": "visible"}, {"gameTime": "2 - 26:50", "label": "Substitution", "position": "1610128", "team": "not applicable", "visibility": "visible"}, {"gameTime": "2 - 27:13", "label": "Throw-in", "position": "1633000", "team": "away", "visibility": "visible"}, {"gameTime": "2 - 27:27", "label": "Ball out of play", "position": "1647577", "team": "home", "visibility": "visible"}, {"gameTime": "2 - 28:29", "label": "Throw-in", "position": "1709811", "team": "not applicable", "visibility": "visible"}, {"gameTime": "2 - 28:36", "label": "Ball out of play", "position": "1716159", "team": "away", "visibility": "visible"}, {"gameTime": "2 - 29:16", "label": "Throw-in", "position": "1756135", "team": "not applicable", "visibility": "visible"}, {"gameTime": "2 - 29:34", "label": "Foul", "position": "1774483", "team": "home", "visibility": "visible"}, {"gameTime": "2 - 29:36", "label": "Indirect free-kick", "position": "1776949", "team": "away", "visibility": "visible"}, {"gameTime": "2 - 30:07", "label": "Ball out of play", "position": "1807896", "team": "home", "visibility": "visible"}, {"gameTime": "2 - 30:37", "label": "Corner", "position": "1837421", "team": "not applicable", "visibility": "visible"}, {"gameTime": "2 - 31:02", "label": "Ball out of play", "position": "1862419", "team": "home", "visibility": "visible"}, {"gameTime": "2 - 31:05", "label": "Shots off target", "position": "1865387", "team": "not applicable", "visibility": "visible"}, {"gameTime": "2 - 32:09", "label": "Ball out of play", "position": "1929159", "team": "away", "visibility": "visible"}, {"gameTime": "2 - 32:09", "label": "Corner", "position": "1929776", "team": "not applicable", "visibility": "visible"}, {"gameTime": "2 - 32:40", "label": "Foul", "position": "1960507", "team": "away", "visibility": "visible"}, {"gameTime": "2 - 34:56", "label": "Indirect free-kick", "position": "2096523", "team": "away", "visibility": "visible"}, {"gameTime": "2 - 35:32", "label": "Foul", "position": "2132195", "team": "home", "visibility": "visible"}, {"gameTime": "2 - 36:26", "label": "Indirect free-kick", "position": "2186787", "team": "away", "visibility": "visible"}, {"gameTime": "2 - 37:02", "label": "Ball out of play", "position": "2222661", "team": "home", "visibility": "visible"}, {"gameTime": "2 - 37:06", "label": "Throw-in", "position": "2226430", "team": "not applicable", "visibility": "visible"}, {"gameTime": "2 - 37:40", "label": "Shots off target", "position": "2260682", "team": "away", "visibility": "visible"}, {"gameTime": "2 - 38:43", "label": "Ball out of play", "position": "2323715", "team": "away", "visibility": "visible"}, {"gameTime": "2 - 38:44", "label": "Clearance", "position": "2324537", "team": "not applicable", "visibility": "visible"}, {"gameTime": "2 - 39:17", "label": "Ball out of play", "position": "2357967", "team": "home", "visibility": "visible"}, {"gameTime": "2 - 40:14", "label": "Corner", "position": "2414422", "team": "not applicable", "visibility": "visible"}, {"gameTime": "2 - 40:32", "label": "Substitution", "position": "2432124", "team": "away", "visibility": "visible"}, {"gameTime": "2 - 40:58", "label": "Ball out of play", "position": "2458000", "team": "home", "visibility": "visible"}, {"gameTime": "2 - 42:11", "label": "Corner", "position": "2531990", "team": "not applicable", "visibility": "visible"}, {"gameTime": "2 - 42:20", "label": "Ball out of play", "position": "2540021", "team": "away", "visibility": "not shown"}, {"gameTime": "2 - 42:34", "label": "Corner", "position": "2554015", "team": "not applicable", "visibility": "visible"}, {"gameTime": "2 - 43:02", "label": "Ball out of play", "position": "2582367", "team": "away", "visibility": "visible"}, {"gameTime": "2 - 43:38", "label": "Throw-in", "position": "2618563", "team": "not applicable", "visibility": "visible"}, {"gameTime": "2 - 43:53", "label": "Ball out of play", "position": "2633836", "team": "home", "visibility": "visible"}, {"gameTime": "2 - 44:07", "label": "Throw-in", "position": "2647573", "team": "not applicable", "visibility": "visible"}, {"gameTime": "2 - 44:38", "label": "Ball out of play", "position": "2678655", "team": "home", "visibility": "visible"}, {"gameTime": "2 - 44:41", "label": "Ball out of play", "position": "2681991", "team": "not applicable", "visibility": "visible"}], "gameAwayTeam": "Chelsea", "gameDate": "03/02/2016 - 22:45", "gameHomeTeam": "Watford", "gameScore": "0 - 0"}