{"UrlLocal": "england_epl/2016-2017/2016-08-20 - 17-00 Burnley 2 - 0 Liverpool/", "UrlYoutube": "", "annotations": [{"gameTime": "1 - 00:00", "label": "Ball out of play", "position": "0", "team": "away", "visibility": "visible"}, {"gameTime": "1 - 00:19", "label": "Throw-in", "position": "19160", "team": "not applicable", "visibility": "visible"}, {"gameTime": "1 - 00:35", "label": "Shots on target", "position": "35650", "team": "home", "visibility": "visible"}, {"gameTime": "1 - 01:37", "label": "Goal", "position": "97878", "team": "home", "visibility": "visible"}, {"gameTime": "1 - 01:38", "label": "Kick-off", "position": "98603", "team": "home", "visibility": "visible"}, {"gameTime": "1 - 02:16", "label": "Foul", "position": "136273", "team": "away", "visibility": "not shown"}, {"gameTime": "1 - 02:41", "label": "Indirect free-kick", "position": "161524", "team": "home", "visibility": "visible"}, {"gameTime": "1 - 03:02", "label": "Ball out of play", "position": "182982", "team": "away", "visibility": "visible"}, {"gameTime": "1 - 03:13", "label": "Throw-in", "position": "193297", "team": "not applicable", "visibility": "visible"}, {"gameTime": "1 - 03:29", "label": "Ball out of play", "position": "209029", "team": "home", "visibility": "not shown"}, {"gameTime": "1 - 03:50", "label": "Throw-in", "position": "230100", "team": "not applicable", "visibility": "visible"}, {"gameTime": "1 - 04:02", "label": "Ball out of play", "position": "242081", "team": "home", "visibility": "visible"}, {"gameTime": "1 - 04:16", "label": "Throw-in", "position": "256834", "team": "not applicable", "visibility": "visible"}, {"gameTime": "1 - 04:33", "label": "Offside", "position": "273974", "team": "home", "visibility": "not shown"}, {"gameTime": "1 - 04:53", "label": "Indirect free-kick", "position": "293151", "team": "home", "visibility": "visible"}, {"gameTime": "1 - 05:11", "label": "Ball out of play", "position": "311971", "team": "away", "visibility": "visible"}, {"gameTime": "1 - 05:32", "label": "Clearance", "position": "332036", "team": "not applicable", "visibility": "visible"}, {"gameTime": "1 - 05:53", "label": "Shots off target", "position": "353201", "team": "away", "visibility": "visible"}, {"gameTime": "1 - 07:01", "label": "Ball out of play", "position": "421334", "team": "away", "visibility": "visible"}, {"gameTime": "1 - 07:03", "label": "Corner", "position": "423030", "team": "not applicable", "visibility": "visible"}, {"gameTime": "1 - 07:20", "label": "Shots on target", "position": "440249", "team": "away", "visibility": "visible"}, {"gameTime": "1 - 07:27", "label": "Ball out of play", "position": "447651", "team": "away", "visibility": "visible"}, {"gameTime": "1 - 07:48", "label": "Throw-in", "position": "468256", "team": "not applicable", "visibility": "visible"}, {"gameTime": "1 - 08:08", "label": "Shots off target", "position": "488239", "team": "home", "visibility": "visible"}, {"gameTime": "1 - 08:43", "label": "Ball out of play", "position": "523192", "team": "away", "visibility": "visible"}, {"gameTime": "1 - 08:44", "label": "Clearance", "position": "524365", "team": "not applicable", "visibility": "visible"}, {"gameTime": "1 - 09:17", "label": "Foul", "position": "557010", "team": "home", "visibility": "visible"}, {"gameTime": "1 - 09:25", "label": "Indirect free-kick", "position": "565871", "team": "home", "visibility": "visible"}, {"gameTime": "1 - 09:48", "label": "Foul", "position": "588671", "team": "away", "visibility": "visible"}, {"gameTime": "1 - 10:38", "label": "Indirect free-kick", "position": "638156", "team": "home", "visibility": "visible"}, {"gameTime": "1 - 10:47", "label": "Shots off target", "position": "647923", "team": "away", "visibility": "visible"}, {"gameTime": "1 - 11:08", "label": "Ball out of play", "position": "668847", "team": "away", "visibility": "visible"}, {"gameTime": "1 - 11:09", "label": "Clearance", "position": "669930", "team": "not applicable", "visibility": "visible"}, {"gameTime": "1 - 11:44", "label": "Foul", "position": "704013", "team": "home", "visibility": "visible"}, {"gameTime": "1 - 12:44", "label": "Indirect free-kick", "position": "764881", "team": "home", "visibility": "visible"}, {"gameTime": "1 - 12:58", "label": "Ball out of play", "position": "778279", "team": "away", "visibility": "visible"}, {"gameTime": "1 - 13:27", "label": "Corner", "position": "807715", "team": "not applicable", "visibility": "visible"}, {"gameTime": "1 - 13:48", "label": "Ball out of play", "position": "828421", "team": "away", "visibility": "visible"}, {"gameTime": "1 - 13:51", "label": "Throw-in", "position": "831988", "team": "not applicable", "visibility": "visible"}, {"gameTime": "1 - 13:56", "label": "Ball out of play", "position": "836008", "team": "away", "visibility": "visible"}, {"gameTime": "1 - 14:04", "label": "Clearance", "position": "844532", "team": "not applicable", "visibility": "visible"}, {"gameTime": "1 - 14:38", "label": "Ball out of play", "position": "878412", "team": "home", "visibility": "visible"}, {"gameTime": "1 - 15:11", "label": "Corner", "position": "911063", "team": "not applicable", "visibility": "visible"}, {"gameTime": "1 - 15:23", "label": "Shots off target", "position": "923767", "team": "away", "visibility": "visible"}, {"gameTime": "1 - 15:30", "label": "Ball out of play", "position": "930637", "team": "away", "visibility": "visible"}, {"gameTime": "1 - 15:41", "label": "Throw-in", "position": "941073", "team": "not applicable", "visibility": "visible"}, {"gameTime": "1 - 16:01", "label": "Ball out of play", "position": "961748", "team": "home", "visibility": "visible"}, {"gameTime": "1 - 17:35", "label": "Throw-in", "position": "1055341", "team": "not applicable", "visibility": "visible"}, {"gameTime": "1 - 17:39", "label": "Ball out of play", "position": "1059381", "team": "away", "visibility": "visible"}, {"gameTime": "1 - 20:03", "label": "Throw-in", "position": "1203131", "team": "not applicable", "visibility": "visible"}, {"gameTime": "1 - 20:16", "label": "Ball out of play", "position": "1216771", "team": "away", "visibility": "not shown"}, {"gameTime": "1 - 20:42", "label": "Throw-in", "position": "1242614", "team": "not applicable", "visibility": "visible"}, {"gameTime": "1 - 20:49", "label": "Shots on target", "position": "1249421", "team": "away", "visibility": "visible"}, {"gameTime": "1 - 21:37", "label": "Ball out of play", "position": "1297942", "team": "away", "visibility": "visible"}, {"gameTime": "1 - 23:30", "label": "Clearance", "position": "1410958", "team": "not applicable", "visibility": "visible"}, {"gameTime": "1 - 24:04", "label": "Ball out of play", "position": "1444546", "team": "away", "visibility": "visible"}, {"gameTime": "1 - 25:08", "label": "Corner", "position": "1508741", "team": "not applicable", "visibility": "visible"}, {"gameTime": "1 - 25:24", "label": "Shots on target", "position": "1524732", "team": "away", "visibility": "not shown"}, {"gameTime": "1 - 25:30", "label": "Ball out of play", "position": "1530038", "team": "away", "visibility": "visible"}, {"gameTime": "1 - 25:52", "label": "Throw-in", "position": "1552750", "team": "not applicable", "visibility": "visible"}, {"gameTime": "1 - 26:02", "label": "Foul", "position": "1562527", "team": "away", "visibility": "visible"}, {"gameTime": "1 - 26:16", "label": "Indirect free-kick", "position": "1576355", "team": "home", "visibility": "visible"}, {"gameTime": "1 - 26:40", "label": "Ball out of play", "position": "1600274", "team": "away", "visibility": "not shown"}, {"gameTime": "1 - 27:12", "label": "Clearance", "position": "1632368", "team": "not applicable", "visibility": "visible"}, {"gameTime": "1 - 27:45", "label": "Shots off target", "position": "1665737", "team": "home", "visibility": "visible"}, {"gameTime": "1 - 28:51", "label": "Ball out of play", "position": "1731680", "team": "away", "visibility": "visible"}, {"gameTime": "1 - 28:52", "label": "Clearance", "position": "1732784", "team": "not applicable", "visibility": "visible"}, {"gameTime": "1 - 29:31", "label": "Ball out of play", "position": "1771176", "team": "home", "visibility": "visible"}, {"gameTime": "1 - 31:08", "label": "Clearance", "position": "1868816", "team": "not applicable", "visibility": "visible"}, {"gameTime": "1 - 31:32", "label": "Ball out of play", "position": "1892907", "team": "home", "visibility": "visible"}, {"gameTime": "1 - 32:27", "label": "Corner", "position": "1947752", "team": "not applicable", "visibility": "visible"}, {"gameTime": "1 - 32:45", "label": "Ball out of play", "position": "1965101", "team": "away", "visibility": "visible"}, {"gameTime": "1 - 33:56", "label": "Throw-in", "position": "2036282", "team": "not applicable", "visibility": "visible"}, {"gameTime": "1 - 34:18", "label": "Foul", "position": "2058263", "team": "home", "visibility": "visible"}, {"gameTime": "1 - 35:05", "label": "Indirect free-kick", "position": "2105688", "team": "home", "visibility": "visible"}, {"gameTime": "1 - 35:12", "label": "Shots on target", "position": "2112692", "team": "away", "visibility": "not shown"}, {"gameTime": "1 - 35:40", "label": "Shots on target", "position": "2140790", "team": "away", "visibility": "visible"}, {"gameTime": "1 - 36:37", "label": "Goal", "position": "2197525", "team": "home", "visibility": "visible"}, {"gameTime": "1 - 36:38", "label": "Kick-off", "position": "2198480", "team": "home", "visibility": "visible"}, {"gameTime": "1 - 37:11", "label": "Shots off target", "position": "2231416", "team": "away", "visibility": "not shown"}, {"gameTime": "1 - 38:18", "label": "Ball out of play", "position": "2298730", "team": "away", "visibility": "visible"}, {"gameTime": "1 - 38:24", "label": "Throw-in", "position": "2304393", "team": "not applicable", "visibility": "visible"}, {"gameTime": "1 - 38:33", "label": "Shots on target", "position": "2313956", "team": "away", "visibility": "visible"}, {"gameTime": "1 - 38:43", "label": "Shots off target", "position": "2323915", "team": "away", "visibility": "visible"}, {"gameTime": "1 - 40:52", "label": "Ball out of play", "position": "2452081", "team": "away", "visibility": "visible"}, {"gameTime": "1 - 40:52", "label": "Clearance", "position": "2452840", "team": "not applicable", "visibility": "visible"}, {"gameTime": "1 - 41:32", "label": "Offside", "position": "2492283", "team": "home", "visibility": "visible"}, {"gameTime": "1 - 41:43", "label": "Indirect free-kick", "position": "2503795", "team": "home", "visibility": "visible"}, {"gameTime": "1 - 41:54", "label": "Ball out of play", "position": "2514796", "team": "away", "visibility": "visible"}, {"gameTime": "1 - 43:08", "label": "Throw-in", "position": "2588816", "team": "not applicable", "visibility": "visible"}, {"gameTime": "1 - 43:17", "label": "Foul", "position": "2597728", "team": "away", "visibility": "not shown"}, {"gameTime": "1 - 43:32", "label": "Indirect free-kick", "position": "2612038", "team": "away", "visibility": "visible"}, {"gameTime": "1 - 44:05", "label": "Indirect free-kick", "position": "2645536", "team": "home", "visibility": "visible"}, {"gameTime": "2 - 00:00", "label": "Shots off target", "position": "12", "team": "home", "visibility": "visible"}, {"gameTime": "2 - 00:52", "label": "Ball out of play", "position": "52088", "team": "away", "visibility": "visible"}, {"gameTime": "2 - 00:53", "label": "Clearance", "position": "53528", "team": "not applicable", "visibility": "visible"}, {"gameTime": "2 - 01:22", "label": "Ball out of play", "position": "82533", "team": "home", "visibility": "visible"}, {"gameTime": "2 - 01:40", "label": "Throw-in", "position": "100957", "team": "not applicable", "visibility": "visible"}, {"gameTime": "2 - 01:57", "label": "Ball out of play", "position": "117864", "team": "away", "visibility": "visible"}, {"gameTime": "2 - 02:05", "label": "Throw-in", "position": "125753", "team": "not applicable", "visibility": "visible"}, {"gameTime": "2 - 02:13", "label": "Foul", "position": "133614", "team": "away", "visibility": "not shown"}, {"gameTime": "2 - 03:11", "label": "Indirect free-kick", "position": "191907", "team": "home", "visibility": "visible"}, {"gameTime": "2 - 03:39", "label": "Ball out of play", "position": "219452", "team": "away", "visibility": "visible"}, {"gameTime": "2 - 04:21", "label": "Throw-in", "position": "261918", "team": "not applicable", "visibility": "visible"}, {"gameTime": "2 - 04:30", "label": "Shots on target", "position": "270813", "team": "away", "visibility": "visible"}, {"gameTime": "2 - 04:57", "label": "Ball out of play", "position": "297269", "team": "away", "visibility": "visible"}, {"gameTime": "2 - 05:22", "label": "Throw-in", "position": "322161", "team": "not applicable", "visibility": "visible"}, {"gameTime": "2 - 05:26", "label": "Shots on target", "position": "326044", "team": "away", "visibility": "visible"}, {"gameTime": "2 - 06:17", "label": "Ball out of play", "position": "377459", "team": "away", "visibility": "visible"}, {"gameTime": "2 - 06:19", "label": "Corner", "position": "379135", "team": "not applicable", "visibility": "visible"}, {"gameTime": "2 - 06:31", "label": "Ball out of play", "position": "391392", "team": "away", "visibility": "not shown"}, {"gameTime": "2 - 06:40", "label": "Throw-in", "position": "400235", "team": "not applicable", "visibility": "visible"}, {"gameTime": "2 - 06:44", "label": "Shots off target", "position": "404180", "team": "away", "visibility": "not shown"}, {"gameTime": "2 - 07:01", "label": "Shots off target", "position": "421397", "team": "away", "visibility": "visible"}, {"gameTime": "2 - 07:56", "label": "Ball out of play", "position": "476411", "team": "away", "visibility": "visible"}, {"gameTime": "2 - 07:57", "label": "Clearance", "position": "477621", "team": "not applicable", "visibility": "visible"}, {"gameTime": "2 - 08:27", "label": "Offside", "position": "507747", "team": "home", "visibility": "visible"}, {"gameTime": "2 - 08:33", "label": "Indirect free-kick", "position": "513381", "team": "home", "visibility": "visible"}, {"gameTime": "2 - 08:43", "label": "Ball out of play", "position": "523784", "team": "away", "visibility": "visible"}, {"gameTime": "2 - 09:23", "label": "Throw-in", "position": "563194", "team": "not applicable", "visibility": "visible"}, {"gameTime": "2 - 09:27", "label": "Ball out of play", "position": "567455", "team": "away", "visibility": "visible"}, {"gameTime": "2 - 10:12", "label": "Substitution", "position": "612805", "team": "not applicable", "visibility": "visible"}, {"gameTime": "2 - 10:45", "label": "Throw-in", "position": "645000", "team": "home", "visibility": "visible"}, {"gameTime": "2 - 10:58", "label": "Ball out of play", "position": "658737", "team": "away", "visibility": "visible"}, {"gameTime": "2 - 11:24", "label": "Corner", "position": "684996", "team": "not applicable", "visibility": "visible"}, {"gameTime": "2 - 11:48", "label": "Shots off target", "position": "708733", "team": "away", "visibility": "visible"}, {"gameTime": "2 - 11:52", "label": "Ball out of play", "position": "712844", "team": "away", "visibility": "visible"}, {"gameTime": "2 - 11:53", "label": "Clearance", "position": "713644", "team": "not applicable", "visibility": "visible"}, {"gameTime": "2 - 12:21", "label": "Ball out of play", "position": "741573", "team": "home", "visibility": "visible"}, {"gameTime": "2 - 14:14", "label": "Throw-in", "position": "854234", "team": "not applicable", "visibility": "visible"}, {"gameTime": "2 - 14:20", "label": "Clearance", "position": "860086", "team": "away", "visibility": "not shown"}, {"gameTime": "2 - 14:52", "label": "Clearance", "position": "892604", "team": "away", "visibility": "visible"}, {"gameTime": "2 - 15:24", "label": "Ball out of play", "position": "924632", "team": "home", "visibility": "visible"}, {"gameTime": "2 - 15:37", "label": "Clearance", "position": "937389", "team": "not applicable", "visibility": "visible"}, {"gameTime": "2 - 15:49", "label": "Foul", "position": "949861", "team": "away", "visibility": "visible"}, {"gameTime": "2 - 15:59", "label": "Indirect free-kick", "position": "959147", "team": "home", "visibility": "visible"}, {"gameTime": "2 - 16:09", "label": "Ball out of play", "position": "969967", "team": "away", "visibility": "not shown"}, {"gameTime": "2 - 16:40", "label": "Throw-in", "position": "1000573", "team": "not applicable", "visibility": "visible"}, {"gameTime": "2 - 16:46", "label": "Ball out of play", "position": "1006762", "team": "away", "visibility": "visible"}, {"gameTime": "2 - 16:54", "label": "Corner", "position": "1014741", "team": "not applicable", "visibility": "visible"}, {"gameTime": "2 - 17:13", "label": "Ball out of play", "position": "1033302", "team": "away", "visibility": "visible"}, {"gameTime": "2 - 17:16", "label": "Corner", "position": "1036960", "team": "not applicable", "visibility": "visible"}, {"gameTime": "2 - 17:42", "label": "Ball out of play", "position": "1062122", "team": "away", "visibility": "visible"}, {"gameTime": "2 - 18:41", "label": "Substitution", "position": "1121435", "team": "not applicable", "visibility": "visible"}, {"gameTime": "2 - 19:03", "label": "Throw-in", "position": "1143396", "team": "away", "visibility": "visible"}, {"gameTime": "2 - 19:11", "label": "Foul", "position": "1151997", "team": "away", "visibility": "visible"}, {"gameTime": "2 - 19:46", "label": "Yellow card", "position": "1186034", "team": "away", "visibility": "visible"}, {"gameTime": "2 - 19:53", "label": "Indirect free-kick", "position": "1193000", "team": "away", "visibility": "visible"}, {"gameTime": "2 - 20:28", "label": "Ball out of play", "position": "1228072", "team": "home", "visibility": "visible"}, {"gameTime": "2 - 20:39", "label": "Throw-in", "position": "1239084", "team": "not applicable", "visibility": "visible"}, {"gameTime": "2 - 20:47", "label": "Shots off target", "position": "1247903", "team": "away", "visibility": "visible"}, {"gameTime": "2 - 20:58", "label": "Ball out of play", "position": "1258730", "team": "home", "visibility": "visible"}, {"gameTime": "2 - 20:59", "label": "Clearance", "position": "1259650", "team": "not applicable", "visibility": "visible"}, {"gameTime": "2 - 21:13", "label": "Foul", "position": "1273129", "team": "away", "visibility": "not shown"}, {"gameTime": "2 - 21:42", "label": "Indirect free-kick", "position": "1302235", "team": "home", "visibility": "visible"}, {"gameTime": "2 - 21:50", "label": "Foul", "position": "1310652", "team": "away", "visibility": "visible"}, {"gameTime": "2 - 22:19", "label": "Indirect free-kick", "position": "1339473", "team": "home", "visibility": "visible"}, {"gameTime": "2 - 22:28", "label": "Ball out of play", "position": "1348347", "team": "away", "visibility": "visible"}, {"gameTime": "2 - 23:35", "label": "Clearance", "position": "1415440", "team": "not applicable", "visibility": "visible"}, {"gameTime": "2 - 24:14", "label": "Foul", "position": "1454017", "team": "home", "visibility": "visible"}, {"gameTime": "2 - 24:23", "label": "Indirect free-kick", "position": "1463861", "team": "home", "visibility": "visible"}, {"gameTime": "2 - 24:34", "label": "Shots off target", "position": "1474024", "team": "away", "visibility": "visible"}, {"gameTime": "2 - 25:01", "label": "Ball out of play", "position": "1501554", "team": "away", "visibility": "visible"}, {"gameTime": "2 - 25:02", "label": "Clearance", "position": "1502794", "team": "not applicable", "visibility": "visible"}, {"gameTime": "2 - 25:33", "label": "Foul", "position": "1533098", "team": "home", "visibility": "visible"}, {"gameTime": "2 - 26:01", "label": "Indirect free-kick", "position": "1561249", "team": "home", "visibility": "visible"}, {"gameTime": "2 - 26:16", "label": "Ball out of play", "position": "1576283", "team": "away", "visibility": "not shown"}, {"gameTime": "2 - 26:52", "label": "Throw-in", "position": "1612185", "team": "not applicable", "visibility": "visible"}, {"gameTime": "2 - 27:23", "label": "Foul", "position": "1643230", "team": "home", "visibility": "visible"}, {"gameTime": "2 - 27:49", "label": "Indirect free-kick", "position": "1669155", "team": "home", "visibility": "visible"}, {"gameTime": "2 - 28:00", "label": "Foul", "position": "1680115", "team": "away", "visibility": "visible"}, {"gameTime": "2 - 28:34", "label": "Indirect free-kick", "position": "1714696", "team": "away", "visibility": "visible"}, {"gameTime": "2 - 29:06", "label": "Foul", "position": "1746402", "team": "home", "visibility": "visible"}, {"gameTime": "2 - 29:52", "label": "Indirect free-kick", "position": "1792533", "team": "away", "visibility": "visible"}, {"gameTime": "2 - 30:24", "label": "Ball out of play", "position": "1824475", "team": "home", "visibility": "not shown"}, {"gameTime": "2 - 31:39", "label": "Substitution", "position": "1899293", "team": "not applicable", "visibility": "visible"}, {"gameTime": "2 - 32:00", "label": "Substitution", "position": "1920110", "team": "away", "visibility": "visible"}, {"gameTime": "2 - 32:10", "label": "Throw-in", "position": "1930000", "team": "away", "visibility": "visible"}, {"gameTime": "2 - 32:23", "label": "Shots on target", "position": "1943227", "team": "away", "visibility": "visible"}, {"gameTime": "2 - 33:17", "label": "Ball out of play", "position": "1997074", "team": "away", "visibility": "visible"}, {"gameTime": "2 - 33:18", "label": "Corner", "position": "1998074", "team": "not applicable", "visibility": "visible"}, {"gameTime": "2 - 33:40", "label": "Shots off target", "position": "2020104", "team": "away", "visibility": "visible"}, {"gameTime": "2 - 35:22", "label": "Ball out of play", "position": "2122725", "team": "away", "visibility": "visible"}, {"gameTime": "2 - 35:23", "label": "Clearance", "position": "2123965", "team": "not applicable", "visibility": "visible"}, {"gameTime": "2 - 35:56", "label": "Ball out of play", "position": "2156959", "team": "home", "visibility": "visible"}, {"gameTime": "2 - 36:02", "label": "Substitution", "position": "2162577", "team": "not applicable", "visibility": "visible"}, {"gameTime": "2 - 36:40", "label": "Throw-in", "position": "2200000", "team": "home", "visibility": "visible"}, {"gameTime": "2 - 36:50", "label": "Foul", "position": "2210978", "team": "away", "visibility": "not shown"}, {"gameTime": "2 - 37:30", "label": "Indirect free-kick", "position": "2250570", "team": "away", "visibility": "visible"}, {"gameTime": "2 - 38:29", "label": "Ball out of play", "position": "2309898", "team": "home", "visibility": "visible"}, {"gameTime": "2 - 38:34", "label": "Throw-in", "position": "2314495", "team": "not applicable", "visibility": "visible"}, {"gameTime": "2 - 38:58", "label": "Ball out of play", "position": "2338313", "team": "home", "visibility": "visible"}, {"gameTime": "2 - 39:04", "label": "Clearance", "position": "2344170", "team": "not applicable", "visibility": "visible"}, {"gameTime": "2 - 39:10", "label": "Ball out of play", "position": "2350559", "team": "away", "visibility": "visible"}, {"gameTime": "2 - 39:34", "label": "Throw-in", "position": "2374481", "team": "not applicable", "visibility": "visible"}, {"gameTime": "2 - 39:38", "label": "Shots on target", "position": "2378901", "team": "away", "visibility": "visible"}, {"gameTime": "2 - 39:56", "label": "Shots off target", "position": "2396317", "team": "away", "visibility": "visible"}, {"gameTime": "2 - 41:17", "label": "Ball out of play", "position": "2477931", "team": "away", "visibility": "visible"}, {"gameTime": "2 - 41:19", "label": "Clearance", "position": "2479051", "team": "not applicable", "visibility": "visible"}, {"gameTime": "2 - 41:55", "label": "Ball out of play", "position": "2515463", "team": "home", "visibility": "visible"}, {"gameTime": "2 - 42:04", "label": "Throw-in", "position": "2524513", "team": "not applicable", "visibility": "visible"}, {"gameTime": "2 - 42:16", "label": "Ball out of play", "position": "2536851", "team": "away", "visibility": "visible"}, {"gameTime": "2 - 43:17", "label": "Corner", "position": "2597532", "team": "not applicable", "visibility": "visible"}, {"gameTime": "2 - 43:29", "label": "Foul", "position": "2609183", "team": "away", "visibility": "visible"}, {"gameTime": "2 - 43:53", "label": "Indirect free-kick", "position": "2633188", "team": "home", "visibility": "visible"}, {"gameTime": "2 - 44:03", "label": "Ball out of play", "position": "2643079", "team": "away", "visibility": "not shown"}, {"gameTime": "2 - 44:17", "label": "Corner", "position": "2657932", "team": "not applicable", "visibility": "visible"}, {"gameTime": "2 - 44:22", "label": "Shots off target", "position": "2662273", "team": "away", "visibility": "visible"}, {"gameTime": "2 - 44:41", "label": "Ball out of play", "position": "2681533", "team": "away", "visibility": "visible"}, {"gameTime": "2 - 44:43", "label": "Clearance", "position": "2683614", "team": "not applicable", "visibility": "visible"}, {"gameTime": "2 - 45:15", "label": "Ball out of play", "position": "2715503", "team": "home", "visibility": "visible"}, {"gameTime": "2 - 45:40", "label": "Throw-in", "position": "2740018", "team": "not applicable", "visibility": "visible"}, {"gameTime": "2 - 46:08", "label": "Ball out of play", "position": "2768104", "team": "home", "visibility": "visible"}, {"gameTime": "2 - 46:18", "label": "Substitution", "position": "2778026", "team": "not applicable", "visibility": "visible"}, {"gameTime": "2 - 47:00", "label": "Corner", "position": "2820574", "team": "home", "visibility": "visible"}, {"gameTime": "2 - 47:09", "label": "Ball out of play", "position": "2829564", "team": "home", "visibility": "visible"}, {"gameTime": "2 - 47:13", "label": "Throw-in", "position": "2833660", "team": "not applicable", "visibility": "visible"}, {"gameTime": "2 - 47:33", "label": "Foul", "position": "2853925", "team": "home", "visibility": "visible"}, {"gameTime": "2 - 47:55", "label": "Foul", "position": "2875952", "team": "home", "visibility": "visible"}], "gameAwayTeam": "Liverpool", "gameDate": "20/08/2016 - 17:00", "gameHomeTeam": "Burnley", "gameScore": "2 - 0"}