{"UrlLocal": "france_ligue-1/2016-2017/2017-02-10 - 22-45 Bordeaux 0 - 3 Paris SG/", "UrlYoutube": "", "annotations": [{"gameTime": "1 - 00:00", "label": "Ball out of play", "position": "0", "team": "away", "visibility": "not shown"}, {"gameTime": "1 - 00:27", "label": "Throw-in", "position": "27845", "team": "not applicable", "visibility": "visible"}, {"gameTime": "1 - 00:36", "label": "Ball out of play", "position": "36948", "team": "away", "visibility": "visible"}, {"gameTime": "1 - 01:25", "label": "Throw-in", "position": "85643", "team": "not applicable", "visibility": "visible"}, {"gameTime": "1 - 01:44", "label": "Ball out of play", "position": "104705", "team": "home", "visibility": "visible"}, {"gameTime": "1 - 02:38", "label": "Throw-in", "position": "158107", "team": "not applicable", "visibility": "visible"}, {"gameTime": "1 - 02:47", "label": "Ball out of play", "position": "167919", "team": "away", "visibility": "visible"}, {"gameTime": "1 - 04:17", "label": "Throw-in", "position": "257614", "team": "not applicable", "visibility": "visible"}, {"gameTime": "1 - 04:36", "label": "Foul", "position": "276281", "team": "home", "visibility": "visible"}, {"gameTime": "1 - 04:55", "label": "Direct free-kick", "position": "295065", "team": "home", "visibility": "visible"}, {"gameTime": "1 - 05:03", "label": "Shots on target", "position": "303698", "team": "away", "visibility": "not shown"}, {"gameTime": "1 - 05:30", "label": "Goal", "position": "330113", "team": "away", "visibility": "visible"}, {"gameTime": "1 - 05:30", "label": "Kick-off", "position": "330833", "team": "away", "visibility": "visible"}, {"gameTime": "1 - 06:34", "label": "Ball out of play", "position": "394691", "team": "home", "visibility": "not shown"}, {"gameTime": "1 - 06:43", "label": "Throw-in", "position": "403517", "team": "not applicable", "visibility": "visible"}, {"gameTime": "1 - 06:50", "label": "Ball out of play", "position": "410448", "team": "home", "visibility": "visible"}, {"gameTime": "1 - 08:37", "label": "Clearance", "position": "517589", "team": "not applicable", "visibility": "visible"}, {"gameTime": "1 - 09:00", "label": "Foul", "position": "540138", "team": "home", "visibility": "not shown"}, {"gameTime": "1 - 09:34", "label": "Direct free-kick", "position": "574664", "team": "away", "visibility": "visible"}, {"gameTime": "1 - 10:15", "label": "Ball out of play", "position": "615970", "team": "home", "visibility": "not shown"}, {"gameTime": "1 - 11:39", "label": "Throw-in", "position": "699572", "team": "not applicable", "visibility": "visible"}, {"gameTime": "1 - 11:44", "label": "Foul", "position": "704734", "team": "away", "visibility": "not shown"}, {"gameTime": "1 - 12:31", "label": "Direct free-kick", "position": "751453", "team": "home", "visibility": "visible"}, {"gameTime": "1 - 12:42", "label": "Shots on target", "position": "762331", "team": "away", "visibility": "visible"}, {"gameTime": "1 - 14:51", "label": "Ball out of play", "position": "891058", "team": "away", "visibility": "visible"}, {"gameTime": "1 - 15:03", "label": "Clearance", "position": "903858", "team": "not applicable", "visibility": "visible"}, {"gameTime": "1 - 15:20", "label": "Ball out of play", "position": "920644", "team": "home", "visibility": "not shown"}, {"gameTime": "1 - 15:28", "label": "Throw-in", "position": "928251", "team": "not applicable", "visibility": "not shown"}, {"gameTime": "1 - 15:39", "label": "Foul", "position": "939460", "team": "away", "visibility": "not shown"}, {"gameTime": "1 - 16:18", "label": "Direct free-kick", "position": "978273", "team": "home", "visibility": "visible"}, {"gameTime": "1 - 17:01", "label": "Shots on target", "position": "1021392", "team": "away", "visibility": "visible"}, {"gameTime": "1 - 17:07", "label": "Ball out of play", "position": "1027383", "team": "away", "visibility": "visible"}, {"gameTime": "1 - 17:24", "label": "Throw-in", "position": "1044724", "team": "not applicable", "visibility": "visible"}, {"gameTime": "1 - 17:35", "label": "Shots on target", "position": "1055838", "team": "home", "visibility": "not shown"}, {"gameTime": "1 - 17:39", "label": "Ball out of play", "position": "1059099", "team": "home", "visibility": "visible"}, {"gameTime": "1 - 18:44", "label": "Throw-in", "position": "1124246", "team": "not applicable", "visibility": "visible"}, {"gameTime": "1 - 18:56", "label": "Shots off target", "position": "1136900", "team": "home", "visibility": "visible"}, {"gameTime": "1 - 19:03", "label": "Ball out of play", "position": "1143793", "team": "home", "visibility": "visible"}, {"gameTime": "1 - 19:05", "label": "Corner", "position": "1145499", "team": "not applicable", "visibility": "visible"}, {"gameTime": "1 - 19:28", "label": "Foul", "position": "1168268", "team": "home", "visibility": "visible"}, {"gameTime": "1 - 20:05", "label": "Yellow card", "position": "1205044", "team": "away", "visibility": "visible"}, {"gameTime": "1 - 20:20", "label": "Direct free-kick", "position": "1220760", "team": "away", "visibility": "visible"}, {"gameTime": "1 - 20:59", "label": "Ball out of play", "position": "1259045", "team": "home", "visibility": "not shown"}, {"gameTime": "1 - 21:10", "label": "Throw-in", "position": "1270815", "team": "not applicable", "visibility": "visible"}, {"gameTime": "1 - 21:20", "label": "Ball out of play", "position": "1280904", "team": "home", "visibility": "visible"}, {"gameTime": "1 - 21:23", "label": "Throw-in", "position": "1283423", "team": "not applicable", "visibility": "visible"}, {"gameTime": "1 - 21:33", "label": "Shots on target", "position": "1293378", "team": "away", "visibility": "visible"}, {"gameTime": "1 - 22:06", "label": "Foul", "position": "1326420", "team": "home", "visibility": "visible"}, {"gameTime": "1 - 23:53", "label": "Direct free-kick", "position": "1433592", "team": "home", "visibility": "visible"}, {"gameTime": "1 - 24:30", "label": "Offside", "position": "1470765", "team": "away", "visibility": "not shown"}, {"gameTime": "1 - 25:13", "label": "Indirect free-kick", "position": "1513170", "team": "away", "visibility": "visible"}, {"gameTime": "1 - 25:28", "label": "Foul", "position": "1528103", "team": "home", "visibility": "not shown"}, {"gameTime": "1 - 26:11", "label": "Direct free-kick", "position": "1571947", "team": "away", "visibility": "visible"}, {"gameTime": "1 - 26:33", "label": "Ball out of play", "position": "1593499", "team": "home", "visibility": "not shown"}, {"gameTime": "1 - 26:54", "label": "Throw-in", "position": "1614466", "team": "not applicable", "visibility": "visible"}, {"gameTime": "1 - 27:07", "label": "Shots off target", "position": "1627014", "team": "away", "visibility": "visible"}, {"gameTime": "1 - 34:01", "label": "Foul", "position": "2041772", "team": "home", "visibility": "visible"}, {"gameTime": "1 - 34:01", "label": "Direct free-kick", "position": "2041972", "team": "home", "visibility": "visible"}, {"gameTime": "1 - 34:23", "label": "Foul", "position": "2063984", "team": "away", "visibility": "not shown"}, {"gameTime": "1 - 37:51", "label": "Direct free-kick", "position": "2271754", "team": "away", "visibility": "visible"}, {"gameTime": "1 - 38:18", "label": "Shots on target", "position": "2298603", "team": "home", "visibility": "not shown"}, {"gameTime": "1 - 39:49", "label": "Goal", "position": "2389640", "team": "away", "visibility": "visible"}, {"gameTime": "1 - 39:50", "label": "Kick-off", "position": "2390560", "team": "away", "visibility": "visible"}, {"gameTime": "1 - 40:59", "label": "Shots off target", "position": "2459380", "team": "home", "visibility": "not shown"}, {"gameTime": "1 - 43:35", "label": "Ball out of play", "position": "2615747", "team": "away", "visibility": "visible"}, {"gameTime": "1 - 43:36", "label": "Clearance", "position": "2616587", "team": "not applicable", "visibility": "visible"}, {"gameTime": "1 - 43:53", "label": "Ball out of play", "position": "2633289", "team": "home", "visibility": "not shown"}, {"gameTime": "1 - 44:46", "label": "Ball out of play", "position": "2686951", "team": "not applicable", "visibility": "visible"}, {"gameTime": "2 - 00:00", "label": "Foul", "position": "0", "team": "home", "visibility": "not shown"}, {"gameTime": "2 - 00:13", "label": "Direct free-kick", "position": "13400", "team": "away", "visibility": "visible"}, {"gameTime": "2 - 00:26", "label": "Ball out of play", "position": "26705", "team": "home", "visibility": "visible"}, {"gameTime": "2 - 01:02", "label": "Throw-in", "position": "62582", "team": "not applicable", "visibility": "visible"}, {"gameTime": "2 - 01:17", "label": "Shots on target", "position": "77109", "team": "away", "visibility": "visible"}, {"gameTime": "2 - 01:43", "label": "Goal", "position": "103653", "team": "away", "visibility": "visible"}, {"gameTime": "2 - 01:44", "label": "Kick-off", "position": "104133", "team": "away", "visibility": "visible"}, {"gameTime": "2 - 02:43", "label": "Ball out of play", "position": "163356", "team": "home", "visibility": "not shown"}, {"gameTime": "2 - 03:28", "label": "Throw-in", "position": "208227", "team": "not applicable", "visibility": "visible"}, {"gameTime": "2 - 03:36", "label": "Ball out of play", "position": "216911", "team": "away", "visibility": "visible"}, {"gameTime": "2 - 04:47", "label": "Throw-in", "position": "287177", "team": "not applicable", "visibility": "visible"}, {"gameTime": "2 - 04:52", "label": "Foul", "position": "292081", "team": "away", "visibility": "not shown"}, {"gameTime": "2 - 05:20", "label": "Direct free-kick", "position": "320354", "team": "home", "visibility": "visible"}, {"gameTime": "2 - 05:29", "label": "Ball out of play", "position": "329442", "team": "away", "visibility": "not shown"}, {"gameTime": "2 - 06:02", "label": "Throw-in", "position": "362853", "team": "not applicable", "visibility": "visible"}, {"gameTime": "2 - 06:19", "label": "Ball out of play", "position": "379141", "team": "home", "visibility": "visible"}, {"gameTime": "2 - 06:32", "label": "Clearance", "position": "392491", "team": "not applicable", "visibility": "visible"}, {"gameTime": "2 - 06:49", "label": "Ball out of play", "position": "409696", "team": "away", "visibility": "not shown"}, {"gameTime": "2 - 07:33", "label": "Throw-in", "position": "453170", "team": "not applicable", "visibility": "not shown"}, {"gameTime": "2 - 07:40", "label": "Ball out of play", "position": "460102", "team": "away", "visibility": "not shown"}, {"gameTime": "2 - 08:10", "label": "Corner", "position": "490758", "team": "not applicable", "visibility": "visible"}, {"gameTime": "2 - 08:42", "label": "Ball out of play", "position": "522248", "team": "away", "visibility": "visible"}, {"gameTime": "2 - 08:43", "label": "Corner", "position": "523817", "team": "not applicable", "visibility": "visible"}, {"gameTime": "2 - 08:58", "label": "Clearance", "position": "538509", "team": "away", "visibility": "visible"}, {"gameTime": "2 - 09:00", "label": "Clearance", "position": "540891", "team": "away", "visibility": "visible"}, {"gameTime": "2 - 09:13", "label": "Foul", "position": "553264", "team": "home", "visibility": "not shown"}, {"gameTime": "2 - 11:00", "label": "Substitution", "position": "660926", "team": "away", "visibility": "visible"}, {"gameTime": "2 - 11:40", "label": "Direct free-kick", "position": "700520", "team": "home", "visibility": "visible"}, {"gameTime": "2 - 11:45", "label": "Ball out of play", "position": "705964", "team": "home", "visibility": "not shown"}, {"gameTime": "2 - 12:13", "label": "Throw-in", "position": "733946", "team": "not applicable", "visibility": "not shown"}, {"gameTime": "2 - 12:17", "label": "Ball out of play", "position": "737365", "team": "home", "visibility": "not shown"}, {"gameTime": "2 - 12:56", "label": "Substitution", "position": "776402", "team": "not applicable", "visibility": "not shown"}, {"gameTime": "2 - 14:12", "label": "Throw-in", "position": "852120", "team": "away", "visibility": "visible"}, {"gameTime": "2 - 14:33", "label": "Ball out of play", "position": "873702", "team": "home", "visibility": "not shown"}, {"gameTime": "2 - 16:47", "label": "Substitution", "position": "1007145", "team": "not applicable", "visibility": "visible"}, {"gameTime": "2 - 17:11", "label": "Corner", "position": "1031560", "team": "away", "visibility": "visible"}, {"gameTime": "2 - 17:31", "label": "Ball out of play", "position": "1051586", "team": "home", "visibility": "visible"}, {"gameTime": "2 - 17:56", "label": "Throw-in", "position": "1076269", "team": "not applicable", "visibility": "visible"}, {"gameTime": "2 - 18:10", "label": "Ball out of play", "position": "1090098", "team": "away", "visibility": "visible"}, {"gameTime": "2 - 18:12", "label": "Throw-in", "position": "1092547", "team": "not applicable", "visibility": "visible"}, {"gameTime": "2 - 18:24", "label": "Shots off target", "position": "1104585", "team": "away", "visibility": "not shown"}, {"gameTime": "2 - 18:39", "label": "Ball out of play", "position": "1119990", "team": "home", "visibility": "visible"}, {"gameTime": "2 - 19:38", "label": "Throw-in", "position": "1178464", "team": "not applicable", "visibility": "visible"}, {"gameTime": "2 - 19:40", "label": "Ball out of play", "position": "1180254", "team": "home", "visibility": "visible"}, {"gameTime": "2 - 19:47", "label": "Substitution", "position": "1187614", "team": "not applicable", "visibility": "visible"}, {"gameTime": "2 - 20:08", "label": "Throw-in", "position": "1208720", "team": "home", "visibility": "visible"}, {"gameTime": "2 - 20:18", "label": "Shots on target", "position": "1218067", "team": "home", "visibility": "not shown"}, {"gameTime": "2 - 20:34", "label": "Shots off target", "position": "1234066", "team": "home", "visibility": "visible"}, {"gameTime": "2 - 20:51", "label": "Ball out of play", "position": "1251303", "team": "home", "visibility": "visible"}, {"gameTime": "2 - 20:52", "label": "Clearance", "position": "1252423", "team": "not applicable", "visibility": "visible"}, {"gameTime": "2 - 21:11", "label": "Ball out of play", "position": "1271416", "team": "away", "visibility": "visible"}, {"gameTime": "2 - 22:01", "label": "Throw-in", "position": "1321868", "team": "not applicable", "visibility": "visible"}, {"gameTime": "2 - 22:24", "label": "Ball out of play", "position": "1344060", "team": "away", "visibility": "visible"}, {"gameTime": "2 - 23:16", "label": "Corner", "position": "1396237", "team": "not applicable", "visibility": "visible"}, {"gameTime": "2 - 23:33", "label": "Shots off target", "position": "1413775", "team": "home", "visibility": "visible"}, {"gameTime": "2 - 24:07", "label": "Ball out of play", "position": "1447285", "team": "home", "visibility": "visible"}, {"gameTime": "2 - 24:07", "label": "Clearance", "position": "1447995", "team": "not applicable", "visibility": "visible"}, {"gameTime": "2 - 24:27", "label": "Ball out of play", "position": "1467559", "team": "away", "visibility": "visible"}, {"gameTime": "2 - 25:16", "label": "Substitution", "position": "1516176", "team": "not applicable", "visibility": "visible"}, {"gameTime": "2 - 26:00", "label": "Throw-in", "position": "1560160", "team": "away", "visibility": "visible"}, {"gameTime": "2 - 26:11", "label": "Shots on target", "position": "1571071", "team": "home", "visibility": "not shown"}, {"gameTime": "2 - 29:26", "label": "Ball out of play", "position": "1766751", "team": "home", "visibility": "visible"}, {"gameTime": "2 - 29:28", "label": "Clearance", "position": "1768071", "team": "not applicable", "visibility": "visible"}, {"gameTime": "2 - 29:49", "label": "Ball out of play", "position": "1789295", "team": "away", "visibility": "not shown"}, {"gameTime": "2 - 30:08", "label": "Throw-in", "position": "1808883", "team": "not applicable", "visibility": "visible"}, {"gameTime": "2 - 30:13", "label": "Offside", "position": "1813774", "team": "home", "visibility": "visible"}, {"gameTime": "2 - 30:57", "label": "Indirect free-kick", "position": "1857025", "team": "away", "visibility": "visible"}, {"gameTime": "2 - 31:17", "label": "Shots off target", "position": "1877954", "team": "home", "visibility": "not shown"}, {"gameTime": "2 - 32:27", "label": "Ball out of play", "position": "1947425", "team": "away", "visibility": "visible"}, {"gameTime": "2 - 32:28", "label": "Substitution", "position": "1948865", "team": "not applicable", "visibility": "visible"}, {"gameTime": "2 - 32:47", "label": "Clearance", "position": "1967680", "team": "home", "visibility": "not shown"}, {"gameTime": "2 - 32:54", "label": "Ball out of play", "position": "1974488", "team": "home", "visibility": "visible"}, {"gameTime": "2 - 33:12", "label": "Throw-in", "position": "1992216", "team": "not applicable", "visibility": "visible"}, {"gameTime": "2 - 33:21", "label": "Foul", "position": "2001843", "team": "home", "visibility": "not shown"}, {"gameTime": "2 - 34:46", "label": "Direct free-kick", "position": "2086103", "team": "away", "visibility": "visible"}, {"gameTime": "2 - 35:12", "label": "Offside", "position": "2112622", "team": "home", "visibility": "not shown"}, {"gameTime": "2 - 35:26", "label": "Indirect free-kick", "position": "2126685", "team": "home", "visibility": "visible"}, {"gameTime": "2 - 35:41", "label": "Ball out of play", "position": "2141711", "team": "away", "visibility": "not shown"}, {"gameTime": "2 - 36:10", "label": "Throw-in", "position": "2170490", "team": "not applicable", "visibility": "visible"}, {"gameTime": "2 - 36:19", "label": "Ball out of play", "position": "2179087", "team": "home", "visibility": "visible"}, {"gameTime": "2 - 36:22", "label": "Throw-in", "position": "2182885", "team": "not applicable", "visibility": "visible"}, {"gameTime": "2 - 36:36", "label": "Ball out of play", "position": "2196148", "team": "home", "visibility": "visible"}, {"gameTime": "2 - 36:44", "label": "Throw-in", "position": "2204331", "team": "not applicable", "visibility": "visible"}, {"gameTime": "2 - 36:50", "label": "Ball out of play", "position": "2210764", "team": "home", "visibility": "visible"}, {"gameTime": "2 - 36:53", "label": "Throw-in", "position": "2213002", "team": "not applicable", "visibility": "visible"}, {"gameTime": "2 - 36:59", "label": "Shots off target", "position": "2219070", "team": "away", "visibility": "visible"}, {"gameTime": "2 - 37:34", "label": "Ball out of play", "position": "2254908", "team": "away", "visibility": "visible"}, {"gameTime": "2 - 37:35", "label": "Clearance", "position": "2255952", "team": "not applicable", "visibility": "visible"}, {"gameTime": "2 - 37:45", "label": "Foul", "position": "2265972", "team": "home", "visibility": "not shown"}, {"gameTime": "2 - 38:26", "label": "Direct free-kick", "position": "2306033", "team": "away", "visibility": "visible"}, {"gameTime": "2 - 38:46", "label": "Ball out of play", "position": "2326455", "team": "home", "visibility": "visible"}, {"gameTime": "2 - 40:37", "label": "Throw-in", "position": "2437637", "team": "not applicable", "visibility": "visible"}, {"gameTime": "2 - 40:47", "label": "Foul", "position": "2447376", "team": "away", "visibility": "not shown"}, {"gameTime": "2 - 41:31", "label": "Direct free-kick", "position": "2491186", "team": "home", "visibility": "visible"}, {"gameTime": "2 - 41:57", "label": "Shots off target", "position": "2517528", "team": "away", "visibility": "not shown"}, {"gameTime": "2 - 44:40", "label": "Ball out of play", "position": "2680659", "team": "home", "visibility": "visible"}, {"gameTime": "2 - 44:42", "label": "Ball out of play", "position": "2682139", "team": "not applicable", "visibility": "visible"}], "gameAwayTeam": "Paris SG", "gameDate": "10/02/2017 - 22:45", "gameHomeTeam": "Bordeaux", "gameScore": "0 - 3"}