{"UrlLocal": "england_epl/2016-2017/2016-11-26 - 18-00 Liverpool 2 - 0 Sunderland/", "UrlYoutube": "", "annotations": [{"gameTime": "1 - 01:05", "label": "Kick-off", "position": "65762", "team": "not applicable", "visibility": "visible"}, {"gameTime": "1 - 01:29", "label": "Ball out of play", "position": "89148", "team": "home", "visibility": "visible"}, {"gameTime": "1 - 01:44", "label": "Corner", "position": "104192", "team": "home", "visibility": "visible"}, {"gameTime": "1 - 02:20", "label": "Foul", "position": "140286", "team": "away", "visibility": "visible"}, {"gameTime": "1 - 02:23", "label": "Indirect free-kick", "position": "143651", "team": "away", "visibility": "visible"}, {"gameTime": "1 - 03:09", "label": "Shots on target", "position": "189291", "team": "not applicable", "visibility": "visible"}, {"gameTime": "1 - 03:33", "label": "Ball out of play", "position": "213994", "team": "away", "visibility": "visible"}, {"gameTime": "1 - 05:13", "label": "Throw-in", "position": "313380", "team": "home", "visibility": "visible"}, {"gameTime": "1 - 06:27", "label": "Shots on target", "position": "387840", "team": "not applicable", "visibility": "visible"}, {"gameTime": "1 - 06:58", "label": "Ball out of play", "position": "418675", "team": "away", "visibility": "visible"}, {"gameTime": "1 - 07:45", "label": "Clearance", "position": "465079", "team": "not applicable", "visibility": "visible"}, {"gameTime": "1 - 07:46", "label": "Ball out of play", "position": "466689", "team": "home", "visibility": "visible"}, {"gameTime": "1 - 09:56", "label": "Throw-in", "position": "596009", "team": "not applicable", "visibility": "visible"}, {"gameTime": "1 - 10:24", "label": "Ball out of play", "position": "624069", "team": "away", "visibility": "visible"}, {"gameTime": "1 - 10:41", "label": "Clearance", "position": "641600", "team": "home", "visibility": "visible"}, {"gameTime": "1 - 11:11", "label": "Foul", "position": "671911", "team": "away", "visibility": "visible"}, {"gameTime": "1 - 11:30", "label": "Indirect free-kick", "position": "690533", "team": "away", "visibility": "visible"}, {"gameTime": "1 - 11:37", "label": "Foul", "position": "697088", "team": "home", "visibility": "visible"}, {"gameTime": "1 - 12:14", "label": "Indirect free-kick", "position": "734323", "team": "not applicable", "visibility": "visible"}, {"gameTime": "1 - 12:41", "label": "Ball out of play", "position": "761587", "team": "home", "visibility": "visible"}, {"gameTime": "1 - 12:47", "label": "Corner", "position": "767809", "team": "not applicable", "visibility": "visible"}, {"gameTime": "1 - 12:53", "label": "Ball out of play", "position": "773175", "team": "home", "visibility": "visible"}, {"gameTime": "1 - 13:34", "label": "Throw-in", "position": "814036", "team": "not applicable", "visibility": "visible"}, {"gameTime": "1 - 13:44", "label": "Ball out of play", "position": "824904", "team": "home", "visibility": "visible"}, {"gameTime": "1 - 14:11", "label": "Throw-in", "position": "851978", "team": "home", "visibility": "visible"}, {"gameTime": "1 - 15:14", "label": "Shots on target", "position": "914649", "team": "away", "visibility": "visible"}, {"gameTime": "1 - 15:19", "label": "Shots on target", "position": "919894", "team": "not applicable", "visibility": "not shown"}, {"gameTime": "1 - 15:45", "label": "Ball out of play", "position": "945851", "team": "away", "visibility": "not shown"}, {"gameTime": "1 - 15:51", "label": "Throw-in", "position": "951122", "team": "not applicable", "visibility": "visible"}, {"gameTime": "1 - 16:22", "label": "Ball out of play", "position": "982948", "team": "away", "visibility": "visible"}, {"gameTime": "1 - 16:38", "label": "Corner", "position": "998175", "team": "away", "visibility": "visible"}, {"gameTime": "1 - 16:39", "label": "Shots on target", "position": "999135", "team": "not applicable", "visibility": "visible"}, {"gameTime": "1 - 17:07", "label": "Ball out of play", "position": "1027921", "team": "away", "visibility": "visible"}, {"gameTime": "1 - 17:20", "label": "Corner", "position": "1040584", "team": "away", "visibility": "visible"}, {"gameTime": "1 - 17:30", "label": "Offside", "position": "1050969", "team": "home", "visibility": "not shown"}, {"gameTime": "1 - 20:29", "label": "Indirect free-kick", "position": "1229507", "team": "home", "visibility": "visible"}, {"gameTime": "1 - 20:30", "label": "Shots off target", "position": "1230507", "team": "not applicable", "visibility": "visible"}, {"gameTime": "1 - 20:57", "label": "Ball out of play", "position": "1257744", "team": "away", "visibility": "not shown"}, {"gameTime": "1 - 21:07", "label": "Clearance", "position": "1267408", "team": "not applicable", "visibility": "visible"}, {"gameTime": "1 - 21:20", "label": "Ball out of play", "position": "1280691", "team": "away", "visibility": "visible"}, {"gameTime": "1 - 21:24", "label": "Throw-in", "position": "1284686", "team": "not applicable", "visibility": "visible"}, {"gameTime": "1 - 21:49", "label": "Ball out of play", "position": "1309005", "team": "away", "visibility": "visible"}, {"gameTime": "1 - 21:54", "label": "Throw-in", "position": "1314792", "team": "away", "visibility": "visible"}, {"gameTime": "1 - 21:56", "label": "Shots off target", "position": "1316272", "team": "not applicable", "visibility": "visible"}, {"gameTime": "1 - 22:39", "label": "Ball out of play", "position": "1359778", "team": "away", "visibility": "visible"}, {"gameTime": "1 - 24:25", "label": "Corner", "position": "1465793", "team": "home", "visibility": "visible"}, {"gameTime": "1 - 24:27", "label": "Shots off target", "position": "1467113", "team": "not applicable", "visibility": "visible"}, {"gameTime": "1 - 24:56", "label": "Ball out of play", "position": "1496890", "team": "away", "visibility": "visible"}, {"gameTime": "1 - 25:18", "label": "Clearance", "position": "1518810", "team": "away", "visibility": "visible"}, {"gameTime": "1 - 25:35", "label": "Foul", "position": "1535788", "team": "home", "visibility": "not shown"}, {"gameTime": "1 - 26:48", "label": "Indirect free-kick", "position": "1608688", "team": "not applicable", "visibility": "not shown"}, {"gameTime": "1 - 26:58", "label": "Ball out of play", "position": "1618248", "team": "home", "visibility": "visible"}, {"gameTime": "1 - 29:20", "label": "Throw-in", "position": "1760316", "team": "not applicable", "visibility": "visible"}, {"gameTime": "1 - 33:17", "label": "Ball out of play", "position": "1997767", "team": "home", "visibility": "visible"}, {"gameTime": "1 - 33:40", "label": "Substitution", "position": "2020467", "team": "away", "visibility": "visible"}, {"gameTime": "1 - 33:50", "label": "Throw-in", "position": "2030039", "team": "not applicable", "visibility": "visible"}, {"gameTime": "1 - 34:02", "label": "Ball out of play", "position": "2042800", "team": "away", "visibility": "visible"}, {"gameTime": "1 - 34:29", "label": "Throw-in", "position": "2069013", "team": "not applicable", "visibility": "visible"}, {"gameTime": "1 - 34:36", "label": "Ball out of play", "position": "2076531", "team": "home", "visibility": "not shown"}, {"gameTime": "1 - 36:02", "label": "Clearance", "position": "2162816", "team": "away", "visibility": "visible"}, {"gameTime": "1 - 36:40", "label": "Foul", "position": "2200274", "team": "home", "visibility": "visible"}, {"gameTime": "1 - 36:42", "label": "Direct free-kick", "position": "2202062", "team": "home", "visibility": "visible"}, {"gameTime": "1 - 36:43", "label": "Shots off target", "position": "2203142", "team": "not applicable", "visibility": "visible"}, {"gameTime": "1 - 37:11", "label": "Ball out of play", "position": "2231822", "team": "away", "visibility": "visible"}, {"gameTime": "1 - 38:44", "label": "Clearance", "position": "2324489", "team": "not applicable", "visibility": "visible"}, {"gameTime": "1 - 39:09", "label": "Ball out of play", "position": "2349080", "team": "away", "visibility": "not shown"}, {"gameTime": "1 - 40:17", "label": "Clearance", "position": "2417297", "team": "not applicable", "visibility": "visible"}, {"gameTime": "1 - 40:47", "label": "Ball out of play", "position": "2447657", "team": "home", "visibility": "visible"}, {"gameTime": "1 - 40:48", "label": "Corner", "position": "2448815", "team": "home", "visibility": "visible"}, {"gameTime": "1 - 40:49", "label": "Shots off target", "position": "2449815", "team": "not applicable", "visibility": "visible"}, {"gameTime": "1 - 41:16", "label": "Ball out of play", "position": "2476439", "team": "away", "visibility": "visible"}, {"gameTime": "1 - 41:38", "label": "Clearance", "position": "2498347", "team": "not applicable", "visibility": "visible"}, {"gameTime": "1 - 41:40", "label": "Ball out of play", "position": "2500517", "team": "home", "visibility": "visible"}, {"gameTime": "1 - 42:20", "label": "Throw-in", "position": "2540012", "team": "not applicable", "visibility": "visible"}, {"gameTime": "1 - 42:23", "label": "Ball out of play", "position": "2543520", "team": "home", "visibility": "not shown"}, {"gameTime": "2 - 00:07", "label": "Kick-off", "position": "7421", "team": "not applicable", "visibility": "visible"}, {"gameTime": "2 - 00:20", "label": "Ball out of play", "position": "20878", "team": "away", "visibility": "visible"}, {"gameTime": "2 - 00:38", "label": "Throw-in", "position": "38588", "team": "not applicable", "visibility": "visible"}, {"gameTime": "2 - 00:45", "label": "Ball out of play", "position": "45101", "team": "away", "visibility": "visible"}, {"gameTime": "2 - 00:55", "label": "Throw-in", "position": "55543", "team": "not applicable", "visibility": "visible"}, {"gameTime": "2 - 01:11", "label": "Ball out of play", "position": "71181", "team": "home", "visibility": "visible"}, {"gameTime": "2 - 02:10", "label": "Throw-in", "position": "130160", "team": "not applicable", "visibility": "visible"}, {"gameTime": "2 - 02:34", "label": "Ball out of play", "position": "154561", "team": "away", "visibility": "visible"}, {"gameTime": "2 - 02:38", "label": "Clearance", "position": "158844", "team": "not applicable", "visibility": "visible"}, {"gameTime": "2 - 02:45", "label": "Ball out of play", "position": "165263", "team": "home", "visibility": "visible"}, {"gameTime": "2 - 03:07", "label": "Throw-in", "position": "187442", "team": "not applicable", "visibility": "visible"}, {"gameTime": "2 - 03:16", "label": "Ball out of play", "position": "196589", "team": "home", "visibility": "visible"}, {"gameTime": "2 - 03:37", "label": "Throw-in", "position": "217844", "team": "not applicable", "visibility": "visible"}, {"gameTime": "2 - 04:09", "label": "Ball out of play", "position": "249818", "team": "away", "visibility": "visible"}, {"gameTime": "2 - 04:24", "label": "Clearance", "position": "264945", "team": "home", "visibility": "visible"}, {"gameTime": "2 - 05:28", "label": "Shots off target", "position": "328741", "team": "not applicable", "visibility": "visible"}, {"gameTime": "2 - 05:33", "label": "Ball out of play", "position": "333637", "team": "home", "visibility": "visible"}, {"gameTime": "2 - 07:09", "label": "Throw-in", "position": "429078", "team": "home", "visibility": "visible"}, {"gameTime": "2 - 07:10", "label": "Shots off target", "position": "430478", "team": "not applicable", "visibility": "visible"}, {"gameTime": "2 - 08:02", "label": "Ball out of play", "position": "482545", "team": "away", "visibility": "visible"}, {"gameTime": "2 - 09:02", "label": "Clearance", "position": "542271", "team": "home", "visibility": "visible"}, {"gameTime": "2 - 10:02", "label": "Shots on target", "position": "602875", "team": "not applicable", "visibility": "visible"}, {"gameTime": "2 - 10:28", "label": "Ball out of play", "position": "628468", "team": "away", "visibility": "visible"}, {"gameTime": "2 - 11:19", "label": "Clearance", "position": "679654", "team": "not applicable", "visibility": "visible"}, {"gameTime": "2 - 11:43", "label": "Ball out of play", "position": "703877", "team": "home", "visibility": "visible"}, {"gameTime": "2 - 11:49", "label": "Corner", "position": "709145", "team": "home", "visibility": "visible"}, {"gameTime": "2 - 12:46", "label": "Shots off target", "position": "766941", "team": "home", "visibility": "visible"}, {"gameTime": "2 - 13:08", "label": "Shots on target", "position": "788677", "team": "not applicable", "visibility": "visible"}, {"gameTime": "2 - 13:15", "label": "Ball out of play", "position": "795614", "team": "home", "visibility": "not shown"}, {"gameTime": "2 - 13:42", "label": "Throw-in", "position": "822676", "team": "not applicable", "visibility": "visible"}, {"gameTime": "2 - 14:09", "label": "Ball out of play", "position": "849764", "team": "away", "visibility": "not shown"}, {"gameTime": "2 - 14:41", "label": "Clearance", "position": "881655", "team": "away", "visibility": "visible"}, {"gameTime": "2 - 14:56", "label": "Foul", "position": "896603", "team": "away", "visibility": "visible"}, {"gameTime": "2 - 15:11", "label": "Yellow card", "position": "911470", "team": "home", "visibility": "visible"}, {"gameTime": "2 - 16:55", "label": "Indirect free-kick", "position": "1015408", "team": "not applicable", "visibility": "visible"}, {"gameTime": "2 - 17:20", "label": "Ball out of play", "position": "1040391", "team": "away", "visibility": "not shown"}, {"gameTime": "2 - 17:28", "label": "Clearance", "position": "1048987", "team": "not applicable", "visibility": "visible"}, {"gameTime": "2 - 18:05", "label": "Ball out of play", "position": "1085835", "team": "away", "visibility": "visible"}, {"gameTime": "2 - 18:17", "label": "Corner", "position": "1097670", "team": "away", "visibility": "visible"}, {"gameTime": "2 - 18:24", "label": "Foul", "position": "1104381", "team": "away", "visibility": "visible"}, {"gameTime": "2 - 18:38", "label": "Yellow card", "position": "1118094", "team": "home", "visibility": "not shown"}, {"gameTime": "2 - 19:29", "label": "Indirect free-kick", "position": "1169106", "team": "home", "visibility": "visible"}, {"gameTime": "2 - 19:29", "label": "Shots off target", "position": "1169946", "team": "not applicable", "visibility": "visible"}, {"gameTime": "2 - 19:53", "label": "Ball out of play", "position": "1193509", "team": "away", "visibility": "not shown"}, {"gameTime": "2 - 20:15", "label": "Clearance", "position": "1215861", "team": "not applicable", "visibility": "visible"}, {"gameTime": "2 - 20:21", "label": "Ball out of play", "position": "1221841", "team": "home", "visibility": "visible"}, {"gameTime": "2 - 21:13", "label": "Throw-in", "position": "1273857", "team": "home", "visibility": "visible"}, {"gameTime": "2 - 21:18", "label": "Foul", "position": "1278038", "team": "home", "visibility": "not shown"}, {"gameTime": "2 - 22:21", "label": "Yellow card", "position": "1341208", "team": "away", "visibility": "visible"}, {"gameTime": "2 - 22:21", "label": "Direct free-kick", "position": "1341208", "team": "away", "visibility": "visible"}, {"gameTime": "2 - 22:57", "label": "Shots off target", "position": "1377255", "team": "away", "visibility": "visible"}, {"gameTime": "2 - 23:55", "label": "Shots on target", "position": "1435043", "team": "not applicable", "visibility": "visible"}, {"gameTime": "2 - 24:00", "label": "Ball out of play", "position": "1440728", "team": "home", "visibility": "not shown"}, {"gameTime": "2 - 24:42", "label": "Throw-in", "position": "1482875", "team": "away", "visibility": "visible"}, {"gameTime": "2 - 24:52", "label": "Foul", "position": "1492280", "team": "away", "visibility": "visible"}, {"gameTime": "2 - 26:13", "label": "Yellow card", "position": "1573184", "team": "home", "visibility": "visible"}, {"gameTime": "2 - 26:13", "label": "Shots off target", "position": "1573184", "team": "home", "visibility": "visible"}, {"gameTime": "2 - 26:13", "label": "Direct free-kick", "position": "1573964", "team": "not applicable", "visibility": "visible"}, {"gameTime": "2 - 26:39", "label": "Ball out of play", "position": "1599093", "team": "away", "visibility": "visible"}, {"gameTime": "2 - 26:51", "label": "Clearance", "position": "1611466", "team": "not applicable", "visibility": "visible"}, {"gameTime": "2 - 27:27", "label": "Ball out of play", "position": "1647594", "team": "home", "visibility": "visible"}, {"gameTime": "2 - 27:32", "label": "Corner", "position": "1652935", "team": "home", "visibility": "visible"}, {"gameTime": "2 - 27:34", "label": "Shots on target", "position": "1654038", "team": "not applicable", "visibility": "visible"}, {"gameTime": "2 - 27:56", "label": "Ball out of play", "position": "1676829", "team": "home", "visibility": "visible"}, {"gameTime": "2 - 27:58", "label": "Corner", "position": "1678606", "team": "not applicable", "visibility": "visible"}, {"gameTime": "2 - 28:15", "label": "Ball out of play", "position": "1695066", "team": "home", "visibility": "visible"}, {"gameTime": "2 - 29:43", "label": "Corner", "position": "1783136", "team": "home", "visibility": "visible"}, {"gameTime": "2 - 29:44", "label": "Shots on target", "position": "1784280", "team": "home", "visibility": "visible"}, {"gameTime": "2 - 30:46", "label": "Goal", "position": "1846660", "team": "away", "visibility": "not shown"}, {"gameTime": "2 - 31:33", "label": "Kick-off", "position": "1893039", "team": "not applicable", "visibility": "visible"}, {"gameTime": "2 - 31:39", "label": "Ball out of play", "position": "1899445", "team": "home", "visibility": "not shown"}, {"gameTime": "2 - 32:17", "label": "Throw-in", "position": "1937520", "team": "not applicable", "visibility": "visible"}, {"gameTime": "2 - 32:38", "label": "Ball out of play", "position": "1958701", "team": "home", "visibility": "visible"}, {"gameTime": "2 - 32:40", "label": "Corner", "position": "1960262", "team": "home", "visibility": "visible"}, {"gameTime": "2 - 32:40", "label": "Shots off target", "position": "1960702", "team": "not applicable", "visibility": "visible"}, {"gameTime": "2 - 33:26", "label": "Ball out of play", "position": "2006640", "team": "away", "visibility": "visible"}, {"gameTime": "2 - 33:34", "label": "Substitution", "position": "2014760", "team": "away", "visibility": "visible"}, {"gameTime": "2 - 33:47", "label": "Substitution", "position": "2027290", "team": "away", "visibility": "visible"}, {"gameTime": "2 - 35:54", "label": "Clearance", "position": "2154176", "team": "not applicable", "visibility": "visible"}, {"gameTime": "2 - 36:18", "label": "Ball out of play", "position": "2178109", "team": "away", "visibility": "not shown"}, {"gameTime": "2 - 37:49", "label": "Throw-in", "position": "2269416", "team": "not applicable", "visibility": "not shown"}, {"gameTime": "2 - 38:12", "label": "Ball out of play", "position": "2292423", "team": "home", "visibility": "not shown"}, {"gameTime": "2 - 38:55", "label": "Throw-in", "position": "2335598", "team": "not applicable", "visibility": "visible"}, {"gameTime": "2 - 39:22", "label": "Ball out of play", "position": "2362006", "team": "away", "visibility": "not shown"}, {"gameTime": "2 - 39:27", "label": "Clearance", "position": "2367930", "team": "not applicable", "visibility": "visible"}, {"gameTime": "2 - 39:47", "label": "Ball out of play", "position": "2387168", "team": "away", "visibility": "visible"}, {"gameTime": "2 - 39:51", "label": "Throw-in", "position": "2391084", "team": "away", "visibility": "visible"}, {"gameTime": "2 - 40:19", "label": "Offside", "position": "2419878", "team": "home", "visibility": "not shown"}, {"gameTime": "2 - 40:50", "label": "Indirect free-kick", "position": "2450357", "team": "home", "visibility": "visible"}, {"gameTime": "2 - 40:51", "label": "Shots on target", "position": "2451877", "team": "not applicable", "visibility": "visible"}, {"gameTime": "2 - 41:48", "label": "Ball out of play", "position": "2508000", "team": "home", "visibility": "visible"}, {"gameTime": "2 - 42:00", "label": "Substitution", "position": "2520156", "team": "home", "visibility": "visible"}, {"gameTime": "2 - 42:35", "label": "Corner", "position": "2555918", "team": "not applicable", "visibility": "visible"}, {"gameTime": "2 - 42:57", "label": "Ball out of play", "position": "2577188", "team": "away", "visibility": "visible"}, {"gameTime": "2 - 43:03", "label": "Throw-in", "position": "2583353", "team": "home", "visibility": "visible"}, {"gameTime": "2 - 43:32", "label": "Foul", "position": "2612255", "team": "away", "visibility": "visible"}, {"gameTime": "2 - 43:41", "label": "Indirect free-kick", "position": "2621258", "team": "not applicable", "visibility": "visible"}, {"gameTime": "2 - 43:52", "label": "Ball out of play", "position": "2632188", "team": "away", "visibility": "visible"}, {"gameTime": "2 - 43:56", "label": "Throw-in", "position": "2636877", "team": "not applicable", "visibility": "visible"}, {"gameTime": "2 - 44:02", "label": "Ball out of play", "position": "2642990", "team": "away", "visibility": "visible"}, {"gameTime": "2 - 44:19", "label": "Throw-in", "position": "2659202", "team": "away", "visibility": "visible"}, {"gameTime": "2 - 45:09", "label": "Foul", "position": "2709442", "team": "home", "visibility": "visible"}, {"gameTime": "2 - 45:09", "label": "Penalty", "position": "2709442", "team": "home", "visibility": "visible"}, {"gameTime": "2 - 45:09", "label": "Shots on target", "position": "2709880", "team": "home", "visibility": "visible"}, {"gameTime": "2 - 46:00", "label": "Goal", "position": "2760375", "team": "away", "visibility": "not shown"}, {"gameTime": "2 - 46:25", "label": "Kick-off", "position": "2785140", "team": "home", "visibility": "visible"}, {"gameTime": "2 - 46:25", "label": "Shots off target", "position": "2785980", "team": "not applicable", "visibility": "visible"}, {"gameTime": "2 - 46:56", "label": "Ball out of play", "position": "2816720", "team": "home", "visibility": "visible"}, {"gameTime": "2 - 47:17", "label": "Substitution", "position": "2837004", "team": "away", "visibility": "visible"}, {"gameTime": "2 - 47:43", "label": "Clearance", "position": "2863750", "team": "not applicable", "visibility": "visible"}, {"gameTime": "2 - 47:50", "label": "Ball out of play", "position": "2870688", "team": "away", "visibility": "not shown"}], "gameAwayTeam": "Sunderland", "gameDate": "26/11/2016 - 18:00", "gameHomeTeam": "Liverpool", "gameScore": "2 - 0"}