{"UrlLocal": "england_epl/2016-2017/2016-11-19 - 18-00 Southampton 0 - 0 Liverpool/", "UrlYoutube": "", "annotations": [{"gameTime": "1 - 00:00", "label": "Ball out of play", "position": "37", "team": "home", "visibility": "not shown"}, {"gameTime": "1 - 00:13", "label": "Throw-in", "position": "13551", "team": "not applicable", "visibility": "visible"}, {"gameTime": "1 - 00:19", "label": "Ball out of play", "position": "19996", "team": "away", "visibility": "visible"}, {"gameTime": "1 - 00:58", "label": "Throw-in", "position": "58831", "team": "not applicable", "visibility": "visible"}, {"gameTime": "1 - 01:10", "label": "Ball out of play", "position": "70852", "team": "away", "visibility": "visible"}, {"gameTime": "1 - 01:22", "label": "Throw-in", "position": "82868", "team": "not applicable", "visibility": "visible"}, {"gameTime": "1 - 01:26", "label": "Ball out of play", "position": "86768", "team": "away", "visibility": "not shown"}, {"gameTime": "1 - 01:33", "label": "Throw-in", "position": "93469", "team": "not applicable", "visibility": "visible"}, {"gameTime": "1 - 01:44", "label": "Ball out of play", "position": "104918", "team": "away", "visibility": "visible"}, {"gameTime": "1 - 02:01", "label": "Throw-in", "position": "121959", "team": "not applicable", "visibility": "visible"}, {"gameTime": "1 - 02:15", "label": "Ball out of play", "position": "135081", "team": "home", "visibility": "visible"}, {"gameTime": "1 - 02:52", "label": "Corner", "position": "172960", "team": "not applicable", "visibility": "visible"}, {"gameTime": "1 - 03:14", "label": "Offside", "position": "194865", "team": "home", "visibility": "visible"}, {"gameTime": "1 - 03:25", "label": "Indirect free-kick", "position": "205752", "team": "home", "visibility": "visible"}, {"gameTime": "1 - 03:45", "label": "Ball out of play", "position": "225138", "team": "away", "visibility": "not shown"}, {"gameTime": "1 - 04:24", "label": "Throw-in", "position": "264367", "team": "not applicable", "visibility": "visible"}, {"gameTime": "1 - 04:29", "label": "Ball out of play", "position": "269845", "team": "away", "visibility": "visible"}, {"gameTime": "1 - 04:32", "label": "Throw-in", "position": "272122", "team": "not applicable", "visibility": "visible"}, {"gameTime": "1 - 04:41", "label": "Ball out of play", "position": "281339", "team": "away", "visibility": "visible"}, {"gameTime": "1 - 04:53", "label": "Throw-in", "position": "293952", "team": "not applicable", "visibility": "visible"}, {"gameTime": "1 - 04:55", "label": "Ball out of play", "position": "295286", "team": "home", "visibility": "visible"}, {"gameTime": "1 - 05:23", "label": "Clearance", "position": "323910", "team": "not applicable", "visibility": "not shown"}, {"gameTime": "1 - 05:56", "label": "Foul", "position": "356440", "team": "home", "visibility": "visible"}, {"gameTime": "1 - 08:47", "label": "Indirect free-kick", "position": "527755", "team": "away", "visibility": "visible"}, {"gameTime": "1 - 09:19", "label": "Ball out of play", "position": "559216", "team": "home", "visibility": "visible"}, {"gameTime": "1 - 09:31", "label": "Throw-in", "position": "571166", "team": "not applicable", "visibility": "visible"}, {"gameTime": "1 - 09:35", "label": "Ball out of play", "position": "575656", "team": "away", "visibility": "visible"}, {"gameTime": "1 - 10:38", "label": "Throw-in", "position": "638825", "team": "not applicable", "visibility": "visible"}, {"gameTime": "1 - 11:01", "label": "Ball out of play", "position": "661809", "team": "home", "visibility": "visible"}, {"gameTime": "1 - 11:10", "label": "Throw-in", "position": "670038", "team": "not applicable", "visibility": "visible"}, {"gameTime": "1 - 11:25", "label": "Shots off target", "position": "685384", "team": "away", "visibility": "visible"}, {"gameTime": "1 - 13:41", "label": "Ball out of play", "position": "821864", "team": "home", "visibility": "visible"}, {"gameTime": "1 - 13:43", "label": "Clearance", "position": "823184", "team": "not applicable", "visibility": "visible"}, {"gameTime": "1 - 14:13", "label": "Ball out of play", "position": "853937", "team": "away", "visibility": "visible"}, {"gameTime": "1 - 14:37", "label": "Throw-in", "position": "877540", "team": "not applicable", "visibility": "visible"}, {"gameTime": "1 - 15:04", "label": "Ball out of play", "position": "904096", "team": "home", "visibility": "visible"}, {"gameTime": "1 - 15:22", "label": "Throw-in", "position": "922978", "team": "not applicable", "visibility": "visible"}, {"gameTime": "1 - 15:44", "label": "Ball out of play", "position": "944917", "team": "away", "visibility": "visible"}, {"gameTime": "1 - 15:51", "label": "Throw-in", "position": "951644", "team": "not applicable", "visibility": "visible"}, {"gameTime": "1 - 16:08", "label": "Foul", "position": "968943", "team": "home", "visibility": "visible"}, {"gameTime": "1 - 16:14", "label": "Indirect free-kick", "position": "974729", "team": "away", "visibility": "visible"}, {"gameTime": "1 - 16:17", "label": "Foul", "position": "977510", "team": "home", "visibility": "visible"}, {"gameTime": "1 - 17:07", "label": "Indirect free-kick", "position": "1027254", "team": "home", "visibility": "visible"}, {"gameTime": "1 - 17:19", "label": "Ball out of play", "position": "1039350", "team": "away", "visibility": "not shown"}, {"gameTime": "1 - 18:30", "label": "Throw-in", "position": "1110239", "team": "not applicable", "visibility": "visible"}, {"gameTime": "1 - 18:38", "label": "Foul", "position": "1118385", "team": "home", "visibility": "visible"}, {"gameTime": "1 - 18:44", "label": "Indirect free-kick", "position": "1124577", "team": "home", "visibility": "visible"}, {"gameTime": "1 - 19:12", "label": "Ball out of play", "position": "1152339", "team": "away", "visibility": "not shown"}, {"gameTime": "1 - 20:06", "label": "Throw-in", "position": "1206620", "team": "not applicable", "visibility": "visible"}, {"gameTime": "1 - 20:29", "label": "Foul", "position": "1229529", "team": "home", "visibility": "visible"}, {"gameTime": "1 - 20:41", "label": "Indirect free-kick", "position": "1241857", "team": "away", "visibility": "visible"}, {"gameTime": "1 - 20:49", "label": "Offside", "position": "1249601", "team": "home", "visibility": "visible"}, {"gameTime": "1 - 20:57", "label": "Indirect free-kick", "position": "1257672", "team": "home", "visibility": "visible"}, {"gameTime": "1 - 21:20", "label": "Foul", "position": "1280968", "team": "away", "visibility": "not shown"}, {"gameTime": "1 - 22:41", "label": "Indirect free-kick", "position": "1361162", "team": "away", "visibility": "visible"}, {"gameTime": "1 - 23:26", "label": "Ball out of play", "position": "1406845", "team": "home", "visibility": "visible"}, {"gameTime": "1 - 23:43", "label": "Throw-in", "position": "1423466", "team": "not applicable", "visibility": "visible"}, {"gameTime": "1 - 24:02", "label": "Foul", "position": "1442751", "team": "away", "visibility": "visible"}, {"gameTime": "1 - 24:55", "label": "Indirect free-kick", "position": "1495227", "team": "home", "visibility": "visible"}, {"gameTime": "1 - 25:20", "label": "Foul", "position": "1520427", "team": "away", "visibility": "not shown"}, {"gameTime": "1 - 26:04", "label": "Indirect free-kick", "position": "1564828", "team": "home", "visibility": "visible"}, {"gameTime": "1 - 26:25", "label": "Shots on target", "position": "1585977", "team": "away", "visibility": "not shown"}, {"gameTime": "1 - 27:25", "label": "Ball out of play", "position": "1645099", "team": "away", "visibility": "visible"}, {"gameTime": "1 - 27:26", "label": "Corner", "position": "1646144", "team": "not applicable", "visibility": "visible"}, {"gameTime": "1 - 27:53", "label": "Ball out of play", "position": "1673441", "team": "away", "visibility": "visible"}, {"gameTime": "1 - 28:09", "label": "Throw-in", "position": "1689150", "team": "not applicable", "visibility": "visible"}, {"gameTime": "1 - 28:29", "label": "Foul", "position": "1709125", "team": "away", "visibility": "not shown"}, {"gameTime": "1 - 28:34", "label": "Indirect free-kick", "position": "1714641", "team": "away", "visibility": "visible"}, {"gameTime": "1 - 29:05", "label": "Ball out of play", "position": "1745609", "team": "home", "visibility": "visible"}, {"gameTime": "1 - 29:12", "label": "Throw-in", "position": "1752061", "team": "not applicable", "visibility": "visible"}, {"gameTime": "1 - 29:28", "label": "Ball out of play", "position": "1768023", "team": "home", "visibility": "visible"}, {"gameTime": "1 - 29:30", "label": "Throw-in", "position": "1770477", "team": "not applicable", "visibility": "visible"}, {"gameTime": "1 - 29:45", "label": "Ball out of play", "position": "1785714", "team": "away", "visibility": "visible"}, {"gameTime": "1 - 29:47", "label": "Throw-in", "position": "1787052", "team": "not applicable", "visibility": "visible"}, {"gameTime": "1 - 29:52", "label": "Ball out of play", "position": "1792684", "team": "away", "visibility": "not shown"}, {"gameTime": "1 - 30:00", "label": "Throw-in", "position": "1800312", "team": "not applicable", "visibility": "visible"}, {"gameTime": "1 - 30:15", "label": "Ball out of play", "position": "1815785", "team": "away", "visibility": "visible"}, {"gameTime": "1 - 30:17", "label": "Throw-in", "position": "1817941", "team": "not applicable", "visibility": "visible"}, {"gameTime": "1 - 30:23", "label": "Ball out of play", "position": "1823931", "team": "away", "visibility": "visible"}, {"gameTime": "1 - 30:27", "label": "Throw-in", "position": "1827065", "team": "not applicable", "visibility": "visible"}, {"gameTime": "1 - 30:40", "label": "Ball out of play", "position": "1840955", "team": "away", "visibility": "visible"}, {"gameTime": "1 - 31:54", "label": "Throw-in", "position": "1914485", "team": "not applicable", "visibility": "visible"}, {"gameTime": "1 - 31:56", "label": "Shots off target", "position": "1916291", "team": "away", "visibility": "visible"}, {"gameTime": "1 - 32:38", "label": "Ball out of play", "position": "1958157", "team": "away", "visibility": "visible"}, {"gameTime": "1 - 32:39", "label": "Clearance", "position": "1959397", "team": "not applicable", "visibility": "visible"}, {"gameTime": "1 - 33:07", "label": "Ball out of play", "position": "1987803", "team": "home", "visibility": "visible"}, {"gameTime": "1 - 34:14", "label": "Throw-in", "position": "2054264", "team": "not applicable", "visibility": "visible"}, {"gameTime": "1 - 34:24", "label": "Ball out of play", "position": "2064251", "team": "home", "visibility": "visible"}, {"gameTime": "1 - 34:41", "label": "Clearance", "position": "2081210", "team": "not applicable", "visibility": "visible"}, {"gameTime": "1 - 35:10", "label": "Ball out of play", "position": "2110000", "team": "home", "visibility": "visible"}, {"gameTime": "1 - 35:14", "label": "Throw-in", "position": "2114794", "team": "not applicable", "visibility": "visible"}, {"gameTime": "1 - 35:31", "label": "Ball out of play", "position": "2131269", "team": "home", "visibility": "visible"}, {"gameTime": "1 - 35:46", "label": "Throw-in", "position": "2146314", "team": "not applicable", "visibility": "visible"}, {"gameTime": "1 - 35:59", "label": "Ball out of play", "position": "2159749", "team": "home", "visibility": "visible"}, {"gameTime": "1 - 36:24", "label": "Throw-in", "position": "2184362", "team": "not applicable", "visibility": "visible"}, {"gameTime": "1 - 36:31", "label": "Ball out of play", "position": "2191728", "team": "away", "visibility": "not shown"}, {"gameTime": "1 - 36:54", "label": "Throw-in", "position": "2214746", "team": "not applicable", "visibility": "visible"}, {"gameTime": "1 - 37:02", "label": "Ball out of play", "position": "2222127", "team": "away", "visibility": "not shown"}, {"gameTime": "1 - 37:12", "label": "Throw-in", "position": "2232726", "team": "not applicable", "visibility": "visible"}, {"gameTime": "1 - 37:27", "label": "Offside", "position": "2247312", "team": "home", "visibility": "visible"}, {"gameTime": "1 - 37:59", "label": "Clearance", "position": "2279249", "team": "away", "visibility": "visible"}, {"gameTime": "1 - 38:38", "label": "Ball out of play", "position": "2318348", "team": "home", "visibility": "visible"}, {"gameTime": "1 - 38:45", "label": "Throw-in", "position": "2325273", "team": "not applicable", "visibility": "visible"}, {"gameTime": "1 - 38:50", "label": "Shots on target", "position": "2330020", "team": "away", "visibility": "visible"}, {"gameTime": "1 - 39:50", "label": "Ball out of play", "position": "2390180", "team": "away", "visibility": "visible"}, {"gameTime": "1 - 39:50", "label": "Corner", "position": "2390740", "team": "not applicable", "visibility": "visible"}, {"gameTime": "1 - 40:20", "label": "Ball out of play", "position": "2420713", "team": "away", "visibility": "not shown"}, {"gameTime": "1 - 42:55", "label": "Clearance", "position": "2575604", "team": "not applicable", "visibility": "visible"}, {"gameTime": "1 - 43:26", "label": "Ball out of play", "position": "2606671", "team": "home", "visibility": "not shown"}, {"gameTime": "1 - 43:46", "label": "Throw-in", "position": "2626328", "team": "not applicable", "visibility": "visible"}, {"gameTime": "1 - 43:49", "label": "Throw-in", "position": "2629529", "team": "away", "visibility": "visible"}, {"gameTime": "2 - 00:00", "label": "Ball out of play", "position": "0", "team": "away", "visibility": "not shown"}, {"gameTime": "2 - 00:07", "label": "Throw-in", "position": "7483", "team": "not applicable", "visibility": "visible"}, {"gameTime": "2 - 00:11", "label": "Ball out of play", "position": "11328", "team": "away", "visibility": "visible"}, {"gameTime": "2 - 00:16", "label": "Throw-in", "position": "16796", "team": "not applicable", "visibility": "visible"}, {"gameTime": "2 - 00:24", "label": "Ball out of play", "position": "24760", "team": "away", "visibility": "visible"}, {"gameTime": "2 - 00:41", "label": "Throw-in", "position": "41499", "team": "not applicable", "visibility": "visible"}, {"gameTime": "2 - 00:58", "label": "Offside", "position": "58351", "team": "away", "visibility": "visible"}, {"gameTime": "2 - 01:27", "label": "Indirect free-kick", "position": "87093", "team": "away", "visibility": "visible"}, {"gameTime": "2 - 02:00", "label": "Shots off target", "position": "120271", "team": "home", "visibility": "visible"}, {"gameTime": "2 - 02:58", "label": "Shots off target", "position": "178808", "team": "away", "visibility": "visible"}, {"gameTime": "2 - 03:38", "label": "Ball out of play", "position": "218473", "team": "away", "visibility": "visible"}, {"gameTime": "2 - 03:39", "label": "Clearance", "position": "219953", "team": "not applicable", "visibility": "visible"}, {"gameTime": "2 - 05:42", "label": "Foul", "position": "342415", "team": "home", "visibility": "not shown"}, {"gameTime": "2 - 05:52", "label": "Indirect free-kick", "position": "352878", "team": "away", "visibility": "visible"}, {"gameTime": "2 - 06:25", "label": "Ball out of play", "position": "385557", "team": "home", "visibility": "not shown"}, {"gameTime": "2 - 07:20", "label": "Throw-in", "position": "440092", "team": "not applicable", "visibility": "visible"}, {"gameTime": "2 - 07:41", "label": "Ball out of play", "position": "461520", "team": "home", "visibility": "visible"}, {"gameTime": "2 - 07:45", "label": "Throw-in", "position": "465924", "team": "not applicable", "visibility": "visible"}, {"gameTime": "2 - 07:53", "label": "Ball out of play", "position": "473181", "team": "home", "visibility": "visible"}, {"gameTime": "2 - 07:59", "label": "Throw-in", "position": "479029", "team": "not applicable", "visibility": "visible"}, {"gameTime": "2 - 08:00", "label": "Ball out of play", "position": "480913", "team": "away", "visibility": "visible"}, {"gameTime": "2 - 09:42", "label": "Throw-in", "position": "582609", "team": "not applicable", "visibility": "visible"}, {"gameTime": "2 - 09:57", "label": "Offside", "position": "597638", "team": "away", "visibility": "visible"}, {"gameTime": "2 - 10:00", "label": "Indirect free-kick", "position": "600434", "team": "away", "visibility": "visible"}, {"gameTime": "2 - 10:27", "label": "Foul", "position": "627160", "team": "home", "visibility": "not shown"}, {"gameTime": "2 - 10:46", "label": "Indirect free-kick", "position": "646603", "team": "home", "visibility": "visible"}, {"gameTime": "2 - 11:35", "label": "Ball out of play", "position": "695392", "team": "away", "visibility": "visible"}, {"gameTime": "2 - 11:37", "label": "Corner", "position": "697557", "team": "not applicable", "visibility": "visible"}, {"gameTime": "2 - 12:00", "label": "Ball out of play", "position": "720456", "team": "away", "visibility": "visible"}, {"gameTime": "2 - 12:03", "label": "Clearance", "position": "723385", "team": "not applicable", "visibility": "visible"}, {"gameTime": "2 - 12:28", "label": "Shots off target", "position": "748417", "team": "home", "visibility": "not shown"}, {"gameTime": "2 - 12:50", "label": "Ball out of play", "position": "770468", "team": "home", "visibility": "visible"}, {"gameTime": "2 - 12:50", "label": "Clearance", "position": "770908", "team": "not applicable", "visibility": "visible"}, {"gameTime": "2 - 12:58", "label": "Ball out of play", "position": "778768", "team": "away", "visibility": "not shown"}, {"gameTime": "2 - 13:13", "label": "Throw-in", "position": "793410", "team": "not applicable", "visibility": "not shown"}, {"gameTime": "2 - 13:25", "label": "Ball out of play", "position": "805570", "team": "away", "visibility": "visible"}, {"gameTime": "2 - 14:16", "label": "Throw-in", "position": "856839", "team": "not applicable", "visibility": "visible"}, {"gameTime": "2 - 14:32", "label": "Foul", "position": "872334", "team": "away", "visibility": "not shown"}, {"gameTime": "2 - 14:54", "label": "Yellow card", "position": "894570", "team": "home", "visibility": "visible"}, {"gameTime": "2 - 15:03", "label": "Direct free-kick", "position": "903207", "team": "home", "visibility": "visible"}, {"gameTime": "2 - 15:30", "label": "Ball out of play", "position": "930752", "team": "away", "visibility": "visible"}, {"gameTime": "2 - 15:46", "label": "Throw-in", "position": "946664", "team": "not applicable", "visibility": "visible"}, {"gameTime": "2 - 16:07", "label": "Foul", "position": "967160", "team": "home", "visibility": "visible"}, {"gameTime": "2 - 16:17", "label": "Indirect free-kick", "position": "977963", "team": "away", "visibility": "visible"}, {"gameTime": "2 - 16:33", "label": "Foul", "position": "993107", "team": "home", "visibility": "visible"}, {"gameTime": "2 - 16:42", "label": "Indirect free-kick", "position": "1002237", "team": "away", "visibility": "visible"}, {"gameTime": "2 - 17:05", "label": "Ball out of play", "position": "1025172", "team": "home", "visibility": "not shown"}, {"gameTime": "2 - 17:20", "label": "Throw-in", "position": "1040816", "team": "not applicable", "visibility": "visible"}, {"gameTime": "2 - 17:26", "label": "Shots off target", "position": "1046410", "team": "home", "visibility": "visible"}, {"gameTime": "2 - 18:56", "label": "Ball out of play", "position": "1136123", "team": "away", "visibility": "visible"}, {"gameTime": "2 - 18:57", "label": "Clearance", "position": "1137203", "team": "not applicable", "visibility": "visible"}, {"gameTime": "2 - 19:26", "label": "Ball out of play", "position": "1166507", "team": "home", "visibility": "visible"}, {"gameTime": "2 - 19:38", "label": "Throw-in", "position": "1178023", "team": "not applicable", "visibility": "visible"}, {"gameTime": "2 - 19:59", "label": "Shots off target", "position": "1199114", "team": "home", "visibility": "visible"}, {"gameTime": "2 - 20:27", "label": "Ball out of play", "position": "1227456", "team": "away", "visibility": "visible"}, {"gameTime": "2 - 20:28", "label": "Substitution", "position": "1228096", "team": "not applicable", "visibility": "visible"}, {"gameTime": "2 - 20:55", "label": "Clearance", "position": "1255640", "team": "home", "visibility": "not shown"}, {"gameTime": "2 - 21:09", "label": "Ball out of play", "position": "1269996", "team": "home", "visibility": "not shown"}, {"gameTime": "2 - 21:19", "label": "Throw-in", "position": "1279653", "team": "not applicable", "visibility": "visible"}, {"gameTime": "2 - 21:31", "label": "Ball out of play", "position": "1291134", "team": "home", "visibility": "visible"}, {"gameTime": "2 - 21:34", "label": "Throw-in", "position": "1294711", "team": "not applicable", "visibility": "visible"}, {"gameTime": "2 - 21:50", "label": "Ball out of play", "position": "1310995", "team": "home", "visibility": "visible"}, {"gameTime": "2 - 22:07", "label": "Corner", "position": "1327451", "team": "not applicable", "visibility": "visible"}, {"gameTime": "2 - 22:30", "label": "Ball out of play", "position": "1350072", "team": "away", "visibility": "visible"}, {"gameTime": "2 - 22:36", "label": "Throw-in", "position": "1356030", "team": "not applicable", "visibility": "visible"}, {"gameTime": "2 - 22:58", "label": "Ball out of play", "position": "1378995", "team": "home", "visibility": "visible"}, {"gameTime": "2 - 23:14", "label": "Throw-in", "position": "1394478", "team": "not applicable", "visibility": "visible"}, {"gameTime": "2 - 23:37", "label": "Foul", "position": "1417592", "team": "away", "visibility": "visible"}, {"gameTime": "2 - 23:53", "label": "Indirect free-kick", "position": "1433449", "team": "home", "visibility": "visible"}, {"gameTime": "2 - 24:04", "label": "Ball out of play", "position": "1444696", "team": "away", "visibility": "visible"}, {"gameTime": "2 - 24:17", "label": "Corner", "position": "1457815", "team": "not applicable", "visibility": "visible"}, {"gameTime": "2 - 24:43", "label": "Foul", "position": "1483062", "team": "away", "visibility": "visible"}, {"gameTime": "2 - 25:03", "label": "Indirect free-kick", "position": "1503331", "team": "home", "visibility": "visible"}, {"gameTime": "2 - 25:15", "label": "Ball out of play", "position": "1515131", "team": "away", "visibility": "visible"}, {"gameTime": "2 - 26:31", "label": "Throw-in", "position": "1591920", "team": "not applicable", "visibility": "visible"}, {"gameTime": "2 - 26:50", "label": "Ball out of play", "position": "1610351", "team": "home", "visibility": "visible"}, {"gameTime": "2 - 29:03", "label": "Substitution", "position": "1743115", "team": "not applicable", "visibility": "visible"}, {"gameTime": "2 - 29:31", "label": "Throw-in", "position": "1771560", "team": "home", "visibility": "visible"}, {"gameTime": "2 - 29:40", "label": "Ball out of play", "position": "1780312", "team": "away", "visibility": "visible"}, {"gameTime": "2 - 30:08", "label": "Corner", "position": "1808579", "team": "not applicable", "visibility": "visible"}, {"gameTime": "2 - 30:25", "label": "Foul", "position": "1825015", "team": "away", "visibility": "visible"}, {"gameTime": "2 - 31:50", "label": "Yellow card", "position": "1910954", "team": "away", "visibility": "visible"}, {"gameTime": "2 - 32:01", "label": "Substitution", "position": "1921000", "team": "away", "visibility": "visible"}, {"gameTime": "2 - 32:32", "label": "Substitution", "position": "1952963", "team": "away", "visibility": "visible"}, {"gameTime": "2 - 32:52", "label": "Indirect free-kick", "position": "1972249", "team": "home", "visibility": "visible"}, {"gameTime": "2 - 33:07", "label": "Ball out of play", "position": "1987191", "team": "home", "visibility": "not shown"}, {"gameTime": "2 - 33:20", "label": "Throw-in", "position": "2000103", "team": "not applicable", "visibility": "visible"}, {"gameTime": "2 - 33:30", "label": "Shots off target", "position": "2010176", "team": "away", "visibility": "visible"}, {"gameTime": "2 - 34:25", "label": "Ball out of play", "position": "2065173", "team": "away", "visibility": "visible"}, {"gameTime": "2 - 34:25", "label": "Clearance", "position": "2065893", "team": "not applicable", "visibility": "visible"}, {"gameTime": "2 - 35:00", "label": "Ball out of play", "position": "2100741", "team": "home", "visibility": "visible"}, {"gameTime": "2 - 35:33", "label": "Throw-in", "position": "2133291", "team": "not applicable", "visibility": "visible"}, {"gameTime": "2 - 35:52", "label": "Shots off target", "position": "2152276", "team": "home", "visibility": "not shown"}, {"gameTime": "2 - 36:35", "label": "Shots on target", "position": "2195954", "team": "away", "visibility": "visible"}, {"gameTime": "2 - 36:38", "label": "Ball out of play", "position": "2198237", "team": "away", "visibility": "visible"}, {"gameTime": "2 - 36:42", "label": "Corner", "position": "2202783", "team": "not applicable", "visibility": "visible"}, {"gameTime": "2 - 37:03", "label": "Shots off target", "position": "2223912", "team": "away", "visibility": "visible"}, {"gameTime": "2 - 37:08", "label": "Ball out of play", "position": "2228285", "team": "away", "visibility": "visible"}, {"gameTime": "2 - 37:10", "label": "Clearance", "position": "2230485", "team": "not applicable", "visibility": "visible"}, {"gameTime": "2 - 37:39", "label": "Ball out of play", "position": "2259875", "team": "home", "visibility": "visible"}, {"gameTime": "2 - 37:46", "label": "Throw-in", "position": "2266058", "team": "not applicable", "visibility": "visible"}, {"gameTime": "2 - 37:51", "label": "Indirect free-kick", "position": "2271621", "team": "away", "visibility": "visible"}, {"gameTime": "2 - 40:11", "label": "Ball out of play", "position": "2411877", "team": "home", "visibility": "visible"}, {"gameTime": "2 - 41:37", "label": "Throw-in", "position": "2497582", "team": "not applicable", "visibility": "visible"}, {"gameTime": "2 - 41:55", "label": "Ball out of play", "position": "2515563", "team": "home", "visibility": "visible"}, {"gameTime": "2 - 42:35", "label": "Throw-in", "position": "2555691", "team": "not applicable", "visibility": "visible"}, {"gameTime": "2 - 43:10", "label": "Ball out of play", "position": "2590352", "team": "away", "visibility": "visible"}, {"gameTime": "2 - 44:12", "label": "Throw-in", "position": "2652559", "team": "not applicable", "visibility": "visible"}, {"gameTime": "2 - 44:36", "label": "Ball out of play", "position": "2676545", "team": "away", "visibility": "visible"}, {"gameTime": "2 - 44:42", "label": "Substitution", "position": "2682920", "team": "not applicable", "visibility": "visible"}, {"gameTime": "2 - 45:23", "label": "Corner", "position": "2723021", "team": "away", "visibility": "visible"}, {"gameTime": "2 - 45:37", "label": "Shots on target", "position": "2737711", "team": "away", "visibility": "visible"}, {"gameTime": "2 - 45:38", "label": "Shots on target", "position": "2738659", "team": "away", "visibility": "visible"}], "gameAwayTeam": "Liverpool", "gameDate": "19/11/2016 - 18:00", "gameHomeTeam": "Southampton", "gameScore": "0 - 0"}