{"UrlLocal": "england_epl/2015-2016/2015-08-16 - 18-00 Manchester City 3 - 0 Chelsea/", "UrlYoutube": "", "annotations": [{"gameTime": "1 - 00:00", "label": "Shots on target", "position": "261", "team": "away", "visibility": "visible"}, {"gameTime": "1 - 00:22", "label": "Shots off target", "position": "22306", "team": "home", "visibility": "visible"}, {"gameTime": "1 - 00:28", "label": "Ball out of play", "position": "28187", "team": "home", "visibility": "visible"}, {"gameTime": "1 - 00:29", "label": "Clearance", "position": "29074", "team": "not applicable", "visibility": "visible"}, {"gameTime": "1 - 01:07", "label": "Ball out of play", "position": "67336", "team": "away", "visibility": "visible"}, {"gameTime": "1 - 01:20", "label": "Throw-in", "position": "80048", "team": "not applicable", "visibility": "visible"}, {"gameTime": "1 - 01:29", "label": "Foul", "position": "89351", "team": "home", "visibility": "visible"}, {"gameTime": "1 - 02:16", "label": "Indirect free-kick", "position": "136216", "team": "home", "visibility": "visible"}, {"gameTime": "1 - 02:24", "label": "Foul", "position": "144653", "team": "away", "visibility": "not shown"}, {"gameTime": "1 - 02:34", "label": "Indirect free-kick", "position": "154335", "team": "home", "visibility": "visible"}, {"gameTime": "1 - 02:43", "label": "Ball out of play", "position": "163556", "team": "away", "visibility": "visible"}, {"gameTime": "1 - 03:52", "label": "Corner", "position": "232015", "team": "not applicable", "visibility": "visible"}, {"gameTime": "1 - 04:24", "label": "Foul", "position": "264443", "team": "home", "visibility": "visible"}, {"gameTime": "1 - 04:26", "label": "Indirect free-kick", "position": "266169", "team": "home", "visibility": "visible"}, {"gameTime": "1 - 05:02", "label": "Ball out of play", "position": "302975", "team": "away", "visibility": "not shown"}, {"gameTime": "1 - 05:26", "label": "Throw-in", "position": "326773", "team": "not applicable", "visibility": "visible"}, {"gameTime": "1 - 05:43", "label": "Ball out of play", "position": "343816", "team": "away", "visibility": "visible"}, {"gameTime": "1 - 05:46", "label": "Throw-in", "position": "346285", "team": "not applicable", "visibility": "visible"}, {"gameTime": "1 - 05:58", "label": "Foul", "position": "358181", "team": "away", "visibility": "visible"}, {"gameTime": "1 - 06:55", "label": "Indirect free-kick", "position": "415701", "team": "home", "visibility": "visible"}, {"gameTime": "1 - 07:38", "label": "Foul", "position": "458111", "team": "away", "visibility": "visible"}, {"gameTime": "1 - 07:49", "label": "Indirect free-kick", "position": "469050", "team": "away", "visibility": "visible"}, {"gameTime": "1 - 08:01", "label": "Foul", "position": "481921", "team": "home", "visibility": "visible"}, {"gameTime": "1 - 08:06", "label": "Direct free-kick", "position": "486020", "team": "away", "visibility": "visible"}, {"gameTime": "1 - 08:39", "label": "Shots on target", "position": "519754", "team": "home", "visibility": "visible"}, {"gameTime": "1 - 08:40", "label": "Foul", "position": "520990", "team": "home", "visibility": "visible"}, {"gameTime": "1 - 09:15", "label": "Indirect free-kick", "position": "555301", "team": "away", "visibility": "visible"}, {"gameTime": "1 - 09:31", "label": "Ball out of play", "position": "571725", "team": "home", "visibility": "visible"}, {"gameTime": "1 - 09:42", "label": "Throw-in", "position": "582661", "team": "not applicable", "visibility": "visible"}, {"gameTime": "1 - 09:59", "label": "Foul", "position": "599061", "team": "away", "visibility": "not shown"}, {"gameTime": "1 - 10:33", "label": "Indirect free-kick", "position": "633292", "team": "home", "visibility": "visible"}, {"gameTime": "1 - 11:11", "label": "Ball out of play", "position": "671253", "team": "away", "visibility": "not shown"}, {"gameTime": "1 - 11:40", "label": "Clearance", "position": "700657", "team": "not applicable", "visibility": "visible"}, {"gameTime": "1 - 12:10", "label": "Ball out of play", "position": "730262", "team": "home", "visibility": "visible"}, {"gameTime": "1 - 12:43", "label": "Corner", "position": "763742", "team": "not applicable", "visibility": "visible"}, {"gameTime": "1 - 13:08", "label": "Shots on target", "position": "788071", "team": "home", "visibility": "visible"}, {"gameTime": "1 - 15:30", "label": "Shots on target", "position": "930149", "team": "home", "visibility": "visible"}, {"gameTime": "1 - 16:16", "label": "Foul", "position": "976439", "team": "home", "visibility": "visible"}, {"gameTime": "1 - 16:45", "label": "Direct free-kick", "position": "1005231", "team": "home", "visibility": "not shown"}, {"gameTime": "1 - 17:08", "label": "Ball out of play", "position": "1028931", "team": "away", "visibility": "visible"}, {"gameTime": "1 - 17:13", "label": "Clearance", "position": "1033464", "team": "not applicable", "visibility": "visible"}, {"gameTime": "1 - 17:43", "label": "Ball out of play", "position": "1063463", "team": "home", "visibility": "visible"}, {"gameTime": "1 - 17:57", "label": "Throw-in", "position": "1077106", "team": "not applicable", "visibility": "visible"}, {"gameTime": "1 - 18:10", "label": "Foul", "position": "1090400", "team": "away", "visibility": "visible"}, {"gameTime": "1 - 18:20", "label": "Direct free-kick", "position": "1100148", "team": "home", "visibility": "visible"}, {"gameTime": "1 - 19:07", "label": "Shots off target", "position": "1147951", "team": "away", "visibility": "visible"}, {"gameTime": "1 - 19:16", "label": "Ball out of play", "position": "1156275", "team": "away", "visibility": "visible"}, {"gameTime": "1 - 19:16", "label": "Clearance", "position": "1156455", "team": "not applicable", "visibility": "visible"}, {"gameTime": "1 - 19:55", "label": "Shots off target", "position": "1195996", "team": "home", "visibility": "not shown"}, {"gameTime": "1 - 20:53", "label": "Ball out of play", "position": "1253142", "team": "home", "visibility": "visible"}, {"gameTime": "1 - 20:54", "label": "Clearance", "position": "1254253", "team": "not applicable", "visibility": "visible"}, {"gameTime": "1 - 21:20", "label": "Ball out of play", "position": "1280659", "team": "away", "visibility": "not shown"}, {"gameTime": "1 - 21:31", "label": "Throw-in", "position": "1291814", "team": "not applicable", "visibility": "visible"}, {"gameTime": "1 - 21:50", "label": "Foul", "position": "1310362", "team": "home", "visibility": "visible"}, {"gameTime": "1 - 22:36", "label": "Indirect free-kick", "position": "1356380", "team": "away", "visibility": "visible"}, {"gameTime": "1 - 23:09", "label": "Foul", "position": "1389757", "team": "home", "visibility": "not shown"}, {"gameTime": "1 - 25:37", "label": "Indirect free-kick", "position": "1537143", "team": "away", "visibility": "visible"}, {"gameTime": "1 - 25:39", "label": "Ball out of play", "position": "1539422", "team": "home", "visibility": "visible"}, {"gameTime": "1 - 26:33", "label": "Clearance", "position": "1593828", "team": "not applicable", "visibility": "visible"}, {"gameTime": "1 - 27:12", "label": "Ball out of play", "position": "1632457", "team": "away", "visibility": "visible"}, {"gameTime": "1 - 27:43", "label": "Throw-in", "position": "1663148", "team": "not applicable", "visibility": "visible"}, {"gameTime": "1 - 28:01", "label": "Ball out of play", "position": "1681932", "team": "home", "visibility": "visible"}, {"gameTime": "1 - 28:04", "label": "Throw-in", "position": "1684385", "team": "not applicable", "visibility": "visible"}, {"gameTime": "1 - 28:18", "label": "Ball out of play", "position": "1698781", "team": "home", "visibility": "visible"}, {"gameTime": "1 - 28:35", "label": "Corner", "position": "1715387", "team": "not applicable", "visibility": "visible"}, {"gameTime": "1 - 28:59", "label": "Shots on target", "position": "1739316", "team": "home", "visibility": "visible"}, {"gameTime": "1 - 29:17", "label": "Shots on target", "position": "1757343", "team": "away", "visibility": "visible"}, {"gameTime": "1 - 29:58", "label": "Shots off target", "position": "1798386", "team": "away", "visibility": "visible"}, {"gameTime": "1 - 30:34", "label": "Shots on target", "position": "1834971", "team": "home", "visibility": "visible"}, {"gameTime": "1 - 30:59", "label": "Goal", "position": "1859901", "team": "home", "visibility": "visible"}, {"gameTime": "1 - 31:00", "label": "Kick-off", "position": "1860800", "team": "home", "visibility": "visible"}, {"gameTime": "1 - 32:08", "label": "Foul", "position": "1928317", "team": "away", "visibility": "visible"}, {"gameTime": "1 - 32:20", "label": "Yellow card", "position": "1940326", "team": "home", "visibility": "visible"}, {"gameTime": "1 - 32:26", "label": "Direct free-kick", "position": "1946480", "team": "home", "visibility": "visible"}, {"gameTime": "1 - 33:02", "label": "Ball out of play", "position": "1982366", "team": "away", "visibility": "visible"}, {"gameTime": "1 - 33:04", "label": "Clearance", "position": "1984912", "team": "not applicable", "visibility": "visible"}, {"gameTime": "1 - 33:39", "label": "Ball out of play", "position": "2019494", "team": "home", "visibility": "not shown"}, {"gameTime": "1 - 33:52", "label": "Throw-in", "position": "2032691", "team": "not applicable", "visibility": "visible"}, {"gameTime": "1 - 34:05", "label": "Foul", "position": "2045688", "team": "home", "visibility": "not shown"}, {"gameTime": "1 - 34:09", "label": "Indirect free-kick", "position": "2049194", "team": "away", "visibility": "visible"}, {"gameTime": "1 - 34:29", "label": "Shots off target", "position": "2069820", "team": "home", "visibility": "visible"}, {"gameTime": "1 - 34:55", "label": "Ball out of play", "position": "2095183", "team": "home", "visibility": "visible"}, {"gameTime": "1 - 34:55", "label": "Clearance", "position": "2095863", "team": "not applicable", "visibility": "visible"}, {"gameTime": "1 - 35:16", "label": "Ball out of play", "position": "2116337", "team": "away", "visibility": "not shown"}, {"gameTime": "1 - 35:36", "label": "Throw-in", "position": "2136280", "team": "not applicable", "visibility": "visible"}, {"gameTime": "1 - 35:47", "label": "Shots on target", "position": "2147239", "team": "away", "visibility": "visible"}, {"gameTime": "1 - 36:23", "label": "Ball out of play", "position": "2183234", "team": "home", "visibility": "visible"}, {"gameTime": "1 - 36:23", "label": "Corner", "position": "2183794", "team": "not applicable", "visibility": "visible"}, {"gameTime": "1 - 37:01", "label": "Foul", "position": "2221291", "team": "home", "visibility": "visible"}, {"gameTime": "1 - 37:43", "label": "Indirect free-kick", "position": "2263222", "team": "home", "visibility": "visible"}, {"gameTime": "1 - 38:04", "label": "Foul", "position": "2284705", "team": "away", "visibility": "not shown"}, {"gameTime": "1 - 38:38", "label": "Direct free-kick", "position": "2318476", "team": "home", "visibility": "visible"}, {"gameTime": "1 - 39:17", "label": "Ball out of play", "position": "2357883", "team": "away", "visibility": "visible"}, {"gameTime": "1 - 39:31", "label": "Throw-in", "position": "2371906", "team": "not applicable", "visibility": "visible"}, {"gameTime": "1 - 39:33", "label": "Ball out of play", "position": "2373535", "team": "home", "visibility": "visible"}, {"gameTime": "1 - 39:36", "label": "Throw-in", "position": "2376352", "team": "not applicable", "visibility": "visible"}, {"gameTime": "1 - 39:52", "label": "Shots off target", "position": "2392432", "team": "home", "visibility": "visible"}, {"gameTime": "1 - 41:17", "label": "Ball out of play", "position": "2477443", "team": "away", "visibility": "visible"}, {"gameTime": "1 - 41:18", "label": "Clearance", "position": "2478323", "team": "not applicable", "visibility": "visible"}, {"gameTime": "1 - 41:53", "label": "Ball out of play", "position": "2513723", "team": "home", "visibility": "visible"}, {"gameTime": "1 - 41:59", "label": "Throw-in", "position": "2519610", "team": "not applicable", "visibility": "visible"}, {"gameTime": "1 - 42:10", "label": "Foul", "position": "2530729", "team": "home", "visibility": "visible"}, {"gameTime": "1 - 42:27", "label": "Direct free-kick", "position": "2547941", "team": "away", "visibility": "visible"}, {"gameTime": "1 - 43:06", "label": "Shots off target", "position": "2586724", "team": "home", "visibility": "visible"}, {"gameTime": "1 - 43:08", "label": "Ball out of play", "position": "2588192", "team": "home", "visibility": "visible"}, {"gameTime": "1 - 43:08", "label": "Clearance", "position": "2588793", "team": "not applicable", "visibility": "visible"}, {"gameTime": "1 - 45:23", "label": "Foul", "position": "2723062", "team": "away", "visibility": "visible"}, {"gameTime": "1 - 45:51", "label": "Yellow card", "position": "2751846", "team": "home", "visibility": "visible"}, {"gameTime": "1 - 46:20", "label": "Yellow card", "position": "2780224", "team": "home", "visibility": "not shown"}, {"gameTime": "2 - 00:00", "label": "Kick-off", "position": "0", "team": "away", "visibility": "not shown"}, {"gameTime": "2 - 00:00", "label": "Offside", "position": "0", "team": "home", "visibility": "visible"}, {"gameTime": "2 - 00:08", "label": "Indirect free-kick", "position": "8921", "team": "home", "visibility": "visible"}, {"gameTime": "2 - 00:25", "label": "Foul", "position": "25093", "team": "away", "visibility": "not shown"}, {"gameTime": "2 - 00:59", "label": "Direct free-kick", "position": "59871", "team": "away", "visibility": "visible"}, {"gameTime": "2 - 01:33", "label": "Ball out of play", "position": "93347", "team": "home", "visibility": "visible"}, {"gameTime": "2 - 01:37", "label": "Throw-in", "position": "97287", "team": "not applicable", "visibility": "visible"}, {"gameTime": "2 - 01:51", "label": "Foul", "position": "111261", "team": "away", "visibility": "not shown"}, {"gameTime": "2 - 02:07", "label": "Yellow card", "position": "127407", "team": "away", "visibility": "visible"}, {"gameTime": "2 - 02:11", "label": "Direct free-kick", "position": "131800", "team": "away", "visibility": "visible"}, {"gameTime": "2 - 02:49", "label": "Ball out of play", "position": "169832", "team": "home", "visibility": "visible"}, {"gameTime": "2 - 02:59", "label": "Throw-in", "position": "179819", "team": "not applicable", "visibility": "visible"}, {"gameTime": "2 - 03:04", "label": "Ball out of play", "position": "184019", "team": "home", "visibility": "not shown"}, {"gameTime": "2 - 03:11", "label": "Throw-in", "position": "191953", "team": "not applicable", "visibility": "visible"}, {"gameTime": "2 - 03:20", "label": "Offside", "position": "200799", "team": "away", "visibility": "not shown"}, {"gameTime": "2 - 04:22", "label": "Indirect free-kick", "position": "262186", "team": "away", "visibility": "visible"}, {"gameTime": "2 - 04:32", "label": "Ball out of play", "position": "272827", "team": "away", "visibility": "not shown"}, {"gameTime": "2 - 05:12", "label": "Throw-in", "position": "312414", "team": "not applicable", "visibility": "visible"}, {"gameTime": "2 - 05:28", "label": "Ball out of play", "position": "328205", "team": "away", "visibility": "not shown"}, {"gameTime": "2 - 05:39", "label": "Yellow card", "position": "339414", "team": "not applicable", "visibility": "visible"}, {"gameTime": "2 - 05:56", "label": "Clearance", "position": "356000", "team": "home", "visibility": "visible"}, {"gameTime": "2 - 05:59", "label": "Foul", "position": "359700", "team": "home", "visibility": "not shown"}, {"gameTime": "2 - 06:02", "label": "Indirect free-kick", "position": "362453", "team": "home", "visibility": "not shown"}, {"gameTime": "2 - 06:07", "label": "Foul", "position": "367150", "team": "away", "visibility": "visible"}, {"gameTime": "2 - 06:22", "label": "Direct free-kick", "position": "382249", "team": "home", "visibility": "visible"}, {"gameTime": "2 - 07:07", "label": "Foul", "position": "427285", "team": "away", "visibility": "visible"}, {"gameTime": "2 - 07:11", "label": "Direct free-kick", "position": "431750", "team": "home", "visibility": "visible"}, {"gameTime": "2 - 08:02", "label": "Ball out of play", "position": "482728", "team": "away", "visibility": "visible"}, {"gameTime": "2 - 08:13", "label": "Throw-in", "position": "493114", "team": "not applicable", "visibility": "visible"}, {"gameTime": "2 - 08:32", "label": "Offside", "position": "512152", "team": "away", "visibility": "not shown"}, {"gameTime": "2 - 09:14", "label": "Indirect free-kick", "position": "554296", "team": "home", "visibility": "visible"}, {"gameTime": "2 - 09:17", "label": "Ball out of play", "position": "557188", "team": "away", "visibility": "not shown"}, {"gameTime": "2 - 09:40", "label": "Throw-in", "position": "580258", "team": "not applicable", "visibility": "visible"}, {"gameTime": "2 - 09:43", "label": "Ball out of play", "position": "583929", "team": "away", "visibility": "not shown"}, {"gameTime": "2 - 09:49", "label": "Corner", "position": "589396", "team": "not applicable", "visibility": "visible"}, {"gameTime": "2 - 10:09", "label": "Ball out of play", "position": "609089", "team": "away", "visibility": "visible"}, {"gameTime": "2 - 10:32", "label": "Throw-in", "position": "632949", "team": "not applicable", "visibility": "visible"}, {"gameTime": "2 - 10:55", "label": "Ball out of play", "position": "655046", "team": "home", "visibility": "visible"}, {"gameTime": "2 - 11:17", "label": "Throw-in", "position": "677919", "team": "not applicable", "visibility": "visible"}, {"gameTime": "2 - 11:24", "label": "Ball out of play", "position": "684045", "team": "away", "visibility": "visible"}, {"gameTime": "2 - 11:47", "label": "Throw-in", "position": "707253", "team": "not applicable", "visibility": "visible"}, {"gameTime": "2 - 11:59", "label": "Ball out of play", "position": "719692", "team": "away", "visibility": "not shown"}, {"gameTime": "2 - 12:31", "label": "Clearance", "position": "751884", "team": "not applicable", "visibility": "visible"}, {"gameTime": "2 - 13:03", "label": "Ball out of play", "position": "783074", "team": "home", "visibility": "visible"}, {"gameTime": "2 - 13:09", "label": "Throw-in", "position": "789096", "team": "not applicable", "visibility": "visible"}, {"gameTime": "2 - 13:28", "label": "Foul", "position": "808591", "team": "home", "visibility": "visible"}, {"gameTime": "2 - 13:38", "label": "Indirect free-kick", "position": "818021", "team": "away", "visibility": "visible"}, {"gameTime": "2 - 13:59", "label": "Ball out of play", "position": "839670", "team": "home", "visibility": "visible"}, {"gameTime": "2 - 15:01", "label": "Throw-in", "position": "901660", "team": "not applicable", "visibility": "visible"}, {"gameTime": "2 - 15:14", "label": "Shots on target", "position": "914331", "team": "away", "visibility": "visible"}, {"gameTime": "2 - 15:39", "label": "Ball out of play", "position": "939771", "team": "home", "visibility": "visible"}, {"gameTime": "2 - 16:31", "label": "Throw-in", "position": "991411", "team": "not applicable", "visibility": "visible"}, {"gameTime": "2 - 16:50", "label": "Ball out of play", "position": "1010219", "team": "home", "visibility": "visible"}, {"gameTime": "2 - 16:54", "label": "Throw-in", "position": "1014988", "team": "not applicable", "visibility": "visible"}, {"gameTime": "2 - 17:12", "label": "Ball out of play", "position": "1032592", "team": "home", "visibility": "visible"}, {"gameTime": "2 - 17:17", "label": "Throw-in", "position": "1037798", "team": "not applicable", "visibility": "visible"}, {"gameTime": "2 - 17:31", "label": "Ball out of play", "position": "1051564", "team": "home", "visibility": "visible"}, {"gameTime": "2 - 17:50", "label": "Throw-in", "position": "1070484", "team": "not applicable", "visibility": "visible"}, {"gameTime": "2 - 17:55", "label": "Ball out of play", "position": "1075362", "team": "away", "visibility": "visible"}, {"gameTime": "2 - 18:13", "label": "Substitution", "position": "1093238", "team": "not applicable", "visibility": "visible"}, {"gameTime": "2 - 18:34", "label": "Throw-in", "position": "1114840", "team": "away", "visibility": "visible"}, {"gameTime": "2 - 18:55", "label": "Shots off target", "position": "1135146", "team": "away", "visibility": "visible"}, {"gameTime": "2 - 19:17", "label": "Ball out of play", "position": "1157352", "team": "home", "visibility": "visible"}, {"gameTime": "2 - 19:18", "label": "Substitution", "position": "1158197", "team": "not applicable", "visibility": "visible"}, {"gameTime": "2 - 19:58", "label": "Clearance", "position": "1198019", "team": "home", "visibility": "visible"}, {"gameTime": "2 - 20:17", "label": "Offside", "position": "1217365", "team": "away", "visibility": "visible"}, {"gameTime": "2 - 21:04", "label": "Indirect free-kick", "position": "1264827", "team": "away", "visibility": "visible"}, {"gameTime": "2 - 21:38", "label": "Shots on target", "position": "1298317", "team": "home", "visibility": "visible"}, {"gameTime": "2 - 21:54", "label": "Shots on target", "position": "1314220", "team": "home", "visibility": "visible"}, {"gameTime": "2 - 22:21", "label": "Ball out of play", "position": "1341322", "team": "home", "visibility": "visible"}, {"gameTime": "2 - 22:23", "label": "Throw-in", "position": "1343661", "team": "not applicable", "visibility": "visible"}, {"gameTime": "2 - 22:36", "label": "Shots on target", "position": "1356509", "team": "home", "visibility": "not shown"}, {"gameTime": "2 - 24:06", "label": "Shots on target", "position": "1446875", "team": "home", "visibility": "visible"}, {"gameTime": "2 - 24:30", "label": "Offside", "position": "1470567", "team": "away", "visibility": "visible"}, {"gameTime": "2 - 24:32", "label": "Indirect free-kick", "position": "1472688", "team": "away", "visibility": "visible"}, {"gameTime": "2 - 25:09", "label": "Ball out of play", "position": "1509398", "team": "home", "visibility": "not shown"}, {"gameTime": "2 - 26:04", "label": "Clearance", "position": "1564048", "team": "not applicable", "visibility": "visible"}, {"gameTime": "2 - 26:34", "label": "Ball out of play", "position": "1594480", "team": "home", "visibility": "visible"}, {"gameTime": "2 - 27:34", "label": "Throw-in", "position": "1654941", "team": "not applicable", "visibility": "visible"}, {"gameTime": "2 - 28:04", "label": "Ball out of play", "position": "1684015", "team": "home", "visibility": "visible"}, {"gameTime": "2 - 32:40", "label": "Substitution", "position": "1960892", "team": "not applicable", "visibility": "visible"}, {"gameTime": "2 - 33:15", "label": "Substitution", "position": "1995000", "team": "home", "visibility": "visible"}, {"gameTime": "2 - 33:28", "label": "Corner", "position": "2008560", "team": "away", "visibility": "visible"}, {"gameTime": "2 - 33:41", "label": "Shots on target", "position": "2021213", "team": "home", "visibility": "visible"}, {"gameTime": "2 - 33:42", "label": "Goal", "position": "2022594", "team": "home", "visibility": "visible"}, {"gameTime": "2 - 33:43", "label": "Kick-off", "position": "2023680", "team": "home", "visibility": "visible"}, {"gameTime": "2 - 34:57", "label": "Foul", "position": "2097792", "team": "away", "visibility": "visible"}, {"gameTime": "2 - 35:24", "label": "Yellow card", "position": "2124998", "team": "away", "visibility": "visible"}, {"gameTime": "2 - 35:30", "label": "Indirect free-kick", "position": "2130494", "team": "away", "visibility": "visible"}, {"gameTime": "2 - 36:01", "label": "Shots on target", "position": "2161808", "team": "home", "visibility": "visible"}, {"gameTime": "2 - 36:06", "label": "Shots off target", "position": "2166708", "team": "home", "visibility": "visible"}, {"gameTime": "2 - 36:14", "label": "Ball out of play", "position": "2174377", "team": "home", "visibility": "visible"}, {"gameTime": "2 - 36:14", "label": "Clearance", "position": "2174857", "team": "not applicable", "visibility": "visible"}, {"gameTime": "2 - 36:38", "label": "Shots off target", "position": "2198166", "team": "away", "visibility": "not shown"}, {"gameTime": "2 - 37:08", "label": "Ball out of play", "position": "2228827", "team": "away", "visibility": "visible"}, {"gameTime": "2 - 37:15", "label": "Substitution", "position": "2235454", "team": "not applicable", "visibility": "visible"}, {"gameTime": "2 - 37:58", "label": "Throw-in", "position": "2278493", "team": "home", "visibility": "visible"}, {"gameTime": "2 - 38:09", "label": "Ball out of play", "position": "2289193", "team": "away", "visibility": "visible"}, {"gameTime": "2 - 38:20", "label": "Throw-in", "position": "2300934", "team": "not applicable", "visibility": "visible"}, {"gameTime": "2 - 38:38", "label": "Shots on target", "position": "2318713", "team": "away", "visibility": "visible"}, {"gameTime": "2 - 39:11", "label": "Goal", "position": "2351861", "team": "home", "visibility": "visible"}, {"gameTime": "2 - 39:12", "label": "Kick-off", "position": "2352576", "team": "home", "visibility": "visible"}, {"gameTime": "2 - 40:19", "label": "Ball out of play", "position": "2419903", "team": "away", "visibility": "visible"}, {"gameTime": "2 - 40:32", "label": "Clearance", "position": "2432915", "team": "not applicable", "visibility": "visible"}, {"gameTime": "2 - 41:08", "label": "Ball out of play", "position": "2468519", "team": "home", "visibility": "visible"}, {"gameTime": "2 - 41:12", "label": "Throw-in", "position": "2472403", "team": "not applicable", "visibility": "visible"}, {"gameTime": "2 - 41:20", "label": "Foul", "position": "2480345", "team": "away", "visibility": "visible"}, {"gameTime": "2 - 41:40", "label": "Direct free-kick", "position": "2500611", "team": "home", "visibility": "visible"}, {"gameTime": "2 - 42:27", "label": "Shots off target", "position": "2547985", "team": "away", "visibility": "visible"}, {"gameTime": "2 - 42:31", "label": "Ball out of play", "position": "2551111", "team": "away", "visibility": "visible"}, {"gameTime": "2 - 42:34", "label": "Throw-in", "position": "2554090", "team": "not applicable", "visibility": "not shown"}, {"gameTime": "2 - 42:44", "label": "Shots on target", "position": "2564074", "team": "away", "visibility": "visible"}, {"gameTime": "2 - 42:50", "label": "Foul", "position": "2570529", "team": "away", "visibility": "visible"}, {"gameTime": "2 - 43:42", "label": "Indirect free-kick", "position": "2622899", "team": "home", "visibility": "visible"}, {"gameTime": "2 - 43:57", "label": "Foul", "position": "2637350", "team": "away", "visibility": "not shown"}, {"gameTime": "2 - 44:40", "label": "Indirect free-kick", "position": "2680820", "team": "away", "visibility": "visible"}, {"gameTime": "2 - 45:10", "label": "Ball out of play", "position": "2710650", "team": "home", "visibility": "visible"}, {"gameTime": "2 - 45:17", "label": "Throw-in", "position": "2717524", "team": "not applicable", "visibility": "visible"}, {"gameTime": "2 - 45:40", "label": "Foul", "position": "2740036", "team": "home", "visibility": "visible"}, {"gameTime": "2 - 45:45", "label": "Yellow card", "position": "2745048", "team": "home", "visibility": "visible"}, {"gameTime": "2 - 45:51", "label": "Indirect free-kick", "position": "2751042", "team": "home", "visibility": "visible"}, {"gameTime": "2 - 46:05", "label": "Ball out of play", "position": "2765385", "team": "away", "visibility": "visible"}, {"gameTime": "2 - 46:43", "label": "Ball out of play", "position": "2803711", "team": "not applicable", "visibility": "visible"}], "gameAwayTeam": "Chelsea", "gameDate": "16/08/2015 - 18:00", "gameHomeTeam": "Manchester City", "gameScore": "3 - 0"}