{"UrlLocal": "italy_serie-a/2015-2016/2015-08-29 - 21-45 AC Milan 2 - 1 Empoli/", "UrlYoutube": "", "annotations": [{"gameTime": "1 - 00:00", "label": "Ball out of play", "position": "472", "team": "home", "visibility": "visible"}, {"gameTime": "1 - 00:09", "label": "Throw-in", "position": "9202", "team": "not applicable", "visibility": "visible"}, {"gameTime": "1 - 00:12", "label": "Foul", "position": "12905", "team": "home", "visibility": "visible"}, {"gameTime": "1 - 00:38", "label": "Indirect free-kick", "position": "38721", "team": "home", "visibility": "visible"}, {"gameTime": "1 - 00:53", "label": "Ball out of play", "position": "53479", "team": "away", "visibility": "visible"}, {"gameTime": "1 - 01:10", "label": "Throw-in", "position": "70942", "team": "not applicable", "visibility": "visible"}, {"gameTime": "1 - 01:17", "label": "Foul", "position": "77553", "team": "home", "visibility": "visible"}, {"gameTime": "1 - 01:28", "label": "Indirect free-kick", "position": "88042", "team": "away", "visibility": "visible"}, {"gameTime": "1 - 01:32", "label": "Ball out of play", "position": "92829", "team": "home", "visibility": "visible"}, {"gameTime": "1 - 01:52", "label": "Throw-in", "position": "112254", "team": "not applicable", "visibility": "visible"}, {"gameTime": "1 - 02:00", "label": "Offside", "position": "120661", "team": "away", "visibility": "visible"}, {"gameTime": "1 - 02:18", "label": "Indirect free-kick", "position": "138880", "team": "away", "visibility": "visible"}, {"gameTime": "1 - 02:32", "label": "Ball out of play", "position": "152877", "team": "home", "visibility": "not shown"}, {"gameTime": "1 - 02:45", "label": "Throw-in", "position": "165299", "team": "not applicable", "visibility": "visible"}, {"gameTime": "1 - 02:52", "label": "Foul", "position": "172958", "team": "home", "visibility": "visible"}, {"gameTime": "1 - 03:13", "label": "Indirect free-kick", "position": "193907", "team": "away", "visibility": "visible"}, {"gameTime": "1 - 03:20", "label": "Ball out of play", "position": "200765", "team": "home", "visibility": "visible"}, {"gameTime": "1 - 03:28", "label": "Throw-in", "position": "208518", "team": "not applicable", "visibility": "visible"}, {"gameTime": "1 - 03:43", "label": "Ball out of play", "position": "223890", "team": "home", "visibility": "not shown"}, {"gameTime": "1 - 04:37", "label": "Throw-in", "position": "277990", "team": "not applicable", "visibility": "visible"}, {"gameTime": "1 - 04:44", "label": "Shots off target", "position": "284241", "team": "home", "visibility": "visible"}, {"gameTime": "1 - 05:17", "label": "Ball out of play", "position": "317736", "team": "away", "visibility": "visible"}, {"gameTime": "1 - 05:19", "label": "Clearance", "position": "319648", "team": "not applicable", "visibility": "visible"}, {"gameTime": "1 - 05:37", "label": "Ball out of play", "position": "337739", "team": "home", "visibility": "visible"}, {"gameTime": "1 - 06:01", "label": "Throw-in", "position": "361374", "team": "not applicable", "visibility": "visible"}, {"gameTime": "1 - 06:13", "label": "Ball out of play", "position": "373576", "team": "away", "visibility": "visible"}, {"gameTime": "1 - 06:45", "label": "Corner", "position": "373576", "team": "not applicable", "visibility": "visible"}, {"gameTime": "1 - 07:01", "label": "Ball out of play", "position": "421478", "team": "away", "visibility": "visible"}, {"gameTime": "1 - 07:12", "label": "Throw-in", "position": "432061", "team": "not applicable", "visibility": "visible"}, {"gameTime": "1 - 07:28", "label": "Shots off target", "position": "448150", "team": "home", "visibility": "visible"}, {"gameTime": "1 - 07:58", "label": "Ball out of play", "position": "478436", "team": "home", "visibility": "visible"}, {"gameTime": "1 - 07:59", "label": "Clearance", "position": "479319", "team": "not applicable", "visibility": "visible"}, {"gameTime": "1 - 08:28", "label": "Ball out of play", "position": "508939", "team": "away", "visibility": "visible"}, {"gameTime": "1 - 08:32", "label": "Throw-in", "position": "512101", "team": "not applicable", "visibility": "visible"}, {"gameTime": "1 - 08:37", "label": "Ball out of play", "position": "517738", "team": "home", "visibility": "visible"}, {"gameTime": "1 - 09:28", "label": "Clearance", "position": "568748", "team": "not applicable", "visibility": "visible"}, {"gameTime": "1 - 09:56", "label": "Foul", "position": "596504", "team": "away", "visibility": "visible"}, {"gameTime": "1 - 10:08", "label": "Indirect free-kick", "position": "608898", "team": "away", "visibility": "visible"}, {"gameTime": "1 - 10:19", "label": "Ball out of play", "position": "619619", "team": "home", "visibility": "not shown"}, {"gameTime": "1 - 10:44", "label": "Throw-in", "position": "644025", "team": "not applicable", "visibility": "visible"}, {"gameTime": "1 - 10:48", "label": "Foul", "position": "648997", "team": "home", "visibility": "visible"}, {"gameTime": "1 - 10:58", "label": "Indirect free-kick", "position": "658846", "team": "home", "visibility": "visible"}, {"gameTime": "1 - 11:20", "label": "Foul", "position": "680226", "team": "away", "visibility": "visible"}, {"gameTime": "1 - 11:25", "label": "Indirect free-kick", "position": "685528", "team": "home", "visibility": "visible"}, {"gameTime": "1 - 11:31", "label": "Shots off target", "position": "691936", "team": "away", "visibility": "not shown"}, {"gameTime": "1 - 12:41", "label": "Ball out of play", "position": "761381", "team": "away", "visibility": "visible"}, {"gameTime": "1 - 12:42", "label": "Corner", "position": "762306", "team": "not applicable", "visibility": "visible"}, {"gameTime": "1 - 13:20", "label": "Ball out of play", "position": "800784", "team": "away", "visibility": "visible"}, {"gameTime": "1 - 13:25", "label": "Clearance", "position": "805351", "team": "not applicable", "visibility": "visible"}, {"gameTime": "1 - 13:44", "label": "Ball out of play", "position": "824504", "team": "home", "visibility": "not shown"}, {"gameTime": "1 - 14:07", "label": "Throw-in", "position": "847209", "team": "not applicable", "visibility": "visible"}, {"gameTime": "1 - 14:11", "label": "Shots on target", "position": "851267", "team": "home", "visibility": "visible"}, {"gameTime": "1 - 15:54", "label": "Goal", "position": "954489", "team": "home", "visibility": "visible"}, {"gameTime": "1 - 15:55", "label": "Kick-off", "position": "955009", "team": "home", "visibility": "visible"}, {"gameTime": "1 - 17:04", "label": "Shots off target", "position": "1024793", "team": "away", "visibility": "visible"}, {"gameTime": "1 - 18:15", "label": "Ball out of play", "position": "1095127", "team": "away", "visibility": "visible"}, {"gameTime": "1 - 18:16", "label": "Clearance", "position": "1096795", "team": "not applicable", "visibility": "visible"}, {"gameTime": "1 - 18:36", "label": "Shots on target", "position": "1116162", "team": "home", "visibility": "not shown"}, {"gameTime": "1 - 19:00", "label": "Goal", "position": "1140880", "team": "away", "visibility": "visible"}, {"gameTime": "1 - 19:01", "label": "Kick-off", "position": "1141360", "team": "away", "visibility": "visible"}, {"gameTime": "1 - 19:45", "label": "Ball out of play", "position": "1185188", "team": "home", "visibility": "not shown"}, {"gameTime": "1 - 19:57", "label": "Throw-in", "position": "1197580", "team": "not applicable", "visibility": "visible"}, {"gameTime": "1 - 20:05", "label": "Ball out of play", "position": "1205725", "team": "home", "visibility": "not shown"}, {"gameTime": "1 - 20:12", "label": "Throw-in", "position": "1212367", "team": "not applicable", "visibility": "not shown"}, {"gameTime": "1 - 20:23", "label": "Shots off target", "position": "1223025", "team": "home", "visibility": "visible"}, {"gameTime": "1 - 21:39", "label": "Ball out of play", "position": "1299467", "team": "away", "visibility": "visible"}, {"gameTime": "1 - 21:40", "label": "Clearance", "position": "1300245", "team": "not applicable", "visibility": "visible"}, {"gameTime": "1 - 22:05", "label": "Ball out of play", "position": "1325837", "team": "home", "visibility": "visible"}, {"gameTime": "1 - 22:11", "label": "Ball out of play", "position": "1331821", "team": "not applicable", "visibility": "visible"}, {"gameTime": "1 - 22:11", "label": "Throw-in", "position": "1331821", "team": "not applicable", "visibility": "visible"}, {"gameTime": "1 - 22:24", "label": "Ball out of play", "position": "1344105", "team": "home", "visibility": "visible"}, {"gameTime": "1 - 22:30", "label": "Throw-in", "position": "1350805", "team": "not applicable", "visibility": "visible"}, {"gameTime": "1 - 22:36", "label": "Shots on target", "position": "1356431", "team": "home", "visibility": "visible"}, {"gameTime": "1 - 23:15", "label": "Ball out of play", "position": "1395739", "team": "home", "visibility": "visible"}, {"gameTime": "1 - 23:51", "label": "Throw-in", "position": "1431121", "team": "not applicable", "visibility": "visible"}, {"gameTime": "1 - 23:52", "label": "Ball out of play", "position": "1432747", "team": "away", "visibility": "visible"}, {"gameTime": "1 - 24:01", "label": "Throw-in", "position": "1441043", "team": "not applicable", "visibility": "visible"}, {"gameTime": "1 - 24:10", "label": "Ball out of play", "position": "1450873", "team": "home", "visibility": "visible"}, {"gameTime": "1 - 25:09", "label": "Throw-in", "position": "1509570", "team": "not applicable", "visibility": "visible"}, {"gameTime": "1 - 25:19", "label": "Ball out of play", "position": "1519215", "team": "home", "visibility": "not shown"}, {"gameTime": "1 - 25:39", "label": "Clearance", "position": "1539605", "team": "not applicable", "visibility": "visible"}, {"gameTime": "1 - 26:00", "label": "Foul", "position": "1560710", "team": "away", "visibility": "visible"}, {"gameTime": "1 - 26:13", "label": "Yellow card", "position": "1573321", "team": "away", "visibility": "visible"}, {"gameTime": "1 - 26:21", "label": "Indirect free-kick", "position": "1581331", "team": "away", "visibility": "visible"}, {"gameTime": "1 - 26:44", "label": "Foul", "position": "1604788", "team": "home", "visibility": "visible"}, {"gameTime": "1 - 26:58", "label": "Indirect free-kick", "position": "1618281", "team": "home", "visibility": "visible"}, {"gameTime": "1 - 27:16", "label": "Offside", "position": "1636355", "team": "away", "visibility": "not shown"}, {"gameTime": "1 - 27:32", "label": "Indirect free-kick", "position": "1652986", "team": "away", "visibility": "visible"}, {"gameTime": "1 - 27:53", "label": "Ball out of play", "position": "1673182", "team": "home", "visibility": "not shown"}, {"gameTime": "1 - 29:56", "label": "Throw-in", "position": "1796109", "team": "not applicable", "visibility": "visible"}, {"gameTime": "1 - 30:04", "label": "Foul", "position": "1804645", "team": "home", "visibility": "not shown"}, {"gameTime": "1 - 30:24", "label": "Indirect free-kick", "position": "1824169", "team": "away", "visibility": "visible"}, {"gameTime": "1 - 30:35", "label": "Ball out of play", "position": "1835251", "team": "home", "visibility": "not shown"}, {"gameTime": "1 - 30:51", "label": "Clearance", "position": "1851574", "team": "not applicable", "visibility": "visible"}, {"gameTime": "1 - 30:57", "label": "Foul", "position": "1857085", "team": "home", "visibility": "not shown"}, {"gameTime": "1 - 31:38", "label": "Indirect free-kick", "position": "1898163", "team": "home", "visibility": "visible"}, {"gameTime": "1 - 31:56", "label": "Shots off target", "position": "1916670", "team": "away", "visibility": "visible"}, {"gameTime": "1 - 33:17", "label": "Ball out of play", "position": "1997381", "team": "home", "visibility": "visible"}, {"gameTime": "1 - 33:18", "label": "Clearance", "position": "1998306", "team": "not applicable", "visibility": "visible"}, {"gameTime": "1 - 33:35", "label": "Ball out of play", "position": "2015509", "team": "away", "visibility": "not shown"}, {"gameTime": "1 - 33:46", "label": "Throw-in", "position": "2026339", "team": "not applicable", "visibility": "visible"}, {"gameTime": "1 - 33:52", "label": "Ball out of play", "position": "2032567", "team": "home", "visibility": "visible"}, {"gameTime": "1 - 34:01", "label": "Corner", "position": "2041352", "team": "not applicable", "visibility": "visible"}, {"gameTime": "1 - 34:47", "label": "Ball out of play", "position": "2087818", "team": "home", "visibility": "visible"}, {"gameTime": "1 - 35:01", "label": "Throw-in", "position": "2101236", "team": "not applicable", "visibility": "visible"}, {"gameTime": "1 - 35:04", "label": "Ball out of play", "position": "2104448", "team": "away", "visibility": "not shown"}, {"gameTime": "1 - 36:04", "label": "Clearance", "position": "2164758", "team": "not applicable", "visibility": "visible"}, {"gameTime": "1 - 36:29", "label": "Shots on target", "position": "2189238", "team": "away", "visibility": "visible"}, {"gameTime": "1 - 37:17", "label": "Foul", "position": "2237410", "team": "away", "visibility": "visible"}, {"gameTime": "1 - 37:37", "label": "Indirect free-kick", "position": "2257586", "team": "away", "visibility": "visible"}, {"gameTime": "1 - 37:54", "label": "Foul", "position": "2274975", "team": "home", "visibility": "not shown"}, {"gameTime": "1 - 38:09", "label": "Direct free-kick", "position": "2289451", "team": "away", "visibility": "visible"}, {"gameTime": "1 - 38:51", "label": "Foul", "position": "2331644", "team": "home", "visibility": "visible"}, {"gameTime": "1 - 39:27", "label": "Direct free-kick", "position": "2367811", "team": "away", "visibility": "visible"}, {"gameTime": "1 - 40:26", "label": "Foul", "position": "2426073", "team": "home", "visibility": "visible"}, {"gameTime": "1 - 40:50", "label": "Yellow card", "position": "2450657", "team": "away", "visibility": "visible"}, {"gameTime": "1 - 40:58", "label": "Direct free-kick", "position": "2458666", "team": "away", "visibility": "visible"}, {"gameTime": "1 - 41:36", "label": "Foul", "position": "2496269", "team": "home", "visibility": "visible"}, {"gameTime": "1 - 41:55", "label": "Indirect free-kick", "position": "2515620", "team": "home", "visibility": "visible"}, {"gameTime": "1 - 42:22", "label": "Shots off target", "position": "2542861", "team": "away", "visibility": "not shown"}, {"gameTime": "1 - 42:43", "label": "Clearance", "position": "2563685", "team": "away", "visibility": "visible"}, {"gameTime": "1 - 43:02", "label": "Ball out of play", "position": "2582185", "team": "home", "visibility": "not shown"}, {"gameTime": "1 - 43:07", "label": "Clearance", "position": "2587994", "team": "not applicable", "visibility": "visible"}, {"gameTime": "1 - 43:37", "label": "Foul", "position": "2617948", "team": "away", "visibility": "visible"}, {"gameTime": "1 - 43:40", "label": "Indirect free-kick", "position": "2620458", "team": "home", "visibility": "visible"}, {"gameTime": "1 - 44:38", "label": "Ball out of play", "position": "2678810", "team": "away", "visibility": "not shown"}, {"gameTime": "1 - 44:54", "label": "Ball out of play", "position": "2694719", "team": "not applicable", "visibility": "visible"}, {"gameTime": "2 - 00:00", "label": "Kick-off", "position": "0", "team": "home", "visibility": "not shown"}, {"gameTime": "2 - 00:00", "label": "Foul", "position": "0", "team": "away", "visibility": "not shown"}, {"gameTime": "2 - 00:10", "label": "Indirect free-kick", "position": "10318", "team": "home", "visibility": "visible"}, {"gameTime": "2 - 00:31", "label": "Ball out of play", "position": "31409", "team": "away", "visibility": "visible"}, {"gameTime": "2 - 00:39", "label": "Throw-in", "position": "39452", "team": "not applicable", "visibility": "visible"}, {"gameTime": "2 - 00:41", "label": "Foul", "position": "41674", "team": "home", "visibility": "not shown"}, {"gameTime": "2 - 01:26", "label": "Indirect free-kick", "position": "86174", "team": "home", "visibility": "visible"}, {"gameTime": "2 - 01:51", "label": "Shots on target", "position": "111137", "team": "away", "visibility": "visible"}, {"gameTime": "2 - 02:06", "label": "Foul", "position": "126846", "team": "away", "visibility": "visible"}, {"gameTime": "2 - 02:21", "label": "Indirect free-kick", "position": "141844", "team": "home", "visibility": "visible"}, {"gameTime": "2 - 02:50", "label": "Foul", "position": "170347", "team": "away", "visibility": "visible"}, {"gameTime": "2 - 02:59", "label": "Direct free-kick", "position": "179771", "team": "home", "visibility": "visible"}, {"gameTime": "2 - 03:59", "label": "Shots on target", "position": "239177", "team": "away", "visibility": "visible"}, {"gameTime": "2 - 03:59", "label": "Foul", "position": "239205", "team": "away", "visibility": "visible"}, {"gameTime": "2 - 04:23", "label": "Indirect free-kick", "position": "263995", "team": "away", "visibility": "visible"}, {"gameTime": "2 - 04:37", "label": "Shots on target", "position": "277539", "team": "home", "visibility": "not shown"}, {"gameTime": "2 - 05:48", "label": "Shots off target", "position": "348016", "team": "away", "visibility": "visible"}, {"gameTime": "2 - 05:50", "label": "Ball out of play", "position": "350763", "team": "away", "visibility": "visible"}, {"gameTime": "2 - 05:51", "label": "Clearance", "position": "351706", "team": "not applicable", "visibility": "visible"}, {"gameTime": "2 - 05:57", "label": "Ball out of play", "position": "357542", "team": "home", "visibility": "not shown"}, {"gameTime": "2 - 06:20", "label": "Throw-in", "position": "380613", "team": "not applicable", "visibility": "visible"}, {"gameTime": "2 - 06:41", "label": "Ball out of play", "position": "401536", "team": "away", "visibility": "visible"}, {"gameTime": "2 - 06:44", "label": "Throw-in", "position": "404020", "team": "not applicable", "visibility": "visible"}, {"gameTime": "2 - 06:59", "label": "Ball out of play", "position": "419510", "team": "away", "visibility": "visible"}, {"gameTime": "2 - 08:15", "label": "Corner", "position": "495975", "team": "not applicable", "visibility": "visible"}, {"gameTime": "2 - 08:42", "label": "Ball out of play", "position": "522912", "team": "home", "visibility": "visible"}, {"gameTime": "2 - 08:55", "label": "Substitution", "position": "535960", "team": "not applicable", "visibility": "visible"}, {"gameTime": "2 - 09:27", "label": "Throw-in", "position": "567470", "team": "home", "visibility": "visible"}, {"gameTime": "2 - 09:35", "label": "Ball out of play", "position": "575384", "team": "home", "visibility": "not shown"}, {"gameTime": "2 - 09:51", "label": "Throw-in", "position": "591805", "team": "not applicable", "visibility": "visible"}, {"gameTime": "2 - 09:56", "label": "Ball out of play", "position": "596328", "team": "home", "visibility": "visible"}, {"gameTime": "2 - 10:09", "label": "Throw-in", "position": "609977", "team": "not applicable", "visibility": "visible"}, {"gameTime": "2 - 10:23", "label": "Foul", "position": "623085", "team": "away", "visibility": "visible"}, {"gameTime": "2 - 10:29", "label": "Indirect free-kick", "position": "629237", "team": "home", "visibility": "visible"}, {"gameTime": "2 - 10:40", "label": "Ball out of play", "position": "640881", "team": "away", "visibility": "not shown"}, {"gameTime": "2 - 11:00", "label": "Throw-in", "position": "660872", "team": "not applicable", "visibility": "visible"}, {"gameTime": "2 - 11:09", "label": "Foul", "position": "669712", "team": "away", "visibility": "visible"}, {"gameTime": "2 - 11:14", "label": "Indirect free-kick", "position": "674488", "team": "away", "visibility": "visible"}, {"gameTime": "2 - 11:22", "label": "Foul", "position": "682929", "team": "home", "visibility": "not shown"}, {"gameTime": "2 - 11:44", "label": "Indirect free-kick", "position": "704366", "team": "home", "visibility": "visible"}, {"gameTime": "2 - 11:52", "label": "Ball out of play", "position": "712551", "team": "away", "visibility": "not shown"}, {"gameTime": "2 - 12:01", "label": "Throw-in", "position": "721391", "team": "not applicable", "visibility": "visible"}, {"gameTime": "2 - 12:09", "label": "Ball out of play", "position": "729481", "team": "away", "visibility": "not shown"}, {"gameTime": "2 - 12:11", "label": "Throw-in", "position": "731880", "team": "not applicable", "visibility": "visible"}, {"gameTime": "2 - 12:20", "label": "Ball out of play", "position": "740469", "team": "home", "visibility": "visible"}, {"gameTime": "2 - 12:29", "label": "Corner", "position": "749627", "team": "not applicable", "visibility": "visible"}, {"gameTime": "2 - 12:52", "label": "Ball out of play", "position": "772422", "team": "home", "visibility": "visible"}, {"gameTime": "2 - 13:49", "label": "Corner", "position": "829580", "team": "not applicable", "visibility": "visible"}, {"gameTime": "2 - 13:57", "label": "Foul", "position": "837543", "team": "home", "visibility": "visible"}, {"gameTime": "2 - 13:59", "label": "Indirect free-kick", "position": "839010", "team": "home", "visibility": "visible"}, {"gameTime": "2 - 14:04", "label": "Ball out of play", "position": "844079", "team": "away", "visibility": "visible"}, {"gameTime": "2 - 15:00", "label": "Throw-in", "position": "900182", "team": "not applicable", "visibility": "visible"}, {"gameTime": "2 - 15:09", "label": "Ball out of play", "position": "909823", "team": "away", "visibility": "not shown"}, {"gameTime": "2 - 15:16", "label": "Throw-in", "position": "916780", "team": "not applicable", "visibility": "visible"}, {"gameTime": "2 - 15:27", "label": "Foul", "position": "927312", "team": "home", "visibility": "visible"}, {"gameTime": "2 - 15:36", "label": "Indirect free-kick", "position": "936780", "team": "away", "visibility": "visible"}, {"gameTime": "2 - 15:47", "label": "Ball out of play", "position": "947958", "team": "home", "visibility": "not shown"}, {"gameTime": "2 - 16:20", "label": "Substitution", "position": "980424", "team": "not applicable", "visibility": "visible"}, {"gameTime": "2 - 16:56", "label": "Throw-in", "position": "1016533", "team": "away", "visibility": "visible"}, {"gameTime": "2 - 17:19", "label": "Shots off target", "position": "1039335", "team": "away", "visibility": "visible"}, {"gameTime": "2 - 17:39", "label": "Ball out of play", "position": "1059034", "team": "away", "visibility": "visible"}, {"gameTime": "2 - 17:55", "label": "Throw-in", "position": "1075811", "team": "not applicable", "visibility": "visible"}, {"gameTime": "2 - 17:57", "label": "Shots on target", "position": "1077392", "team": "home", "visibility": "visible"}, {"gameTime": "2 - 18:12", "label": "Ball out of play", "position": "1092030", "team": "home", "visibility": "visible"}, {"gameTime": "2 - 18:29", "label": "Throw-in", "position": "1109798", "team": "not applicable", "visibility": "visible"}, {"gameTime": "2 - 18:45", "label": "Shots off target", "position": "1125811", "team": "away", "visibility": "not shown"}, {"gameTime": "2 - 19:23", "label": "Ball out of play", "position": "1163472", "team": "away", "visibility": "visible"}, {"gameTime": "2 - 19:43", "label": "Corner", "position": "1183190", "team": "not applicable", "visibility": "visible"}, {"gameTime": "2 - 20:05", "label": "Ball out of play", "position": "1205411", "team": "home", "visibility": "visible"}, {"gameTime": "2 - 20:14", "label": "Throw-in", "position": "1214665", "team": "not applicable", "visibility": "visible"}, {"gameTime": "2 - 20:27", "label": "Ball out of play", "position": "1227856", "team": "home", "visibility": "visible"}, {"gameTime": "2 - 21:37", "label": "Throw-in", "position": "1297085", "team": "not applicable", "visibility": "visible"}, {"gameTime": "2 - 21:43", "label": "Foul", "position": "1303303", "team": "home", "visibility": "visible"}, {"gameTime": "2 - 21:45", "label": "Direct free-kick", "position": "1305706", "team": "away", "visibility": "visible"}, {"gameTime": "2 - 22:43", "label": "Ball out of play", "position": "1363046", "team": "home", "visibility": "visible"}, {"gameTime": "2 - 22:44", "label": "Corner", "position": "1364822", "team": "not applicable", "visibility": "visible"}, {"gameTime": "2 - 23:06", "label": "Shots on target", "position": "1386190", "team": "home", "visibility": "visible"}, {"gameTime": "2 - 23:07", "label": "Goal", "position": "1387660", "team": "home", "visibility": "visible"}, {"gameTime": "2 - 23:07", "label": "Kick-off", "position": "1387996", "team": "home", "visibility": "visible"}, {"gameTime": "2 - 24:06", "label": "Ball out of play", "position": "1446538", "team": "away", "visibility": "visible"}, {"gameTime": "2 - 25:05", "label": "Corner", "position": "1505526", "team": "not applicable", "visibility": "visible"}, {"gameTime": "2 - 25:37", "label": "Shots off target", "position": "1537467", "team": "away", "visibility": "visible"}, {"gameTime": "2 - 25:39", "label": "Ball out of play", "position": "1539130", "team": "away", "visibility": "visible"}, {"gameTime": "2 - 25:40", "label": "Clearance", "position": "1540090", "team": "not applicable", "visibility": "visible"}, {"gameTime": "2 - 26:06", "label": "Ball out of play", "position": "1566172", "team": "home", "visibility": "visible"}, {"gameTime": "2 - 26:24", "label": "Throw-in", "position": "1584679", "team": "not applicable", "visibility": "visible"}, {"gameTime": "2 - 26:28", "label": "Ball out of play", "position": "1588621", "team": "away", "visibility": "visible"}, {"gameTime": "2 - 26:31", "label": "Throw-in", "position": "1591731", "team": "not applicable", "visibility": "visible"}, {"gameTime": "2 - 26:48", "label": "Offside", "position": "1608749", "team": "home", "visibility": "visible"}, {"gameTime": "2 - 26:59", "label": "Indirect free-kick", "position": "1619791", "team": "home", "visibility": "visible"}, {"gameTime": "2 - 27:11", "label": "Shots on target", "position": "1631760", "team": "away", "visibility": "not shown"}, {"gameTime": "2 - 27:28", "label": "Foul", "position": "1648576", "team": "away", "visibility": "visible"}, {"gameTime": "2 - 28:24", "label": "Indirect free-kick", "position": "1704530", "team": "home", "visibility": "visible"}, {"gameTime": "2 - 28:32", "label": "Foul", "position": "1712287", "team": "away", "visibility": "visible"}, {"gameTime": "2 - 28:59", "label": "Indirect free-kick", "position": "1739262", "team": "home", "visibility": "visible"}, {"gameTime": "2 - 29:04", "label": "Ball out of play", "position": "1744193", "team": "away", "visibility": "not shown"}, {"gameTime": "2 - 29:23", "label": "Throw-in", "position": "1763882", "team": "not applicable", "visibility": "visible"}, {"gameTime": "2 - 29:47", "label": "Ball out of play", "position": "1787275", "team": "home", "visibility": "visible"}, {"gameTime": "2 - 29:53", "label": "Throw-in", "position": "1793384", "team": "not applicable", "visibility": "visible"}, {"gameTime": "2 - 30:08", "label": "Offside", "position": "1808989", "team": "home", "visibility": "visible"}, {"gameTime": "2 - 30:22", "label": "Substitution", "position": "1822618", "team": "home", "visibility": "visible"}, {"gameTime": "2 - 30:46", "label": "Indirect free-kick", "position": "1846569", "team": "away", "visibility": "visible"}, {"gameTime": "2 - 30:54", "label": "Offside", "position": "1854160", "team": "away", "visibility": "not shown"}, {"gameTime": "2 - 31:10", "label": "Indirect free-kick", "position": "1870503", "team": "home", "visibility": "visible"}, {"gameTime": "2 - 31:26", "label": "Foul", "position": "1886927", "team": "away", "visibility": "not shown"}, {"gameTime": "2 - 32:05", "label": "Indirect free-kick", "position": "1925342", "team": "away", "visibility": "visible"}, {"gameTime": "2 - 33:22", "label": "Shots on target", "position": "2002366", "team": "home", "visibility": "visible"}, {"gameTime": "2 - 33:43", "label": "Foul", "position": "2023216", "team": "home", "visibility": "visible"}, {"gameTime": "2 - 34:04", "label": "Substitution", "position": "2044768", "team": "home", "visibility": "visible"}, {"gameTime": "2 - 34:11", "label": "Indirect free-kick", "position": "2051212", "team": "away", "visibility": "not shown"}, {"gameTime": "2 - 34:21", "label": "Shots off target", "position": "2061742", "team": "away", "visibility": "not shown"}, {"gameTime": "2 - 34:26", "label": "Ball out of play", "position": "2066045", "team": "away", "visibility": "visible"}, {"gameTime": "2 - 34:27", "label": "Clearance", "position": "2067143", "team": "not applicable", "visibility": "visible"}, {"gameTime": "2 - 34:57", "label": "Foul", "position": "2097098", "team": "home", "visibility": "visible"}, {"gameTime": "2 - 35:47", "label": "Indirect free-kick", "position": "2147231", "team": "home", "visibility": "visible"}, {"gameTime": "2 - 35:59", "label": "Shots off target", "position": "2159714", "team": "away", "visibility": "not shown"}, {"gameTime": "2 - 36:35", "label": "Ball out of play", "position": "2195780", "team": "away", "visibility": "visible"}, {"gameTime": "2 - 36:36", "label": "Substitution", "position": "2196450", "team": "not applicable", "visibility": "visible"}, {"gameTime": "2 - 37:25", "label": "Clearance", "position": "2245626", "team": "home", "visibility": "visible"}, {"gameTime": "2 - 37:34", "label": "Ball out of play", "position": "2254028", "team": "home", "visibility": "not shown"}, {"gameTime": "2 - 38:03", "label": "Clearance", "position": "2283981", "team": "not applicable", "visibility": "visible"}, {"gameTime": "2 - 38:26", "label": "Ball out of play", "position": "2306853", "team": "home", "visibility": "visible"}, {"gameTime": "2 - 38:30", "label": "Throw-in", "position": "2310969", "team": "not applicable", "visibility": "visible"}, {"gameTime": "2 - 38:41", "label": "Foul", "position": "2321886", "team": "away", "visibility": "visible"}, {"gameTime": "2 - 39:20", "label": "Indirect free-kick", "position": "2360819", "team": "home", "visibility": "visible"}, {"gameTime": "2 - 40:00", "label": "Ball out of play", "position": "2400622", "team": "away", "visibility": "visible"}, {"gameTime": "2 - 40:15", "label": "Throw-in", "position": "2415062", "team": "not applicable", "visibility": "visible"}, {"gameTime": "2 - 40:24", "label": "Ball out of play", "position": "2424815", "team": "away", "visibility": "visible"}, {"gameTime": "2 - 40:46", "label": "Throw-in", "position": "2446279", "team": "not applicable", "visibility": "visible"}, {"gameTime": "2 - 40:47", "label": "Ball out of play", "position": "2447839", "team": "away", "visibility": "visible"}, {"gameTime": "2 - 40:59", "label": "Clearance", "position": "2459520", "team": "not applicable", "visibility": "visible"}, {"gameTime": "2 - 41:23", "label": "Ball out of play", "position": "2483423", "team": "home", "visibility": "not shown"}, {"gameTime": "2 - 41:49", "label": "Throw-in", "position": "2509407", "team": "not applicable", "visibility": "visible"}, {"gameTime": "2 - 41:53", "label": "Foul", "position": "2513329", "team": "away", "visibility": "not shown"}, {"gameTime": "2 - 41:57", "label": "Indirect free-kick", "position": "2517667", "team": "home", "visibility": "visible"}, {"gameTime": "2 - 42:14", "label": "Ball out of play", "position": "2534117", "team": "away", "visibility": "visible"}, {"gameTime": "2 - 42:53", "label": "Ball out of play", "position": "2573040", "team": "not applicable", "visibility": "visible"}, {"gameTime": "2 - 43:32", "label": "Throw-in", "position": "2612620", "team": "not applicable", "visibility": "visible"}, {"gameTime": "2 - 43:48", "label": "Foul", "position": "2628479", "team": "home", "visibility": "visible"}, {"gameTime": "2 - 44:12", "label": "Indirect free-kick", "position": "2652401", "team": "away", "visibility": "visible"}, {"gameTime": "2 - 44:48", "label": "Ball out of play", "position": "2688174", "team": "home", "visibility": "visible"}, {"gameTime": "2 - 44:52", "label": "Ball out of play", "position": "2692786", "team": "not applicable", "visibility": "visible"}], "gameAwayTeam": "Empoli", "gameDate": "29/08/2015 - 21:45", "gameHomeTeam": "AC Milan", "gameScore": "2 - 1"}