{"UrlLocal": "england_epl/2015-2016/2016-03-05 - 18-00 Chelsea 1 - 1 Stoke City/", "UrlYoutube": "", "annotations": [{"gameTime": "1 - 01:03", "label": "Kick-off", "position": "63461", "team": "not applicable", "visibility": "visible"}, {"gameTime": "1 - 01:10", "label": "Ball out of play", "position": "70960", "team": "away", "visibility": "not shown"}, {"gameTime": "1 - 01:51", "label": "Throw-in", "position": "111585", "team": "away", "visibility": "visible"}, {"gameTime": "1 - 02:04", "label": "Shots on target", "position": "124049", "team": "home", "visibility": "not shown"}, {"gameTime": "1 - 02:27", "label": "Clearance", "position": "147652", "team": "away", "visibility": "visible"}, {"gameTime": "1 - 02:31", "label": "Shots on target", "position": "151589", "team": "home", "visibility": "not shown"}, {"gameTime": "1 - 02:51", "label": "Clearance", "position": "171443", "team": "not applicable", "visibility": "visible"}, {"gameTime": "1 - 02:55", "label": "Ball out of play", "position": "175219", "team": "home", "visibility": "visible"}, {"gameTime": "1 - 03:45", "label": "Throw-in", "position": "225360", "team": "not applicable", "visibility": "visible"}, {"gameTime": "1 - 03:51", "label": "Ball out of play", "position": "231126", "team": "away", "visibility": "visible"}, {"gameTime": "1 - 04:37", "label": "Throw-in", "position": "277309", "team": "not applicable", "visibility": "visible"}, {"gameTime": "1 - 04:43", "label": "Ball out of play", "position": "283415", "team": "home", "visibility": "not shown"}, {"gameTime": "1 - 05:25", "label": "Clearance", "position": "325950", "team": "not applicable", "visibility": "visible"}, {"gameTime": "1 - 05:35", "label": "Ball out of play", "position": "335785", "team": "away", "visibility": "visible"}, {"gameTime": "1 - 05:56", "label": "Throw-in", "position": "356198", "team": "away", "visibility": "not shown"}, {"gameTime": "1 - 06:02", "label": "Foul", "position": "362412", "team": "home", "visibility": "not shown"}, {"gameTime": "1 - 06:36", "label": "Indirect free-kick", "position": "396675", "team": "not applicable", "visibility": "visible"}, {"gameTime": "1 - 07:05", "label": "Ball out of play", "position": "425861", "team": "away", "visibility": "visible"}, {"gameTime": "1 - 07:54", "label": "Clearance", "position": "474502", "team": "home", "visibility": "visible"}, {"gameTime": "1 - 08:37", "label": "Shots on target", "position": "517893", "team": "not applicable", "visibility": "visible"}, {"gameTime": "1 - 08:38", "label": "Ball out of play", "position": "518353", "team": "home", "visibility": "not shown"}, {"gameTime": "1 - 11:39", "label": "Throw-in", "position": "699899", "team": "away", "visibility": "visible"}, {"gameTime": "1 - 13:00", "label": "Offside", "position": "780542", "team": "not applicable", "visibility": "visible"}, {"gameTime": "1 - 13:12", "label": "Ball out of play", "position": "792852", "team": "home", "visibility": "not shown"}, {"gameTime": "1 - 13:44", "label": "Clearance", "position": "824271", "team": "home", "visibility": "visible"}, {"gameTime": "1 - 13:45", "label": "Shots off target", "position": "825272", "team": "not applicable", "visibility": "visible"}, {"gameTime": "1 - 14:16", "label": "Ball out of play", "position": "856607", "team": "away", "visibility": "visible"}, {"gameTime": "1 - 14:55", "label": "Clearance", "position": "895148", "team": "home", "visibility": "visible"}, {"gameTime": "1 - 15:47", "label": "Shots on target", "position": "947794", "team": "not applicable", "visibility": "visible"}, {"gameTime": "1 - 15:50", "label": "Ball out of play", "position": "950720", "team": "home", "visibility": "visible"}, {"gameTime": "1 - 16:21", "label": "Clearance", "position": "981318", "team": "home", "visibility": "visible"}, {"gameTime": "1 - 16:26", "label": "Shots on target", "position": "986577", "team": "not applicable", "visibility": "visible"}, {"gameTime": "1 - 16:28", "label": "Ball out of play", "position": "988984", "team": "home", "visibility": "visible"}, {"gameTime": "1 - 16:34", "label": "Throw-in", "position": "994321", "team": "not applicable", "visibility": "visible"}, {"gameTime": "1 - 16:39", "label": "Ball out of play", "position": "999099", "team": "home", "visibility": "visible"}, {"gameTime": "1 - 16:53", "label": "Throw-in", "position": "1013394", "team": "away", "visibility": "visible"}, {"gameTime": "1 - 17:01", "label": "Foul", "position": "1021514", "team": "home", "visibility": "visible"}, {"gameTime": "1 - 17:35", "label": "Indirect free-kick", "position": "1055552", "team": "home", "visibility": "visible"}, {"gameTime": "1 - 18:17", "label": "Shots on target", "position": "1097954", "team": "away", "visibility": "visible"}, {"gameTime": "1 - 18:21", "label": "Shots off target", "position": "1101538", "team": "not applicable", "visibility": "visible"}, {"gameTime": "1 - 18:37", "label": "Ball out of play", "position": "1117989", "team": "away", "visibility": "not shown"}, {"gameTime": "1 - 18:44", "label": "Corner", "position": "1124489", "team": "away", "visibility": "visible"}, {"gameTime": "1 - 18:45", "label": "Shots off target", "position": "1125269", "team": "not applicable", "visibility": "visible"}, {"gameTime": "1 - 19:16", "label": "Ball out of play", "position": "1156750", "team": "away", "visibility": "visible"}, {"gameTime": "1 - 19:19", "label": "Corner", "position": "1159460", "team": "away", "visibility": "visible"}, {"gameTime": "1 - 19:20", "label": "Shots off target", "position": "1160365", "team": "not applicable", "visibility": "visible"}, {"gameTime": "1 - 19:43", "label": "Ball out of play", "position": "1183808", "team": "home", "visibility": "not shown"}, {"gameTime": "1 - 20:06", "label": "Clearance", "position": "1206380", "team": "not applicable", "visibility": "visible"}, {"gameTime": "1 - 20:23", "label": "Ball out of play", "position": "1223704", "team": "away", "visibility": "visible"}, {"gameTime": "1 - 20:58", "label": "Throw-in", "position": "1258875", "team": "away", "visibility": "visible"}, {"gameTime": "1 - 20:59", "label": "Shots off target", "position": "1259410", "team": "not applicable", "visibility": "visible"}, {"gameTime": "1 - 22:34", "label": "Ball out of play", "position": "1354428", "team": "home", "visibility": "not shown"}, {"gameTime": "1 - 23:04", "label": "Clearance", "position": "1384342", "team": "not applicable", "visibility": "visible"}, {"gameTime": "1 - 23:06", "label": "Ball out of play", "position": "1386376", "team": "home", "visibility": "visible"}, {"gameTime": "1 - 23:28", "label": "Throw-in", "position": "1408635", "team": "away", "visibility": "visible"}, {"gameTime": "1 - 23:53", "label": "Foul", "position": "1433869", "team": "home", "visibility": "visible"}, {"gameTime": "1 - 24:13", "label": "Indirect free-kick", "position": "1453868", "team": "not applicable", "visibility": "visible"}, {"gameTime": "1 - 24:41", "label": "Ball out of play", "position": "1481777", "team": "away", "visibility": "visible"}, {"gameTime": "1 - 24:53", "label": "Clearance", "position": "1493379", "team": "home", "visibility": "visible"}, {"gameTime": "1 - 25:40", "label": "Foul", "position": "1540857", "team": "away", "visibility": "visible"}, {"gameTime": "1 - 25:40", "label": "Shots off target", "position": "1540857", "team": "away", "visibility": "visible"}, {"gameTime": "1 - 25:43", "label": "Direct free-kick", "position": "1543445", "team": "not applicable", "visibility": "visible"}, {"gameTime": "1 - 25:56", "label": "Ball out of play", "position": "1556590", "team": "away", "visibility": "visible"}, {"gameTime": "1 - 26:12", "label": "Foul", "position": "1572098", "team": "home", "visibility": "not shown"}, {"gameTime": "1 - 27:00", "label": "Indirect free-kick", "position": "1620105", "team": "home", "visibility": "visible"}, {"gameTime": "1 - 27:01", "label": "Shots off target", "position": "1621190", "team": "not applicable", "visibility": "visible"}, {"gameTime": "1 - 27:29", "label": "Ball out of play", "position": "1649010", "team": "away", "visibility": "not shown"}, {"gameTime": "1 - 27:39", "label": "Clearance", "position": "1659340", "team": "home", "visibility": "visible"}, {"gameTime": "1 - 28:58", "label": "Foul", "position": "1738696", "team": "away", "visibility": "not shown"}, {"gameTime": "1 - 29:14", "label": "Indirect free-kick", "position": "1754739", "team": "not applicable", "visibility": "visible"}, {"gameTime": "1 - 29:35", "label": "Ball out of play", "position": "1775270", "team": "away", "visibility": "visible"}, {"gameTime": "1 - 29:43", "label": "Throw-in", "position": "1783914", "team": "not applicable", "visibility": "visible"}, {"gameTime": "1 - 29:50", "label": "Ball out of play", "position": "1790383", "team": "home", "visibility": "visible"}, {"gameTime": "1 - 30:42", "label": "Throw-in", "position": "1842766", "team": "not applicable", "visibility": "not shown"}, {"gameTime": "1 - 31:04", "label": "Ball out of play", "position": "1864490", "team": "away", "visibility": "not shown"}, {"gameTime": "1 - 32:14", "label": "Clearance", "position": "1934216", "team": "home", "visibility": "visible"}, {"gameTime": "1 - 32:27", "label": "Shots on target", "position": "1947856", "team": "not applicable", "visibility": "visible"}, {"gameTime": "1 - 32:57", "label": "Ball out of play", "position": "1977766", "team": "home", "visibility": "visible"}, {"gameTime": "1 - 33:18", "label": "Corner", "position": "1998741", "team": "home", "visibility": "visible"}, {"gameTime": "1 - 34:14", "label": "Shots off target", "position": "2054337", "team": "home", "visibility": "visible"}, {"gameTime": "1 - 34:32", "label": "Foul", "position": "2072801", "team": "away", "visibility": "visible"}, {"gameTime": "1 - 35:48", "label": "Indirect free-kick", "position": "2148523", "team": "away", "visibility": "visible"}, {"gameTime": "1 - 35:50", "label": "Shots off target", "position": "2150071", "team": "away", "visibility": "visible"}, {"gameTime": "1 - 35:51", "label": "Shots off target", "position": "2151239", "team": "not applicable", "visibility": "visible"}, {"gameTime": "1 - 36:17", "label": "Ball out of play", "position": "2177706", "team": "home", "visibility": "not shown"}, {"gameTime": "1 - 36:28", "label": "Clearance", "position": "2188587", "team": "not applicable", "visibility": "not shown"}, {"gameTime": "1 - 36:33", "label": "Ball out of play", "position": "2193981", "team": "home", "visibility": "not shown"}, {"gameTime": "1 - 37:45", "label": "Throw-in", "position": "2265449", "team": "not applicable", "visibility": "visible"}, {"gameTime": "1 - 37:59", "label": "Ball out of play", "position": "2279057", "team": "away", "visibility": "not shown"}, {"gameTime": "1 - 38:42", "label": "Clearance", "position": "2322028", "team": "home", "visibility": "visible"}, {"gameTime": "1 - 38:42", "label": "Shots on target", "position": "2322800", "team": "home", "visibility": "visible"}, {"gameTime": "1 - 39:41", "label": "Goal", "position": "2381443", "team": "away", "visibility": "not shown"}, {"gameTime": "1 - 40:07", "label": "Kick-off", "position": "2407075", "team": "not applicable", "visibility": "visible"}, {"gameTime": "1 - 40:14", "label": "Ball out of play", "position": "2414636", "team": "home", "visibility": "not shown"}, {"gameTime": "1 - 40:21", "label": "Throw-in", "position": "2421245", "team": "not applicable", "visibility": "not shown"}, {"gameTime": "1 - 40:34", "label": "Ball out of play", "position": "2434027", "team": "home", "visibility": "visible"}, {"gameTime": "1 - 40:41", "label": "Throw-in", "position": "2441240", "team": "not applicable", "visibility": "visible"}, {"gameTime": "1 - 41:09", "label": "Ball out of play", "position": "2469043", "team": "away", "visibility": "visible"}, {"gameTime": "1 - 42:04", "label": "Clearance", "position": "2524082", "team": "not applicable", "visibility": "visible"}, {"gameTime": "1 - 42:09", "label": "Ball out of play", "position": "2529007", "team": "away", "visibility": "not shown"}, {"gameTime": "1 - 42:56", "label": "Throw-in", "position": "2576822", "team": "not applicable", "visibility": "visible"}, {"gameTime": "1 - 43:14", "label": "Ball out of play", "position": "2594113", "team": "home", "visibility": "visible"}, {"gameTime": "1 - 44:03", "label": "Corner", "position": "2643861", "team": "not applicable", "visibility": "visible"}, {"gameTime": "1 - 44:36", "label": "Ball out of play", "position": "2676959", "team": "away", "visibility": "visible"}, {"gameTime": "1 - 44:49", "label": "Clearance", "position": "2689416", "team": "home", "visibility": "visible"}, {"gameTime": "1 - 44:55", "label": "Foul", "position": "2695000", "team": "home", "visibility": "visible"}, {"gameTime": "1 - 45:38", "label": "Yellow card", "position": "2738763", "team": "not applicable", "visibility": "visible"}, {"gameTime": "1 - 45:48", "label": "Ball out of play", "position": "2748380", "team": "away", "visibility": "not shown"}, {"gameTime": "2 - 00:25", "label": "Kick-off", "position": "25965", "team": "not applicable", "visibility": "not shown"}, {"gameTime": "2 - 00:38", "label": "Ball out of play", "position": "38323", "team": "away", "visibility": "visible"}, {"gameTime": "2 - 00:54", "label": "Throw-in", "position": "54889", "team": "not applicable", "visibility": "visible"}, {"gameTime": "2 - 01:02", "label": "Ball out of play", "position": "62299", "team": "away", "visibility": "visible"}, {"gameTime": "2 - 01:12", "label": "Throw-in", "position": "72945", "team": "not applicable", "visibility": "visible"}, {"gameTime": "2 - 01:15", "label": "Ball out of play", "position": "75459", "team": "away", "visibility": "visible"}, {"gameTime": "2 - 01:21", "label": "Throw-in", "position": "81513", "team": "not applicable", "visibility": "visible"}, {"gameTime": "2 - 01:32", "label": "Ball out of play", "position": "92028", "team": "home", "visibility": "visible"}, {"gameTime": "2 - 02:05", "label": "Throw-in", "position": "125892", "team": "away", "visibility": "visible"}, {"gameTime": "2 - 03:13", "label": "Shots on target", "position": "193805", "team": "not applicable", "visibility": "visible"}, {"gameTime": "2 - 03:34", "label": "Ball out of play", "position": "214905", "team": "away", "visibility": "visible"}, {"gameTime": "2 - 03:57", "label": "Throw-in", "position": "237775", "team": "not applicable", "visibility": "visible"}, {"gameTime": "2 - 04:04", "label": "Ball out of play", "position": "244152", "team": "away", "visibility": "not shown"}, {"gameTime": "2 - 04:24", "label": "Throw-in", "position": "264014", "team": "home", "visibility": "visible"}, {"gameTime": "2 - 04:26", "label": "Shots on target", "position": "266022", "team": "not applicable", "visibility": "visible"}, {"gameTime": "2 - 04:53", "label": "Ball out of play", "position": "293768", "team": "away", "visibility": "not shown"}, {"gameTime": "2 - 05:24", "label": "Clearance", "position": "324095", "team": "home", "visibility": "visible"}, {"gameTime": "2 - 05:54", "label": "Foul", "position": "354240", "team": "away", "visibility": "visible"}, {"gameTime": "2 - 06:02", "label": "Indirect free-kick", "position": "362758", "team": "not applicable", "visibility": "visible"}, {"gameTime": "2 - 06:11", "label": "Ball out of play", "position": "371720", "team": "away", "visibility": "not shown"}, {"gameTime": "2 - 07:29", "label": "Throw-in", "position": "449500", "team": "away", "visibility": "visible"}, {"gameTime": "2 - 07:31", "label": "Foul", "position": "451140", "team": "home", "visibility": "visible"}, {"gameTime": "2 - 07:37", "label": "Offside", "position": "457000", "team": "away", "visibility": "visible"}, {"gameTime": "2 - 08:13", "label": "Yellow card", "position": "493224", "team": "home", "visibility": "visible"}, {"gameTime": "2 - 08:26", "label": "Direct free-kick", "position": "506320", "team": "not applicable", "visibility": "visible"}, {"gameTime": "2 - 08:39", "label": "Ball out of play", "position": "519141", "team": "home", "visibility": "visible"}, {"gameTime": "2 - 08:45", "label": "Throw-in", "position": "525407", "team": "not applicable", "visibility": "visible"}, {"gameTime": "2 - 08:55", "label": "Ball out of play", "position": "535259", "team": "away", "visibility": "not shown"}, {"gameTime": "2 - 09:15", "label": "Throw-in", "position": "555461", "team": "not applicable", "visibility": "visible"}, {"gameTime": "2 - 09:20", "label": "Ball out of play", "position": "560513", "team": "away", "visibility": "not shown"}, {"gameTime": "2 - 09:42", "label": "Throw-in", "position": "582978", "team": "not applicable", "visibility": "visible"}, {"gameTime": "2 - 09:48", "label": "Ball out of play", "position": "588241", "team": "home", "visibility": "visible"}, {"gameTime": "2 - 10:23", "label": "Throw-in", "position": "623843", "team": "not applicable", "visibility": "visible"}, {"gameTime": "2 - 10:28", "label": "Ball out of play", "position": "628722", "team": "away", "visibility": "visible"}, {"gameTime": "2 - 11:28", "label": "Throw-in", "position": "688229", "team": "not applicable", "visibility": "visible"}, {"gameTime": "2 - 11:31", "label": "Ball out of play", "position": "691102", "team": "away", "visibility": "visible"}, {"gameTime": "2 - 11:39", "label": "Throw-in", "position": "699077", "team": "not applicable", "visibility": "visible"}, {"gameTime": "2 - 13:06", "label": "Ball out of play", "position": "786628", "team": "away", "visibility": "visible"}, {"gameTime": "2 - 13:07", "label": "Shots on target", "position": "787780", "team": "not applicable", "visibility": "visible"}, {"gameTime": "2 - 13:44", "label": "Ball out of play", "position": "824025", "team": "away", "visibility": "visible"}, {"gameTime": "2 - 14:03", "label": "Corner", "position": "843015", "team": "home", "visibility": "visible"}, {"gameTime": "2 - 14:03", "label": "Shots on target", "position": "843928", "team": "not applicable", "visibility": "visible"}, {"gameTime": "2 - 14:47", "label": "Ball out of play", "position": "887194", "team": "home", "visibility": "visible"}, {"gameTime": "2 - 15:02", "label": "Corner", "position": "902322", "team": "not applicable", "visibility": "visible"}, {"gameTime": "2 - 15:36", "label": "Ball out of play", "position": "936651", "team": "home", "visibility": "visible"}, {"gameTime": "2 - 15:41", "label": "Clearance", "position": "941167", "team": "not applicable", "visibility": "visible"}, {"gameTime": "2 - 15:55", "label": "Ball out of play", "position": "955106", "team": "home", "visibility": "visible"}, {"gameTime": "2 - 16:14", "label": "Corner", "position": "974743", "team": "home", "visibility": "visible"}, {"gameTime": "2 - 16:37", "label": "Shots on target", "position": "997635", "team": "not applicable", "visibility": "visible"}, {"gameTime": "2 - 17:10", "label": "Ball out of play", "position": "1030000", "team": "home", "visibility": "visible"}, {"gameTime": "2 - 17:34", "label": "Substitution", "position": "1054116", "team": "home", "visibility": "visible"}, {"gameTime": "2 - 18:44", "label": "Clearance", "position": "1124402", "team": "away", "visibility": "visible"}, {"gameTime": "2 - 19:24", "label": "Foul", "position": "1164021", "team": "home", "visibility": "visible"}, {"gameTime": "2 - 19:59", "label": "Direct free-kick", "position": "1199064", "team": "not applicable", "visibility": "visible"}, {"gameTime": "2 - 20:09", "label": "Ball out of play", "position": "1209355", "team": "away", "visibility": "not shown"}, {"gameTime": "2 - 20:37", "label": "Throw-in", "position": "1237290", "team": "not applicable", "visibility": "visible"}, {"gameTime": "2 - 20:48", "label": "Ball out of play", "position": "1248600", "team": "away", "visibility": "not shown"}, {"gameTime": "2 - 21:21", "label": "Throw-in", "position": "1281866", "team": "not applicable", "visibility": "visible"}, {"gameTime": "2 - 21:27", "label": "Ball out of play", "position": "1287196", "team": "away", "visibility": "visible"}, {"gameTime": "2 - 22:21", "label": "Throw-in", "position": "1341000", "team": "home", "visibility": "visible"}, {"gameTime": "2 - 22:48", "label": "Substitution", "position": "1368507", "team": "not applicable", "visibility": "visible"}, {"gameTime": "2 - 23:00", "label": "Ball out of play", "position": "1380648", "team": "not applicable", "visibility": "visible"}, {"gameTime": "2 - 23:26", "label": "Ball out of play", "position": "1406638", "team": "away", "visibility": "not shown"}, {"gameTime": "2 - 24:26", "label": "Clearance", "position": "1466802", "team": "not applicable", "visibility": "visible"}, {"gameTime": "2 - 24:32", "label": "Ball out of play", "position": "1472685", "team": "away", "visibility": "not shown"}, {"gameTime": "2 - 25:36", "label": "Throw-in", "position": "1536709", "team": "away", "visibility": "visible"}, {"gameTime": "2 - 26:08", "label": "Foul", "position": "1568551", "team": "home", "visibility": "not shown"}, {"gameTime": "2 - 27:26", "label": "Indirect free-kick", "position": "1646348", "team": "away", "visibility": "visible"}, {"gameTime": "2 - 27:32", "label": "Foul", "position": "1652000", "team": "away", "visibility": "visible"}, {"gameTime": "2 - 28:32", "label": "Yellow card", "position": "1712567", "team": "home", "visibility": "visible"}, {"gameTime": "2 - 28:32", "label": "Direct free-kick", "position": "1712567", "team": "home", "visibility": "visible"}, {"gameTime": "2 - 28:34", "label": "Shots off target", "position": "1714190", "team": "not applicable", "visibility": "visible"}, {"gameTime": "2 - 29:04", "label": "Ball out of play", "position": "1744000", "team": "away", "visibility": "visible"}, {"gameTime": "2 - 29:20", "label": "Substitution", "position": "1760195", "team": "away", "visibility": "visible"}, {"gameTime": "2 - 29:38", "label": "Clearance", "position": "1778590", "team": "not applicable", "visibility": "visible"}, {"gameTime": "2 - 30:12", "label": "Ball out of play", "position": "1812947", "team": "away", "visibility": "visible"}, {"gameTime": "2 - 30:14", "label": "Shots off target", "position": "1814222", "team": "not applicable", "visibility": "visible"}, {"gameTime": "2 - 30:24", "label": "Ball out of play", "position": "1824684", "team": "home", "visibility": "not shown"}, {"gameTime": "2 - 31:15", "label": "Clearance", "position": "1875718", "team": "not applicable", "visibility": "visible"}, {"gameTime": "2 - 31:32", "label": "Ball out of play", "position": "1892607", "team": "home", "visibility": "not shown"}, {"gameTime": "2 - 31:47", "label": "Throw-in", "position": "1907307", "team": "not applicable", "visibility": "visible"}, {"gameTime": "2 - 32:00", "label": "Ball out of play", "position": "1920950", "team": "home", "visibility": "visible"}, {"gameTime": "2 - 32:35", "label": "Throw-in", "position": "1955003", "team": "home", "visibility": "visible"}, {"gameTime": "2 - 34:06", "label": "Offside", "position": "2046828", "team": "away", "visibility": "visible"}, {"gameTime": "2 - 34:45", "label": "Foul", "position": "2085901", "team": "home", "visibility": "visible"}, {"gameTime": "2 - 35:23", "label": "Direct free-kick", "position": "2123896", "team": "home", "visibility": "visible"}, {"gameTime": "2 - 35:45", "label": "Shots off target", "position": "2145214", "team": "home", "visibility": "visible"}, {"gameTime": "2 - 36:16", "label": "Foul", "position": "2176000", "team": "home", "visibility": "visible"}, {"gameTime": "2 - 36:24", "label": "Substitution", "position": "2184145", "team": "away", "visibility": "visible"}, {"gameTime": "2 - 36:53", "label": "Indirect free-kick", "position": "2213871", "team": "not applicable", "visibility": "visible"}, {"gameTime": "2 - 37:03", "label": "Ball out of play", "position": "2223354", "team": "home", "visibility": "not shown"}, {"gameTime": "2 - 37:13", "label": "Throw-in", "position": "2233999", "team": "away", "visibility": "visible"}, {"gameTime": "2 - 37:35", "label": "Shots off target", "position": "2255776", "team": "not applicable", "visibility": "visible"}, {"gameTime": "2 - 37:48", "label": "Ball out of play", "position": "2268492", "team": "away", "visibility": "not shown"}, {"gameTime": "2 - 38:42", "label": "Clearance", "position": "2322124", "team": "not applicable", "visibility": "visible"}, {"gameTime": "2 - 38:46", "label": "Ball out of play", "position": "2326725", "team": "away", "visibility": "visible"}, {"gameTime": "2 - 39:16", "label": "Throw-in", "position": "2356307", "team": "away", "visibility": "visible"}, {"gameTime": "2 - 39:16", "label": "Shots on target", "position": "2356920", "team": "away", "visibility": "visible"}, {"gameTime": "2 - 40:21", "label": "Goal", "position": "2421000", "team": "away", "visibility": "visible"}, {"gameTime": "2 - 40:26", "label": "Substitution", "position": "2426323", "team": "home", "visibility": "not shown"}, {"gameTime": "2 - 40:47", "label": "Kick-off", "position": "2447904", "team": "not applicable", "visibility": "visible"}, {"gameTime": "2 - 40:56", "label": "Ball out of play", "position": "2456132", "team": "home", "visibility": "not shown"}, {"gameTime": "2 - 41:04", "label": "Throw-in", "position": "2464934", "team": "not applicable", "visibility": "visible"}, {"gameTime": "2 - 41:08", "label": "Ball out of play", "position": "2468298", "team": "home", "visibility": "visible"}, {"gameTime": "2 - 43:07", "label": "Throw-in", "position": "2587554", "team": "not applicable", "visibility": "visible"}, {"gameTime": "2 - 43:15", "label": "Ball out of play", "position": "2595541", "team": "home", "visibility": "visible"}, {"gameTime": "2 - 43:25", "label": "Throw-in", "position": "2605387", "team": "home", "visibility": "visible"}, {"gameTime": "2 - 43:27", "label": "Shots off target", "position": "2607469", "team": "not applicable", "visibility": "visible"}, {"gameTime": "2 - 43:52", "label": "Ball out of play", "position": "2632878", "team": "home", "visibility": "visible"}, {"gameTime": "2 - 43:55", "label": "Corner", "position": "2635260", "team": "not applicable", "visibility": "visible"}, {"gameTime": "2 - 44:16", "label": "Ball out of play", "position": "2656000", "team": "away", "visibility": "visible"}, {"gameTime": "2 - 44:25", "label": "Substitution", "position": "2665280", "team": "away", "visibility": "visible"}, {"gameTime": "2 - 44:54", "label": "Corner", "position": "2694822", "team": "not applicable", "visibility": "visible"}, {"gameTime": "2 - 45:10", "label": "Ball out of play", "position": "2710111", "team": "away", "visibility": "visible"}], "gameAwayTeam": "Stoke City", "gameDate": "05/03/2016 - 18:00", "gameHomeTeam": "Chelsea", "gameScore": "1 - 1"}