{"UrlLocal": "england_epl/2016-2017/2016-11-06 - 17-15 Liverpool 6 - 1 Watford/", "UrlYoutube": "", "annotations": [{"gameTime": "1 - 00:00", "label": "Ball out of play", "position": "19", "team": "away", "visibility": "not shown"}, {"gameTime": "1 - 01:02", "label": "Throw-in", "position": "62578", "team": "not applicable", "visibility": "visible"}, {"gameTime": "1 - 01:21", "label": "Foul", "position": "81495", "team": "away", "visibility": "visible"}, {"gameTime": "1 - 01:52", "label": "Indirect free-kick", "position": "112593", "team": "home", "visibility": "visible"}, {"gameTime": "1 - 02:08", "label": "Ball out of play", "position": "128431", "team": "away", "visibility": "not shown"}, {"gameTime": "1 - 02:18", "label": "Throw-in", "position": "138155", "team": "not applicable", "visibility": "visible"}, {"gameTime": "1 - 02:28", "label": "Ball out of play", "position": "148984", "team": "home", "visibility": "visible"}, {"gameTime": "1 - 02:36", "label": "Clearance", "position": "156846", "team": "not applicable", "visibility": "visible"}, {"gameTime": "1 - 02:58", "label": "Foul", "position": "178456", "team": "home", "visibility": "visible"}, {"gameTime": "1 - 04:01", "label": "Indirect free-kick", "position": "241970", "team": "away", "visibility": "visible"}, {"gameTime": "1 - 04:11", "label": "Ball out of play", "position": "251604", "team": "home", "visibility": "not shown"}, {"gameTime": "1 - 04:39", "label": "Throw-in", "position": "279347", "team": "not applicable", "visibility": "visible"}, {"gameTime": "1 - 04:41", "label": "Ball out of play", "position": "281915", "team": "home", "visibility": "visible"}, {"gameTime": "1 - 05:11", "label": "Throw-in", "position": "311322", "team": "not applicable", "visibility": "visible"}, {"gameTime": "1 - 05:27", "label": "Shots on target", "position": "327633", "team": "away", "visibility": "visible"}, {"gameTime": "1 - 06:38", "label": "Ball out of play", "position": "398543", "team": "home", "visibility": "visible"}, {"gameTime": "1 - 07:24", "label": "Throw-in", "position": "444287", "team": "not applicable", "visibility": "visible"}, {"gameTime": "1 - 07:46", "label": "Shots on target", "position": "466414", "team": "away", "visibility": "visible"}, {"gameTime": "1 - 07:52", "label": "Ball out of play", "position": "472338", "team": "away", "visibility": "visible"}, {"gameTime": "1 - 08:03", "label": "Clearance", "position": "483924", "team": "not applicable", "visibility": "visible"}, {"gameTime": "1 - 08:07", "label": "Ball out of play", "position": "487217", "team": "home", "visibility": "not shown"}, {"gameTime": "1 - 08:39", "label": "Corner", "position": "519099", "team": "not applicable", "visibility": "visible"}, {"gameTime": "1 - 09:04", "label": "Ball out of play", "position": "544596", "team": "home", "visibility": "visible"}, {"gameTime": "1 - 09:09", "label": "Clearance", "position": "549037", "team": "not applicable", "visibility": "visible"}, {"gameTime": "1 - 09:39", "label": "Ball out of play", "position": "579769", "team": "away", "visibility": "visible"}, {"gameTime": "1 - 10:09", "label": "Clearance", "position": "609204", "team": "not applicable", "visibility": "visible"}, {"gameTime": "1 - 10:26", "label": "Foul", "position": "626321", "team": "home", "visibility": "not shown"}, {"gameTime": "1 - 10:59", "label": "Direct free-kick", "position": "659365", "team": "away", "visibility": "visible"}, {"gameTime": "1 - 11:43", "label": "Shots off target", "position": "703853", "team": "home", "visibility": "visible"}, {"gameTime": "1 - 11:45", "label": "Ball out of play", "position": "705628", "team": "home", "visibility": "visible"}, {"gameTime": "1 - 11:46", "label": "Clearance", "position": "706708", "team": "not applicable", "visibility": "visible"}, {"gameTime": "1 - 12:12", "label": "Ball out of play", "position": "732176", "team": "away", "visibility": "not shown"}, {"gameTime": "1 - 12:22", "label": "Throw-in", "position": "742008", "team": "not applicable", "visibility": "visible"}, {"gameTime": "1 - 12:33", "label": "Ball out of play", "position": "753690", "team": "home", "visibility": "visible"}, {"gameTime": "1 - 13:31", "label": "Throw-in", "position": "811635", "team": "not applicable", "visibility": "visible"}, {"gameTime": "1 - 13:48", "label": "Foul", "position": "828150", "team": "home", "visibility": "visible"}, {"gameTime": "1 - 13:56", "label": "Indirect free-kick", "position": "836640", "team": "home", "visibility": "visible"}, {"gameTime": "1 - 14:10", "label": "Ball out of play", "position": "850116", "team": "away", "visibility": "visible"}, {"gameTime": "1 - 14:35", "label": "Throw-in", "position": "875789", "team": "not applicable", "visibility": "visible"}, {"gameTime": "1 - 14:45", "label": "Ball out of play", "position": "885488", "team": "home", "visibility": "not shown"}, {"gameTime": "1 - 15:05", "label": "Corner", "position": "905642", "team": "not applicable", "visibility": "visible"}, {"gameTime": "1 - 15:40", "label": "Shots on target", "position": "940703", "team": "home", "visibility": "visible"}, {"gameTime": "1 - 15:43", "label": "Foul", "position": "943548", "team": "home", "visibility": "visible"}, {"gameTime": "1 - 16:00", "label": "Indirect free-kick", "position": "960800", "team": "away", "visibility": "visible"}, {"gameTime": "1 - 16:16", "label": "Foul", "position": "976976", "team": "home", "visibility": "not shown"}, {"gameTime": "1 - 16:27", "label": "Direct free-kick", "position": "987977", "team": "home", "visibility": "visible"}, {"gameTime": "1 - 17:10", "label": "Shots off target", "position": "1030730", "team": "away", "visibility": "visible"}, {"gameTime": "1 - 17:12", "label": "Offside", "position": "1032905", "team": "away", "visibility": "visible"}, {"gameTime": "1 - 17:54", "label": "Clearance", "position": "1074490", "team": "home", "visibility": "visible"}, {"gameTime": "1 - 18:27", "label": "Ball out of play", "position": "1107185", "team": "away", "visibility": "not shown"}, {"gameTime": "1 - 18:44", "label": "Throw-in", "position": "1124532", "team": "not applicable", "visibility": "visible"}, {"gameTime": "1 - 18:53", "label": "Shots off target", "position": "1133686", "team": "home", "visibility": "visible"}, {"gameTime": "1 - 19:37", "label": "Ball out of play", "position": "1177473", "team": "home", "visibility": "visible"}, {"gameTime": "1 - 19:37", "label": "Clearance", "position": "1177942", "team": "not applicable", "visibility": "visible"}, {"gameTime": "1 - 19:59", "label": "Foul", "position": "1199482", "team": "away", "visibility": "not shown"}, {"gameTime": "1 - 20:14", "label": "Indirect free-kick", "position": "1214821", "team": "home", "visibility": "visible"}, {"gameTime": "1 - 20:35", "label": "Shots on target", "position": "1235925", "team": "away", "visibility": "visible"}, {"gameTime": "1 - 20:57", "label": "Ball out of play", "position": "1257380", "team": "home", "visibility": "visible"}, {"gameTime": "1 - 21:00", "label": "Throw-in", "position": "1260127", "team": "not applicable", "visibility": "visible"}, {"gameTime": "1 - 21:09", "label": "Shots on target", "position": "1269202", "team": "home", "visibility": "not shown"}, {"gameTime": "1 - 21:40", "label": "Ball out of play", "position": "1300541", "team": "home", "visibility": "visible"}, {"gameTime": "1 - 22:01", "label": "Throw-in", "position": "1321341", "team": "not applicable", "visibility": "visible"}, {"gameTime": "1 - 22:21", "label": "Shots off target", "position": "1341517", "team": "away", "visibility": "visible"}, {"gameTime": "1 - 23:05", "label": "Ball out of play", "position": "1385896", "team": "home", "visibility": "visible"}, {"gameTime": "1 - 23:06", "label": "Clearance", "position": "1386696", "team": "not applicable", "visibility": "visible"}, {"gameTime": "1 - 23:38", "label": "Shots on target", "position": "1418388", "team": "away", "visibility": "visible"}, {"gameTime": "1 - 24:53", "label": "Shots on target", "position": "1493099", "team": "home", "visibility": "visible"}, {"gameTime": "1 - 25:37", "label": "Ball out of play", "position": "1537424", "team": "home", "visibility": "visible"}, {"gameTime": "1 - 25:41", "label": "Corner", "position": "1541220", "team": "not applicable", "visibility": "visible"}, {"gameTime": "1 - 26:08", "label": "Shots on target", "position": "1568337", "team": "home", "visibility": "visible"}, {"gameTime": "1 - 26:11", "label": "Goal", "position": "1571455", "team": "home", "visibility": "visible"}, {"gameTime": "1 - 26:12", "label": "Kick-off", "position": "1572239", "team": "home", "visibility": "visible"}, {"gameTime": "1 - 27:02", "label": "Ball out of play", "position": "1622738", "team": "away", "visibility": "not shown"}, {"gameTime": "1 - 27:54", "label": "Throw-in", "position": "1674652", "team": "not applicable", "visibility": "visible"}, {"gameTime": "1 - 27:59", "label": "Shots on target", "position": "1679605", "team": "away", "visibility": "not shown"}, {"gameTime": "1 - 29:27", "label": "Goal", "position": "1767652", "team": "home", "visibility": "visible"}, {"gameTime": "1 - 29:28", "label": "Substitution", "position": "1768400", "team": "home", "visibility": "visible"}, {"gameTime": "1 - 32:31", "label": "Kick-off", "position": "1951000", "team": "away", "visibility": "visible"}, {"gameTime": "1 - 32:43", "label": "Foul", "position": "1963618", "team": "away", "visibility": "visible"}, {"gameTime": "1 - 32:52", "label": "Ball out of play", "position": "1972526", "team": "away", "visibility": "visible"}, {"gameTime": "1 - 33:29", "label": "Throw-in", "position": "2009976", "team": "not applicable", "visibility": "visible"}, {"gameTime": "1 - 33:46", "label": "Foul", "position": "2026473", "team": "away", "visibility": "visible"}, {"gameTime": "1 - 34:05", "label": "Indirect free-kick", "position": "2045318", "team": "home", "visibility": "visible"}, {"gameTime": "1 - 34:13", "label": "Ball out of play", "position": "2053577", "team": "away", "visibility": "visible"}, {"gameTime": "1 - 34:31", "label": "Throw-in", "position": "2071291", "team": "not applicable", "visibility": "visible"}, {"gameTime": "1 - 34:58", "label": "Foul", "position": "2098256", "team": "away", "visibility": "visible"}, {"gameTime": "1 - 36:13", "label": "Indirect free-kick", "position": "2173201", "team": "home", "visibility": "visible"}, {"gameTime": "1 - 36:45", "label": "Offside", "position": "2205921", "team": "away", "visibility": "visible"}, {"gameTime": "1 - 36:59", "label": "Indirect free-kick", "position": "2219304", "team": "away", "visibility": "visible"}, {"gameTime": "1 - 37:23", "label": "Ball out of play", "position": "2243994", "team": "home", "visibility": "visible"}, {"gameTime": "1 - 37:46", "label": "Clearance", "position": "2266723", "team": "not applicable", "visibility": "visible"}, {"gameTime": "1 - 38:09", "label": "Clearance", "position": "2289918", "team": "home", "visibility": "visible"}, {"gameTime": "1 - 38:09", "label": "Foul", "position": "2289918", "team": "home", "visibility": "visible"}, {"gameTime": "1 - 38:13", "label": "Indirect free-kick", "position": "2293226", "team": "home", "visibility": "visible"}, {"gameTime": "1 - 38:30", "label": "Ball out of play", "position": "2310701", "team": "away", "visibility": "visible"}, {"gameTime": "1 - 38:56", "label": "Throw-in", "position": "2336519", "team": "not applicable", "visibility": "visible"}, {"gameTime": "1 - 39:09", "label": "Ball out of play", "position": "2349365", "team": "home", "visibility": "visible"}, {"gameTime": "1 - 39:12", "label": "Throw-in", "position": "2352938", "team": "not applicable", "visibility": "visible"}, {"gameTime": "1 - 39:26", "label": "Ball out of play", "position": "2366149", "team": "home", "visibility": "not shown"}, {"gameTime": "1 - 39:40", "label": "Throw-in", "position": "2380674", "team": "not applicable", "visibility": "visible"}, {"gameTime": "1 - 39:54", "label": "Ball out of play", "position": "2394689", "team": "away", "visibility": "not shown"}, {"gameTime": "1 - 40:16", "label": "Throw-in", "position": "2416088", "team": "not applicable", "visibility": "visible"}, {"gameTime": "1 - 40:32", "label": "Foul", "position": "2432966", "team": "away", "visibility": "visible"}, {"gameTime": "1 - 40:37", "label": "Direct free-kick", "position": "2437902", "team": "home", "visibility": "visible"}, {"gameTime": "1 - 41:30", "label": "Shots off target", "position": "2490666", "team": "away", "visibility": "visible"}, {"gameTime": "1 - 41:34", "label": "Ball out of play", "position": "2494326", "team": "away", "visibility": "visible"}, {"gameTime": "1 - 41:36", "label": "Clearance", "position": "2496966", "team": "not applicable", "visibility": "visible"}, {"gameTime": "1 - 41:55", "label": "Shots on target", "position": "2515914", "team": "home", "visibility": "visible"}, {"gameTime": "1 - 42:06", "label": "Goal", "position": "2526650", "team": "home", "visibility": "visible"}, {"gameTime": "1 - 42:07", "label": "Kick-off", "position": "2527103", "team": "home", "visibility": "visible"}, {"gameTime": "1 - 42:56", "label": "Ball out of play", "position": "2576087", "team": "away", "visibility": "not shown"}, {"gameTime": "1 - 43:08", "label": "Throw-in", "position": "2588232", "team": "not applicable", "visibility": "not shown"}, {"gameTime": "1 - 43:12", "label": "Offside", "position": "2592681", "team": "away", "visibility": "visible"}, {"gameTime": "1 - 43:37", "label": "Foul", "position": "2617994", "team": "away", "visibility": "visible"}, {"gameTime": "1 - 44:13", "label": "Direct free-kick", "position": "2653850", "team": "away", "visibility": "visible"}, {"gameTime": "1 - 44:48", "label": "Shots on target", "position": "2688836", "team": "home", "visibility": "visible"}, {"gameTime": "1 - 44:48", "label": "Ball out of play", "position": "2688836", "team": "home", "visibility": "visible"}, {"gameTime": "1 - 44:49", "label": "Ball out of play", "position": "2689982", "team": "not applicable", "visibility": "visible"}, {"gameTime": "2 - 00:00", "label": "Ball out of play", "position": "0", "team": "home", "visibility": "not shown"}, {"gameTime": "2 - 00:08", "label": "Clearance", "position": "8428", "team": "not applicable", "visibility": "visible"}, {"gameTime": "2 - 00:17", "label": "Foul", "position": "17350", "team": "away", "visibility": "visible"}, {"gameTime": "2 - 00:36", "label": "Indirect free-kick", "position": "36403", "team": "home", "visibility": "visible"}, {"gameTime": "2 - 01:02", "label": "Ball out of play", "position": "62597", "team": "away", "visibility": "visible"}, {"gameTime": "2 - 01:20", "label": "Clearance", "position": "80297", "team": "not applicable", "visibility": "visible"}, {"gameTime": "2 - 01:35", "label": "Shots off target", "position": "95033", "team": "home", "visibility": "not shown"}, {"gameTime": "2 - 02:58", "label": "Ball out of play", "position": "178720", "team": "home", "visibility": "visible"}, {"gameTime": "2 - 02:59", "label": "Clearance", "position": "179760", "team": "not applicable", "visibility": "visible"}, {"gameTime": "2 - 03:27", "label": "Ball out of play", "position": "207702", "team": "away", "visibility": "visible"}, {"gameTime": "2 - 03:30", "label": "Throw-in", "position": "210873", "team": "not applicable", "visibility": "visible"}, {"gameTime": "2 - 03:39", "label": "Ball out of play", "position": "219874", "team": "home", "visibility": "visible"}, {"gameTime": "2 - 03:52", "label": "Throw-in", "position": "232450", "team": "not applicable", "visibility": "visible"}, {"gameTime": "2 - 04:00", "label": "Foul", "position": "240049", "team": "away", "visibility": "visible"}, {"gameTime": "2 - 04:34", "label": "Indirect free-kick", "position": "274252", "team": "away", "visibility": "visible"}, {"gameTime": "2 - 04:47", "label": "Shots on target", "position": "287761", "team": "home", "visibility": "not shown"}, {"gameTime": "2 - 05:58", "label": "Foul", "position": "358776", "team": "away", "visibility": "visible"}, {"gameTime": "2 - 06:24", "label": "Indirect free-kick", "position": "384936", "team": "home", "visibility": "visible"}, {"gameTime": "2 - 06:48", "label": "Shots off target", "position": "408258", "team": "away", "visibility": "visible"}, {"gameTime": "2 - 07:38", "label": "Ball out of play", "position": "458374", "team": "home", "visibility": "visible"}, {"gameTime": "2 - 07:39", "label": "Clearance", "position": "459534", "team": "not applicable", "visibility": "visible"}, {"gameTime": "2 - 07:53", "label": "Ball out of play", "position": "473969", "team": "away", "visibility": "not shown"}, {"gameTime": "2 - 08:22", "label": "Clearance", "position": "502677", "team": "not applicable", "visibility": "visible"}, {"gameTime": "2 - 08:43", "label": "Foul", "position": "523972", "team": "away", "visibility": "not shown"}, {"gameTime": "2 - 09:28", "label": "Direct free-kick", "position": "568692", "team": "away", "visibility": "visible"}, {"gameTime": "2 - 10:11", "label": "Ball out of play", "position": "611476", "team": "home", "visibility": "visible"}, {"gameTime": "2 - 10:17", "label": "Throw-in", "position": "617621", "team": "not applicable", "visibility": "visible"}, {"gameTime": "2 - 10:22", "label": "Foul", "position": "622817", "team": "home", "visibility": "visible"}, {"gameTime": "2 - 10:40", "label": "Yellow card", "position": "640345", "team": "away", "visibility": "visible"}, {"gameTime": "2 - 10:49", "label": "Direct free-kick", "position": "649271", "team": "away", "visibility": "visible"}, {"gameTime": "2 - 11:35", "label": "Shots on target", "position": "695840", "team": "home", "visibility": "visible"}, {"gameTime": "2 - 11:46", "label": "Goal", "position": "706033", "team": "home", "visibility": "visible"}, {"gameTime": "2 - 11:46", "label": "Kick-off", "position": "706400", "team": "home", "visibility": "visible"}, {"gameTime": "2 - 12:41", "label": "Ball out of play", "position": "761836", "team": "away", "visibility": "not shown"}, {"gameTime": "2 - 13:09", "label": "Clearance", "position": "789721", "team": "not applicable", "visibility": "visible"}, {"gameTime": "2 - 13:18", "label": "Ball out of play", "position": "798169", "team": "away", "visibility": "not shown"}, {"gameTime": "2 - 13:23", "label": "Throw-in", "position": "803089", "team": "not applicable", "visibility": "visible"}, {"gameTime": "2 - 13:42", "label": "Ball out of play", "position": "822621", "team": "home", "visibility": "visible"}, {"gameTime": "2 - 13:48", "label": "Throw-in", "position": "828984", "team": "not applicable", "visibility": "visible"}, {"gameTime": "2 - 14:06", "label": "Shots on target", "position": "846936", "team": "away", "visibility": "visible"}, {"gameTime": "2 - 14:49", "label": "Goal", "position": "889727", "team": "home", "visibility": "visible"}, {"gameTime": "2 - 14:50", "label": "Kick-off", "position": "890240", "team": "home", "visibility": "visible"}, {"gameTime": "2 - 15:20", "label": "Ball out of play", "position": "920380", "team": "away", "visibility": "not shown"}, {"gameTime": "2 - 16:04", "label": "Substitution", "position": "964839", "team": "not applicable", "visibility": "visible"}, {"gameTime": "2 - 16:07", "label": "Throw-in", "position": "967021", "team": "away", "visibility": "not shown"}, {"gameTime": "2 - 16:19", "label": "Ball out of play", "position": "979908", "team": "away", "visibility": "visible"}, {"gameTime": "2 - 16:46", "label": "Substitution", "position": "1006948", "team": "not applicable", "visibility": "visible"}, {"gameTime": "2 - 17:19", "label": "Throw-in", "position": "1039000", "team": "home", "visibility": "visible"}, {"gameTime": "2 - 17:28", "label": "Ball out of play", "position": "1048456", "team": "away", "visibility": "not shown"}, {"gameTime": "2 - 19:50", "label": "Throw-in", "position": "1190726", "team": "not applicable", "visibility": "visible"}, {"gameTime": "2 - 20:09", "label": "Foul", "position": "1209932", "team": "home", "visibility": "not shown"}, {"gameTime": "2 - 21:29", "label": "Indirect free-kick", "position": "1289495", "team": "home", "visibility": "visible"}, {"gameTime": "2 - 21:37", "label": "Ball out of play", "position": "1297875", "team": "away", "visibility": "visible"}, {"gameTime": "2 - 21:47", "label": "Corner", "position": "1307960", "team": "not applicable", "visibility": "visible"}, {"gameTime": "2 - 22:12", "label": "Shots on target", "position": "1332622", "team": "away", "visibility": "visible"}, {"gameTime": "2 - 22:16", "label": "Ball out of play", "position": "1336315", "team": "away", "visibility": "visible"}, {"gameTime": "2 - 22:20", "label": "Throw-in", "position": "1340181", "team": "not applicable", "visibility": "not shown"}, {"gameTime": "2 - 22:35", "label": "Ball out of play", "position": "1355550", "team": "away", "visibility": "not shown"}, {"gameTime": "2 - 22:44", "label": "Corner", "position": "1364560", "team": "not applicable", "visibility": "visible"}, {"gameTime": "2 - 23:20", "label": "Shots on target", "position": "1400550", "team": "away", "visibility": "visible"}, {"gameTime": "2 - 23:24", "label": "Ball out of play", "position": "1404593", "team": "away", "visibility": "visible"}, {"gameTime": "2 - 23:25", "label": "Corner", "position": "1405953", "team": "not applicable", "visibility": "visible"}, {"gameTime": "2 - 23:49", "label": "Ball out of play", "position": "1429820", "team": "away", "visibility": "visible"}, {"gameTime": "2 - 24:28", "label": "Substitution", "position": "1468170", "team": "not applicable", "visibility": "visible"}, {"gameTime": "2 - 25:07", "label": "Throw-in", "position": "1507099", "team": "home", "visibility": "visible"}, {"gameTime": "2 - 25:17", "label": "Ball out of play", "position": "1517863", "team": "home", "visibility": "not shown"}, {"gameTime": "2 - 25:24", "label": "Throw-in", "position": "1524951", "team": "not applicable", "visibility": "visible"}, {"gameTime": "2 - 25:32", "label": "Ball out of play", "position": "1532665", "team": "home", "visibility": "not shown"}, {"gameTime": "2 - 25:44", "label": "Throw-in", "position": "1544202", "team": "not applicable", "visibility": "visible"}, {"gameTime": "2 - 25:55", "label": "Shots on target", "position": "1555446", "team": "home", "visibility": "visible"}, {"gameTime": "2 - 27:51", "label": "Ball out of play", "position": "1671329", "team": "away", "visibility": "visible"}, {"gameTime": "2 - 28:14", "label": "Clearance", "position": "1694888", "team": "not applicable", "visibility": "visible"}, {"gameTime": "2 - 28:41", "label": "Shots on target", "position": "1721640", "team": "home", "visibility": "visible"}, {"gameTime": "2 - 29:30", "label": "Goal", "position": "1770810", "team": "away", "visibility": "visible"}, {"gameTime": "2 - 29:31", "label": "Kick-off", "position": "1771600", "team": "away", "visibility": "visible"}, {"gameTime": "2 - 30:00", "label": "Ball out of play", "position": "1800246", "team": "home", "visibility": "not shown"}, {"gameTime": "2 - 30:27", "label": "Corner", "position": "1827401", "team": "not applicable", "visibility": "visible"}, {"gameTime": "2 - 30:55", "label": "Shots on target", "position": "1855134", "team": "home", "visibility": "visible"}, {"gameTime": "2 - 31:13", "label": "Shots off target", "position": "1873263", "team": "away", "visibility": "visible"}, {"gameTime": "2 - 31:59", "label": "Ball out of play", "position": "1919459", "team": "home", "visibility": "visible"}, {"gameTime": "2 - 31:59", "label": "Clearance", "position": "1919979", "team": "not applicable", "visibility": "visible"}, {"gameTime": "2 - 32:35", "label": "Ball out of play", "position": "1955275", "team": "away", "visibility": "visible"}, {"gameTime": "2 - 33:19", "label": "Throw-in", "position": "1999318", "team": "not applicable", "visibility": "visible"}, {"gameTime": "2 - 33:24", "label": "Foul", "position": "2004591", "team": "home", "visibility": "visible"}, {"gameTime": "2 - 33:53", "label": "Yellow card", "position": "2033681", "team": "away", "visibility": "visible"}, {"gameTime": "2 - 34:05", "label": "Direct free-kick", "position": "2045000", "team": "away", "visibility": "visible"}, {"gameTime": "2 - 34:40", "label": "Shots on target", "position": "2080197", "team": "home", "visibility": "visible"}, {"gameTime": "2 - 35:35", "label": "Foul", "position": "2135037", "team": "home", "visibility": "visible"}, {"gameTime": "2 - 36:51", "label": "Clearance", "position": "2211006", "team": "home", "visibility": "visible"}, {"gameTime": "2 - 37:17", "label": "Foul", "position": "2237903", "team": "away", "visibility": "visible"}, {"gameTime": "2 - 37:21", "label": "Indirect free-kick", "position": "2241234", "team": "away", "visibility": "visible"}, {"gameTime": "2 - 37:48", "label": "Ball out of play", "position": "2268518", "team": "home", "visibility": "not shown"}, {"gameTime": "2 - 38:02", "label": "Throw-in", "position": "2282532", "team": "not applicable", "visibility": "visible"}, {"gameTime": "2 - 38:10", "label": "Shots off target", "position": "2290486", "team": "home", "visibility": "visible"}, {"gameTime": "2 - 40:12", "label": "Ball out of play", "position": "2412640", "team": "home", "visibility": "visible"}, {"gameTime": "2 - 40:14", "label": "Substitution", "position": "2414040", "team": "not applicable", "visibility": "visible"}, {"gameTime": "2 - 40:38", "label": "Substitution", "position": "2438240", "team": "away", "visibility": "visible"}, {"gameTime": "2 - 41:07", "label": "Clearance", "position": "2467087", "team": "home", "visibility": "not shown"}, {"gameTime": "2 - 41:18", "label": "Shots off target", "position": "2478861", "team": "away", "visibility": "not shown"}, {"gameTime": "2 - 42:08", "label": "Shots on target", "position": "2528689", "team": "home", "visibility": "visible"}, {"gameTime": "2 - 42:13", "label": "Ball out of play", "position": "2533547", "team": "home", "visibility": "visible"}, {"gameTime": "2 - 42:18", "label": "Throw-in", "position": "2538080", "team": "not applicable", "visibility": "visible"}, {"gameTime": "2 - 42:30", "label": "Foul", "position": "2550442", "team": "home", "visibility": "not shown"}, {"gameTime": "2 - 42:39", "label": "Indirect free-kick", "position": "2559424", "team": "home", "visibility": "visible"}, {"gameTime": "2 - 43:06", "label": "Yellow card", "position": "2586839", "team": "away", "visibility": "not shown"}, {"gameTime": "2 - 43:12", "label": "Ball out of play", "position": "2592000", "team": "home", "visibility": "not shown"}, {"gameTime": "2 - 43:16", "label": "Throw-in", "position": "2596198", "team": "not applicable", "visibility": "visible"}, {"gameTime": "2 - 43:34", "label": "Foul", "position": "2614146", "team": "home", "visibility": "visible"}, {"gameTime": "2 - 43:35", "label": "Indirect free-kick", "position": "2615493", "team": "home", "visibility": "visible"}, {"gameTime": "2 - 43:57", "label": "Offside", "position": "2637971", "team": "away", "visibility": "visible"}, {"gameTime": "2 - 44:04", "label": "Indirect free-kick", "position": "2644341", "team": "away", "visibility": "visible"}, {"gameTime": "2 - 44:29", "label": "Shots on target", "position": "2669106", "team": "home", "visibility": "visible"}, {"gameTime": "2 - 44:48", "label": "Corner", "position": "2688075", "team": "home", "visibility": "visible"}, {"gameTime": "2 - 44:55", "label": "Shots on target", "position": "2695802", "team": "home", "visibility": "visible"}, {"gameTime": "2 - 45:04", "label": "Shots on target", "position": "2704402", "team": "home", "visibility": "visible"}, {"gameTime": "2 - 45:06", "label": "Goal", "position": "2706442", "team": "home", "visibility": "visible"}, {"gameTime": "2 - 45:06", "label": "Kick-off", "position": "2706800", "team": "home", "visibility": "visible"}, {"gameTime": "2 - 46:00", "label": "Kick-off", "position": "2760635", "team": "away", "visibility": "visible"}], "gameAwayTeam": "Watford", "gameDate": "06/11/2016 - 17:15", "gameHomeTeam": "Liverpool", "gameScore": "6 - 1"}