{"UrlLocal": "italy_serie-a/2016-2017/2016-12-22 - 22-45 AS Roma 3 - 1 Chievo/", "UrlYoutube": "", "annotations": [{"gameTime": "1 - 00:25", "label": "Kick-off", "position": "25338", "team": "away", "visibility": "visible"}, {"gameTime": "1 - 00:26", "label": "Shots off target", "position": "26702", "team": "not applicable", "visibility": "visible"}, {"gameTime": "1 - 00:36", "label": "Ball out of play", "position": "36705", "team": "home", "visibility": "visible"}, {"gameTime": "1 - 02:22", "label": "Clearance", "position": "142516", "team": "not applicable", "visibility": "visible"}, {"gameTime": "1 - 02:49", "label": "Ball out of play", "position": "169301", "team": "away", "visibility": "not shown"}, {"gameTime": "1 - 03:08", "label": "Clearance", "position": "188371", "team": "not applicable", "visibility": "visible"}, {"gameTime": "1 - 03:29", "label": "Ball out of play", "position": "209046", "team": "home", "visibility": "visible"}, {"gameTime": "1 - 04:23", "label": "Throw-in", "position": "263153", "team": "not applicable", "visibility": "visible"}, {"gameTime": "1 - 04:29", "label": "Ball out of play", "position": "269125", "team": "away", "visibility": "visible"}, {"gameTime": "1 - 05:29", "label": "Throw-in", "position": "329705", "team": "not applicable", "visibility": "visible"}, {"gameTime": "1 - 05:44", "label": "Ball out of play", "position": "344128", "team": "away", "visibility": "visible"}, {"gameTime": "1 - 06:03", "label": "Throw-in", "position": "363819", "team": "away", "visibility": "visible"}, {"gameTime": "1 - 06:14", "label": "Offside", "position": "374166", "team": "home", "visibility": "visible"}, {"gameTime": "1 - 06:24", "label": "Indirect free-kick", "position": "384121", "team": "not applicable", "visibility": "visible"}, {"gameTime": "1 - 06:31", "label": "Ball out of play", "position": "391892", "team": "home", "visibility": "not shown"}, {"gameTime": "1 - 07:37", "label": "Throw-in", "position": "457037", "team": "not applicable", "visibility": "visible"}, {"gameTime": "1 - 07:58", "label": "Ball out of play", "position": "478389", "team": "away", "visibility": "visible"}, {"gameTime": "1 - 08:36", "label": "Clearance", "position": "516487", "team": "not applicable", "visibility": "visible"}, {"gameTime": "1 - 08:45", "label": "Ball out of play", "position": "525336", "team": "home", "visibility": "visible"}, {"gameTime": "1 - 09:03", "label": "Throw-in", "position": "543925", "team": "not applicable", "visibility": "visible"}, {"gameTime": "1 - 09:34", "label": "Ball out of play", "position": "574860", "team": "home", "visibility": "visible"}, {"gameTime": "1 - 09:46", "label": "Corner", "position": "586659", "team": "home", "visibility": "visible"}, {"gameTime": "1 - 10:31", "label": "Shots on target", "position": "631043", "team": "home", "visibility": "visible"}, {"gameTime": "1 - 10:32", "label": "Shots off target", "position": "632412", "team": "not applicable", "visibility": "visible"}, {"gameTime": "1 - 10:55", "label": "Ball out of play", "position": "655189", "team": "away", "visibility": "visible"}, {"gameTime": "1 - 11:27", "label": "Clearance", "position": "687129", "team": "not applicable", "visibility": "visible"}, {"gameTime": "1 - 11:51", "label": "Ball out of play", "position": "711516", "team": "home", "visibility": "visible"}, {"gameTime": "1 - 11:53", "label": "Corner", "position": "713899", "team": "home", "visibility": "visible"}, {"gameTime": "1 - 11:55", "label": "Shots on target", "position": "715228", "team": "not applicable", "visibility": "visible"}, {"gameTime": "1 - 12:22", "label": "Ball out of play", "position": "742867", "team": "home", "visibility": "visible"}, {"gameTime": "1 - 12:25", "label": "Corner", "position": "745084", "team": "home", "visibility": "visible"}, {"gameTime": "1 - 12:49", "label": "Foul", "position": "769339", "team": "away", "visibility": "visible"}, {"gameTime": "1 - 14:53", "label": "Indirect free-kick", "position": "893053", "team": "home", "visibility": "visible"}, {"gameTime": "1 - 14:54", "label": "Shots off target", "position": "894548", "team": "not applicable", "visibility": "not shown"}, {"gameTime": "1 - 15:16", "label": "Ball out of play", "position": "916815", "team": "away", "visibility": "not shown"}, {"gameTime": "1 - 15:29", "label": "Clearance", "position": "929587", "team": "not applicable", "visibility": "visible"}, {"gameTime": "1 - 15:43", "label": "Ball out of play", "position": "943765", "team": "away", "visibility": "visible"}, {"gameTime": "1 - 15:46", "label": "Throw-in", "position": "946882", "team": "not applicable", "visibility": "visible"}, {"gameTime": "1 - 15:56", "label": "Ball out of play", "position": "956557", "team": "home", "visibility": "not shown"}, {"gameTime": "1 - 17:26", "label": "Clearance", "position": "1046707", "team": "home", "visibility": "visible"}, {"gameTime": "1 - 17:28", "label": "Shots off target", "position": "1048108", "team": "not applicable", "visibility": "not shown"}, {"gameTime": "1 - 17:55", "label": "Ball out of play", "position": "1075222", "team": "away", "visibility": "not shown"}, {"gameTime": "1 - 18:13", "label": "Clearance", "position": "1093035", "team": "not applicable", "visibility": "visible"}, {"gameTime": "1 - 18:40", "label": "Ball out of play", "position": "1120969", "team": "home", "visibility": "visible"}, {"gameTime": "1 - 19:45", "label": "Corner", "position": "1185938", "team": "home", "visibility": "visible"}, {"gameTime": "1 - 19:47", "label": "Shots off target", "position": "1187150", "team": "not applicable", "visibility": "visible"}, {"gameTime": "1 - 20:12", "label": "Ball out of play", "position": "1212610", "team": "away", "visibility": "not shown"}, {"gameTime": "1 - 20:14", "label": "Clearance", "position": "1214768", "team": "home", "visibility": "visible"}, {"gameTime": "1 - 20:44", "label": "Foul", "position": "1244988", "team": "away", "visibility": "visible"}, {"gameTime": "1 - 21:00", "label": "Indirect free-kick", "position": "1260636", "team": "away", "visibility": "visible"}, {"gameTime": "1 - 21:01", "label": "Shots off target", "position": "1261812", "team": "not applicable", "visibility": "visible"}, {"gameTime": "1 - 21:18", "label": "Ball out of play", "position": "1278349", "team": "home", "visibility": "not shown"}, {"gameTime": "1 - 21:35", "label": "Clearance", "position": "1295212", "team": "home", "visibility": "visible"}, {"gameTime": "1 - 22:36", "label": "Shots on target", "position": "1356895", "team": "away", "visibility": "visible"}, {"gameTime": "1 - 23:44", "label": "Foul", "position": "1424120", "team": "home", "visibility": "visible"}, {"gameTime": "1 - 23:45", "label": "Direct free-kick", "position": "1425298", "team": "home", "visibility": "visible"}, {"gameTime": "1 - 23:57", "label": "Shots on target", "position": "1437631", "team": "not applicable", "visibility": "visible"}, {"gameTime": "1 - 24:12", "label": "Ball out of play", "position": "1452212", "team": "away", "visibility": "visible"}, {"gameTime": "1 - 25:01", "label": "Throw-in", "position": "1501995", "team": "away", "visibility": "visible"}, {"gameTime": "1 - 25:59", "label": "Shots on target", "position": "1559675", "team": "away", "visibility": "visible"}, {"gameTime": "1 - 27:05", "label": "Foul", "position": "1625007", "team": "home", "visibility": "visible"}, {"gameTime": "1 - 27:05", "label": "Shots off target", "position": "1625071", "team": "home", "visibility": "visible"}, {"gameTime": "1 - 27:06", "label": "Direct free-kick", "position": "1626049", "team": "not applicable", "visibility": "visible"}, {"gameTime": "1 - 27:31", "label": "Ball out of play", "position": "1651331", "team": "away", "visibility": "visible"}, {"gameTime": "1 - 27:44", "label": "Clearance", "position": "1664764", "team": "home", "visibility": "visible"}, {"gameTime": "1 - 28:18", "label": "Shots on target", "position": "1698085", "team": "not applicable", "visibility": "visible"}, {"gameTime": "1 - 28:41", "label": "Ball out of play", "position": "1721190", "team": "away", "visibility": "visible"}, {"gameTime": "1 - 29:05", "label": "Clearance", "position": "1745388", "team": "home", "visibility": "visible"}, {"gameTime": "1 - 29:11", "label": "Foul", "position": "1751970", "team": "away", "visibility": "not shown"}, {"gameTime": "1 - 29:19", "label": "Indirect free-kick", "position": "1759404", "team": "away", "visibility": "visible"}, {"gameTime": "1 - 29:31", "label": "Foul", "position": "1771843", "team": "home", "visibility": "not shown"}, {"gameTime": "1 - 30:01", "label": "Indirect free-kick", "position": "1801939", "team": "home", "visibility": "visible"}, {"gameTime": "1 - 30:15", "label": "Foul", "position": "1815808", "team": "away", "visibility": "visible"}, {"gameTime": "1 - 30:29", "label": "Indirect free-kick", "position": "1829180", "team": "not applicable", "visibility": "visible"}, {"gameTime": "1 - 30:36", "label": "Ball out of play", "position": "1836004", "team": "home", "visibility": "not shown"}, {"gameTime": "1 - 30:38", "label": "Throw-in", "position": "1838773", "team": "away", "visibility": "visible"}, {"gameTime": "1 - 30:48", "label": "Foul", "position": "1848442", "team": "home", "visibility": "not shown"}, {"gameTime": "1 - 31:09", "label": "Indirect free-kick", "position": "1869923", "team": "not applicable", "visibility": "visible"}, {"gameTime": "1 - 31:15", "label": "Ball out of play", "position": "1875916", "team": "home", "visibility": "visible"}, {"gameTime": "1 - 31:23", "label": "Throw-in", "position": "1883751", "team": "not applicable", "visibility": "visible"}, {"gameTime": "1 - 31:29", "label": "Ball out of play", "position": "1889273", "team": "home", "visibility": "visible"}, {"gameTime": "1 - 31:48", "label": "Throw-in", "position": "1908755", "team": "not applicable", "visibility": "visible"}, {"gameTime": "1 - 31:53", "label": "Ball out of play", "position": "1913000", "team": "home", "visibility": "visible"}, {"gameTime": "1 - 32:02", "label": "Throw-in", "position": "1922146", "team": "not applicable", "visibility": "not shown"}, {"gameTime": "1 - 32:08", "label": "Ball out of play", "position": "1928849", "team": "home", "visibility": "not shown"}, {"gameTime": "1 - 34:07", "label": "Throw-in", "position": "2047184", "team": "home", "visibility": "visible"}, {"gameTime": "1 - 34:44", "label": "Shots on target", "position": "2084331", "team": "home", "visibility": "visible"}, {"gameTime": "1 - 35:46", "label": "Foul", "position": "2146492", "team": "away", "visibility": "visible"}, {"gameTime": "1 - 36:09", "label": "Indirect free-kick", "position": "2169995", "team": "not applicable", "visibility": "visible"}, {"gameTime": "1 - 36:15", "label": "Ball out of play", "position": "2175177", "team": "away", "visibility": "not shown"}, {"gameTime": "1 - 36:20", "label": "Throw-in", "position": "2180510", "team": "away", "visibility": "visible"}, {"gameTime": "1 - 36:21", "label": "Shots on target", "position": "2181069", "team": "away", "visibility": "visible"}, {"gameTime": "1 - 37:07", "label": "Goal", "position": "2227359", "team": "home", "visibility": "not shown"}, {"gameTime": "1 - 37:22", "label": "Kick-off", "position": "2242444", "team": "not applicable", "visibility": "visible"}, {"gameTime": "1 - 37:27", "label": "Ball out of play", "position": "2247223", "team": "home", "visibility": "visible"}, {"gameTime": "1 - 38:05", "label": "Throw-in", "position": "2285930", "team": "not applicable", "visibility": "visible"}, {"gameTime": "1 - 38:17", "label": "Ball out of play", "position": "2297558", "team": "home", "visibility": "visible"}, {"gameTime": "1 - 39:00", "label": "Throw-in", "position": "2340066", "team": "home", "visibility": "visible"}, {"gameTime": "1 - 39:05", "label": "Shots on target", "position": "2345398", "team": "home", "visibility": "visible"}, {"gameTime": "1 - 39:06", "label": "Shots off target", "position": "2346835", "team": "not applicable", "visibility": "visible"}, {"gameTime": "1 - 40:16", "label": "Ball out of play", "position": "2416489", "team": "away", "visibility": "not shown"}, {"gameTime": "1 - 40:32", "label": "Substitution", "position": "2432768", "team": "away", "visibility": "visible"}, {"gameTime": "1 - 41:14", "label": "Clearance", "position": "2474286", "team": "home", "visibility": "visible"}, {"gameTime": "1 - 41:42", "label": "Offside", "position": "2502200", "team": "away", "visibility": "not shown"}, {"gameTime": "1 - 41:48", "label": "Indirect free-kick", "position": "2508227", "team": "away", "visibility": "visible"}, {"gameTime": "1 - 41:55", "label": "Foul", "position": "2515626", "team": "home", "visibility": "visible"}, {"gameTime": "1 - 42:04", "label": "Indirect free-kick", "position": "2524068", "team": "not applicable", "visibility": "not shown"}, {"gameTime": "1 - 42:29", "label": "Ball out of play", "position": "2549218", "team": "away", "visibility": "not shown"}, {"gameTime": "1 - 42:47", "label": "Clearance", "position": "2567367", "team": "home", "visibility": "visible"}, {"gameTime": "1 - 43:08", "label": "Foul", "position": "2588465", "team": "away", "visibility": "visible"}, {"gameTime": "1 - 43:19", "label": "Indirect free-kick", "position": "2599434", "team": "away", "visibility": "visible"}, {"gameTime": "1 - 43:25", "label": "Foul", "position": "2605837", "team": "home", "visibility": "not shown"}, {"gameTime": "1 - 43:45", "label": "Indirect free-kick", "position": "2625641", "team": "home", "visibility": "visible"}, {"gameTime": "1 - 44:12", "label": "Foul", "position": "2652042", "team": "away", "visibility": "visible"}, {"gameTime": "1 - 44:16", "label": "Indirect free-kick", "position": "2656739", "team": "away", "visibility": "visible"}, {"gameTime": "1 - 44:21", "label": "Foul", "position": "2661823", "team": "home", "visibility": "visible"}, {"gameTime": "1 - 44:35", "label": "Indirect free-kick", "position": "2675216", "team": "away", "visibility": "visible"}, {"gameTime": "1 - 44:39", "label": "Foul", "position": "2679319", "team": "away", "visibility": "visible"}, {"gameTime": "1 - 45:34", "label": "Yellow card", "position": "2734861", "team": "home", "visibility": "visible"}, {"gameTime": "1 - 45:34", "label": "Shots on target", "position": "2734861", "team": "home", "visibility": "visible"}, {"gameTime": "1 - 45:35", "label": "Direct free-kick", "position": "2735804", "team": "home", "visibility": "visible"}, {"gameTime": "1 - 46:13", "label": "Goal", "position": "2773183", "team": "away", "visibility": "not shown"}, {"gameTime": "1 - 46:16", "label": "Kick-off", "position": "2776652", "team": "not applicable", "visibility": "visible"}, {"gameTime": "1 - 46:27", "label": "Ball out of play", "position": "2787647", "team": "home", "visibility": "visible"}, {"gameTime": "2 - 00:10", "label": "Kick-off", "position": "10018", "team": "not applicable", "visibility": "not shown"}, {"gameTime": "2 - 00:12", "label": "Ball out of play", "position": "12072", "team": "home", "visibility": "visible"}, {"gameTime": "2 - 00:39", "label": "Throw-in", "position": "39882", "team": "not applicable", "visibility": "visible"}, {"gameTime": "2 - 00:48", "label": "Ball out of play", "position": "48448", "team": "away", "visibility": "visible"}, {"gameTime": "2 - 00:57", "label": "Throw-in", "position": "57809", "team": "away", "visibility": "visible"}, {"gameTime": "2 - 01:00", "label": "Shots off target", "position": "60220", "team": "not applicable", "visibility": "not shown"}, {"gameTime": "2 - 01:30", "label": "Ball out of play", "position": "90133", "team": "away", "visibility": "visible"}, {"gameTime": "2 - 01:51", "label": "Corner", "position": "111617", "team": "away", "visibility": "visible"}, {"gameTime": "2 - 02:04", "label": "Offside", "position": "124716", "team": "home", "visibility": "visible"}, {"gameTime": "2 - 02:19", "label": "Indirect free-kick", "position": "139582", "team": "not applicable", "visibility": "visible"}, {"gameTime": "2 - 02:33", "label": "Ball out of play", "position": "153954", "team": "away", "visibility": "visible"}, {"gameTime": "2 - 02:36", "label": "Throw-in", "position": "156383", "team": "not applicable", "visibility": "visible"}, {"gameTime": "2 - 02:51", "label": "Ball out of play", "position": "171389", "team": "home", "visibility": "visible"}, {"gameTime": "2 - 03:11", "label": "Throw-in", "position": "191096", "team": "not applicable", "visibility": "not shown"}, {"gameTime": "2 - 03:16", "label": "Ball out of play", "position": "196658", "team": "home", "visibility": "visible"}, {"gameTime": "2 - 03:39", "label": "Throw-in", "position": "219878", "team": "not applicable", "visibility": "visible"}, {"gameTime": "2 - 04:12", "label": "Ball out of play", "position": "252555", "team": "away", "visibility": "visible"}, {"gameTime": "2 - 04:15", "label": "Throw-in", "position": "255950", "team": "not applicable", "visibility": "visible"}, {"gameTime": "2 - 04:22", "label": "Ball out of play", "position": "262354", "team": "home", "visibility": "visible"}, {"gameTime": "2 - 05:23", "label": "Throw-in", "position": "323360", "team": "not applicable", "visibility": "visible"}, {"gameTime": "2 - 05:28", "label": "Ball out of play", "position": "328399", "team": "home", "visibility": "visible"}, {"gameTime": "2 - 05:32", "label": "Corner", "position": "332738", "team": "home", "visibility": "visible"}, {"gameTime": "2 - 05:59", "label": "Offside", "position": "359142", "team": "away", "visibility": "visible"}, {"gameTime": "2 - 06:14", "label": "Indirect free-kick", "position": "374223", "team": "away", "visibility": "visible"}, {"gameTime": "2 - 06:19", "label": "Foul", "position": "379571", "team": "home", "visibility": "not shown"}, {"gameTime": "2 - 06:38", "label": "Indirect free-kick", "position": "398116", "team": "home", "visibility": "visible"}, {"gameTime": "2 - 06:38", "label": "Shots on target", "position": "398638", "team": "home", "visibility": "visible"}, {"gameTime": "2 - 07:36", "label": "Goal", "position": "456210", "team": "away", "visibility": "visible"}, {"gameTime": "2 - 08:42", "label": "Kick-off", "position": "522374", "team": "not applicable", "visibility": "not shown"}, {"gameTime": "2 - 08:50", "label": "Ball out of play", "position": "530739", "team": "home", "visibility": "visible"}, {"gameTime": "2 - 11:33", "label": "Throw-in", "position": "693481", "team": "not applicable", "visibility": "visible"}, {"gameTime": "2 - 11:44", "label": "Ball out of play", "position": "704079", "team": "home", "visibility": "not shown"}, {"gameTime": "2 - 12:23", "label": "Throw-in", "position": "743797", "team": "home", "visibility": "visible"}, {"gameTime": "2 - 12:24", "label": "Shots off target", "position": "744818", "team": "not applicable", "visibility": "visible"}, {"gameTime": "2 - 12:49", "label": "Ball out of play", "position": "769373", "team": "away", "visibility": "visible"}, {"gameTime": "2 - 12:54", "label": "Clearance", "position": "774226", "team": "not applicable", "visibility": "visible"}, {"gameTime": "2 - 13:26", "label": "Ball out of play", "position": "806680", "team": "away", "visibility": "visible"}, {"gameTime": "2 - 13:38", "label": "Substitution", "position": "818884", "team": "home", "visibility": "visible"}, {"gameTime": "2 - 13:40", "label": "Throw-in", "position": "820730", "team": "not applicable", "visibility": "visible"}, {"gameTime": "2 - 13:46", "label": "Ball out of play", "position": "826745", "team": "home", "visibility": "visible"}, {"gameTime": "2 - 13:49", "label": "Throw-in", "position": "829704", "team": "not applicable", "visibility": "visible"}, {"gameTime": "2 - 13:52", "label": "Ball out of play", "position": "832025", "team": "home", "visibility": "visible"}, {"gameTime": "2 - 14:27", "label": "Throw-in", "position": "867139", "team": "home", "visibility": "visible"}, {"gameTime": "2 - 14:28", "label": "Shots off target", "position": "868313", "team": "not applicable", "visibility": "visible"}, {"gameTime": "2 - 14:53", "label": "Ball out of play", "position": "893994", "team": "away", "visibility": "not shown"}, {"gameTime": "2 - 17:06", "label": "Clearance", "position": "1026357", "team": "not applicable", "visibility": "visible"}, {"gameTime": "2 - 17:35", "label": "Ball out of play", "position": "1055962", "team": "home", "visibility": "visible"}, {"gameTime": "2 - 18:02", "label": "Corner", "position": "1082667", "team": "not applicable", "visibility": "visible"}, {"gameTime": "2 - 18:17", "label": "Ball out of play", "position": "1097440", "team": "away", "visibility": "visible"}, {"gameTime": "2 - 18:23", "label": "Throw-in", "position": "1103357", "team": "not applicable", "visibility": "visible"}, {"gameTime": "2 - 18:40", "label": "Ball out of play", "position": "1120263", "team": "away", "visibility": "visible"}, {"gameTime": "2 - 19:02", "label": "Throw-in", "position": "1142946", "team": "not applicable", "visibility": "visible"}, {"gameTime": "2 - 19:12", "label": "Ball out of play", "position": "1152091", "team": "away", "visibility": "visible"}, {"gameTime": "2 - 19:19", "label": "Throw-in", "position": "1159147", "team": "not applicable", "visibility": "visible"}, {"gameTime": "2 - 19:42", "label": "Ball out of play", "position": "1182941", "team": "home", "visibility": "visible"}, {"gameTime": "2 - 20:17", "label": "Throw-in", "position": "1217490", "team": "not applicable", "visibility": "visible"}, {"gameTime": "2 - 20:38", "label": "Ball out of play", "position": "1238648", "team": "away", "visibility": "visible"}, {"gameTime": "2 - 20:47", "label": "Throw-in", "position": "1247806", "team": "not applicable", "visibility": "visible"}, {"gameTime": "2 - 21:07", "label": "Ball out of play", "position": "1267332", "team": "home", "visibility": "visible"}, {"gameTime": "2 - 21:09", "label": "Throw-in", "position": "1269466", "team": "away", "visibility": "visible"}, {"gameTime": "2 - 21:18", "label": "Foul", "position": "1278708", "team": "home", "visibility": "not shown"}, {"gameTime": "2 - 23:24", "label": "Indirect free-kick", "position": "1404584", "team": "not applicable", "visibility": "visible"}, {"gameTime": "2 - 24:05", "label": "Ball out of play", "position": "1445211", "team": "home", "visibility": "visible"}, {"gameTime": "2 - 24:32", "label": "Corner", "position": "1472354", "team": "home", "visibility": "visible"}, {"gameTime": "2 - 25:46", "label": "Shots on target", "position": "1546175", "team": "home", "visibility": "visible"}, {"gameTime": "2 - 25:58", "label": "Offside", "position": "1558221", "team": "away", "visibility": "not shown"}, {"gameTime": "2 - 26:50", "label": "Indirect free-kick", "position": "1610432", "team": "not applicable", "visibility": "visible"}, {"gameTime": "2 - 27:21", "label": "Ball out of play", "position": "1641317", "team": "away", "visibility": "not shown"}, {"gameTime": "2 - 28:59", "label": "Clearance", "position": "1739711", "team": "home", "visibility": "visible"}, {"gameTime": "2 - 29:00", "label": "Shots off target", "position": "1740793", "team": "not applicable", "visibility": "visible"}, {"gameTime": "2 - 29:26", "label": "Ball out of play", "position": "1766550", "team": "away", "visibility": "visible"}, {"gameTime": "2 - 29:38", "label": "Substitution", "position": "1778328", "team": "away", "visibility": "not shown"}, {"gameTime": "2 - 29:51", "label": "Clearance", "position": "1791643", "team": "home", "visibility": "visible"}, {"gameTime": "2 - 29:52", "label": "Shots off target", "position": "1792596", "team": "not applicable", "visibility": "not shown"}, {"gameTime": "2 - 30:15", "label": "Ball out of play", "position": "1815633", "team": "away", "visibility": "visible"}, {"gameTime": "2 - 31:13", "label": "Clearance", "position": "1873769", "team": "not applicable", "visibility": "visible"}, {"gameTime": "2 - 31:29", "label": "Ball out of play", "position": "1889986", "team": "home", "visibility": "visible"}, {"gameTime": "2 - 31:57", "label": "Throw-in", "position": "1917836", "team": "not applicable", "visibility": "not shown"}, {"gameTime": "2 - 32:01", "label": "Ball out of play", "position": "1921806", "team": "home", "visibility": "not shown"}, {"gameTime": "2 - 32:04", "label": "Throw-in", "position": "1924545", "team": "not applicable", "visibility": "visible"}, {"gameTime": "2 - 32:17", "label": "Ball out of play", "position": "1937759", "team": "home", "visibility": "visible"}, {"gameTime": "2 - 32:24", "label": "Throw-in", "position": "1944787", "team": "home", "visibility": "visible"}, {"gameTime": "2 - 32:48", "label": "Foul", "position": "1968133", "team": "away", "visibility": "visible"}, {"gameTime": "2 - 35:54", "label": "Indirect free-kick", "position": "2154267", "team": "home", "visibility": "visible"}, {"gameTime": "2 - 36:01", "label": "Shots on target", "position": "2161565", "team": "not applicable", "visibility": "visible"}, {"gameTime": "2 - 36:44", "label": "Ball out of play", "position": "2204644", "team": "home", "visibility": "visible"}, {"gameTime": "2 - 36:59", "label": "Substitution", "position": "2219227", "team": "away", "visibility": "visible"}, {"gameTime": "2 - 37:48", "label": "Clearance", "position": "2268447", "team": "home", "visibility": "visible"}, {"gameTime": "2 - 37:49", "label": "Shots on target", "position": "2269378", "team": "not applicable", "visibility": "visible"}, {"gameTime": "2 - 38:28", "label": "Ball out of play", "position": "2308168", "team": "home", "visibility": "visible"}, {"gameTime": "2 - 38:29", "label": "Corner", "position": "2309601", "team": "home", "visibility": "visible"}, {"gameTime": "2 - 38:31", "label": "Shots off target", "position": "2311039", "team": "not applicable", "visibility": "visible"}, {"gameTime": "2 - 38:48", "label": "Ball out of play", "position": "2328431", "team": "away", "visibility": "visible"}, {"gameTime": "2 - 39:41", "label": "Clearance", "position": "2381501", "team": "not applicable", "visibility": "visible"}, {"gameTime": "2 - 39:59", "label": "Ball out of play", "position": "2399375", "team": "away", "visibility": "visible"}, {"gameTime": "2 - 41:04", "label": "Throw-in", "position": "2464119", "team": "home", "visibility": "visible"}, {"gameTime": "2 - 41:18", "label": "Foul", "position": "2478303", "team": "away", "visibility": "not shown"}, {"gameTime": "2 - 42:03", "label": "Indirect free-kick", "position": "2523418", "team": "away", "visibility": "visible"}, {"gameTime": "2 - 42:08", "label": "Foul", "position": "2528901", "team": "away", "visibility": "visible"}, {"gameTime": "2 - 42:26", "label": "Yellow card", "position": "2546081", "team": "home", "visibility": "not shown"}, {"gameTime": "2 - 42:54", "label": "Indirect free-kick", "position": "2574372", "team": "not applicable", "visibility": "visible"}, {"gameTime": "2 - 43:16", "label": "Ball out of play", "position": "2596882", "team": "home", "visibility": "not shown"}, {"gameTime": "2 - 44:14", "label": "Corner", "position": "2654455", "team": "home", "visibility": "visible"}, {"gameTime": "2 - 44:15", "label": "Shots on target", "position": "2655834", "team": "home", "visibility": "visible"}, {"gameTime": "2 - 44:16", "label": "Shots off target", "position": "2656513", "team": "not applicable", "visibility": "visible"}, {"gameTime": "2 - 45:02", "label": "Ball out of play", "position": "2702949", "team": "home", "visibility": "visible"}, {"gameTime": "2 - 45:14", "label": "Substitution", "position": "2714259", "team": "away", "visibility": "visible"}, {"gameTime": "2 - 46:16", "label": "Clearance", "position": "2776494", "team": "away", "visibility": "visible"}, {"gameTime": "2 - 47:02", "label": "Foul", "position": "2822513", "team": "home", "visibility": "visible"}, {"gameTime": "2 - 47:02", "label": "Shots on target", "position": "2822513", "team": "home", "visibility": "visible"}, {"gameTime": "2 - 47:03", "label": "Penalty", "position": "2823122", "team": "home", "visibility": "visible"}, {"gameTime": "2 - 47:49", "label": "Goal", "position": "2869200", "team": "away", "visibility": "visible"}, {"gameTime": "2 - 47:57", "label": "Kick-off", "position": "2877724", "team": "not applicable", "visibility": "visible"}], "gameAwayTeam": "Chievo", "gameDate": "22/12/2016 - 22:45", "gameHomeTeam": "AS Roma", "gameScore": "3 - 1"}