{"UrlLocal": "italy_serie-a/2016-2017/2017-04-30 - 21-45 Inter 0 - 1 Napoli/", "UrlYoutube": "", "annotations": [{"gameTime": "1 - 00:00", "label": "Ball out of play", "position": "30", "team": "home", "visibility": "visible"}, {"gameTime": "1 - 00:51", "label": "Corner", "position": "51287", "team": "not applicable", "visibility": "visible"}, {"gameTime": "1 - 01:14", "label": "Ball out of play", "position": "74224", "team": "away", "visibility": "visible"}, {"gameTime": "1 - 03:33", "label": "Throw-in", "position": "213228", "team": "not applicable", "visibility": "visible"}, {"gameTime": "1 - 03:36", "label": "Ball out of play", "position": "216054", "team": "away", "visibility": "not shown"}, {"gameTime": "1 - 04:03", "label": "Clearance", "position": "243571", "team": "not applicable", "visibility": "visible"}, {"gameTime": "1 - 04:29", "label": "Ball out of play", "position": "269504", "team": "away", "visibility": "visible"}, {"gameTime": "1 - 05:39", "label": "Throw-in", "position": "339529", "team": "not applicable", "visibility": "visible"}, {"gameTime": "1 - 05:54", "label": "Foul", "position": "354721", "team": "away", "visibility": "visible"}, {"gameTime": "1 - 06:32", "label": "Indirect free-kick", "position": "392673", "team": "away", "visibility": "visible"}, {"gameTime": "1 - 06:53", "label": "Ball out of play", "position": "413431", "team": "home", "visibility": "not shown"}, {"gameTime": "1 - 09:08", "label": "Clearance", "position": "548934", "team": "not applicable", "visibility": "visible"}, {"gameTime": "1 - 09:16", "label": "Shots off target", "position": "556400", "team": "home", "visibility": "not shown"}, {"gameTime": "1 - 09:24", "label": "Ball out of play", "position": "564410", "team": "away", "visibility": "visible"}, {"gameTime": "1 - 09:25", "label": "Indirect free-kick", "position": "565815", "team": "not applicable", "visibility": "visible"}, {"gameTime": "1 - 09:46", "label": "Ball out of play", "position": "586806", "team": "home", "visibility": "visible"}, {"gameTime": "1 - 10:14", "label": "Throw-in", "position": "614614", "team": "not applicable", "visibility": "visible"}, {"gameTime": "1 - 10:22", "label": "Foul", "position": "622484", "team": "home", "visibility": "visible"}, {"gameTime": "1 - 10:38", "label": "Direct free-kick", "position": "638921", "team": "away", "visibility": "visible"}, {"gameTime": "1 - 11:16", "label": "Shots on target", "position": "676884", "team": "home", "visibility": "visible"}, {"gameTime": "1 - 11:20", "label": "Ball out of play", "position": "680111", "team": "home", "visibility": "visible"}, {"gameTime": "1 - 11:22", "label": "Corner", "position": "682653", "team": "not applicable", "visibility": "visible"}, {"gameTime": "1 - 11:37", "label": "Shots off target", "position": "697411", "team": "home", "visibility": "visible"}, {"gameTime": "1 - 11:43", "label": "Ball out of play", "position": "703436", "team": "home", "visibility": "visible"}, {"gameTime": "1 - 11:44", "label": "Clearance", "position": "704030", "team": "not applicable", "visibility": "visible"}, {"gameTime": "1 - 11:51", "label": "Ball out of play", "position": "711452", "team": "away", "visibility": "not shown"}, {"gameTime": "1 - 12:24", "label": "Throw-in", "position": "744464", "team": "not applicable", "visibility": "visible"}, {"gameTime": "1 - 12:41", "label": "Shots off target", "position": "761509", "team": "away", "visibility": "visible"}, {"gameTime": "1 - 13:33", "label": "Ball out of play", "position": "813094", "team": "away", "visibility": "visible"}, {"gameTime": "1 - 13:35", "label": "Clearance", "position": "815063", "team": "not applicable", "visibility": "visible"}, {"gameTime": "1 - 14:00", "label": "Ball out of play", "position": "840901", "team": "home", "visibility": "visible"}, {"gameTime": "1 - 14:06", "label": "Throw-in", "position": "846170", "team": "not applicable", "visibility": "visible"}, {"gameTime": "1 - 14:11", "label": "Shots off target", "position": "851633", "team": "away", "visibility": "visible"}, {"gameTime": "1 - 14:56", "label": "Ball out of play", "position": "896566", "team": "home", "visibility": "visible"}, {"gameTime": "1 - 14:58", "label": "Clearance", "position": "898684", "team": "not applicable", "visibility": "visible"}, {"gameTime": "1 - 15:33", "label": "Ball out of play", "position": "933016", "team": "away", "visibility": "visible"}, {"gameTime": "1 - 16:20", "label": "Throw-in", "position": "980370", "team": "not applicable", "visibility": "visible"}, {"gameTime": "1 - 16:24", "label": "Ball out of play", "position": "984243", "team": "away", "visibility": "visible"}, {"gameTime": "1 - 17:14", "label": "Throw-in", "position": "1034892", "team": "not applicable", "visibility": "visible"}, {"gameTime": "1 - 17:27", "label": "Ball out of play", "position": "1047557", "team": "away", "visibility": "visible"}, {"gameTime": "1 - 18:09", "label": "Clearance", "position": "1089384", "team": "not applicable", "visibility": "visible"}, {"gameTime": "1 - 18:30", "label": "Shots off target", "position": "1110580", "team": "home", "visibility": "visible"}, {"gameTime": "1 - 20:03", "label": "Ball out of play", "position": "1203588", "team": "home", "visibility": "visible"}, {"gameTime": "1 - 21:32", "label": "Corner", "position": "1292604", "team": "not applicable", "visibility": "visible"}, {"gameTime": "1 - 21:55", "label": "Shots off target", "position": "1315288", "team": "home", "visibility": "visible"}, {"gameTime": "1 - 21:58", "label": "Ball out of play", "position": "1318949", "team": "home", "visibility": "visible"}, {"gameTime": "1 - 22:00", "label": "Clearance", "position": "1320014", "team": "not applicable", "visibility": "visible"}, {"gameTime": "1 - 22:03", "label": "Shots on target", "position": "1323754", "team": "away", "visibility": "not shown"}, {"gameTime": "1 - 22:42", "label": "Ball out of play", "position": "1362441", "team": "home", "visibility": "visible"}, {"gameTime": "1 - 23:22", "label": "Throw-in", "position": "1402230", "team": "not applicable", "visibility": "visible"}, {"gameTime": "1 - 23:32", "label": "Shots off target", "position": "1412148", "team": "away", "visibility": "visible"}, {"gameTime": "1 - 24:11", "label": "Ball out of play", "position": "1451770", "team": "away", "visibility": "visible"}, {"gameTime": "1 - 24:12", "label": "Clearance", "position": "1452460", "team": "not applicable", "visibility": "visible"}, {"gameTime": "1 - 24:18", "label": "Foul", "position": "1458523", "team": "home", "visibility": "visible"}, {"gameTime": "1 - 26:02", "label": "Indirect free-kick", "position": "1562457", "team": "home", "visibility": "visible"}, {"gameTime": "1 - 26:25", "label": "Ball out of play", "position": "1585646", "team": "away", "visibility": "not shown"}, {"gameTime": "1 - 28:04", "label": "Corner", "position": "1684822", "team": "not applicable", "visibility": "visible"}, {"gameTime": "1 - 28:48", "label": "Foul", "position": "1728135", "team": "away", "visibility": "visible"}, {"gameTime": "1 - 29:15", "label": "Indirect free-kick", "position": "1755403", "team": "away", "visibility": "visible"}, {"gameTime": "1 - 29:23", "label": "Offside", "position": "1763794", "team": "home", "visibility": "visible"}, {"gameTime": "1 - 29:45", "label": "Indirect free-kick", "position": "1785626", "team": "home", "visibility": "visible"}, {"gameTime": "1 - 30:05", "label": "Foul", "position": "1805295", "team": "away", "visibility": "visible"}, {"gameTime": "1 - 31:10", "label": "Indirect free-kick", "position": "1870761", "team": "home", "visibility": "visible"}, {"gameTime": "1 - 31:27", "label": "Ball out of play", "position": "1887444", "team": "away", "visibility": "not shown"}, {"gameTime": "1 - 31:50", "label": "Throw-in", "position": "1910551", "team": "not applicable", "visibility": "visible"}, {"gameTime": "1 - 32:08", "label": "Ball out of play", "position": "1928036", "team": "away", "visibility": "visible"}, {"gameTime": "1 - 32:34", "label": "Clearance", "position": "1954588", "team": "not applicable", "visibility": "visible"}, {"gameTime": "1 - 32:51", "label": "Shots off target", "position": "1971070", "team": "home", "visibility": "not shown"}, {"gameTime": "1 - 33:23", "label": "Ball out of play", "position": "2003082", "team": "away", "visibility": "visible"}, {"gameTime": "1 - 33:24", "label": "Clearance", "position": "2004483", "team": "not applicable", "visibility": "visible"}, {"gameTime": "1 - 33:32", "label": "Ball out of play", "position": "2012075", "team": "home", "visibility": "not shown"}, {"gameTime": "1 - 33:52", "label": "Throw-in", "position": "2032783", "team": "not applicable", "visibility": "visible"}, {"gameTime": "1 - 33:55", "label": "Ball out of play", "position": "2035186", "team": "away", "visibility": "not shown"}, {"gameTime": "1 - 34:00", "label": "Throw-in", "position": "2040408", "team": "not applicable", "visibility": "visible"}, {"gameTime": "1 - 34:06", "label": "Ball out of play", "position": "2046721", "team": "home", "visibility": "visible"}, {"gameTime": "1 - 34:51", "label": "Throw-in", "position": "2091108", "team": "not applicable", "visibility": "visible"}, {"gameTime": "1 - 35:07", "label": "Offside", "position": "2107948", "team": "home", "visibility": "visible"}, {"gameTime": "1 - 35:16", "label": "Indirect free-kick", "position": "2116641", "team": "home", "visibility": "visible"}, {"gameTime": "1 - 35:40", "label": "Shots off target", "position": "2140476", "team": "away", "visibility": "not shown"}, {"gameTime": "1 - 36:24", "label": "Ball out of play", "position": "2184262", "team": "away", "visibility": "visible"}, {"gameTime": "1 - 36:25", "label": "Clearance", "position": "2185528", "team": "not applicable", "visibility": "visible"}, {"gameTime": "1 - 36:47", "label": "Foul", "position": "2207851", "team": "home", "visibility": "not shown"}, {"gameTime": "1 - 36:58", "label": "Indirect free-kick", "position": "2218453", "team": "home", "visibility": "visible"}, {"gameTime": "1 - 37:11", "label": "Ball out of play", "position": "2231445", "team": "away", "visibility": "visible"}, {"gameTime": "1 - 38:27", "label": "Corner", "position": "2307829", "team": "not applicable", "visibility": "visible"}, {"gameTime": "1 - 38:49", "label": "Foul", "position": "2329683", "team": "home", "visibility": "visible"}, {"gameTime": "1 - 40:57", "label": "Indirect free-kick", "position": "2457027", "team": "home", "visibility": "visible"}, {"gameTime": "1 - 41:26", "label": "Shots on target", "position": "2486715", "team": "away", "visibility": "not shown"}, {"gameTime": "1 - 42:30", "label": "Goal", "position": "2550807", "team": "away", "visibility": "visible"}, {"gameTime": "1 - 42:31", "label": "Kick-off", "position": "2551195", "team": "away", "visibility": "visible"}, {"gameTime": "1 - 43:20", "label": "Ball out of play", "position": "2600053", "team": "home", "visibility": "not shown"}, {"gameTime": "1 - 44:41", "label": "Corner", "position": "2681843", "team": "not applicable", "visibility": "visible"}, {"gameTime": "1 - 44:56", "label": "Corner", "position": "2696286", "team": "home", "visibility": "visible"}, {"gameTime": "2 - 00:00", "label": "Foul", "position": "38", "team": "away", "visibility": "not shown"}, {"gameTime": "2 - 00:43", "label": "Indirect free-kick", "position": "43711", "team": "home", "visibility": "visible"}, {"gameTime": "2 - 01:03", "label": "Ball out of play", "position": "63944", "team": "away", "visibility": "visible"}, {"gameTime": "2 - 01:51", "label": "Throw-in", "position": "111270", "team": "not applicable", "visibility": "visible"}, {"gameTime": "2 - 02:08", "label": "Ball out of play", "position": "128847", "team": "away", "visibility": "visible"}, {"gameTime": "2 - 02:32", "label": "Throw-in", "position": "152646", "team": "not applicable", "visibility": "visible"}, {"gameTime": "2 - 02:42", "label": "Ball out of play", "position": "162840", "team": "away", "visibility": "visible"}, {"gameTime": "2 - 02:55", "label": "Throw-in", "position": "175161", "team": "not applicable", "visibility": "visible"}, {"gameTime": "2 - 03:04", "label": "Ball out of play", "position": "184289", "team": "away", "visibility": "visible"}, {"gameTime": "2 - 03:55", "label": "Clearance", "position": "235352", "team": "not applicable", "visibility": "visible"}, {"gameTime": "2 - 04:01", "label": "Foul", "position": "241076", "team": "home", "visibility": "not shown"}, {"gameTime": "2 - 05:14", "label": "Indirect free-kick", "position": "314842", "team": "away", "visibility": "visible"}, {"gameTime": "2 - 05:24", "label": "Shots off target", "position": "324803", "team": "home", "visibility": "not shown"}, {"gameTime": "2 - 06:15", "label": "Ball out of play", "position": "375186", "team": "home", "visibility": "visible"}, {"gameTime": "2 - 06:16", "label": "Clearance", "position": "376055", "team": "not applicable", "visibility": "visible"}, {"gameTime": "2 - 06:32", "label": "Foul", "position": "392472", "team": "away", "visibility": "visible"}, {"gameTime": "2 - 06:39", "label": "Yellow card", "position": "399316", "team": "home", "visibility": "visible"}, {"gameTime": "2 - 06:44", "label": "Indirect free-kick", "position": "404016", "team": "home", "visibility": "visible"}, {"gameTime": "2 - 07:02", "label": "Shots off target", "position": "422917", "team": "away", "visibility": "not shown"}, {"gameTime": "2 - 07:12", "label": "Ball out of play", "position": "432439", "team": "away", "visibility": "visible"}, {"gameTime": "2 - 07:13", "label": "Clearance", "position": "433690", "team": "not applicable", "visibility": "visible"}, {"gameTime": "2 - 07:33", "label": "Ball out of play", "position": "453979", "team": "home", "visibility": "visible"}, {"gameTime": "2 - 08:18", "label": "Corner", "position": "498356", "team": "not applicable", "visibility": "visible"}, {"gameTime": "2 - 08:42", "label": "Ball out of play", "position": "522956", "team": "home", "visibility": "visible"}, {"gameTime": "2 - 08:57", "label": "Corner", "position": "537100", "team": "not applicable", "visibility": "visible"}, {"gameTime": "2 - 09:13", "label": "Shots off target", "position": "553547", "team": "home", "visibility": "visible"}, {"gameTime": "2 - 09:33", "label": "Ball out of play", "position": "573456", "team": "home", "visibility": "visible"}, {"gameTime": "2 - 09:34", "label": "Clearance", "position": "574706", "team": "not applicable", "visibility": "visible"}, {"gameTime": "2 - 09:59", "label": "Ball out of play", "position": "599993", "team": "away", "visibility": "not shown"}, {"gameTime": "2 - 10:10", "label": "Yellow card", "position": "610050", "team": "not applicable", "visibility": "visible"}, {"gameTime": "2 - 10:16", "label": "Throw-in", "position": "616873", "team": "home", "visibility": "visible"}, {"gameTime": "2 - 10:42", "label": "Ball out of play", "position": "642664", "team": "away", "visibility": "visible"}, {"gameTime": "2 - 11:23", "label": "Corner", "position": "683775", "team": "not applicable", "visibility": "visible"}, {"gameTime": "2 - 11:30", "label": "Ball out of play", "position": "690306", "team": "home", "visibility": "not shown"}, {"gameTime": "2 - 12:25", "label": "Clearance", "position": "745297", "team": "not applicable", "visibility": "visible"}, {"gameTime": "2 - 12:45", "label": "Offside", "position": "765583", "team": "away", "visibility": "not shown"}, {"gameTime": "2 - 13:34", "label": "Substitution", "position": "814313", "team": "away", "visibility": "visible"}, {"gameTime": "2 - 13:57", "label": "Indirect free-kick", "position": "837887", "team": "home", "visibility": "not shown"}, {"gameTime": "2 - 14:04", "label": "Shots off target", "position": "844539", "team": "home", "visibility": "not shown"}, {"gameTime": "2 - 15:47", "label": "Ball out of play", "position": "947525", "team": "home", "visibility": "visible"}, {"gameTime": "2 - 15:50", "label": "Clearance", "position": "950366", "team": "not applicable", "visibility": "visible"}, {"gameTime": "2 - 16:18", "label": "Foul", "position": "978916", "team": "away", "visibility": "visible"}, {"gameTime": "2 - 16:22", "label": "Throw-in", "position": "982032", "team": "home", "visibility": "visible"}, {"gameTime": "2 - 16:51", "label": "Ball out of play", "position": "1011518", "team": "away", "visibility": "visible"}, {"gameTime": "2 - 17:18", "label": "Substitution", "position": "1038066", "team": "not applicable", "visibility": "visible"}, {"gameTime": "2 - 17:29", "label": "Throw-in", "position": "1049649", "team": "away", "visibility": "visible"}, {"gameTime": "2 - 17:38", "label": "Ball out of play", "position": "1058113", "team": "away", "visibility": "not shown"}, {"gameTime": "2 - 17:44", "label": "Corner", "position": "1064734", "team": "not applicable", "visibility": "visible"}, {"gameTime": "2 - 18:18", "label": "Shots on target", "position": "1098992", "team": "away", "visibility": "visible"}, {"gameTime": "2 - 18:39", "label": "Ball out of play", "position": "1119529", "team": "away", "visibility": "visible"}, {"gameTime": "2 - 18:40", "label": "Corner", "position": "1120550", "team": "not applicable", "visibility": "visible"}, {"gameTime": "2 - 19:33", "label": "Foul", "position": "1173737", "team": "away", "visibility": "visible"}, {"gameTime": "2 - 19:39", "label": "Yellow card", "position": "1179690", "team": "away", "visibility": "visible"}, {"gameTime": "2 - 19:44", "label": "Indirect free-kick", "position": "1184551", "team": "away", "visibility": "visible"}, {"gameTime": "2 - 20:15", "label": "Shots off target", "position": "1215867", "team": "home", "visibility": "not shown"}, {"gameTime": "2 - 20:27", "label": "Ball out of play", "position": "1227477", "team": "home", "visibility": "visible"}, {"gameTime": "2 - 20:28", "label": "Clearance", "position": "1228156", "team": "not applicable", "visibility": "visible"}, {"gameTime": "2 - 20:44", "label": "Shots on target", "position": "1244089", "team": "away", "visibility": "not shown"}, {"gameTime": "2 - 21:46", "label": "Foul", "position": "1306804", "team": "away", "visibility": "visible"}, {"gameTime": "2 - 21:57", "label": "Indirect free-kick", "position": "1317980", "team": "home", "visibility": "visible"}, {"gameTime": "2 - 22:07", "label": "Shots on target", "position": "1327578", "team": "away", "visibility": "not shown"}, {"gameTime": "2 - 22:48", "label": "Ball out of play", "position": "1368871", "team": "away", "visibility": "visible"}, {"gameTime": "2 - 22:53", "label": "Throw-in", "position": "1373032", "team": "not applicable", "visibility": "visible"}, {"gameTime": "2 - 23:02", "label": "Foul", "position": "1382848", "team": "away", "visibility": "not shown"}, {"gameTime": "2 - 23:09", "label": "Indirect free-kick", "position": "1389351", "team": "away", "visibility": "visible"}, {"gameTime": "2 - 23:52", "label": "Ball out of play", "position": "1432383", "team": "home", "visibility": "visible"}, {"gameTime": "2 - 24:21", "label": "Clearance", "position": "1461323", "team": "not applicable", "visibility": "visible"}, {"gameTime": "2 - 24:26", "label": "Shots on target", "position": "1466436", "team": "home", "visibility": "not shown"}, {"gameTime": "2 - 25:05", "label": "Ball out of play", "position": "1505995", "team": "home", "visibility": "visible"}, {"gameTime": "2 - 26:22", "label": "Substitution", "position": "1582716", "team": "not applicable", "visibility": "visible"}, {"gameTime": "2 - 26:57", "label": "Clearance", "position": "1617653", "team": "away", "visibility": "visible"}, {"gameTime": "2 - 27:09", "label": "Ball out of play", "position": "1629103", "team": "home", "visibility": "not shown"}, {"gameTime": "2 - 27:13", "label": "Throw-in", "position": "1633616", "team": "not applicable", "visibility": "visible"}, {"gameTime": "2 - 27:25", "label": "Ball out of play", "position": "1645802", "team": "away", "visibility": "visible"}, {"gameTime": "2 - 27:39", "label": "Throw-in", "position": "1659848", "team": "not applicable", "visibility": "visible"}, {"gameTime": "2 - 27:45", "label": "Ball out of play", "position": "1665345", "team": "home", "visibility": "visible"}, {"gameTime": "2 - 27:48", "label": "Yellow card", "position": "1668928", "team": "not applicable", "visibility": "visible"}, {"gameTime": "2 - 27:56", "label": "Indirect free-kick", "position": "1676598", "team": "away", "visibility": "visible"}, {"gameTime": "2 - 28:22", "label": "Shots on target", "position": "1702342", "team": "home", "visibility": "visible"}, {"gameTime": "2 - 28:50", "label": "Ball out of play", "position": "1730207", "team": "away", "visibility": "visible"}, {"gameTime": "2 - 28:59", "label": "Throw-in", "position": "1739584", "team": "not applicable", "visibility": "visible"}, {"gameTime": "2 - 29:18", "label": "Offside", "position": "1758917", "team": "away", "visibility": "not shown"}, {"gameTime": "2 - 29:51", "label": "Indirect free-kick", "position": "1791831", "team": "away", "visibility": "visible"}, {"gameTime": "2 - 30:01", "label": "Ball out of play", "position": "1801514", "team": "home", "visibility": "not shown"}, {"gameTime": "2 - 31:06", "label": "Substitution", "position": "1866879", "team": "not applicable", "visibility": "visible"}, {"gameTime": "2 - 31:23", "label": "Clearance", "position": "1883759", "team": "home", "visibility": "not shown"}, {"gameTime": "2 - 31:26", "label": "Ball out of play", "position": "1886784", "team": "home", "visibility": "not shown"}, {"gameTime": "2 - 31:50", "label": "Throw-in", "position": "1910416", "team": "not applicable", "visibility": "visible"}, {"gameTime": "2 - 31:53", "label": "Ball out of play", "position": "1913118", "team": "home", "visibility": "not shown"}, {"gameTime": "2 - 32:07", "label": "Throw-in", "position": "1927071", "team": "not applicable", "visibility": "visible"}, {"gameTime": "2 - 32:19", "label": "Ball out of play", "position": "1939180", "team": "away", "visibility": "visible"}, {"gameTime": "2 - 33:10", "label": "Throw-in", "position": "1990772", "team": "not applicable", "visibility": "visible"}, {"gameTime": "2 - 33:16", "label": "Ball out of play", "position": "1996163", "team": "home", "visibility": "visible"}, {"gameTime": "2 - 33:31", "label": "Throw-in", "position": "2011354", "team": "not applicable", "visibility": "visible"}, {"gameTime": "2 - 33:34", "label": "Ball out of play", "position": "2014947", "team": "home", "visibility": "visible"}, {"gameTime": "2 - 33:47", "label": "Throw-in", "position": "2027952", "team": "not applicable", "visibility": "visible"}, {"gameTime": "2 - 33:57", "label": "Ball out of play", "position": "2037690", "team": "home", "visibility": "visible"}, {"gameTime": "2 - 34:34", "label": "Substitution", "position": "2074895", "team": "not applicable", "visibility": "visible"}, {"gameTime": "2 - 35:03", "label": "Corner", "position": "2103047", "team": "away", "visibility": "visible"}, {"gameTime": "2 - 35:12", "label": "Shots on target", "position": "2112679", "team": "home", "visibility": "visible"}, {"gameTime": "2 - 35:17", "label": "Ball out of play", "position": "2117859", "team": "home", "visibility": "visible"}, {"gameTime": "2 - 36:39", "label": "Throw-in", "position": "2199726", "team": "not applicable", "visibility": "visible"}, {"gameTime": "2 - 36:58", "label": "Ball out of play", "position": "2218314", "team": "home", "visibility": "not shown"}, {"gameTime": "2 - 37:06", "label": "Throw-in", "position": "2226095", "team": "not applicable", "visibility": "visible"}, {"gameTime": "2 - 37:18", "label": "Foul", "position": "2238351", "team": "away", "visibility": "visible"}, {"gameTime": "2 - 39:16", "label": "Shots on target", "position": "2356002", "team": "home", "visibility": "visible"}, {"gameTime": "2 - 40:14", "label": "Direct free-kick", "position": "2414239", "team": "away", "visibility": "visible"}, {"gameTime": "2 - 40:14", "label": "Ball out of play", "position": "2414239", "team": "away", "visibility": "visible"}, {"gameTime": "2 - 40:32", "label": "Clearance", "position": "2432962", "team": "not applicable", "visibility": "visible"}, {"gameTime": "2 - 40:41", "label": "Ball out of play", "position": "2441892", "team": "home", "visibility": "not shown"}, {"gameTime": "2 - 41:26", "label": "Throw-in", "position": "2486472", "team": "not applicable", "visibility": "visible"}, {"gameTime": "2 - 41:42", "label": "Foul", "position": "2502205", "team": "away", "visibility": "visible"}, {"gameTime": "2 - 41:57", "label": "Indirect free-kick", "position": "2517172", "team": "away", "visibility": "visible"}, {"gameTime": "2 - 42:02", "label": "Foul", "position": "2522554", "team": "home", "visibility": "not shown"}, {"gameTime": "2 - 42:23", "label": "Indirect free-kick", "position": "2543444", "team": "away", "visibility": "visible"}, {"gameTime": "2 - 42:28", "label": "Ball out of play", "position": "2548711", "team": "home", "visibility": "visible"}, {"gameTime": "2 - 42:51", "label": "Throw-in", "position": "2571946", "team": "not applicable", "visibility": "visible"}, {"gameTime": "2 - 42:59", "label": "Ball out of play", "position": "2579276", "team": "home", "visibility": "visible"}, {"gameTime": "2 - 44:30", "label": "Throw-in", "position": "2670740", "team": "not applicable", "visibility": "visible"}, {"gameTime": "2 - 44:35", "label": "Foul", "position": "2675726", "team": "home", "visibility": "not shown"}, {"gameTime": "2 - 44:41", "label": "Foul", "position": "2681303", "team": "away", "visibility": "visible"}], "gameAwayTeam": "Napoli", "gameDate": "30/04/2017 - 21:45", "gameHomeTeam": "Inter", "gameScore": "0 - 1"}