{"UrlLocal": "italy_serie-a/2015-2016/2015-09-20 - 16-00 Genoa 0 - 2 Juventus/", "UrlYoutube": "", "annotations": [{"gameTime": "1 - 00:00", "label": "Shots on target", "position": "0", "team": "away", "visibility": "visible"}, {"gameTime": "1 - 00:20", "label": "Ball out of play", "position": "20148", "team": "away", "visibility": "visible"}, {"gameTime": "1 - 01:05", "label": "Throw-in", "position": "65465", "team": "not applicable", "visibility": "visible"}, {"gameTime": "1 - 01:17", "label": "Foul", "position": "77269", "team": "home", "visibility": "visible"}, {"gameTime": "1 - 01:21", "label": "Indirect free-kick", "position": "81383", "team": "home", "visibility": "visible"}, {"gameTime": "1 - 01:29", "label": "Ball out of play", "position": "89973", "team": "away", "visibility": "not shown"}, {"gameTime": "1 - 01:58", "label": "Throw-in", "position": "118749", "team": "not applicable", "visibility": "visible"}, {"gameTime": "1 - 02:09", "label": "Foul", "position": "129868", "team": "home", "visibility": "not shown"}, {"gameTime": "1 - 03:39", "label": "Indirect free-kick", "position": "219813", "team": "away", "visibility": "visible"}, {"gameTime": "1 - 03:46", "label": "Ball out of play", "position": "226161", "team": "home", "visibility": "not shown"}, {"gameTime": "1 - 03:53", "label": "Clearance", "position": "233379", "team": "not applicable", "visibility": "visible"}, {"gameTime": "1 - 04:08", "label": "Foul", "position": "248799", "team": "away", "visibility": "visible"}, {"gameTime": "1 - 04:31", "label": "Indirect free-kick", "position": "271440", "team": "away", "visibility": "visible"}, {"gameTime": "1 - 04:35", "label": "Foul", "position": "275692", "team": "home", "visibility": "visible"}, {"gameTime": "1 - 04:38", "label": "Indirect free-kick", "position": "278222", "team": "away", "visibility": "visible"}, {"gameTime": "1 - 04:59", "label": "Ball out of play", "position": "299276", "team": "home", "visibility": "visible"}, {"gameTime": "1 - 06:00", "label": "Throw-in", "position": "360368", "team": "not applicable", "visibility": "visible"}, {"gameTime": "1 - 06:10", "label": "Ball out of play", "position": "370139", "team": "home", "visibility": "visible"}, {"gameTime": "1 - 06:39", "label": "Clearance", "position": "399452", "team": "not applicable", "visibility": "visible"}, {"gameTime": "1 - 06:48", "label": "Foul", "position": "408726", "team": "away", "visibility": "not shown"}, {"gameTime": "1 - 07:45", "label": "Indirect free-kick", "position": "465230", "team": "home", "visibility": "visible"}, {"gameTime": "1 - 07:57", "label": "Ball out of play", "position": "477294", "team": "away", "visibility": "visible"}, {"gameTime": "1 - 08:41", "label": "Throw-in", "position": "521771", "team": "not applicable", "visibility": "visible"}, {"gameTime": "1 - 08:52", "label": "Ball out of play", "position": "532346", "team": "home", "visibility": "visible"}, {"gameTime": "1 - 09:01", "label": "Throw-in", "position": "541019", "team": "not applicable", "visibility": "visible"}, {"gameTime": "1 - 09:08", "label": "Ball out of play", "position": "548147", "team": "away", "visibility": "visible"}, {"gameTime": "1 - 09:38", "label": "Throw-in", "position": "578855", "team": "not applicable", "visibility": "visible"}, {"gameTime": "1 - 09:49", "label": "Ball out of play", "position": "589028", "team": "away", "visibility": "visible"}, {"gameTime": "1 - 10:13", "label": "Throw-in", "position": "613406", "team": "not applicable", "visibility": "visible"}, {"gameTime": "1 - 10:30", "label": "Shots off target", "position": "630605", "team": "away", "visibility": "visible"}, {"gameTime": "1 - 11:12", "label": "Ball out of play", "position": "672016", "team": "home", "visibility": "visible"}, {"gameTime": "1 - 11:12", "label": "Clearance", "position": "672473", "team": "not applicable", "visibility": "visible"}, {"gameTime": "1 - 11:38", "label": "Foul", "position": "698702", "team": "away", "visibility": "visible"}, {"gameTime": "1 - 12:01", "label": "Indirect free-kick", "position": "721061", "team": "away", "visibility": "visible"}, {"gameTime": "1 - 12:28", "label": "Ball out of play", "position": "748301", "team": "home", "visibility": "visible"}, {"gameTime": "1 - 13:17", "label": "Throw-in", "position": "797312", "team": "not applicable", "visibility": "visible"}, {"gameTime": "1 - 13:24", "label": "Ball out of play", "position": "804679", "team": "home", "visibility": "not shown"}, {"gameTime": "1 - 13:40", "label": "Throw-in", "position": "820538", "team": "not applicable", "visibility": "visible"}, {"gameTime": "1 - 13:47", "label": "Ball out of play", "position": "827224", "team": "home", "visibility": "not shown"}, {"gameTime": "1 - 13:51", "label": "Throw-in", "position": "831797", "team": "not applicable", "visibility": "visible"}, {"gameTime": "1 - 13:59", "label": "Ball out of play", "position": "839978", "team": "home", "visibility": "not shown"}, {"gameTime": "1 - 14:07", "label": "Clearance", "position": "847747", "team": "not applicable", "visibility": "visible"}, {"gameTime": "1 - 14:26", "label": "Foul", "position": "866504", "team": "away", "visibility": "not shown"}, {"gameTime": "1 - 14:53", "label": "Indirect free-kick", "position": "893262", "team": "away", "visibility": "visible"}, {"gameTime": "1 - 15:09", "label": "Foul", "position": "909275", "team": "home", "visibility": "not shown"}, {"gameTime": "1 - 15:21", "label": "Indirect free-kick", "position": "921751", "team": "home", "visibility": "visible"}, {"gameTime": "1 - 15:38", "label": "Foul", "position": "938706", "team": "away", "visibility": "visible"}, {"gameTime": "1 - 16:18", "label": "Yellow card", "position": "978910", "team": "away", "visibility": "visible"}, {"gameTime": "1 - 16:23", "label": "Indirect free-kick", "position": "983792", "team": "away", "visibility": "visible"}, {"gameTime": "1 - 16:56", "label": "Ball out of play", "position": "1016103", "team": "home", "visibility": "not shown"}, {"gameTime": "1 - 17:20", "label": "Throw-in", "position": "1040574", "team": "not applicable", "visibility": "visible"}, {"gameTime": "1 - 17:55", "label": "Ball out of play", "position": "1075221", "team": "home", "visibility": "visible"}, {"gameTime": "1 - 18:09", "label": "Throw-in", "position": "1089123", "team": "not applicable", "visibility": "visible"}, {"gameTime": "1 - 18:16", "label": "Offside", "position": "1096303", "team": "away", "visibility": "visible"}, {"gameTime": "1 - 18:20", "label": "Indirect free-kick", "position": "1100570", "team": "away", "visibility": "visible"}, {"gameTime": "1 - 18:40", "label": "Ball out of play", "position": "1120736", "team": "home", "visibility": "visible"}, {"gameTime": "1 - 19:23", "label": "Clearance", "position": "1163500", "team": "not applicable", "visibility": "visible"}, {"gameTime": "1 - 20:54", "label": "Foul", "position": "1254643", "team": "away", "visibility": "visible"}, {"gameTime": "1 - 21:04", "label": "Substitution", "position": "1264440", "team": "home", "visibility": "visible"}, {"gameTime": "1 - 21:16", "label": "Indirect free-kick", "position": "1276698", "team": "away", "visibility": "visible"}, {"gameTime": "1 - 21:23", "label": "Foul", "position": "1283474", "team": "away", "visibility": "visible"}, {"gameTime": "1 - 21:44", "label": "Direct free-kick", "position": "1304243", "team": "home", "visibility": "visible"}, {"gameTime": "1 - 22:56", "label": "Shots off target", "position": "1376311", "team": "away", "visibility": "visible"}, {"gameTime": "1 - 22:56", "label": "Ball out of play", "position": "1376311", "team": "away", "visibility": "visible"}, {"gameTime": "1 - 22:57", "label": "Clearance", "position": "1377336", "team": "not applicable", "visibility": "visible"}, {"gameTime": "1 - 23:19", "label": "Foul", "position": "1399843", "team": "home", "visibility": "visible"}, {"gameTime": "1 - 23:56", "label": "Indirect free-kick", "position": "1436049", "team": "away", "visibility": "visible"}, {"gameTime": "1 - 24:07", "label": "Ball out of play", "position": "1447226", "team": "home", "visibility": "not shown"}, {"gameTime": "1 - 24:35", "label": "Throw-in", "position": "1475009", "team": "not applicable", "visibility": "visible"}, {"gameTime": "1 - 24:40", "label": "Foul", "position": "1480106", "team": "away", "visibility": "not shown"}, {"gameTime": "1 - 25:26", "label": "Yellow card", "position": "1526213", "team": "home", "visibility": "visible"}, {"gameTime": "1 - 25:31", "label": "Direct free-kick", "position": "1531744", "team": "home", "visibility": "visible"}, {"gameTime": "1 - 26:39", "label": "Shots off target", "position": "1599130", "team": "away", "visibility": "visible"}, {"gameTime": "1 - 26:41", "label": "Ball out of play", "position": "1601908", "team": "away", "visibility": "visible"}, {"gameTime": "1 - 26:42", "label": "Clearance", "position": "1602493", "team": "not applicable", "visibility": "visible"}, {"gameTime": "1 - 27:10", "label": "Ball out of play", "position": "1630714", "team": "home", "visibility": "visible"}, {"gameTime": "1 - 27:22", "label": "Throw-in", "position": "1642059", "team": "not applicable", "visibility": "visible"}, {"gameTime": "1 - 27:29", "label": "Foul", "position": "1649676", "team": "home", "visibility": "visible"}, {"gameTime": "1 - 29:25", "label": "Direct free-kick", "position": "1765935", "team": "away", "visibility": "visible"}, {"gameTime": "1 - 30:25", "label": "Shots off target", "position": "1825956", "team": "home", "visibility": "visible"}, {"gameTime": "1 - 30:27", "label": "Ball out of play", "position": "1827680", "team": "home", "visibility": "visible"}, {"gameTime": "1 - 30:28", "label": "Clearance", "position": "1828783", "team": "not applicable", "visibility": "visible"}, {"gameTime": "1 - 30:39", "label": "Ball out of play", "position": "1839212", "team": "away", "visibility": "visible"}, {"gameTime": "1 - 30:48", "label": "Throw-in", "position": "1848458", "team": "not applicable", "visibility": "visible"}, {"gameTime": "1 - 30:55", "label": "Ball out of play", "position": "1855553", "team": "away", "visibility": "not shown"}, {"gameTime": "1 - 31:18", "label": "Throw-in", "position": "1878911", "team": "not applicable", "visibility": "visible"}, {"gameTime": "1 - 31:23", "label": "Ball out of play", "position": "1883485", "team": "away", "visibility": "visible"}, {"gameTime": "1 - 32:06", "label": "Throw-in", "position": "1926551", "team": "not applicable", "visibility": "visible"}, {"gameTime": "1 - 32:16", "label": "Foul", "position": "1936657", "team": "home", "visibility": "visible"}, {"gameTime": "1 - 32:31", "label": "Indirect free-kick", "position": "1951271", "team": "home", "visibility": "visible"}, {"gameTime": "1 - 32:37", "label": "Foul", "position": "1957605", "team": "away", "visibility": "visible"}, {"gameTime": "1 - 33:48", "label": "Direct free-kick", "position": "2028423", "team": "away", "visibility": "visible"}, {"gameTime": "1 - 34:55", "label": "Shots off target", "position": "2095616", "team": "home", "visibility": "visible"}, {"gameTime": "1 - 34:55", "label": "Ball out of play", "position": "2095656", "team": "home", "visibility": "visible"}, {"gameTime": "1 - 34:56", "label": "Clearance", "position": "2096673", "team": "not applicable", "visibility": "visible"}, {"gameTime": "1 - 35:13", "label": "Foul", "position": "2113497", "team": "away", "visibility": "not shown"}, {"gameTime": "1 - 35:24", "label": "Indirect free-kick", "position": "2124978", "team": "home", "visibility": "visible"}, {"gameTime": "1 - 35:36", "label": "Shots on target", "position": "2136156", "team": "away", "visibility": "visible"}, {"gameTime": "1 - 36:02", "label": "Goal", "position": "2162517", "team": "away", "visibility": "visible"}, {"gameTime": "1 - 36:03", "label": "Kick-off", "position": "2163224", "team": "away", "visibility": "visible"}, {"gameTime": "1 - 37:05", "label": "Shots off target", "position": "2225268", "team": "home", "visibility": "visible"}, {"gameTime": "1 - 37:35", "label": "Ball out of play", "position": "2255669", "team": "away", "visibility": "visible"}, {"gameTime": "1 - 37:37", "label": "Clearance", "position": "2257204", "team": "not applicable", "visibility": "visible"}, {"gameTime": "1 - 37:57", "label": "Ball out of play", "position": "2277261", "team": "home", "visibility": "not shown"}, {"gameTime": "1 - 38:07", "label": "Throw-in", "position": "2287094", "team": "not applicable", "visibility": "visible"}, {"gameTime": "1 - 38:19", "label": "Foul", "position": "2299453", "team": "home", "visibility": "visible"}, {"gameTime": "1 - 38:52", "label": "Indirect free-kick", "position": "2332539", "team": "away", "visibility": "visible"}, {"gameTime": "1 - 39:12", "label": "Ball out of play", "position": "2352103", "team": "home", "visibility": "visible"}, {"gameTime": "1 - 39:20", "label": "Corner", "position": "2360861", "team": "not applicable", "visibility": "visible"}, {"gameTime": "1 - 39:32", "label": "Ball out of play", "position": "2372266", "team": "home", "visibility": "not shown"}, {"gameTime": "1 - 40:00", "label": "Throw-in", "position": "2400626", "team": "not applicable", "visibility": "visible"}, {"gameTime": "1 - 40:14", "label": "Ball out of play", "position": "2414776", "team": "away", "visibility": "not shown"}, {"gameTime": "1 - 40:20", "label": "Throw-in", "position": "2420303", "team": "not applicable", "visibility": "visible"}, {"gameTime": "1 - 40:27", "label": "Ball out of play", "position": "2427998", "team": "away", "visibility": "visible"}, {"gameTime": "1 - 40:31", "label": "Throw-in", "position": "2431048", "team": "not applicable", "visibility": "visible"}, {"gameTime": "1 - 40:51", "label": "Ball out of play", "position": "2451356", "team": "away", "visibility": "visible"}, {"gameTime": "1 - 41:03", "label": "Throw-in", "position": "2463066", "team": "not applicable", "visibility": "visible"}, {"gameTime": "1 - 41:14", "label": "Foul", "position": "2474332", "team": "away", "visibility": "visible"}, {"gameTime": "1 - 42:50", "label": "Yellow->red card", "position": "2570231", "team": "home", "visibility": "visible"}, {"gameTime": "1 - 43:00", "label": "Direct free-kick", "position": "2580755", "team": "home", "visibility": "visible"}, {"gameTime": "1 - 44:07", "label": "Foul", "position": "2647298", "team": "away", "visibility": "visible"}, {"gameTime": "1 - 44:21", "label": "Direct free-kick", "position": "2661492", "team": "home", "visibility": "visible"}, {"gameTime": "1 - 44:58", "label": "Direct free-kick", "position": "2698250", "team": "away", "visibility": "visible"}, {"gameTime": "2 - 00:00", "label": "Kick-off", "position": "24", "team": "home", "visibility": "not shown"}, {"gameTime": "2 - 00:00", "label": "Foul", "position": "24", "team": "home", "visibility": "visible"}, {"gameTime": "2 - 00:29", "label": "Indirect free-kick", "position": "29682", "team": "home", "visibility": "visible"}, {"gameTime": "2 - 00:39", "label": "Ball out of play", "position": "39649", "team": "away", "visibility": "not shown"}, {"gameTime": "2 - 01:01", "label": "Throw-in", "position": "61244", "team": "not applicable", "visibility": "visible"}, {"gameTime": "2 - 01:20", "label": "Ball out of play", "position": "80107", "team": "away", "visibility": "visible"}, {"gameTime": "2 - 01:24", "label": "Throw-in", "position": "84521", "team": "not applicable", "visibility": "visible"}, {"gameTime": "2 - 01:34", "label": "Foul", "position": "94577", "team": "away", "visibility": "visible"}, {"gameTime": "2 - 02:07", "label": "Indirect free-kick", "position": "127483", "team": "away", "visibility": "visible"}, {"gameTime": "2 - 02:28", "label": "Ball out of play", "position": "148595", "team": "home", "visibility": "visible"}, {"gameTime": "2 - 02:35", "label": "Throw-in", "position": "155471", "team": "not applicable", "visibility": "visible"}, {"gameTime": "2 - 02:41", "label": "Ball out of play", "position": "161957", "team": "away", "visibility": "not shown"}, {"gameTime": "2 - 03:05", "label": "Throw-in", "position": "185530", "team": "not applicable", "visibility": "visible"}, {"gameTime": "2 - 03:17", "label": "Foul", "position": "197008", "team": "away", "visibility": "visible"}, {"gameTime": "2 - 04:09", "label": "Yellow card", "position": "249664", "team": "home", "visibility": "visible"}, {"gameTime": "2 - 04:12", "label": "Indirect free-kick", "position": "252262", "team": "home", "visibility": "visible"}, {"gameTime": "2 - 04:38", "label": "Ball out of play", "position": "278789", "team": "away", "visibility": "not shown"}, {"gameTime": "2 - 04:51", "label": "Throw-in", "position": "291833", "team": "not applicable", "visibility": "visible"}, {"gameTime": "2 - 05:04", "label": "Foul", "position": "304180", "team": "home", "visibility": "visible"}, {"gameTime": "2 - 05:27", "label": "Indirect free-kick", "position": "327049", "team": "away", "visibility": "visible"}, {"gameTime": "2 - 05:39", "label": "Ball out of play", "position": "339298", "team": "home", "visibility": "not shown"}, {"gameTime": "2 - 05:50", "label": "Throw-in", "position": "350578", "team": "not applicable", "visibility": "visible"}, {"gameTime": "2 - 06:01", "label": "Shots off target", "position": "361670", "team": "home", "visibility": "visible"}, {"gameTime": "2 - 06:17", "label": "Ball out of play", "position": "377636", "team": "away", "visibility": "visible"}, {"gameTime": "2 - 06:18", "label": "Clearance", "position": "378518", "team": "not applicable", "visibility": "visible"}, {"gameTime": "2 - 06:44", "label": "Ball out of play", "position": "404897", "team": "home", "visibility": "not shown"}, {"gameTime": "2 - 06:48", "label": "Throw-in", "position": "408153", "team": "not applicable", "visibility": "visible"}, {"gameTime": "2 - 06:54", "label": "Foul", "position": "414427", "team": "away", "visibility": "not shown"}, {"gameTime": "2 - 07:52", "label": "Indirect free-kick", "position": "472001", "team": "away", "visibility": "visible"}, {"gameTime": "2 - 08:06", "label": "Foul", "position": "486548", "team": "home", "visibility": "not shown"}, {"gameTime": "2 - 09:08", "label": "Indirect free-kick", "position": "548169", "team": "home", "visibility": "visible"}, {"gameTime": "2 - 09:17", "label": "Ball out of play", "position": "557369", "team": "away", "visibility": "not shown"}, {"gameTime": "2 - 11:32", "label": "Substitution", "position": "692642", "team": "not applicable", "visibility": "visible"}, {"gameTime": "2 - 11:53", "label": "Throw-in", "position": "713499", "team": "home", "visibility": "visible"}, {"gameTime": "2 - 11:58", "label": "Ball out of play", "position": "718754", "team": "away", "visibility": "not shown"}, {"gameTime": "2 - 12:50", "label": "Corner", "position": "770412", "team": "not applicable", "visibility": "visible"}, {"gameTime": "2 - 13:22", "label": "Foul", "position": "802510", "team": "away", "visibility": "visible"}, {"gameTime": "2 - 13:32", "label": "Shots on target", "position": "812414", "team": "home", "visibility": "visible"}, {"gameTime": "2 - 14:35", "label": "Penalty", "position": "875318", "team": "away", "visibility": "visible"}, {"gameTime": "2 - 14:35", "label": "Goal", "position": "875318", "team": "away", "visibility": "visible"}, {"gameTime": "2 - 14:35", "label": "Yellow card", "position": "875718", "team": "away", "visibility": "visible"}, {"gameTime": "2 - 14:46", "label": "Kick-off", "position": "886771", "team": "away", "visibility": "not shown"}, {"gameTime": "2 - 15:26", "label": "Foul", "position": "926310", "team": "home", "visibility": "not shown"}, {"gameTime": "2 - 15:36", "label": "Yellow card", "position": "936022", "team": "away", "visibility": "visible"}, {"gameTime": "2 - 15:40", "label": "Direct free-kick", "position": "940448", "team": "away", "visibility": "visible"}, {"gameTime": "2 - 16:35", "label": "Foul", "position": "995561", "team": "home", "visibility": "visible"}, {"gameTime": "2 - 16:41", "label": "Indirect free-kick", "position": "1001732", "team": "home", "visibility": "visible"}, {"gameTime": "2 - 17:03", "label": "Ball out of play", "position": "1023318", "team": "away", "visibility": "visible"}, {"gameTime": "2 - 18:03", "label": "Clearance", "position": "1083763", "team": "not applicable", "visibility": "visible"}, {"gameTime": "2 - 18:19", "label": "Foul", "position": "1099805", "team": "home", "visibility": "not shown"}, {"gameTime": "2 - 18:22", "label": "Substitution", "position": "1102687", "team": "away", "visibility": "visible"}, {"gameTime": "2 - 18:59", "label": "Indirect free-kick", "position": "1139393", "team": "home", "visibility": "visible"}, {"gameTime": "2 - 19:14", "label": "Foul", "position": "1154211", "team": "home", "visibility": "visible"}, {"gameTime": "2 - 19:21", "label": "Indirect free-kick", "position": "1161931", "team": "home", "visibility": "visible"}, {"gameTime": "2 - 19:50", "label": "Ball out of play", "position": "1190334", "team": "away", "visibility": "not shown"}, {"gameTime": "2 - 21:12", "label": "Throw-in", "position": "1272545", "team": "not applicable", "visibility": "visible"}, {"gameTime": "2 - 21:24", "label": "Foul", "position": "1284598", "team": "home", "visibility": "not shown"}, {"gameTime": "2 - 21:33", "label": "Indirect free-kick", "position": "1293882", "team": "home", "visibility": "visible"}, {"gameTime": "2 - 21:42", "label": "Ball out of play", "position": "1302982", "team": "away", "visibility": "visible"}, {"gameTime": "2 - 22:12", "label": "Throw-in", "position": "1332630", "team": "not applicable", "visibility": "visible"}, {"gameTime": "2 - 22:16", "label": "Shots on target", "position": "1336077", "team": "home", "visibility": "not shown"}, {"gameTime": "2 - 23:05", "label": "Ball out of play", "position": "1385553", "team": "away", "visibility": "visible"}, {"gameTime": "2 - 23:31", "label": "Throw-in", "position": "1411428", "team": "not applicable", "visibility": "visible"}, {"gameTime": "2 - 23:35", "label": "Ball out of play", "position": "1415440", "team": "home", "visibility": "not shown"}, {"gameTime": "2 - 23:50", "label": "Throw-in", "position": "1430127", "team": "not applicable", "visibility": "visible"}, {"gameTime": "2 - 23:56", "label": "Ball out of play", "position": "1436076", "team": "home", "visibility": "visible"}, {"gameTime": "2 - 24:06", "label": "Throw-in", "position": "1446677", "team": "not applicable", "visibility": "visible"}, {"gameTime": "2 - 24:24", "label": "Shots on target", "position": "1464397", "team": "home", "visibility": "not shown"}, {"gameTime": "2 - 24:36", "label": "Foul", "position": "1476198", "team": "home", "visibility": "visible"}, {"gameTime": "2 - 24:38", "label": "Indirect free-kick", "position": "1478535", "team": "home", "visibility": "visible"}, {"gameTime": "2 - 25:11", "label": "Ball out of play", "position": "1511158", "team": "away", "visibility": "not shown"}, {"gameTime": "2 - 26:33", "label": "Clearance", "position": "1593999", "team": "not applicable", "visibility": "visible"}, {"gameTime": "2 - 26:46", "label": "Foul", "position": "1606469", "team": "away", "visibility": "visible"}, {"gameTime": "2 - 26:52", "label": "Indirect free-kick", "position": "1612598", "team": "home", "visibility": "visible"}, {"gameTime": "2 - 27:04", "label": "Ball out of play", "position": "1624970", "team": "away", "visibility": "not shown"}, {"gameTime": "2 - 27:18", "label": "Corner", "position": "1638875", "team": "not applicable", "visibility": "visible"}, {"gameTime": "2 - 27:53", "label": "Foul", "position": "1673318", "team": "away", "visibility": "visible"}, {"gameTime": "2 - 27:53", "label": "Indirect free-kick", "position": "1673933", "team": "away", "visibility": "visible"}, {"gameTime": "2 - 28:00", "label": "Foul", "position": "1680903", "team": "home", "visibility": "not shown"}, {"gameTime": "2 - 28:35", "label": "Indirect free-kick", "position": "1715381", "team": "home", "visibility": "visible"}, {"gameTime": "2 - 29:04", "label": "Shots off target", "position": "1744213", "team": "away", "visibility": "not shown"}, {"gameTime": "2 - 30:10", "label": "Ball out of play", "position": "1810889", "team": "home", "visibility": "visible"}, {"gameTime": "2 - 30:11", "label": "Substitution", "position": "1811554", "team": "not applicable", "visibility": "visible"}, {"gameTime": "2 - 30:35", "label": "Foul", "position": "1835728", "team": "away", "visibility": "visible"}, {"gameTime": "2 - 31:08", "label": "Indirect free-kick", "position": "1868760", "team": "away", "visibility": "visible"}, {"gameTime": "2 - 31:14", "label": "Ball out of play", "position": "1874381", "team": "home", "visibility": "not shown"}, {"gameTime": "2 - 31:31", "label": "Throw-in", "position": "1891203", "team": "not applicable", "visibility": "visible"}, {"gameTime": "2 - 31:44", "label": "Ball out of play", "position": "1904937", "team": "away", "visibility": "visible"}, {"gameTime": "2 - 32:23", "label": "Throw-in", "position": "1943328", "team": "not applicable", "visibility": "visible"}, {"gameTime": "2 - 32:28", "label": "Ball out of play", "position": "1948581", "team": "home", "visibility": "not shown"}, {"gameTime": "2 - 33:18", "label": "Clearance", "position": "1998602", "team": "not applicable", "visibility": "visible"}, {"gameTime": "2 - 33:34", "label": "Shots off target", "position": "2014519", "team": "away", "visibility": "not shown"}, {"gameTime": "2 - 33:53", "label": "Ball out of play", "position": "2033297", "team": "away", "visibility": "visible"}, {"gameTime": "2 - 33:53", "label": "Clearance", "position": "2033697", "team": "not applicable", "visibility": "visible"}, {"gameTime": "2 - 33:58", "label": "Foul", "position": "2038601", "team": "home", "visibility": "visible"}, {"gameTime": "2 - 35:38", "label": "Indirect free-kick", "position": "2138255", "team": "away", "visibility": "visible"}, {"gameTime": "2 - 35:59", "label": "Shots off target", "position": "2159397", "team": "home", "visibility": "visible"}, {"gameTime": "2 - 36:02", "label": "Ball out of play", "position": "2162691", "team": "home", "visibility": "visible"}, {"gameTime": "2 - 36:54", "label": "Substitution", "position": "2214127", "team": "not applicable", "visibility": "not shown"}, {"gameTime": "2 - 37:12", "label": "Throw-in", "position": "2232106", "team": "away", "visibility": "visible"}, {"gameTime": "2 - 37:32", "label": "Foul", "position": "2252710", "team": "home", "visibility": "not shown"}, {"gameTime": "2 - 38:14", "label": "Indirect free-kick", "position": "2294402", "team": "away", "visibility": "visible"}, {"gameTime": "2 - 38:17", "label": "Ball out of play", "position": "2297223", "team": "home", "visibility": "visible"}, {"gameTime": "2 - 38:44", "label": "Throw-in", "position": "2324408", "team": "not applicable", "visibility": "visible"}, {"gameTime": "2 - 38:49", "label": "Ball out of play", "position": "2329166", "team": "home", "visibility": "visible"}, {"gameTime": "2 - 39:07", "label": "Throw-in", "position": "2347283", "team": "not applicable", "visibility": "visible"}, {"gameTime": "2 - 39:19", "label": "Shots off target", "position": "2359999", "team": "away", "visibility": "visible"}, {"gameTime": "2 - 39:38", "label": "Ball out of play", "position": "2378475", "team": "away", "visibility": "visible"}, {"gameTime": "2 - 39:40", "label": "Clearance", "position": "2380107", "team": "not applicable", "visibility": "visible"}, {"gameTime": "2 - 39:54", "label": "Foul", "position": "2394659", "team": "home", "visibility": "visible"}, {"gameTime": "2 - 39:57", "label": "Indirect free-kick", "position": "2397733", "team": "home", "visibility": "visible"}, {"gameTime": "2 - 40:12", "label": "Foul", "position": "2412354", "team": "away", "visibility": "not shown"}, {"gameTime": "2 - 40:25", "label": "Yellow card", "position": "2425321", "team": "away", "visibility": "visible"}, {"gameTime": "2 - 40:28", "label": "Indirect free-kick", "position": "2428192", "team": "away", "visibility": "visible"}, {"gameTime": "2 - 40:39", "label": "Offside", "position": "2439369", "team": "home", "visibility": "not shown"}, {"gameTime": "2 - 41:28", "label": "Indirect free-kick", "position": "2488593", "team": "away", "visibility": "visible"}, {"gameTime": "2 - 41:48", "label": "Ball out of play", "position": "2508726", "team": "home", "visibility": "not shown"}, {"gameTime": "2 - 42:04", "label": "Throw-in", "position": "2524968", "team": "not applicable", "visibility": "visible"}, {"gameTime": "2 - 42:06", "label": "Foul", "position": "2526759", "team": "home", "visibility": "visible"}, {"gameTime": "2 - 43:39", "label": "Indirect free-kick", "position": "2619763", "team": "away", "visibility": "visible"}, {"gameTime": "2 - 43:45", "label": "Foul", "position": "2625431", "team": "home", "visibility": "not shown"}, {"gameTime": "2 - 43:53", "label": "Indirect free-kick", "position": "2633621", "team": "away", "visibility": "visible"}, {"gameTime": "2 - 44:01", "label": "Ball out of play", "position": "2641230", "team": "home", "visibility": "not shown"}, {"gameTime": "2 - 44:27", "label": "Clearance", "position": "2667131", "team": "not applicable", "visibility": "visible"}, {"gameTime": "2 - 44:40", "label": "Clearance", "position": "2680861", "team": "away", "visibility": "not shown"}], "gameAwayTeam": "Juventus", "gameDate": "20/09/2015 - 16:00", "gameHomeTeam": "Genoa", "gameScore": "0 - 2"}