{"UrlLocal": "italy_serie-a/2016-2017/2016-09-10 - 21-45 Palermo 0 - 3 Napoli/", "UrlYoutube": "", "annotations": [{"gameTime": "1 - 02:15", "label": "Kick-off", "position": "135686", "team": "not applicable", "visibility": "visible"}, {"gameTime": "1 - 02:20", "label": "Ball out of play", "position": "140084", "team": "home", "visibility": "not shown"}, {"gameTime": "1 - 02:42", "label": "Throw-in", "position": "162615", "team": "not applicable", "visibility": "visible"}, {"gameTime": "1 - 02:49", "label": "Ball out of play", "position": "169601", "team": "away", "visibility": "visible"}, {"gameTime": "1 - 03:13", "label": "Throw-in", "position": "193752", "team": "not applicable", "visibility": "visible"}, {"gameTime": "1 - 03:17", "label": "Ball out of play", "position": "197494", "team": "home", "visibility": "visible"}, {"gameTime": "1 - 05:07", "label": "Throw-in", "position": "307876", "team": "not applicable", "visibility": "visible"}, {"gameTime": "1 - 05:27", "label": "Ball out of play", "position": "327087", "team": "away", "visibility": "visible"}, {"gameTime": "1 - 05:49", "label": "Throw-in", "position": "349196", "team": "home", "visibility": "not shown"}, {"gameTime": "1 - 07:07", "label": "Foul", "position": "427964", "team": "away", "visibility": "visible"}, {"gameTime": "1 - 07:07", "label": "Shots on target", "position": "427964", "team": "away", "visibility": "visible"}, {"gameTime": "1 - 07:26", "label": "Direct free-kick", "position": "446518", "team": "not applicable", "visibility": "visible"}, {"gameTime": "1 - 08:31", "label": "Ball out of play", "position": "511341", "team": "not applicable", "visibility": "visible"}, {"gameTime": "1 - 08:38", "label": "Ball out of play", "position": "518943", "team": "home", "visibility": "not shown"}, {"gameTime": "1 - 10:16", "label": "Throw-in", "position": "616878", "team": "not applicable", "visibility": "visible"}, {"gameTime": "1 - 10:35", "label": "Ball out of play", "position": "635735", "team": "away", "visibility": "visible"}, {"gameTime": "1 - 10:48", "label": "Throw-in", "position": "648827", "team": "not applicable", "visibility": "visible"}, {"gameTime": "1 - 11:03", "label": "Ball out of play", "position": "663417", "team": "home", "visibility": "visible"}, {"gameTime": "1 - 11:08", "label": "Throw-in", "position": "668752", "team": "not applicable", "visibility": "visible"}, {"gameTime": "1 - 11:11", "label": "Ball out of play", "position": "671582", "team": "away", "visibility": "not shown"}, {"gameTime": "1 - 11:50", "label": "Throw-in", "position": "710336", "team": "away", "visibility": "visible"}, {"gameTime": "1 - 11:50", "label": "Shots off target", "position": "710858", "team": "not applicable", "visibility": "visible"}, {"gameTime": "1 - 12:16", "label": "Ball out of play", "position": "736161", "team": "home", "visibility": "visible"}, {"gameTime": "1 - 14:34", "label": "Clearance", "position": "874228", "team": "away", "visibility": "visible"}, {"gameTime": "1 - 14:35", "label": "Shots on target", "position": "875295", "team": "not applicable", "visibility": "not shown"}, {"gameTime": "1 - 15:10", "label": "Ball out of play", "position": "910742", "team": "away", "visibility": "visible"}, {"gameTime": "1 - 15:13", "label": "Corner", "position": "913003", "team": "away", "visibility": "visible"}, {"gameTime": "1 - 15:13", "label": "Shots off target", "position": "913443", "team": "not applicable", "visibility": "visible"}, {"gameTime": "1 - 15:36", "label": "Ball out of play", "position": "936674", "team": "home", "visibility": "visible"}, {"gameTime": "1 - 15:52", "label": "Clearance", "position": "952469", "team": "not applicable", "visibility": "visible"}, {"gameTime": "1 - 16:07", "label": "Ball out of play", "position": "967826", "team": "home", "visibility": "visible"}, {"gameTime": "1 - 16:14", "label": "Throw-in", "position": "974505", "team": "not applicable", "visibility": "visible"}, {"gameTime": "1 - 16:23", "label": "Ball out of play", "position": "983831", "team": "home", "visibility": "not shown"}, {"gameTime": "1 - 16:25", "label": "Throw-in", "position": "985923", "team": "not applicable", "visibility": "visible"}, {"gameTime": "1 - 16:29", "label": "Ball out of play", "position": "989304", "team": "home", "visibility": "visible"}, {"gameTime": "1 - 17:59", "label": "Throw-in", "position": "1079453", "team": "not applicable", "visibility": "visible"}, {"gameTime": "1 - 18:11", "label": "Ball out of play", "position": "1091189", "team": "away", "visibility": "visible"}, {"gameTime": "1 - 19:34", "label": "Throw-in", "position": "1174004", "team": "not applicable", "visibility": "visible"}, {"gameTime": "1 - 19:39", "label": "Ball out of play", "position": "1179647", "team": "away", "visibility": "visible"}, {"gameTime": "1 - 20:00", "label": "Throw-in", "position": "1200255", "team": "away", "visibility": "visible"}, {"gameTime": "1 - 22:29", "label": "Shots on target", "position": "1349878", "team": "away", "visibility": "visible"}, {"gameTime": "1 - 22:39", "label": "Foul", "position": "1359810", "team": "home", "visibility": "visible"}, {"gameTime": "1 - 22:59", "label": "Indirect free-kick", "position": "1379785", "team": "away", "visibility": "visible"}, {"gameTime": "1 - 23:07", "label": "Foul", "position": "1387254", "team": "home", "visibility": "not shown"}, {"gameTime": "1 - 23:37", "label": "Indirect free-kick", "position": "1417462", "team": "home", "visibility": "visible"}, {"gameTime": "1 - 23:56", "label": "Offside", "position": "1436425", "team": "away", "visibility": "not shown"}, {"gameTime": "1 - 25:38", "label": "Indirect free-kick", "position": "1538893", "team": "not applicable", "visibility": "visible"}, {"gameTime": "1 - 25:50", "label": "Ball out of play", "position": "1550454", "team": "away", "visibility": "visible"}, {"gameTime": "1 - 26:00", "label": "Throw-in", "position": "1560737", "team": "not applicable", "visibility": "visible"}, {"gameTime": "1 - 26:09", "label": "Ball out of play", "position": "1569097", "team": "home", "visibility": "visible"}, {"gameTime": "1 - 26:51", "label": "Throw-in", "position": "1611591", "team": "not applicable", "visibility": "visible"}, {"gameTime": "1 - 27:16", "label": "Ball out of play", "position": "1636160", "team": "away", "visibility": "visible"}, {"gameTime": "1 - 27:19", "label": "Throw-in", "position": "1639425", "team": "not applicable", "visibility": "visible"}, {"gameTime": "1 - 27:49", "label": "Ball out of play", "position": "1669269", "team": "away", "visibility": "visible"}, {"gameTime": "1 - 27:51", "label": "Throw-in", "position": "1671896", "team": "not applicable", "visibility": "visible"}, {"gameTime": "1 - 28:14", "label": "Ball out of play", "position": "1694253", "team": "home", "visibility": "visible"}, {"gameTime": "1 - 28:23", "label": "Clearance", "position": "1703250", "team": "not applicable", "visibility": "visible"}, {"gameTime": "1 - 28:26", "label": "Ball out of play", "position": "1706305", "team": "away", "visibility": "not shown"}, {"gameTime": "1 - 28:45", "label": "Throw-in", "position": "1725837", "team": "away", "visibility": "visible"}, {"gameTime": "1 - 29:05", "label": "Offside", "position": "1745447", "team": "home", "visibility": "visible"}, {"gameTime": "1 - 29:54", "label": "Indirect free-kick", "position": "1794110", "team": "away", "visibility": "visible"}, {"gameTime": "1 - 30:43", "label": "Foul", "position": "1843472", "team": "home", "visibility": "visible"}, {"gameTime": "1 - 31:01", "label": "Indirect free-kick", "position": "1861611", "team": "not applicable", "visibility": "visible"}, {"gameTime": "1 - 31:05", "label": "Ball out of play", "position": "1865287", "team": "home", "visibility": "visible"}, {"gameTime": "1 - 31:14", "label": "Throw-in", "position": "1874799", "team": "home", "visibility": "visible"}, {"gameTime": "1 - 31:50", "label": "Shots on target", "position": "1910313", "team": "not applicable", "visibility": "visible"}, {"gameTime": "1 - 32:08", "label": "Ball out of play", "position": "1928252", "team": "home", "visibility": "visible"}, {"gameTime": "1 - 32:44", "label": "Clearance", "position": "1964536", "team": "home", "visibility": "visible"}, {"gameTime": "1 - 33:02", "label": "Foul", "position": "1982463", "team": "away", "visibility": "visible"}, {"gameTime": "1 - 33:30", "label": "Indirect free-kick", "position": "2010727", "team": "not applicable", "visibility": "visible"}, {"gameTime": "1 - 33:56", "label": "Ball out of play", "position": "2036369", "team": "away", "visibility": "visible"}, {"gameTime": "1 - 34:27", "label": "Throw-in", "position": "2067661", "team": "home", "visibility": "visible"}, {"gameTime": "1 - 34:37", "label": "Foul", "position": "2077139", "team": "away", "visibility": "visible"}, {"gameTime": "1 - 34:44", "label": "Indirect free-kick", "position": "2084434", "team": "away", "visibility": "visible"}, {"gameTime": "1 - 35:00", "label": "Shots on target", "position": "2100043", "team": "home", "visibility": "visible"}, {"gameTime": "1 - 35:21", "label": "Foul", "position": "2121174", "team": "away", "visibility": "not shown"}, {"gameTime": "1 - 35:36", "label": "Indirect free-kick", "position": "2136372", "team": "away", "visibility": "visible"}, {"gameTime": "1 - 35:36", "label": "Shots off target", "position": "2136812", "team": "not applicable", "visibility": "visible"}, {"gameTime": "1 - 35:56", "label": "Ball out of play", "position": "2156303", "team": "home", "visibility": "not shown"}, {"gameTime": "1 - 39:07", "label": "Clearance", "position": "2347502", "team": "away", "visibility": "visible"}, {"gameTime": "1 - 39:08", "label": "Shots off target", "position": "2348514", "team": "not applicable", "visibility": "visible"}, {"gameTime": "1 - 39:30", "label": "Ball out of play", "position": "2370489", "team": "home", "visibility": "visible"}, {"gameTime": "1 - 39:42", "label": "Clearance", "position": "2382307", "team": "not applicable", "visibility": "visible"}, {"gameTime": "1 - 40:14", "label": "Ball out of play", "position": "2414052", "team": "away", "visibility": "visible"}, {"gameTime": "1 - 40:15", "label": "Corner", "position": "2415230", "team": "away", "visibility": "visible"}, {"gameTime": "1 - 40:16", "label": "Shots off target", "position": "2416046", "team": "not applicable", "visibility": "visible"}, {"gameTime": "1 - 40:36", "label": "Ball out of play", "position": "2436150", "team": "home", "visibility": "not shown"}, {"gameTime": "1 - 40:48", "label": "Clearance", "position": "2448525", "team": "home", "visibility": "visible"}, {"gameTime": "1 - 40:56", "label": "Foul", "position": "2456449", "team": "away", "visibility": "visible"}, {"gameTime": "1 - 41:23", "label": "Indirect free-kick", "position": "2483397", "team": "home", "visibility": "visible"}, {"gameTime": "1 - 41:52", "label": "Foul", "position": "2512574", "team": "away", "visibility": "visible"}, {"gameTime": "1 - 42:15", "label": "Indirect free-kick", "position": "2535161", "team": "away", "visibility": "visible"}, {"gameTime": "1 - 42:16", "label": "Shots off target", "position": "2536229", "team": "not applicable", "visibility": "visible"}, {"gameTime": "1 - 43:32", "label": "Ball out of play", "position": "2612558", "team": "away", "visibility": "visible"}, {"gameTime": "1 - 43:33", "label": "Shots off target", "position": "2613167", "team": "not applicable", "visibility": "visible"}, {"gameTime": "1 - 43:59", "label": "Ball out of play", "position": "2639957", "team": "home", "visibility": "visible"}, {"gameTime": "1 - 44:03", "label": "Clearance", "position": "2643342", "team": "not applicable", "visibility": "visible"}, {"gameTime": "1 - 44:09", "label": "Ball out of play", "position": "2649558", "team": "away", "visibility": "not shown"}, {"gameTime": "1 - 44:37", "label": "Throw-in", "position": "2677975", "team": "not applicable", "visibility": "visible"}, {"gameTime": "1 - 44:45", "label": "Ball out of play", "position": "2685436", "team": "away", "visibility": "not shown"}, {"gameTime": "2 - 00:08", "label": "Kick-off", "position": "8581", "team": "not applicable", "visibility": "visible"}, {"gameTime": "2 - 00:18", "label": "Ball out of play", "position": "18435", "team": "away", "visibility": "visible"}, {"gameTime": "2 - 00:33", "label": "Throw-in", "position": "33873", "team": "home", "visibility": "visible"}, {"gameTime": "2 - 00:44", "label": "Foul", "position": "44048", "team": "away", "visibility": "not shown"}, {"gameTime": "2 - 00:56", "label": "Indirect free-kick", "position": "56250", "team": "not applicable", "visibility": "visible"}, {"gameTime": "2 - 01:00", "label": "Ball out of play", "position": "60000", "team": "home", "visibility": "visible"}, {"gameTime": "2 - 01:13", "label": "Substitution", "position": "73889", "team": "home", "visibility": "visible"}, {"gameTime": "2 - 01:52", "label": "Throw-in", "position": "112000", "team": "away", "visibility": "visible"}, {"gameTime": "2 - 01:52", "label": "Goal", "position": "112290", "team": "away", "visibility": "visible"}, {"gameTime": "2 - 01:53", "label": "Shots on target", "position": "113025", "team": "away", "visibility": "visible"}, {"gameTime": "2 - 02:40", "label": "Goal", "position": "160155", "team": "home", "visibility": "not shown"}, {"gameTime": "2 - 04:04", "label": "Kick-off", "position": "244251", "team": "not applicable", "visibility": "visible"}, {"gameTime": "2 - 04:10", "label": "Ball out of play", "position": "250208", "team": "home", "visibility": "not shown"}, {"gameTime": "2 - 04:55", "label": "Throw-in", "position": "295982", "team": "not applicable", "visibility": "visible"}, {"gameTime": "2 - 05:08", "label": "Ball out of play", "position": "308162", "team": "home", "visibility": "visible"}, {"gameTime": "2 - 05:49", "label": "Clearance", "position": "349286", "team": "away", "visibility": "visible"}, {"gameTime": "2 - 05:49", "label": "Shots on target", "position": "349962", "team": "away", "visibility": "visible"}, {"gameTime": "2 - 06:38", "label": "Goal", "position": "398922", "team": "home", "visibility": "visible"}, {"gameTime": "2 - 08:43", "label": "Kick-off", "position": "523855", "team": "not applicable", "visibility": "visible"}, {"gameTime": "2 - 08:47", "label": "Ball out of play", "position": "527599", "team": "away", "visibility": "visible"}, {"gameTime": "2 - 10:24", "label": "Throw-in", "position": "624415", "team": "not applicable", "visibility": "visible"}, {"gameTime": "2 - 10:48", "label": "Ball out of play", "position": "648000", "team": "home", "visibility": "visible"}, {"gameTime": "2 - 11:16", "label": "Substitution", "position": "676789", "team": "away", "visibility": "not shown"}, {"gameTime": "2 - 12:13", "label": "Throw-in", "position": "733468", "team": "not applicable", "visibility": "visible"}, {"gameTime": "2 - 12:42", "label": "Ball out of play", "position": "762969", "team": "away", "visibility": "visible"}, {"gameTime": "2 - 13:03", "label": "Foul", "position": "783199", "team": "home", "visibility": "visible"}, {"gameTime": "2 - 13:29", "label": "Indirect free-kick", "position": "809411", "team": "not applicable", "visibility": "visible"}, {"gameTime": "2 - 13:31", "label": "Ball out of play", "position": "811823", "team": "home", "visibility": "visible"}, {"gameTime": "2 - 13:37", "label": "Throw-in", "position": "817540", "team": "not applicable", "visibility": "visible"}, {"gameTime": "2 - 13:43", "label": "Ball out of play", "position": "823946", "team": "home", "visibility": "visible"}, {"gameTime": "2 - 13:45", "label": "Throw-in", "position": "825585", "team": "not applicable", "visibility": "visible"}, {"gameTime": "2 - 14:08", "label": "Ball out of play", "position": "848298", "team": "home", "visibility": "visible"}, {"gameTime": "2 - 14:12", "label": "Corner", "position": "852038", "team": "not applicable", "visibility": "visible"}, {"gameTime": "2 - 14:40", "label": "Ball out of play", "position": "880868", "team": "home", "visibility": "visible"}, {"gameTime": "2 - 15:21", "label": "Corner", "position": "921564", "team": "home", "visibility": "visible"}, {"gameTime": "2 - 15:28", "label": "Foul", "position": "928345", "team": "away", "visibility": "not shown"}, {"gameTime": "2 - 15:40", "label": "Indirect free-kick", "position": "940344", "team": "not applicable", "visibility": "visible"}, {"gameTime": "2 - 15:49", "label": "Ball out of play", "position": "949243", "team": "home", "visibility": "not shown"}, {"gameTime": "2 - 16:07", "label": "Clearance", "position": "967760", "team": "not applicable", "visibility": "visible"}, {"gameTime": "2 - 16:16", "label": "Ball out of play", "position": "976027", "team": "home", "visibility": "visible"}, {"gameTime": "2 - 16:30", "label": "Throw-in", "position": "990512", "team": "not applicable", "visibility": "visible"}, {"gameTime": "2 - 16:33", "label": "Ball out of play", "position": "993716", "team": "home", "visibility": "visible"}, {"gameTime": "2 - 17:04", "label": "Throw-in", "position": "1024513", "team": "not applicable", "visibility": "visible"}, {"gameTime": "2 - 17:16", "label": "Ball out of play", "position": "1036867", "team": "away", "visibility": "visible"}, {"gameTime": "2 - 19:54", "label": "Throw-in", "position": "1194659", "team": "away", "visibility": "visible"}, {"gameTime": "2 - 19:55", "label": "Shots on target", "position": "1195216", "team": "away", "visibility": "visible"}, {"gameTime": "2 - 21:02", "label": "Goal", "position": "1262000", "team": "away", "visibility": "visible"}, {"gameTime": "2 - 21:11", "label": "Substitution", "position": "1271297", "team": "home", "visibility": "visible"}, {"gameTime": "2 - 21:29", "label": "Kick-off", "position": "1289880", "team": "away", "visibility": "visible"}, {"gameTime": "2 - 21:38", "label": "Foul", "position": "1298604", "team": "home", "visibility": "not shown"}, {"gameTime": "2 - 22:00", "label": "Indirect free-kick", "position": "1320539", "team": "home", "visibility": "visible"}, {"gameTime": "2 - 22:23", "label": "Offside", "position": "1343592", "team": "away", "visibility": "not shown"}, {"gameTime": "2 - 23:12", "label": "Indirect free-kick", "position": "1392652", "team": "away", "visibility": "visible"}, {"gameTime": "2 - 23:56", "label": "Foul", "position": "1436683", "team": "away", "visibility": "visible"}, {"gameTime": "2 - 24:03", "label": "Substitution", "position": "1443186", "team": "home", "visibility": "not shown"}, {"gameTime": "2 - 25:16", "label": "Indirect free-kick", "position": "1516235", "team": "not applicable", "visibility": "visible"}, {"gameTime": "2 - 25:19", "label": "Ball out of play", "position": "1519018", "team": "home", "visibility": "visible"}, {"gameTime": "2 - 26:40", "label": "Throw-in", "position": "1600731", "team": "home", "visibility": "visible"}, {"gameTime": "2 - 27:18", "label": "Foul", "position": "1638000", "team": "away", "visibility": "visible"}, {"gameTime": "2 - 27:56", "label": "Substitution", "position": "1676989", "team": "away", "visibility": "visible"}, {"gameTime": "2 - 27:58", "label": "Direct free-kick", "position": "1678922", "team": "away", "visibility": "visible"}, {"gameTime": "2 - 28:19", "label": "Shots on target", "position": "1699413", "team": "home", "visibility": "visible"}, {"gameTime": "2 - 28:33", "label": "Foul", "position": "1713501", "team": "away", "visibility": "visible"}, {"gameTime": "2 - 30:19", "label": "Indirect free-kick", "position": "1819920", "team": "not applicable", "visibility": "visible"}, {"gameTime": "2 - 30:26", "label": "Ball out of play", "position": "1826257", "team": "home", "visibility": "visible"}, {"gameTime": "2 - 30:40", "label": "Throw-in", "position": "1840814", "team": "not applicable", "visibility": "not shown"}, {"gameTime": "2 - 30:47", "label": "Ball out of play", "position": "1847802", "team": "home", "visibility": "not shown"}, {"gameTime": "2 - 31:24", "label": "Throw-in", "position": "1884685", "team": "home", "visibility": "visible"}, {"gameTime": "2 - 31:30", "label": "Offside", "position": "1890268", "team": "away", "visibility": "not shown"}, {"gameTime": "2 - 31:49", "label": "Indirect free-kick", "position": "1909050", "team": "away", "visibility": "visible"}, {"gameTime": "2 - 31:51", "label": "Shots off target", "position": "1911131", "team": "not applicable", "visibility": "visible"}, {"gameTime": "2 - 32:24", "label": "Ball out of play", "position": "1944817", "team": "away", "visibility": "visible"}, {"gameTime": "2 - 33:35", "label": "Corner", "position": "2015706", "team": "not applicable", "visibility": "visible"}, {"gameTime": "2 - 34:43", "label": "Ball out of play", "position": "2083573", "team": "home", "visibility": "visible"}, {"gameTime": "2 - 35:02", "label": "Throw-in", "position": "2102434", "team": "home", "visibility": "visible"}, {"gameTime": "2 - 35:07", "label": "Foul", "position": "2107722", "team": "away", "visibility": "not shown"}, {"gameTime": "2 - 37:54", "label": "Indirect free-kick", "position": "2274961", "team": "not applicable", "visibility": "visible"}, {"gameTime": "2 - 38:14", "label": "Ball out of play", "position": "2294000", "team": "home", "visibility": "visible"}, {"gameTime": "2 - 38:21", "label": "Substitution", "position": "2301795", "team": "away", "visibility": "visible"}, {"gameTime": "2 - 38:33", "label": "Throw-in", "position": "2313636", "team": "not applicable", "visibility": "visible"}, {"gameTime": "2 - 39:12", "label": "Ball out of play", "position": "2352242", "team": "away", "visibility": "visible"}, {"gameTime": "2 - 39:20", "label": "Corner", "position": "2360967", "team": "not applicable", "visibility": "visible"}, {"gameTime": "2 - 39:34", "label": "Ball out of play", "position": "2374645", "team": "home", "visibility": "not shown"}, {"gameTime": "2 - 41:48", "label": "Clearance", "position": "2508128", "team": "away", "visibility": "visible"}, {"gameTime": "2 - 42:13", "label": "Foul", "position": "2533992", "team": "home", "visibility": "not shown"}, {"gameTime": "2 - 42:21", "label": "Indirect free-kick", "position": "2541445", "team": "home", "visibility": "visible"}, {"gameTime": "2 - 42:46", "label": "Offside", "position": "2566883", "team": "away", "visibility": "not shown"}, {"gameTime": "2 - 43:38", "label": "Indirect free-kick", "position": "2618313", "team": "not applicable", "visibility": "visible"}, {"gameTime": "2 - 43:39", "label": "Ball out of play", "position": "2619857", "team": "away", "visibility": "visible"}], "gameAwayTeam": "Napoli", "gameDate": "10/09/2016 - 21:45", "gameHomeTeam": "Palermo", "gameScore": "0 - 3"}