{"UrlLocal": "england_epl/2015-2016/2015-09-26 - 17-00 Manchester United 3 - 0 Sunderland/", "UrlYoutube": "", "annotations": [{"gameTime": "1 - 00:02", "label": "Kick-off", "position": "2676", "team": "not applicable", "visibility": "visible"}, {"gameTime": "1 - 00:09", "label": "Ball out of play", "position": "9731", "team": "home", "visibility": "visible"}, {"gameTime": "1 - 00:35", "label": "Throw-in", "position": "35401", "team": "home", "visibility": "visible"}, {"gameTime": "1 - 00:42", "label": "Foul", "position": "42345", "team": "away", "visibility": "not shown"}, {"gameTime": "1 - 02:34", "label": "Indirect free-kick", "position": "154257", "team": "not applicable", "visibility": "visible"}, {"gameTime": "1 - 03:10", "label": "Ball out of play", "position": "190305", "team": "away", "visibility": "visible"}, {"gameTime": "1 - 03:56", "label": "Clearance", "position": "236217", "team": "not applicable", "visibility": "visible"}, {"gameTime": "1 - 04:02", "label": "Ball out of play", "position": "242081", "team": "home", "visibility": "not shown"}, {"gameTime": "1 - 05:35", "label": "Throw-in", "position": "335207", "team": "not applicable", "visibility": "visible"}, {"gameTime": "1 - 06:04", "label": "Ball out of play", "position": "364091", "team": "away", "visibility": "not shown"}, {"gameTime": "1 - 07:10", "label": "Clearance", "position": "430309", "team": "away", "visibility": "visible"}, {"gameTime": "1 - 07:53", "label": "Foul", "position": "473095", "team": "home", "visibility": "visible"}, {"gameTime": "1 - 07:56", "label": "Direct free-kick", "position": "476201", "team": "not applicable", "visibility": "visible"}, {"gameTime": "1 - 08:04", "label": "Ball out of play", "position": "484849", "team": "home", "visibility": "visible"}, {"gameTime": "1 - 08:08", "label": "Throw-in", "position": "488781", "team": "not applicable", "visibility": "visible"}, {"gameTime": "1 - 08:21", "label": "Ball out of play", "position": "501800", "team": "away", "visibility": "visible"}, {"gameTime": "1 - 08:24", "label": "Throw-in", "position": "504410", "team": "not applicable", "visibility": "visible"}, {"gameTime": "1 - 08:37", "label": "Ball out of play", "position": "517927", "team": "away", "visibility": "not shown"}, {"gameTime": "1 - 09:36", "label": "Throw-in", "position": "576990", "team": "home", "visibility": "visible"}, {"gameTime": "1 - 10:13", "label": "Foul", "position": "613754", "team": "away", "visibility": "visible"}, {"gameTime": "1 - 10:20", "label": "Direct free-kick", "position": "620273", "team": "away", "visibility": "visible"}, {"gameTime": "1 - 11:56", "label": "Shots on target", "position": "716942", "team": "away", "visibility": "visible"}, {"gameTime": "1 - 12:08", "label": "Foul", "position": "728743", "team": "home", "visibility": "not shown"}, {"gameTime": "1 - 13:28", "label": "Indirect free-kick", "position": "808664", "team": "away", "visibility": "visible"}, {"gameTime": "1 - 13:34", "label": "Foul", "position": "814546", "team": "home", "visibility": "not shown"}, {"gameTime": "1 - 13:39", "label": "Indirect free-kick", "position": "819874", "team": "home", "visibility": "visible"}, {"gameTime": "1 - 13:40", "label": "Shots on target", "position": "820874", "team": "not applicable", "visibility": "visible"}, {"gameTime": "1 - 14:15", "label": "Ball out of play", "position": "855868", "team": "home", "visibility": "visible"}, {"gameTime": "1 - 14:21", "label": "Corner", "position": "861709", "team": "not applicable", "visibility": "visible"}, {"gameTime": "1 - 14:51", "label": "Ball out of play", "position": "891347", "team": "away", "visibility": "not shown"}, {"gameTime": "1 - 15:00", "label": "Clearance", "position": "900464", "team": "away", "visibility": "visible"}, {"gameTime": "1 - 16:17", "label": "Foul", "position": "977103", "team": "home", "visibility": "visible"}, {"gameTime": "1 - 16:17", "label": "Direct free-kick", "position": "977103", "team": "home", "visibility": "visible"}, {"gameTime": "1 - 16:22", "label": "Shots on target", "position": "982112", "team": "not applicable", "visibility": "visible"}, {"gameTime": "1 - 16:33", "label": "Ball out of play", "position": "993889", "team": "home", "visibility": "visible"}, {"gameTime": "1 - 16:41", "label": "Throw-in", "position": "1001294", "team": "not applicable", "visibility": "visible"}, {"gameTime": "1 - 16:45", "label": "Ball out of play", "position": "1005607", "team": "home", "visibility": "not shown"}, {"gameTime": "1 - 17:14", "label": "Throw-in", "position": "1034229", "team": "not applicable", "visibility": "visible"}, {"gameTime": "1 - 17:33", "label": "Ball out of play", "position": "1053397", "team": "away", "visibility": "not shown"}, {"gameTime": "1 - 18:06", "label": "Throw-in", "position": "1086241", "team": "home", "visibility": "visible"}, {"gameTime": "1 - 19:50", "label": "Foul", "position": "1190819", "team": "away", "visibility": "visible"}, {"gameTime": "1 - 20:03", "label": "Indirect free-kick", "position": "1203081", "team": "not applicable", "visibility": "visible"}, {"gameTime": "1 - 20:13", "label": "Ball out of play", "position": "1213054", "team": "home", "visibility": "not shown"}, {"gameTime": "1 - 21:02", "label": "Throw-in", "position": "1262496", "team": "not applicable", "visibility": "visible"}, {"gameTime": "1 - 21:12", "label": "Ball out of play", "position": "1272206", "team": "home", "visibility": "not shown"}, {"gameTime": "1 - 22:13", "label": "Throw-in", "position": "1333257", "team": "home", "visibility": "visible"}, {"gameTime": "1 - 22:14", "label": "Shots off target", "position": "1334217", "team": "not applicable", "visibility": "visible"}, {"gameTime": "1 - 22:41", "label": "Ball out of play", "position": "1361292", "team": "away", "visibility": "not shown"}, {"gameTime": "1 - 23:13", "label": "Clearance", "position": "1393083", "team": "away", "visibility": "visible"}, {"gameTime": "1 - 24:49", "label": "Shots on target", "position": "1489629", "team": "home", "visibility": "visible"}, {"gameTime": "1 - 24:50", "label": "Shots on target", "position": "1490469", "team": "not applicable", "visibility": "visible"}, {"gameTime": "1 - 25:27", "label": "Ball out of play", "position": "1527013", "team": "home", "visibility": "visible"}, {"gameTime": "1 - 25:28", "label": "Corner", "position": "1528047", "team": "home", "visibility": "visible"}, {"gameTime": "1 - 25:28", "label": "Shots off target", "position": "1528527", "team": "not applicable", "visibility": "visible"}, {"gameTime": "1 - 26:04", "label": "Ball out of play", "position": "1564929", "team": "away", "visibility": "not shown"}, {"gameTime": "1 - 26:46", "label": "Clearance", "position": "1606573", "team": "away", "visibility": "visible"}, {"gameTime": "1 - 26:51", "label": "Foul", "position": "1611542", "team": "home", "visibility": "visible"}, {"gameTime": "1 - 27:55", "label": "Indirect free-kick", "position": "1675594", "team": "not applicable", "visibility": "visible"}, {"gameTime": "1 - 28:28", "label": "Ball out of play", "position": "1708196", "team": "away", "visibility": "visible"}, {"gameTime": "1 - 28:34", "label": "Clearance", "position": "1714738", "team": "away", "visibility": "visible"}, {"gameTime": "1 - 29:03", "label": "Foul", "position": "1743822", "team": "home", "visibility": "not shown"}, {"gameTime": "1 - 30:06", "label": "Indirect free-kick", "position": "1806800", "team": "not applicable", "visibility": "visible"}, {"gameTime": "1 - 30:36", "label": "Ball out of play", "position": "1836544", "team": "away", "visibility": "visible"}, {"gameTime": "1 - 31:04", "label": "Throw-in", "position": "1864647", "team": "not applicable", "visibility": "visible"}, {"gameTime": "1 - 31:36", "label": "Ball out of play", "position": "1896280", "team": "away", "visibility": "visible"}, {"gameTime": "1 - 34:00", "label": "Clearance", "position": "2040319", "team": "home", "visibility": "visible"}, {"gameTime": "1 - 34:48", "label": "Foul", "position": "2088920", "team": "away", "visibility": "visible"}, {"gameTime": "1 - 35:13", "label": "Direct free-kick", "position": "2113595", "team": "not applicable", "visibility": "visible"}, {"gameTime": "1 - 36:27", "label": "Ball out of play", "position": "2187329", "team": "home", "visibility": "visible"}, {"gameTime": "1 - 37:24", "label": "Throw-in", "position": "2244755", "team": "away", "visibility": "visible"}, {"gameTime": "1 - 37:30", "label": "Foul", "position": "2250800", "team": "away", "visibility": "visible"}, {"gameTime": "1 - 38:23", "label": "Yellow card", "position": "2303447", "team": "home", "visibility": "visible"}, {"gameTime": "1 - 38:23", "label": "Shots on target", "position": "2303461", "team": "home", "visibility": "visible"}, {"gameTime": "1 - 39:04", "label": "Direct free-kick", "position": "2344968", "team": "away", "visibility": "visible"}, {"gameTime": "1 - 39:08", "label": "Foul", "position": "2348860", "team": "home", "visibility": "not shown"}, {"gameTime": "1 - 39:38", "label": "Indirect free-kick", "position": "2378681", "team": "not applicable", "visibility": "visible"}, {"gameTime": "1 - 40:06", "label": "Ball out of play", "position": "2406302", "team": "home", "visibility": "visible"}, {"gameTime": "1 - 40:12", "label": "Corner", "position": "2412157", "team": "not applicable", "visibility": "visible"}, {"gameTime": "1 - 40:16", "label": "Ball out of play", "position": "2416653", "team": "home", "visibility": "visible"}, {"gameTime": "1 - 40:42", "label": "Throw-in", "position": "2442357", "team": "not applicable", "visibility": "visible"}, {"gameTime": "1 - 40:49", "label": "Ball out of play", "position": "2449038", "team": "home", "visibility": "visible"}, {"gameTime": "1 - 41:11", "label": "Throw-in", "position": "2471163", "team": "not applicable", "visibility": "visible"}, {"gameTime": "1 - 41:34", "label": "Ball out of play", "position": "2494586", "team": "away", "visibility": "visible"}, {"gameTime": "1 - 41:41", "label": "Throw-in", "position": "2501935", "team": "away", "visibility": "visible"}, {"gameTime": "1 - 41:51", "label": "Foul", "position": "2511823", "team": "home", "visibility": "not shown"}, {"gameTime": "1 - 42:10", "label": "Indirect free-kick", "position": "2530104", "team": "not applicable", "visibility": "visible"}, {"gameTime": "1 - 42:18", "label": "Ball out of play", "position": "2538009", "team": "home", "visibility": "visible"}, {"gameTime": "1 - 42:42", "label": "Throw-in", "position": "2562870", "team": "not applicable", "visibility": "visible"}, {"gameTime": "1 - 43:05", "label": "Ball out of play", "position": "2585692", "team": "away", "visibility": "visible"}, {"gameTime": "1 - 43:32", "label": "Throw-in", "position": "2612764", "team": "not applicable", "visibility": "visible"}, {"gameTime": "1 - 43:38", "label": "Ball out of play", "position": "2618597", "team": "home", "visibility": "visible"}, {"gameTime": "1 - 43:52", "label": "Throw-in", "position": "2632434", "team": "home", "visibility": "visible"}, {"gameTime": "1 - 44:46", "label": "Shots on target", "position": "2686995", "team": "away", "visibility": "visible"}, {"gameTime": "1 - 44:59", "label": "Foul", "position": "2699340", "team": "home", "visibility": "visible"}, {"gameTime": "1 - 45:50", "label": "Indirect free-kick", "position": "2750923", "team": "away", "visibility": "visible"}, {"gameTime": "1 - 46:13", "label": "Shots on target", "position": "2773317", "team": "home", "visibility": "visible"}, {"gameTime": "1 - 46:34", "label": "Foul", "position": "2794329", "team": "away", "visibility": "visible"}, {"gameTime": "1 - 48:08", "label": "Indirect free-kick", "position": "2888524", "team": "home", "visibility": "visible"}, {"gameTime": "1 - 48:08", "label": "Shots on target", "position": "2888646", "team": "home", "visibility": "visible"}, {"gameTime": "2 - 00:00", "label": "Substitution", "position": "5", "team": "home", "visibility": "visible"}, {"gameTime": "2 - 00:37", "label": "Kick-off", "position": "37240", "team": "home", "visibility": "visible"}, {"gameTime": "2 - 00:37", "label": "Shots on target", "position": "37880", "team": "home", "visibility": "visible"}, {"gameTime": "2 - 01:26", "label": "Goal", "position": "86356", "team": "away", "visibility": "not shown"}, {"gameTime": "2 - 01:38", "label": "Kick-off", "position": "98196", "team": "home", "visibility": "not shown"}, {"gameTime": "2 - 01:49", "label": "Foul", "position": "109727", "team": "away", "visibility": "not shown"}, {"gameTime": "2 - 01:56", "label": "Indirect free-kick", "position": "116686", "team": "home", "visibility": "visible"}, {"gameTime": "2 - 02:25", "label": "Foul", "position": "145392", "team": "away", "visibility": "not shown"}, {"gameTime": "2 - 02:27", "label": "Direct free-kick", "position": "147898", "team": "not applicable", "visibility": "visible"}, {"gameTime": "2 - 02:42", "label": "Ball out of play", "position": "162244", "team": "home", "visibility": "not shown"}, {"gameTime": "2 - 03:02", "label": "Clearance", "position": "182408", "team": "not applicable", "visibility": "visible"}, {"gameTime": "2 - 03:19", "label": "Ball out of play", "position": "199289", "team": "away", "visibility": "visible"}, {"gameTime": "2 - 03:40", "label": "Clearance", "position": "220151", "team": "away", "visibility": "visible"}, {"gameTime": "2 - 04:20", "label": "Shots off target", "position": "260782", "team": "away", "visibility": "visible"}, {"gameTime": "2 - 04:28", "label": "Foul", "position": "268104", "team": "away", "visibility": "visible"}, {"gameTime": "2 - 04:49", "label": "Yellow card", "position": "289444", "team": "home", "visibility": "not shown"}, {"gameTime": "2 - 05:17", "label": "Indirect free-kick", "position": "317210", "team": "not applicable", "visibility": "visible"}, {"gameTime": "2 - 05:32", "label": "Ball out of play", "position": "332629", "team": "away", "visibility": "visible"}, {"gameTime": "2 - 07:06", "label": "Throw-in", "position": "426048", "team": "home", "visibility": "visible"}, {"gameTime": "2 - 07:54", "label": "Foul", "position": "474730", "team": "away", "visibility": "visible"}, {"gameTime": "2 - 07:57", "label": "Direct free-kick", "position": "477851", "team": "away", "visibility": "visible"}, {"gameTime": "2 - 08:33", "label": "Shots on target", "position": "513637", "team": "home", "visibility": "visible"}, {"gameTime": "2 - 08:41", "label": "Foul", "position": "521842", "team": "away", "visibility": "not shown"}, {"gameTime": "2 - 08:52", "label": "Indirect free-kick", "position": "532893", "team": "not applicable", "visibility": "visible"}, {"gameTime": "2 - 09:15", "label": "Ball out of play", "position": "555508", "team": "away", "visibility": "visible"}, {"gameTime": "2 - 09:49", "label": "Corner", "position": "589717", "team": "not applicable", "visibility": "visible"}, {"gameTime": "2 - 10:07", "label": "Ball out of play", "position": "607857", "team": "away", "visibility": "visible"}, {"gameTime": "2 - 12:03", "label": "Corner", "position": "723761", "team": "not applicable", "visibility": "visible"}, {"gameTime": "2 - 12:14", "label": "Ball out of play", "position": "734467", "team": "home", "visibility": "visible"}, {"gameTime": "2 - 13:18", "label": "Throw-in", "position": "798463", "team": "not applicable", "visibility": "visible"}, {"gameTime": "2 - 13:54", "label": "Ball out of play", "position": "834052", "team": "away", "visibility": "visible"}, {"gameTime": "2 - 14:28", "label": "Clearance", "position": "868207", "team": "not applicable", "visibility": "visible"}, {"gameTime": "2 - 14:37", "label": "Ball out of play", "position": "877709", "team": "away", "visibility": "not shown"}, {"gameTime": "2 - 14:55", "label": "Clearance", "position": "895978", "team": "away", "visibility": "visible"}, {"gameTime": "2 - 15:16", "label": "Foul", "position": "916783", "team": "home", "visibility": "visible"}, {"gameTime": "2 - 15:59", "label": "Indirect free-kick", "position": "959804", "team": "away", "visibility": "visible"}, {"gameTime": "2 - 16:03", "label": "Shots on target", "position": "963531", "team": "not applicable", "visibility": "visible"}, {"gameTime": "2 - 16:18", "label": "Ball out of play", "position": "978862", "team": "away", "visibility": "not shown"}, {"gameTime": "2 - 17:00", "label": "Throw-in", "position": "1020974", "team": "not applicable", "visibility": "not shown"}, {"gameTime": "2 - 17:09", "label": "Ball out of play", "position": "1029841", "team": "home", "visibility": "visible"}, {"gameTime": "2 - 17:16", "label": "Throw-in", "position": "1036074", "team": "not applicable", "visibility": "visible"}, {"gameTime": "2 - 17:28", "label": "Ball out of play", "position": "1048054", "team": "home", "visibility": "not shown"}, {"gameTime": "2 - 21:47", "label": "Throw-in", "position": "1307551", "team": "home", "visibility": "visible"}, {"gameTime": "2 - 22:13", "label": "Shots on target", "position": "1333687", "team": "not applicable", "visibility": "not shown"}, {"gameTime": "2 - 22:34", "label": "Ball out of play", "position": "1354000", "team": "home", "visibility": "visible"}, {"gameTime": "2 - 23:02", "label": "Substitution", "position": "1382465", "team": "away", "visibility": "visible"}, {"gameTime": "2 - 24:07", "label": "Throw-in", "position": "1447667", "team": "home", "visibility": "visible"}, {"gameTime": "2 - 24:08", "label": "Shots off target", "position": "1448467", "team": "not applicable", "visibility": "visible"}, {"gameTime": "2 - 24:41", "label": "Ball out of play", "position": "1481680", "team": "away", "visibility": "visible"}, {"gameTime": "2 - 25:00", "label": "Substitution", "position": "1500396", "team": "away", "visibility": "visible"}, {"gameTime": "2 - 27:38", "label": "Clearance", "position": "1658402", "team": "not applicable", "visibility": "visible"}, {"gameTime": "2 - 28:04", "label": "Ball out of play", "position": "1684336", "team": "home", "visibility": "visible"}, {"gameTime": "2 - 28:23", "label": "Substitution", "position": "1703239", "team": "away", "visibility": "visible"}, {"gameTime": "2 - 28:50", "label": "Throw-in", "position": "1730256", "team": "home", "visibility": "visible"}, {"gameTime": "2 - 28:50", "label": "Shots off target", "position": "1730816", "team": "not applicable", "visibility": "visible"}, {"gameTime": "2 - 29:21", "label": "Ball out of play", "position": "1761792", "team": "away", "visibility": "visible"}, {"gameTime": "2 - 30:06", "label": "Clearance", "position": "1806728", "team": "not applicable", "visibility": "visible"}, {"gameTime": "2 - 30:09", "label": "Ball out of play", "position": "1809777", "team": "away", "visibility": "visible"}, {"gameTime": "2 - 31:02", "label": "Throw-in", "position": "1862127", "team": "not applicable", "visibility": "visible"}, {"gameTime": "2 - 31:32", "label": "Ball out of play", "position": "1892461", "team": "home", "visibility": "visible"}, {"gameTime": "2 - 31:43", "label": "Substitution", "position": "1903134", "team": "home", "visibility": "not shown"}, {"gameTime": "2 - 32:25", "label": "Throw-in", "position": "1945797", "team": "home", "visibility": "visible"}, {"gameTime": "2 - 32:26", "label": "Shots on target", "position": "1946637", "team": "not applicable", "visibility": "visible"}, {"gameTime": "2 - 33:07", "label": "Ball out of play", "position": "1987723", "team": "home", "visibility": "visible"}, {"gameTime": "2 - 33:39", "label": "Corner", "position": "2019422", "team": "not applicable", "visibility": "visible"}, {"gameTime": "2 - 33:51", "label": "Ball out of play", "position": "2031001", "team": "home", "visibility": "visible"}, {"gameTime": "2 - 35:16", "label": "Throw-in", "position": "2116790", "team": "not applicable", "visibility": "visible"}, {"gameTime": "2 - 35:49", "label": "Ball out of play", "position": "2149026", "team": "home", "visibility": "visible"}, {"gameTime": "2 - 36:11", "label": "Corner", "position": "2171257", "team": "away", "visibility": "visible"}, {"gameTime": "2 - 36:24", "label": "Foul", "position": "2184554", "team": "home", "visibility": "not shown"}, {"gameTime": "2 - 37:23", "label": "Indirect free-kick", "position": "2243180", "team": "not applicable", "visibility": "visible"}, {"gameTime": "2 - 37:49", "label": "Ball out of play", "position": "2269567", "team": "away", "visibility": "visible"}, {"gameTime": "2 - 38:40", "label": "Clearance", "position": "2320756", "team": "home", "visibility": "visible"}, {"gameTime": "2 - 38:51", "label": "Foul", "position": "2331874", "team": "away", "visibility": "not shown"}, {"gameTime": "2 - 39:05", "label": "Indirect free-kick", "position": "2345067", "team": "away", "visibility": "visible"}, {"gameTime": "2 - 39:10", "label": "Foul", "position": "2350843", "team": "away", "visibility": "visible"}, {"gameTime": "2 - 39:33", "label": "Yellow card", "position": "2373978", "team": "home", "visibility": "visible"}, {"gameTime": "2 - 39:53", "label": "Indirect free-kick", "position": "2393154", "team": "not applicable", "visibility": "visible"}, {"gameTime": "2 - 39:59", "label": "Ball out of play", "position": "2399600", "team": "home", "visibility": "visible"}, {"gameTime": "2 - 40:25", "label": "Throw-in", "position": "2425634", "team": "away", "visibility": "visible"}, {"gameTime": "2 - 40:36", "label": "Foul", "position": "2436281", "team": "home", "visibility": "visible"}, {"gameTime": "2 - 41:27", "label": "Indirect free-kick", "position": "2487657", "team": "away", "visibility": "visible"}, {"gameTime": "2 - 41:42", "label": "Foul", "position": "2502993", "team": "home", "visibility": "visible"}, {"gameTime": "2 - 42:19", "label": "Indirect free-kick", "position": "2539804", "team": "home", "visibility": "visible"}, {"gameTime": "2 - 42:42", "label": "Shots on target", "position": "2562489", "team": "home", "visibility": "visible"}, {"gameTime": "2 - 42:57", "label": "Foul", "position": "2577326", "team": "away", "visibility": "visible"}, {"gameTime": "2 - 43:18", "label": "Indirect free-kick", "position": "2598718", "team": "away", "visibility": "visible"}, {"gameTime": "2 - 43:19", "label": "Shots off target", "position": "2599798", "team": "not applicable", "visibility": "visible"}, {"gameTime": "2 - 43:36", "label": "Ball out of play", "position": "2616178", "team": "home", "visibility": "not shown"}, {"gameTime": "2 - 44:27", "label": "Clearance", "position": "2667626", "team": "home", "visibility": "visible"}, {"gameTime": "2 - 44:28", "label": "Shots on target", "position": "2668000", "team": "home", "visibility": "visible"}], "gameAwayTeam": "Sunderland", "gameDate": "26/09/2015 - 17:00", "gameHomeTeam": "Manchester United", "gameScore": "3 - 0"}