{"UrlLocal": "italy_serie-a/2016-2017/2016-12-17 - 20-00 AC Milan 0 - 0 Atalanta/", "UrlYoutube": "", "annotations": [{"gameTime": "1 - 00:38", "label": "Kick-off", "position": "38616", "team": "not applicable", "visibility": "visible"}, {"gameTime": "1 - 00:50", "label": "Ball out of play", "position": "50537", "team": "away", "visibility": "visible"}, {"gameTime": "1 - 02:16", "label": "Throw-in", "position": "136716", "team": "not applicable", "visibility": "visible"}, {"gameTime": "1 - 02:30", "label": "Ball out of play", "position": "150991", "team": "away", "visibility": "visible"}, {"gameTime": "1 - 02:45", "label": "Throw-in", "position": "165595", "team": "not applicable", "visibility": "visible"}, {"gameTime": "1 - 02:57", "label": "Ball out of play", "position": "177548", "team": "away", "visibility": "visible"}, {"gameTime": "1 - 03:04", "label": "Throw-in", "position": "184041", "team": "away", "visibility": "visible"}, {"gameTime": "1 - 03:05", "label": "Shots off target", "position": "185198", "team": "not applicable", "visibility": "visible"}, {"gameTime": "1 - 03:20", "label": "Ball out of play", "position": "200719", "team": "home", "visibility": "not shown"}, {"gameTime": "1 - 04:33", "label": "Clearance", "position": "273527", "team": "home", "visibility": "visible"}, {"gameTime": "1 - 05:06", "label": "Foul", "position": "306818", "team": "away", "visibility": "visible"}, {"gameTime": "1 - 05:25", "label": "Indirect free-kick", "position": "325709", "team": "not applicable", "visibility": "visible"}, {"gameTime": "1 - 05:36", "label": "Ball out of play", "position": "336433", "team": "home", "visibility": "visible"}, {"gameTime": "1 - 06:05", "label": "Throw-in", "position": "365004", "team": "away", "visibility": "visible"}, {"gameTime": "1 - 06:59", "label": "Foul", "position": "419483", "team": "home", "visibility": "visible"}, {"gameTime": "1 - 07:00", "label": "Direct free-kick", "position": "420841", "team": "home", "visibility": "visible"}, {"gameTime": "1 - 07:02", "label": "Shots off target", "position": "422857", "team": "not applicable", "visibility": "visible"}, {"gameTime": "1 - 07:29", "label": "Ball out of play", "position": "449912", "team": "away", "visibility": "not shown"}, {"gameTime": "1 - 08:45", "label": "Clearance", "position": "525331", "team": "away", "visibility": "visible"}, {"gameTime": "1 - 09:04", "label": "Foul", "position": "544917", "team": "home", "visibility": "not shown"}, {"gameTime": "1 - 09:12", "label": "Indirect free-kick", "position": "552701", "team": "away", "visibility": "visible"}, {"gameTime": "1 - 09:54", "label": "Foul", "position": "594665", "team": "home", "visibility": "visible"}, {"gameTime": "1 - 10:33", "label": "Indirect free-kick", "position": "633393", "team": "away", "visibility": "visible"}, {"gameTime": "1 - 11:08", "label": "Foul", "position": "668269", "team": "home", "visibility": "visible"}, {"gameTime": "1 - 11:28", "label": "Indirect free-kick", "position": "688352", "team": "home", "visibility": "visible"}, {"gameTime": "1 - 11:37", "label": "Foul", "position": "697155", "team": "away", "visibility": "not shown"}, {"gameTime": "1 - 12:12", "label": "Indirect free-kick", "position": "732617", "team": "away", "visibility": "visible"}, {"gameTime": "1 - 12:28", "label": "Foul", "position": "748632", "team": "home", "visibility": "not shown"}, {"gameTime": "1 - 12:35", "label": "Indirect free-kick", "position": "755540", "team": "not applicable", "visibility": "visible"}, {"gameTime": "1 - 12:59", "label": "Ball out of play", "position": "779395", "team": "home", "visibility": "visible"}, {"gameTime": "1 - 13:45", "label": "Corner", "position": "825546", "team": "home", "visibility": "visible"}, {"gameTime": "1 - 14:03", "label": "Offside", "position": "843696", "team": "away", "visibility": "not shown"}, {"gameTime": "1 - 14:08", "label": "Indirect free-kick", "position": "848564", "team": "not applicable", "visibility": "visible"}, {"gameTime": "1 - 14:23", "label": "Ball out of play", "position": "863169", "team": "away", "visibility": "visible"}, {"gameTime": "1 - 14:28", "label": "Throw-in", "position": "868050", "team": "home", "visibility": "visible"}, {"gameTime": "1 - 14:36", "label": "Foul", "position": "876456", "team": "away", "visibility": "not shown"}, {"gameTime": "1 - 15:44", "label": "Indirect free-kick", "position": "944404", "team": "not applicable", "visibility": "visible"}, {"gameTime": "1 - 15:59", "label": "Ball out of play", "position": "959282", "team": "home", "visibility": "visible"}, {"gameTime": "1 - 16:06", "label": "Throw-in", "position": "966091", "team": "away", "visibility": "visible"}, {"gameTime": "1 - 16:48", "label": "Foul", "position": "1008592", "team": "not applicable", "visibility": "visible"}, {"gameTime": "1 - 17:03", "label": "Ball out of play", "position": "1023699", "team": "away", "visibility": "visible"}, {"gameTime": "1 - 17:10", "label": "Throw-in", "position": "1030501", "team": "not applicable", "visibility": "visible"}, {"gameTime": "1 - 17:26", "label": "Ball out of play", "position": "1046061", "team": "away", "visibility": "visible"}, {"gameTime": "1 - 17:28", "label": "Throw-in", "position": "1048199", "team": "away", "visibility": "visible"}, {"gameTime": "1 - 17:31", "label": "Foul", "position": "1051161", "team": "home", "visibility": "visible"}, {"gameTime": "1 - 17:47", "label": "Indirect free-kick", "position": "1067406", "team": "home", "visibility": "visible"}, {"gameTime": "1 - 17:54", "label": "Foul", "position": "1074159", "team": "away", "visibility": "not shown"}, {"gameTime": "1 - 19:59", "label": "Indirect free-kick", "position": "1199500", "team": "not applicable", "visibility": "visible"}, {"gameTime": "1 - 20:03", "label": "Ball out of play", "position": "1203965", "team": "away", "visibility": "visible"}, {"gameTime": "1 - 20:19", "label": "Throw-in", "position": "1219207", "team": "away", "visibility": "visible"}, {"gameTime": "1 - 20:50", "label": "Shots on target", "position": "1250982", "team": "away", "visibility": "visible"}, {"gameTime": "1 - 21:10", "label": "Foul", "position": "1270883", "team": "home", "visibility": "not shown"}, {"gameTime": "1 - 21:37", "label": "Indirect free-kick", "position": "1297365", "team": "away", "visibility": "visible"}, {"gameTime": "1 - 22:15", "label": "Foul", "position": "1335336", "team": "home", "visibility": "visible"}, {"gameTime": "1 - 23:19", "label": "Indirect free-kick", "position": "1399863", "team": "not applicable", "visibility": "visible"}, {"gameTime": "1 - 23:30", "label": "Ball out of play", "position": "1410811", "team": "away", "visibility": "visible"}, {"gameTime": "1 - 24:19", "label": "Throw-in", "position": "1459255", "team": "away", "visibility": "visible"}, {"gameTime": "1 - 24:26", "label": "Foul", "position": "1466850", "team": "away", "visibility": "visible"}, {"gameTime": "1 - 25:01", "label": "Yellow card", "position": "1501788", "team": "home", "visibility": "visible"}, {"gameTime": "1 - 25:06", "label": "Indirect free-kick", "position": "1506118", "team": "away", "visibility": "visible"}, {"gameTime": "1 - 25:24", "label": "Foul", "position": "1524572", "team": "home", "visibility": "visible"}, {"gameTime": "1 - 25:32", "label": "Indirect free-kick", "position": "1532873", "team": "home", "visibility": "visible"}, {"gameTime": "1 - 25:35", "label": "Foul", "position": "1535880", "team": "home", "visibility": "visible"}, {"gameTime": "1 - 26:35", "label": "Yellow card", "position": "1595016", "team": "away", "visibility": "visible"}, {"gameTime": "1 - 26:42", "label": "Indirect free-kick", "position": "1602293", "team": "not applicable", "visibility": "visible"}, {"gameTime": "1 - 26:53", "label": "Ball out of play", "position": "1613832", "team": "home", "visibility": "visible"}, {"gameTime": "1 - 27:29", "label": "Throw-in", "position": "1649525", "team": "away", "visibility": "visible"}, {"gameTime": "1 - 27:31", "label": "Shots off target", "position": "1651141", "team": "not applicable", "visibility": "visible"}, {"gameTime": "1 - 28:00", "label": "Ball out of play", "position": "1680028", "team": "home", "visibility": "visible"}, {"gameTime": "1 - 28:02", "label": "Clearance", "position": "1682249", "team": "home", "visibility": "visible"}, {"gameTime": "1 - 28:23", "label": "Foul", "position": "1703904", "team": "away", "visibility": "visible"}, {"gameTime": "1 - 28:41", "label": "Indirect free-kick", "position": "1721880", "team": "not applicable", "visibility": "visible"}, {"gameTime": "1 - 28:47", "label": "Ball out of play", "position": "1727296", "team": "away", "visibility": "visible"}, {"gameTime": "1 - 29:16", "label": "Throw-in", "position": "1756795", "team": "away", "visibility": "visible"}, {"gameTime": "1 - 29:17", "label": "Shots off target", "position": "1757317", "team": "not applicable", "visibility": "visible"}, {"gameTime": "1 - 29:44", "label": "Ball out of play", "position": "1784267", "team": "home", "visibility": "visible"}, {"gameTime": "1 - 29:47", "label": "Clearance", "position": "1787223", "team": "away", "visibility": "visible"}, {"gameTime": "1 - 29:59", "label": "Foul", "position": "1799524", "team": "home", "visibility": "visible"}, {"gameTime": "1 - 30:32", "label": "Indirect free-kick", "position": "1832725", "team": "not applicable", "visibility": "visible"}, {"gameTime": "1 - 30:39", "label": "Ball out of play", "position": "1839097", "team": "away", "visibility": "visible"}, {"gameTime": "1 - 30:52", "label": "Throw-in", "position": "1852468", "team": "away", "visibility": "visible"}, {"gameTime": "1 - 31:16", "label": "Foul", "position": "1876096", "team": "home", "visibility": "visible"}, {"gameTime": "1 - 31:26", "label": "Indirect free-kick", "position": "1886693", "team": "home", "visibility": "visible"}, {"gameTime": "1 - 31:46", "label": "Foul", "position": "1906770", "team": "away", "visibility": "not shown"}, {"gameTime": "1 - 33:21", "label": "Indirect free-kick", "position": "2001595", "team": "away", "visibility": "visible"}, {"gameTime": "1 - 33:38", "label": "Foul", "position": "2018405", "team": "home", "visibility": "visible"}, {"gameTime": "1 - 35:05", "label": "Indirect free-kick", "position": "2105831", "team": "away", "visibility": "visible"}, {"gameTime": "1 - 35:09", "label": "Foul", "position": "2109720", "team": "away", "visibility": "visible"}, {"gameTime": "1 - 35:53", "label": "Yellow card", "position": "2153844", "team": "home", "visibility": "visible"}, {"gameTime": "1 - 35:56", "label": "Indirect free-kick", "position": "2156115", "team": "not applicable", "visibility": "visible"}, {"gameTime": "1 - 36:20", "label": "Ball out of play", "position": "2180149", "team": "away", "visibility": "visible"}, {"gameTime": "1 - 36:39", "label": "Clearance", "position": "2199006", "team": "home", "visibility": "visible"}, {"gameTime": "1 - 37:14", "label": "Foul", "position": "2234359", "team": "away", "visibility": "visible"}, {"gameTime": "1 - 38:17", "label": "Indirect free-kick", "position": "2297940", "team": "home", "visibility": "visible"}, {"gameTime": "1 - 38:56", "label": "Foul", "position": "2336544", "team": "away", "visibility": "visible"}, {"gameTime": "1 - 40:17", "label": "Indirect free-kick", "position": "2417638", "team": "home", "visibility": "visible"}, {"gameTime": "1 - 41:09", "label": "Foul", "position": "2469813", "team": "away", "visibility": "visible"}, {"gameTime": "1 - 41:24", "label": "Indirect free-kick", "position": "2484153", "team": "not applicable", "visibility": "visible"}, {"gameTime": "1 - 41:46", "label": "Ball out of play", "position": "2506002", "team": "home", "visibility": "visible"}, {"gameTime": "1 - 41:53", "label": "Throw-in", "position": "2513361", "team": "not applicable", "visibility": "visible"}, {"gameTime": "1 - 42:07", "label": "Ball out of play", "position": "2527552", "team": "away", "visibility": "visible"}, {"gameTime": "1 - 42:19", "label": "Throw-in", "position": "2539617", "team": "away", "visibility": "not shown"}, {"gameTime": "1 - 42:31", "label": "Foul", "position": "2551781", "team": "home", "visibility": "visible"}, {"gameTime": "1 - 42:43", "label": "Indirect free-kick", "position": "2563667", "team": "home", "visibility": "visible"}, {"gameTime": "1 - 42:48", "label": "Foul", "position": "2568534", "team": "away", "visibility": "visible"}, {"gameTime": "1 - 43:08", "label": "Indirect free-kick", "position": "2588817", "team": "away", "visibility": "visible"}, {"gameTime": "1 - 43:09", "label": "Shots off target", "position": "2589442", "team": "not applicable", "visibility": "visible"}, {"gameTime": "1 - 43:53", "label": "Ball out of play", "position": "2633065", "team": "home", "visibility": "visible"}, {"gameTime": "1 - 44:32", "label": "Clearance", "position": "2672860", "team": "home", "visibility": "visible"}, {"gameTime": "2 - 00:20", "label": "Kick-off", "position": "20058", "team": "away", "visibility": "visible"}, {"gameTime": "2 - 00:37", "label": "Shots on target", "position": "37899", "team": "away", "visibility": "not shown"}, {"gameTime": "2 - 00:45", "label": "Foul", "position": "45299", "team": "home", "visibility": "visible"}, {"gameTime": "2 - 01:18", "label": "Indirect free-kick", "position": "78257", "team": "not applicable", "visibility": "visible"}, {"gameTime": "2 - 01:39", "label": "Ball out of play", "position": "99504", "team": "home", "visibility": "not shown"}, {"gameTime": "2 - 01:45", "label": "Indirect free-kick", "position": "105763", "team": "away", "visibility": "visible"}, {"gameTime": "2 - 01:47", "label": "Shots off target", "position": "107361", "team": "not applicable", "visibility": "visible"}, {"gameTime": "2 - 02:00", "label": "Ball out of play", "position": "120884", "team": "home", "visibility": "visible"}, {"gameTime": "2 - 02:53", "label": "Clearance", "position": "173166", "team": "not applicable", "visibility": "visible"}, {"gameTime": "2 - 03:07", "label": "Ball out of play", "position": "187011", "team": "home", "visibility": "visible"}, {"gameTime": "2 - 03:14", "label": "Throw-in", "position": "194885", "team": "not applicable", "visibility": "visible"}, {"gameTime": "2 - 03:23", "label": "Ball out of play", "position": "203289", "team": "away", "visibility": "visible"}, {"gameTime": "2 - 03:30", "label": "Throw-in", "position": "210943", "team": "not applicable", "visibility": "visible"}, {"gameTime": "2 - 03:44", "label": "Ball out of play", "position": "224852", "team": "away", "visibility": "visible"}, {"gameTime": "2 - 03:50", "label": "Throw-in", "position": "230662", "team": "away", "visibility": "visible"}, {"gameTime": "2 - 04:15", "label": "Foul", "position": "255137", "team": "home", "visibility": "visible"}, {"gameTime": "2 - 04:25", "label": "Indirect free-kick", "position": "265828", "team": "home", "visibility": "visible"}, {"gameTime": "2 - 05:10", "label": "Shots on target", "position": "310023", "team": "home", "visibility": "visible"}, {"gameTime": "2 - 05:37", "label": "Foul", "position": "337646", "team": "away", "visibility": "visible"}, {"gameTime": "2 - 05:40", "label": "Indirect free-kick", "position": "340632", "team": "not applicable", "visibility": "visible"}, {"gameTime": "2 - 05:48", "label": "Ball out of play", "position": "348669", "team": "home", "visibility": "not shown"}, {"gameTime": "2 - 05:54", "label": "Clearance", "position": "354007", "team": "away", "visibility": "visible"}, {"gameTime": "2 - 06:10", "label": "Foul", "position": "370684", "team": "home", "visibility": "visible"}, {"gameTime": "2 - 06:56", "label": "Indirect free-kick", "position": "416969", "team": "away", "visibility": "visible"}, {"gameTime": "2 - 07:41", "label": "Shots on target", "position": "461583", "team": "home", "visibility": "visible"}, {"gameTime": "2 - 07:42", "label": "Shots off target", "position": "462362", "team": "not applicable", "visibility": "visible"}, {"gameTime": "2 - 08:09", "label": "Ball out of play", "position": "489573", "team": "away", "visibility": "visible"}, {"gameTime": "2 - 08:32", "label": "Clearance", "position": "512433", "team": "not applicable", "visibility": "visible"}, {"gameTime": "2 - 09:13", "label": "Ball out of play", "position": "553838", "team": "away", "visibility": "visible"}, {"gameTime": "2 - 09:35", "label": "Throw-in", "position": "575198", "team": "not applicable", "visibility": "visible"}, {"gameTime": "2 - 09:52", "label": "Ball out of play", "position": "592309", "team": "home", "visibility": "visible"}, {"gameTime": "2 - 09:56", "label": "Corner", "position": "596571", "team": "not applicable", "visibility": "visible"}, {"gameTime": "2 - 10:09", "label": "Ball out of play", "position": "609964", "team": "home", "visibility": "visible"}, {"gameTime": "2 - 10:36", "label": "Throw-in", "position": "636308", "team": "home", "visibility": "visible"}, {"gameTime": "2 - 10:37", "label": "Shots off target", "position": "637242", "team": "not applicable", "visibility": "visible"}, {"gameTime": "2 - 10:58", "label": "Ball out of play", "position": "658642", "team": "away", "visibility": "not shown"}, {"gameTime": "2 - 11:04", "label": "Clearance", "position": "664658", "team": "not applicable", "visibility": "visible"}, {"gameTime": "2 - 11:08", "label": "Ball out of play", "position": "668711", "team": "home", "visibility": "not shown"}, {"gameTime": "2 - 11:19", "label": "Throw-in", "position": "679055", "team": "home", "visibility": "visible"}, {"gameTime": "2 - 11:20", "label": "Shots off target", "position": "680285", "team": "not applicable", "visibility": "visible"}, {"gameTime": "2 - 11:43", "label": "Ball out of play", "position": "703416", "team": "away", "visibility": "not shown"}, {"gameTime": "2 - 12:00", "label": "Clearance", "position": "720711", "team": "not applicable", "visibility": "visible"}, {"gameTime": "2 - 12:24", "label": "Ball out of play", "position": "744999", "team": "away", "visibility": "visible"}, {"gameTime": "2 - 12:34", "label": "Substitution", "position": "754503", "team": "home", "visibility": "visible"}, {"gameTime": "2 - 12:50", "label": "Throw-in", "position": "770763", "team": "home", "visibility": "visible"}, {"gameTime": "2 - 12:52", "label": "Shots on target", "position": "772266", "team": "home", "visibility": "visible"}, {"gameTime": "2 - 13:22", "label": "Foul", "position": "802826", "team": "away", "visibility": "not shown"}, {"gameTime": "2 - 13:40", "label": "Indirect free-kick", "position": "820688", "team": "away", "visibility": "visible"}, {"gameTime": "2 - 13:45", "label": "Foul", "position": "825556", "team": "home", "visibility": "visible"}, {"gameTime": "2 - 14:00", "label": "Indirect free-kick", "position": "840745", "team": "home", "visibility": "visible"}, {"gameTime": "2 - 14:04", "label": "Foul", "position": "844036", "team": "away", "visibility": "visible"}, {"gameTime": "2 - 14:10", "label": "Indirect free-kick", "position": "850840", "team": "not applicable", "visibility": "visible"}, {"gameTime": "2 - 14:25", "label": "Ball out of play", "position": "865536", "team": "home", "visibility": "visible"}, {"gameTime": "2 - 14:54", "label": "Throw-in", "position": "894533", "team": "not applicable", "visibility": "visible"}, {"gameTime": "2 - 15:13", "label": "Ball out of play", "position": "913488", "team": "home", "visibility": "visible"}, {"gameTime": "2 - 15:17", "label": "Throw-in", "position": "917316", "team": "not applicable", "visibility": "not shown"}, {"gameTime": "2 - 15:25", "label": "Ball out of play", "position": "925524", "team": "home", "visibility": "visible"}, {"gameTime": "2 - 15:55", "label": "Throw-in", "position": "955916", "team": "not applicable", "visibility": "visible"}, {"gameTime": "2 - 16:27", "label": "Ball out of play", "position": "987101", "team": "away", "visibility": "not shown"}, {"gameTime": "2 - 17:25", "label": "Clearance", "position": "1045724", "team": "not applicable", "visibility": "visible"}, {"gameTime": "2 - 17:42", "label": "Ball out of play", "position": "1062631", "team": "away", "visibility": "visible"}, {"gameTime": "2 - 18:00", "label": "Clearance", "position": "1080933", "team": "home", "visibility": "visible"}, {"gameTime": "2 - 18:40", "label": "Foul", "position": "1120154", "team": "home", "visibility": "visible"}, {"gameTime": "2 - 18:49", "label": "Yellow card", "position": "1129109", "team": "away", "visibility": "visible"}, {"gameTime": "2 - 19:03", "label": "Substitution", "position": "1143610", "team": "away", "visibility": "visible"}, {"gameTime": "2 - 19:11", "label": "Indirect free-kick", "position": "1151477", "team": "away", "visibility": "visible"}, {"gameTime": "2 - 19:41", "label": "Foul", "position": "1181810", "team": "home", "visibility": "visible"}, {"gameTime": "2 - 20:06", "label": "Indirect free-kick", "position": "1206270", "team": "home", "visibility": "visible"}, {"gameTime": "2 - 20:31", "label": "Foul", "position": "1231213", "team": "away", "visibility": "visible"}, {"gameTime": "2 - 20:48", "label": "Indirect free-kick", "position": "1248739", "team": "away", "visibility": "visible"}, {"gameTime": "2 - 21:12", "label": "Shots on target", "position": "1272685", "team": "home", "visibility": "visible"}, {"gameTime": "2 - 21:26", "label": "Shots on target", "position": "1286008", "team": "home", "visibility": "visible"}, {"gameTime": "2 - 21:47", "label": "Foul", "position": "1307336", "team": "away", "visibility": "not shown"}, {"gameTime": "2 - 21:57", "label": "Indirect free-kick", "position": "1317653", "team": "home", "visibility": "visible"}, {"gameTime": "2 - 22:25", "label": "Offside", "position": "1345171", "team": "away", "visibility": "not shown"}, {"gameTime": "2 - 23:35", "label": "Indirect free-kick", "position": "1415620", "team": "home", "visibility": "visible"}, {"gameTime": "2 - 24:11", "label": "Foul", "position": "1451099", "team": "away", "visibility": "visible"}, {"gameTime": "2 - 24:35", "label": "Substitution", "position": "1475981", "team": "away", "visibility": "visible"}, {"gameTime": "2 - 24:36", "label": "Indirect free-kick", "position": "1476087", "team": "away", "visibility": "visible"}, {"gameTime": "2 - 25:00", "label": "Foul", "position": "1500701", "team": "home", "visibility": "not shown"}, {"gameTime": "2 - 25:31", "label": "Indirect free-kick", "position": "1531578", "team": "not applicable", "visibility": "visible"}, {"gameTime": "2 - 25:52", "label": "Ball out of play", "position": "1552484", "team": "home", "visibility": "visible"}, {"gameTime": "2 - 26:01", "label": "Substitution", "position": "1561782", "team": "away", "visibility": "visible"}, {"gameTime": "2 - 26:14", "label": "Throw-in", "position": "1574334", "team": "away", "visibility": "visible"}, {"gameTime": "2 - 26:15", "label": "Shots off target", "position": "1575555", "team": "not applicable", "visibility": "visible"}, {"gameTime": "2 - 26:36", "label": "Ball out of play", "position": "1596630", "team": "home", "visibility": "visible"}, {"gameTime": "2 - 27:24", "label": "Clearance", "position": "1644897", "team": "not applicable", "visibility": "visible"}, {"gameTime": "2 - 27:42", "label": "Ball out of play", "position": "1662663", "team": "home", "visibility": "visible"}, {"gameTime": "2 - 27:45", "label": "Corner", "position": "1665636", "team": "home", "visibility": "visible"}, {"gameTime": "2 - 28:20", "label": "Foul", "position": "1700600", "team": "home", "visibility": "visible"}, {"gameTime": "2 - 29:08", "label": "Yellow card", "position": "1748220", "team": "away", "visibility": "visible"}, {"gameTime": "2 - 29:44", "label": "Indirect free-kick", "position": "1784992", "team": "not applicable", "visibility": "visible"}, {"gameTime": "2 - 29:52", "label": "Ball out of play", "position": "1792963", "team": "home", "visibility": "visible"}, {"gameTime": "2 - 30:17", "label": "Corner", "position": "1817589", "team": "home", "visibility": "visible"}, {"gameTime": "2 - 30:47", "label": "Foul", "position": "1847308", "team": "away", "visibility": "not shown"}, {"gameTime": "2 - 31:21", "label": "Indirect free-kick", "position": "1881798", "team": "away", "visibility": "visible"}, {"gameTime": "2 - 31:56", "label": "Foul", "position": "1916322", "team": "home", "visibility": "visible"}, {"gameTime": "2 - 32:44", "label": "Indirect free-kick", "position": "1964017", "team": "home", "visibility": "visible"}, {"gameTime": "2 - 32:45", "label": "Shots off target", "position": "1965160", "team": "not applicable", "visibility": "not shown"}, {"gameTime": "2 - 33:10", "label": "Ball out of play", "position": "1990614", "team": "away", "visibility": "not shown"}, {"gameTime": "2 - 33:51", "label": "Clearance", "position": "2031078", "team": "away", "visibility": "visible"}, {"gameTime": "2 - 33:55", "label": "Foul", "position": "2035171", "team": "away", "visibility": "visible"}, {"gameTime": "2 - 34:44", "label": "Yellow card", "position": "2084944", "team": "home", "visibility": "visible"}, {"gameTime": "2 - 35:06", "label": "Direct free-kick", "position": "2106795", "team": "not applicable", "visibility": "visible"}, {"gameTime": "2 - 35:34", "label": "Ball out of play", "position": "2134597", "team": "away", "visibility": "visible"}, {"gameTime": "2 - 35:49", "label": "Corner", "position": "2149320", "team": "away", "visibility": "visible"}, {"gameTime": "2 - 35:50", "label": "Shots off target", "position": "2150813", "team": "not applicable", "visibility": "visible"}, {"gameTime": "2 - 36:05", "label": "Ball out of play", "position": "2165435", "team": "home", "visibility": "visible"}, {"gameTime": "2 - 36:17", "label": "Substitution", "position": "2177812", "team": "home", "visibility": "visible"}, {"gameTime": "2 - 36:23", "label": "Clearance", "position": "2183212", "team": "not applicable", "visibility": "visible"}, {"gameTime": "2 - 36:38", "label": "Ball out of play", "position": "2198347", "team": "home", "visibility": "visible"}, {"gameTime": "2 - 37:06", "label": "Throw-in", "position": "2226919", "team": "away", "visibility": "visible"}, {"gameTime": "2 - 37:08", "label": "Shots on target", "position": "2228274", "team": "not applicable", "visibility": "visible"}, {"gameTime": "2 - 37:34", "label": "Ball out of play", "position": "2254535", "team": "away", "visibility": "visible"}, {"gameTime": "2 - 37:52", "label": "Corner", "position": "2272950", "team": "home", "visibility": "visible"}, {"gameTime": "2 - 37:54", "label": "Shots off target", "position": "2274035", "team": "not applicable", "visibility": "visible"}, {"gameTime": "2 - 38:14", "label": "Ball out of play", "position": "2294348", "team": "home", "visibility": "visible"}, {"gameTime": "2 - 38:18", "label": "Corner", "position": "2298668", "team": "away", "visibility": "visible"}, {"gameTime": "2 - 39:19", "label": "Foul", "position": "2359122", "team": "home", "visibility": "visible"}, {"gameTime": "2 - 39:27", "label": "Direct free-kick", "position": "2367323", "team": "not applicable", "visibility": "visible"}, {"gameTime": "2 - 39:30", "label": "Ball out of play", "position": "2370315", "team": "away", "visibility": "visible"}, {"gameTime": "2 - 39:37", "label": "Throw-in", "position": "2377595", "team": "not applicable", "visibility": "visible"}, {"gameTime": "2 - 39:44", "label": "Ball out of play", "position": "2384684", "team": "away", "visibility": "visible"}, {"gameTime": "2 - 39:47", "label": "Throw-in", "position": "2387060", "team": "not applicable", "visibility": "visible"}, {"gameTime": "2 - 40:04", "label": "Ball out of play", "position": "2404178", "team": "home", "visibility": "visible"}, {"gameTime": "2 - 40:42", "label": "Throw-in", "position": "2442068", "team": "home", "visibility": "visible"}, {"gameTime": "2 - 40:47", "label": "Shots on target", "position": "2447685", "team": "away", "visibility": "visible"}, {"gameTime": "2 - 40:53", "label": "Foul", "position": "2453995", "team": "away", "visibility": "visible"}, {"gameTime": "2 - 41:14", "label": "Yellow card", "position": "2474048", "team": "home", "visibility": "visible"}, {"gameTime": "2 - 41:38", "label": "Substitution", "position": "2498807", "team": "home", "visibility": "visible"}, {"gameTime": "2 - 41:42", "label": "Indirect free-kick", "position": "2502504", "team": "away", "visibility": "visible"}, {"gameTime": "2 - 42:24", "label": "Foul", "position": "2544101", "team": "home", "visibility": "visible"}, {"gameTime": "2 - 42:29", "label": "Direct free-kick", "position": "2549266", "team": "not applicable", "visibility": "visible"}, {"gameTime": "2 - 42:37", "label": "Ball out of play", "position": "2557769", "team": "home", "visibility": "visible"}, {"gameTime": "2 - 42:39", "label": "Throw-in", "position": "2559614", "team": "not applicable", "visibility": "visible"}, {"gameTime": "2 - 42:53", "label": "Ball out of play", "position": "2573420", "team": "home", "visibility": "visible"}, {"gameTime": "2 - 42:58", "label": "Throw-in", "position": "2578382", "team": "home", "visibility": "visible"}, {"gameTime": "2 - 43:24", "label": "Foul", "position": "2604487", "team": "away", "visibility": "not shown"}, {"gameTime": "2 - 43:53", "label": "Indirect free-kick", "position": "2633959", "team": "not applicable", "visibility": "visible"}, {"gameTime": "2 - 44:07", "label": "Ball out of play", "position": "2647410", "team": "away", "visibility": "visible"}, {"gameTime": "2 - 44:30", "label": "Throw-in", "position": "2670388", "team": "away", "visibility": "visible"}, {"gameTime": "2 - 45:21", "label": "Foul", "position": "2721063", "team": "away", "visibility": "visible"}, {"gameTime": "2 - 45:35", "label": "Yellow card", "position": "2735733", "team": "home", "visibility": "visible"}, {"gameTime": "2 - 46:26", "label": "Indirect free-kick", "position": "2786655", "team": "not applicable", "visibility": "visible"}, {"gameTime": "2 - 46:58", "label": "Ball out of play", "position": "2818657", "team": "away", "visibility": "visible"}, {"gameTime": "2 - 47:06", "label": "Corner", "position": "2826441", "team": "not applicable", "visibility": "visible"}, {"gameTime": "2 - 47:10", "label": "Ball out of play", "position": "2830572", "team": "home", "visibility": "visible"}, {"gameTime": "2 - 47:28", "label": "Throw-in", "position": "2848780", "team": "home", "visibility": "visible"}, {"gameTime": "2 - 48:03", "label": "Foul", "position": "2883932", "team": "away", "visibility": "not shown"}, {"gameTime": "2 - 48:48", "label": "Yellow card", "position": "2928677", "team": "away", "visibility": "visible"}, {"gameTime": "2 - 49:02", "label": "Indirect free-kick", "position": "2942575", "team": "away", "visibility": "visible"}, {"gameTime": "2 - 49:16", "label": "Foul", "position": "2956459", "team": "home", "visibility": "visible"}], "gameAwayTeam": "Atalanta", "gameDate": "17/12/2016 - 20:00", "gameHomeTeam": "AC Milan", "gameScore": "0 - 0"}