{"UrlLocal": "italy_serie-a/2015-2016/2015-09-20 - 13-30 Chievo 0 - 1 Inter/", "UrlYoutube": "", "annotations": [{"gameTime": "1 - 00:00", "label": "Ball out of play", "position": "0", "team": "home", "visibility": "visible"}, {"gameTime": "1 - 01:41", "label": "Throw-in", "position": "101482", "team": "not applicable", "visibility": "visible"}, {"gameTime": "1 - 01:48", "label": "Shots on target", "position": "108163", "team": "home", "visibility": "not shown"}, {"gameTime": "1 - 01:59", "label": "Ball out of play", "position": "119934", "team": "home", "visibility": "visible"}, {"gameTime": "1 - 03:12", "label": "Clearance", "position": "192492", "team": "not applicable", "visibility": "visible"}, {"gameTime": "1 - 03:36", "label": "Shots on target", "position": "216512", "team": "home", "visibility": "visible"}, {"gameTime": "1 - 03:53", "label": "Ball out of play", "position": "233430", "team": "away", "visibility": "visible"}, {"gameTime": "1 - 04:47", "label": "Throw-in", "position": "287029", "team": "not applicable", "visibility": "visible"}, {"gameTime": "1 - 04:51", "label": "Ball out of play", "position": "291072", "team": "away", "visibility": "not shown"}, {"gameTime": "1 - 05:24", "label": "Throw-in", "position": "324851", "team": "not applicable", "visibility": "visible"}, {"gameTime": "1 - 05:30", "label": "Foul", "position": "330120", "team": "away", "visibility": "visible"}, {"gameTime": "1 - 05:58", "label": "Direct free-kick", "position": "358618", "team": "away", "visibility": "visible"}, {"gameTime": "1 - 06:33", "label": "Ball out of play", "position": "393298", "team": "home", "visibility": "visible"}, {"gameTime": "1 - 06:36", "label": "Corner", "position": "396441", "team": "not applicable", "visibility": "visible"}, {"gameTime": "1 - 07:11", "label": "Shots off target", "position": "431350", "team": "home", "visibility": "visible"}, {"gameTime": "1 - 07:19", "label": "Offside", "position": "439925", "team": "home", "visibility": "visible"}, {"gameTime": "1 - 07:23", "label": "Indirect free-kick", "position": "443346", "team": "home", "visibility": "visible"}, {"gameTime": "1 - 07:35", "label": "Ball out of play", "position": "455678", "team": "away", "visibility": "not shown"}, {"gameTime": "1 - 08:19", "label": "Throw-in", "position": "499820", "team": "not applicable", "visibility": "visible"}, {"gameTime": "1 - 08:23", "label": "Foul", "position": "503853", "team": "away", "visibility": "not shown"}, {"gameTime": "1 - 08:52", "label": "Shots on target", "position": "532227", "team": "away", "visibility": "visible"}, {"gameTime": "1 - 10:08", "label": "Direct free-kick", "position": "608841", "team": "home", "visibility": "visible"}, {"gameTime": "1 - 10:08", "label": "Foul", "position": "608841", "team": "home", "visibility": "visible"}, {"gameTime": "1 - 10:13", "label": "Indirect free-kick", "position": "613309", "team": "home", "visibility": "visible"}, {"gameTime": "1 - 10:26", "label": "Offside", "position": "626099", "team": "away", "visibility": "not shown"}, {"gameTime": "1 - 10:42", "label": "Indirect free-kick", "position": "642862", "team": "home", "visibility": "visible"}, {"gameTime": "1 - 10:47", "label": "Shots off target", "position": "647495", "team": "away", "visibility": "not shown"}, {"gameTime": "1 - 12:00", "label": "Ball out of play", "position": "720167", "team": "away", "visibility": "visible"}, {"gameTime": "1 - 12:01", "label": "Clearance", "position": "721389", "team": "not applicable", "visibility": "visible"}, {"gameTime": "1 - 12:25", "label": "Ball out of play", "position": "745928", "team": "home", "visibility": "visible"}, {"gameTime": "1 - 12:33", "label": "Ball out of play", "position": "753611", "team": "not applicable", "visibility": "visible"}, {"gameTime": "1 - 12:48", "label": "Throw-in", "position": "768308", "team": "not applicable", "visibility": "visible"}, {"gameTime": "1 - 12:54", "label": "Throw-in", "position": "774846", "team": "home", "visibility": "visible"}, {"gameTime": "1 - 12:55", "label": "Ball out of play", "position": "775042", "team": "away", "visibility": "not shown"}, {"gameTime": "1 - 13:27", "label": "Throw-in", "position": "807394", "team": "not applicable", "visibility": "visible"}, {"gameTime": "1 - 13:34", "label": "Foul", "position": "814082", "team": "away", "visibility": "visible"}, {"gameTime": "1 - 15:45", "label": "Indirect free-kick", "position": "945955", "team": "home", "visibility": "visible"}, {"gameTime": "1 - 16:00", "label": "Shots off target", "position": "960103", "team": "away", "visibility": "not shown"}, {"gameTime": "1 - 16:45", "label": "Ball out of play", "position": "1005895", "team": "home", "visibility": "visible"}, {"gameTime": "1 - 16:47", "label": "Corner", "position": "1007327", "team": "not applicable", "visibility": "visible"}, {"gameTime": "1 - 17:32", "label": "Ball out of play", "position": "1052521", "team": "home", "visibility": "visible"}, {"gameTime": "1 - 17:37", "label": "Corner", "position": "1057998", "team": "not applicable", "visibility": "visible"}, {"gameTime": "1 - 18:13", "label": "Shots off target", "position": "1093254", "team": "home", "visibility": "visible"}, {"gameTime": "1 - 18:14", "label": "Ball out of play", "position": "1094574", "team": "home", "visibility": "visible"}, {"gameTime": "1 - 18:14", "label": "Clearance", "position": "1094854", "team": "not applicable", "visibility": "visible"}, {"gameTime": "1 - 18:40", "label": "Ball out of play", "position": "1120044", "team": "away", "visibility": "visible"}, {"gameTime": "1 - 18:59", "label": "Corner", "position": "1139450", "team": "not applicable", "visibility": "visible"}, {"gameTime": "1 - 19:32", "label": "Ball out of play", "position": "1172897", "team": "away", "visibility": "visible"}, {"gameTime": "1 - 19:41", "label": "Throw-in", "position": "1181794", "team": "not applicable", "visibility": "visible"}, {"gameTime": "1 - 19:55", "label": "Ball out of play", "position": "1195705", "team": "away", "visibility": "visible"}, {"gameTime": "1 - 20:19", "label": "Throw-in", "position": "1219536", "team": "not applicable", "visibility": "visible"}, {"gameTime": "1 - 20:30", "label": "Shots off target", "position": "1230907", "team": "away", "visibility": "visible"}, {"gameTime": "1 - 22:13", "label": "Ball out of play", "position": "1333671", "team": "away", "visibility": "visible"}, {"gameTime": "1 - 22:16", "label": "Corner", "position": "1336954", "team": "not applicable", "visibility": "visible"}, {"gameTime": "1 - 22:45", "label": "Shots on target", "position": "1365865", "team": "away", "visibility": "visible"}, {"gameTime": "1 - 22:58", "label": "Ball out of play", "position": "1378384", "team": "away", "visibility": "visible"}, {"gameTime": "1 - 23:54", "label": "Throw-in", "position": "1434190", "team": "not applicable", "visibility": "visible"}, {"gameTime": "1 - 24:19", "label": "Shots off target", "position": "1459641", "team": "away", "visibility": "visible"}, {"gameTime": "1 - 24:55", "label": "Ball out of play", "position": "1495226", "team": "away", "visibility": "visible"}, {"gameTime": "1 - 24:56", "label": "Clearance", "position": "1496544", "team": "not applicable", "visibility": "visible"}, {"gameTime": "1 - 25:21", "label": "Foul", "position": "1521113", "team": "home", "visibility": "visible"}, {"gameTime": "1 - 25:37", "label": "Indirect free-kick", "position": "1537647", "team": "home", "visibility": "visible"}, {"gameTime": "1 - 25:45", "label": "Foul", "position": "1545889", "team": "away", "visibility": "not shown"}, {"gameTime": "1 - 26:45", "label": "Yellow card", "position": "1605485", "team": "away", "visibility": "visible"}, {"gameTime": "1 - 26:51", "label": "Indirect free-kick", "position": "1611919", "team": "away", "visibility": "visible"}, {"gameTime": "1 - 27:38", "label": "Foul", "position": "1658973", "team": "home", "visibility": "visible"}, {"gameTime": "1 - 27:51", "label": "Direct free-kick", "position": "1671933", "team": "away", "visibility": "visible"}, {"gameTime": "1 - 28:55", "label": "Ball out of play", "position": "1735378", "team": "home", "visibility": "visible"}, {"gameTime": "1 - 29:38", "label": "Throw-in", "position": "1778428", "team": "not applicable", "visibility": "visible"}, {"gameTime": "1 - 29:59", "label": "Ball out of play", "position": "1799443", "team": "home", "visibility": "visible"}, {"gameTime": "1 - 30:06", "label": "Throw-in", "position": "1806193", "team": "not applicable", "visibility": "visible"}, {"gameTime": "1 - 30:11", "label": "Foul", "position": "1811426", "team": "home", "visibility": "not shown"}, {"gameTime": "1 - 30:48", "label": "Direct free-kick", "position": "1848627", "team": "away", "visibility": "visible"}, {"gameTime": "1 - 32:13", "label": "Shots off target", "position": "1933569", "team": "home", "visibility": "visible"}, {"gameTime": "1 - 32:13", "label": "Ball out of play", "position": "1933569", "team": "home", "visibility": "visible"}, {"gameTime": "1 - 32:14", "label": "Clearance", "position": "1934457", "team": "not applicable", "visibility": "visible"}, {"gameTime": "1 - 32:45", "label": "Ball out of play", "position": "1965663", "team": "away", "visibility": "visible"}, {"gameTime": "1 - 33:13", "label": "Throw-in", "position": "1993385", "team": "not applicable", "visibility": "visible"}, {"gameTime": "1 - 33:22", "label": "Ball out of play", "position": "2002499", "team": "away", "visibility": "visible"}, {"gameTime": "1 - 34:11", "label": "Corner", "position": "2051033", "team": "not applicable", "visibility": "visible"}, {"gameTime": "1 - 34:48", "label": "Shots off target", "position": "2088669", "team": "home", "visibility": "not shown"}, {"gameTime": "1 - 34:55", "label": "Ball out of play", "position": "2095057", "team": "home", "visibility": "visible"}, {"gameTime": "1 - 35:17", "label": "Throw-in", "position": "2117481", "team": "not applicable", "visibility": "visible"}, {"gameTime": "1 - 35:29", "label": "Foul", "position": "2129669", "team": "away", "visibility": "visible"}, {"gameTime": "1 - 36:05", "label": "Yellow card", "position": "2165741", "team": "home", "visibility": "visible"}, {"gameTime": "1 - 36:15", "label": "Indirect free-kick", "position": "2175790", "team": "home", "visibility": "visible"}, {"gameTime": "1 - 36:40", "label": "Ball out of play", "position": "2200325", "team": "away", "visibility": "visible"}, {"gameTime": "1 - 36:47", "label": "Throw-in", "position": "2207480", "team": "not applicable", "visibility": "visible"}, {"gameTime": "1 - 37:02", "label": "Shots on target", "position": "2222278", "team": "away", "visibility": "visible"}, {"gameTime": "1 - 37:05", "label": "Ball out of play", "position": "2225572", "team": "away", "visibility": "visible"}, {"gameTime": "1 - 37:24", "label": "Throw-in", "position": "2244010", "team": "not applicable", "visibility": "visible"}, {"gameTime": "1 - 37:33", "label": "Foul", "position": "2253219", "team": "away", "visibility": "not shown"}, {"gameTime": "1 - 38:00", "label": "Direct free-kick", "position": "2280135", "team": "away", "visibility": "visible"}, {"gameTime": "1 - 38:49", "label": "Ball out of play", "position": "2329625", "team": "home", "visibility": "visible"}, {"gameTime": "1 - 39:13", "label": "Foul", "position": "2353453", "team": "not applicable", "visibility": "visible"}, {"gameTime": "1 - 39:13", "label": "Yellow card", "position": "2353622", "team": "home", "visibility": "visible"}, {"gameTime": "1 - 39:25", "label": "Clearance", "position": "2365937", "team": "home", "visibility": "visible"}, {"gameTime": "1 - 40:13", "label": "Ball out of play", "position": "2413516", "team": "away", "visibility": "visible"}, {"gameTime": "1 - 40:19", "label": "Throw-in", "position": "2419107", "team": "not applicable", "visibility": "visible"}, {"gameTime": "1 - 40:51", "label": "Ball out of play", "position": "2451644", "team": "away", "visibility": "visible"}, {"gameTime": "1 - 40:55", "label": "Throw-in", "position": "2455079", "team": "not applicable", "visibility": "visible"}, {"gameTime": "1 - 40:57", "label": "Shots on target", "position": "2457159", "team": "away", "visibility": "visible"}, {"gameTime": "1 - 41:03", "label": "Goal", "position": "2463548", "team": "away", "visibility": "visible"}, {"gameTime": "1 - 41:04", "label": "Kick-off", "position": "2464283", "team": "away", "visibility": "visible"}, {"gameTime": "1 - 42:02", "label": "Shots on target", "position": "2522573", "team": "home", "visibility": "not shown"}, {"gameTime": "1 - 42:13", "label": "Shots off target", "position": "2533120", "team": "home", "visibility": "visible"}, {"gameTime": "1 - 42:20", "label": "Ball out of play", "position": "2540581", "team": "home", "visibility": "visible"}, {"gameTime": "1 - 42:21", "label": "Clearance", "position": "2541812", "team": "not applicable", "visibility": "visible"}, {"gameTime": "1 - 42:53", "label": "Ball out of play", "position": "2573242", "team": "away", "visibility": "not shown"}, {"gameTime": "1 - 43:48", "label": "Corner", "position": "2628903", "team": "not applicable", "visibility": "visible"}, {"gameTime": "1 - 44:14", "label": "Shots on target", "position": "2654658", "team": "away", "visibility": "visible"}, {"gameTime": "1 - 44:27", "label": "Shots on target", "position": "2667524", "team": "away", "visibility": "visible"}, {"gameTime": "2 - 00:00", "label": "Foul", "position": "24", "team": "away", "visibility": "not shown"}, {"gameTime": "2 - 00:10", "label": "Direct free-kick", "position": "10218", "team": "home", "visibility": "visible"}, {"gameTime": "2 - 01:02", "label": "Ball out of play", "position": "62478", "team": "away", "visibility": "visible"}, {"gameTime": "2 - 01:12", "label": "Throw-in", "position": "72527", "team": "not applicable", "visibility": "visible"}, {"gameTime": "2 - 01:16", "label": "Foul", "position": "76687", "team": "home", "visibility": "visible"}, {"gameTime": "2 - 01:22", "label": "Indirect free-kick", "position": "82673", "team": "away", "visibility": "visible"}, {"gameTime": "2 - 01:26", "label": "Ball out of play", "position": "86159", "team": "home", "visibility": "visible"}, {"gameTime": "2 - 01:48", "label": "Corner", "position": "108513", "team": "not applicable", "visibility": "visible"}, {"gameTime": "2 - 02:19", "label": "Ball out of play", "position": "139431", "team": "away", "visibility": "visible"}, {"gameTime": "2 - 02:20", "label": "Corner", "position": "140056", "team": "not applicable", "visibility": "visible"}, {"gameTime": "2 - 02:35", "label": "Ball out of play", "position": "155703", "team": "away", "visibility": "visible"}, {"gameTime": "2 - 02:41", "label": "Corner", "position": "161530", "team": "not applicable", "visibility": "visible"}, {"gameTime": "2 - 03:13", "label": "Ball out of play", "position": "193299", "team": "away", "visibility": "visible"}, {"gameTime": "2 - 03:16", "label": "Clearance", "position": "196759", "team": "not applicable", "visibility": "visible"}, {"gameTime": "2 - 03:41", "label": "Foul", "position": "221637", "team": "home", "visibility": "visible"}, {"gameTime": "2 - 03:45", "label": "Indirect free-kick", "position": "225214", "team": "away", "visibility": "visible"}, {"gameTime": "2 - 03:59", "label": "Ball out of play", "position": "239562", "team": "home", "visibility": "visible"}, {"gameTime": "2 - 04:21", "label": "Throw-in", "position": "261865", "team": "not applicable", "visibility": "visible"}, {"gameTime": "2 - 04:33", "label": "Shots off target", "position": "273495", "team": "home", "visibility": "visible"}, {"gameTime": "2 - 04:42", "label": "Ball out of play", "position": "282872", "team": "home", "visibility": "visible"}, {"gameTime": "2 - 04:43", "label": "Clearance", "position": "283485", "team": "not applicable", "visibility": "visible"}, {"gameTime": "2 - 05:14", "label": "Ball out of play", "position": "314281", "team": "away", "visibility": "visible"}, {"gameTime": "2 - 05:32", "label": "Throw-in", "position": "332817", "team": "not applicable", "visibility": "visible"}, {"gameTime": "2 - 05:46", "label": "Foul", "position": "346602", "team": "home", "visibility": "visible"}, {"gameTime": "2 - 06:58", "label": "Shots off target", "position": "418571", "team": "home", "visibility": "visible"}, {"gameTime": "2 - 08:08", "label": "Direct free-kick", "position": "488204", "team": "away", "visibility": "visible"}, {"gameTime": "2 - 08:08", "label": "Clearance", "position": "488204", "team": "away", "visibility": "visible"}, {"gameTime": "2 - 08:26", "label": "Ball out of play", "position": "506975", "team": "home", "visibility": "visible"}, {"gameTime": "2 - 08:31", "label": "Throw-in", "position": "511150", "team": "not applicable", "visibility": "visible"}, {"gameTime": "2 - 08:35", "label": "Shots off target", "position": "515670", "team": "home", "visibility": "not shown"}, {"gameTime": "2 - 09:21", "label": "Ball out of play", "position": "561104", "team": "home", "visibility": "visible"}, {"gameTime": "2 - 09:21", "label": "Clearance", "position": "561311", "team": "not applicable", "visibility": "visible"}, {"gameTime": "2 - 09:55", "label": "Ball out of play", "position": "595024", "team": "away", "visibility": "visible"}, {"gameTime": "2 - 10:02", "label": "Throw-in", "position": "602399", "team": "not applicable", "visibility": "visible"}, {"gameTime": "2 - 10:14", "label": "Ball out of play", "position": "614245", "team": "away", "visibility": "visible"}, {"gameTime": "2 - 10:17", "label": "Throw-in", "position": "617264", "team": "not applicable", "visibility": "visible"}, {"gameTime": "2 - 10:43", "label": "Ball out of play", "position": "643922", "team": "home", "visibility": "visible"}, {"gameTime": "2 - 11:29", "label": "Corner", "position": "689474", "team": "not applicable", "visibility": "visible"}, {"gameTime": "2 - 12:07", "label": "Ball out of play", "position": "727742", "team": "home", "visibility": "visible"}, {"gameTime": "2 - 12:22", "label": "Throw-in", "position": "742746", "team": "not applicable", "visibility": "visible"}, {"gameTime": "2 - 12:39", "label": "Ball out of play", "position": "759022", "team": "away", "visibility": "visible"}, {"gameTime": "2 - 13:29", "label": "Throw-in", "position": "809341", "team": "not applicable", "visibility": "visible"}, {"gameTime": "2 - 13:44", "label": "Ball out of play", "position": "824042", "team": "away", "visibility": "visible"}, {"gameTime": "2 - 13:50", "label": "Clearance", "position": "830555", "team": "not applicable", "visibility": "visible"}, {"gameTime": "2 - 14:13", "label": "Ball out of play", "position": "853733", "team": "home", "visibility": "visible"}, {"gameTime": "2 - 14:18", "label": "Throw-in", "position": "858782", "team": "not applicable", "visibility": "visible"}, {"gameTime": "2 - 14:25", "label": "Foul", "position": "865908", "team": "home", "visibility": "visible"}, {"gameTime": "2 - 14:29", "label": "Direct free-kick", "position": "869773", "team": "away", "visibility": "visible"}, {"gameTime": "2 - 14:55", "label": "Foul", "position": "895340", "team": "home", "visibility": "visible"}, {"gameTime": "2 - 15:01", "label": "Indirect free-kick", "position": "901509", "team": "home", "visibility": "visible"}, {"gameTime": "2 - 15:16", "label": "Foul", "position": "916412", "team": "away", "visibility": "not shown"}, {"gameTime": "2 - 15:44", "label": "Indirect free-kick", "position": "944630", "team": "away", "visibility": "visible"}, {"gameTime": "2 - 16:01", "label": "Ball out of play", "position": "961341", "team": "home", "visibility": "not shown"}, {"gameTime": "2 - 16:15", "label": "Throw-in", "position": "975711", "team": "not applicable", "visibility": "visible"}, {"gameTime": "2 - 16:19", "label": "Foul", "position": "979369", "team": "home", "visibility": "visible"}, {"gameTime": "2 - 16:51", "label": "Indirect free-kick", "position": "1011913", "team": "home", "visibility": "visible"}, {"gameTime": "2 - 17:08", "label": "Ball out of play", "position": "1028630", "team": "away", "visibility": "not shown"}, {"gameTime": "2 - 17:49", "label": "Corner", "position": "1069955", "team": "not applicable", "visibility": "visible"}, {"gameTime": "2 - 18:12", "label": "Ball out of play", "position": "1092492", "team": "home", "visibility": "visible"}, {"gameTime": "2 - 18:15", "label": "Clearance", "position": "1095868", "team": "not applicable", "visibility": "visible"}, {"gameTime": "2 - 18:43", "label": "Offside", "position": "1123195", "team": "away", "visibility": "visible"}, {"gameTime": "2 - 19:55", "label": "Indirect free-kick", "position": "1195529", "team": "home", "visibility": "visible"}, {"gameTime": "2 - 20:23", "label": "Ball out of play", "position": "1223450", "team": "away", "visibility": "visible"}, {"gameTime": "2 - 21:02", "label": "Clearance", "position": "1262257", "team": "not applicable", "visibility": "visible"}, {"gameTime": "2 - 21:27", "label": "Ball out of play", "position": "1287306", "team": "away", "visibility": "not shown"}, {"gameTime": "2 - 22:11", "label": "Substitution", "position": "1331240", "team": "not applicable", "visibility": "visible"}, {"gameTime": "2 - 22:40", "label": "Substitution", "position": "1360820", "team": "home", "visibility": "visible"}, {"gameTime": "2 - 24:00", "label": "Corner", "position": "1440103", "team": "away", "visibility": "visible"}, {"gameTime": "2 - 24:07", "label": "Shots off target", "position": "1447013", "team": "away", "visibility": "visible"}, {"gameTime": "2 - 24:20", "label": "Ball out of play", "position": "1460913", "team": "away", "visibility": "visible"}, {"gameTime": "2 - 24:22", "label": "Clearance", "position": "1462286", "team": "not applicable", "visibility": "visible"}, {"gameTime": "2 - 24:36", "label": "Ball out of play", "position": "1476921", "team": "away", "visibility": "visible"}, {"gameTime": "2 - 25:40", "label": "Throw-in", "position": "1540552", "team": "not applicable", "visibility": "visible"}, {"gameTime": "2 - 25:47", "label": "Foul", "position": "1547762", "team": "home", "visibility": "not shown"}, {"gameTime": "2 - 26:06", "label": "Indirect free-kick", "position": "1566735", "team": "home", "visibility": "visible"}, {"gameTime": "2 - 26:32", "label": "Ball out of play", "position": "1592969", "team": "away", "visibility": "visible"}, {"gameTime": "2 - 26:46", "label": "Throw-in", "position": "1606523", "team": "not applicable", "visibility": "visible"}, {"gameTime": "2 - 26:52", "label": "Ball out of play", "position": "1612003", "team": "home", "visibility": "not shown"}, {"gameTime": "2 - 27:00", "label": "Corner", "position": "1620295", "team": "not applicable", "visibility": "visible"}, {"gameTime": "2 - 27:29", "label": "Ball out of play", "position": "1649578", "team": "home", "visibility": "visible"}, {"gameTime": "2 - 28:42", "label": "Substitution", "position": "1722886", "team": "not applicable", "visibility": "visible"}, {"gameTime": "2 - 29:23", "label": "Throw-in", "position": "1763483", "team": "away", "visibility": "visible"}, {"gameTime": "2 - 29:35", "label": "Ball out of play", "position": "1775854", "team": "away", "visibility": "visible"}, {"gameTime": "2 - 29:54", "label": "Clearance", "position": "1794522", "team": "not applicable", "visibility": "visible"}, {"gameTime": "2 - 30:09", "label": "Ball out of play", "position": "1809366", "team": "home", "visibility": "visible"}, {"gameTime": "2 - 30:22", "label": "Substitution", "position": "1822064", "team": "not applicable", "visibility": "visible"}, {"gameTime": "2 - 30:23", "label": "Throw-in", "position": "1823411", "team": "home", "visibility": "visible"}, {"gameTime": "2 - 30:41", "label": "Foul", "position": "1841635", "team": "away", "visibility": "visible"}, {"gameTime": "2 - 31:16", "label": "Indirect free-kick", "position": "1876151", "team": "home", "visibility": "visible"}, {"gameTime": "2 - 31:33", "label": "Ball out of play", "position": "1893813", "team": "away", "visibility": "not shown"}, {"gameTime": "2 - 31:59", "label": "Throw-in", "position": "1919746", "team": "not applicable", "visibility": "visible"}, {"gameTime": "2 - 32:01", "label": "Ball out of play", "position": "1921611", "team": "home", "visibility": "visible"}, {"gameTime": "2 - 32:29", "label": "Throw-in", "position": "1949209", "team": "not applicable", "visibility": "visible"}, {"gameTime": "2 - 32:53", "label": "Ball out of play", "position": "1973878", "team": "away", "visibility": "visible"}, {"gameTime": "2 - 33:00", "label": "Throw-in", "position": "1980501", "team": "not applicable", "visibility": "visible"}, {"gameTime": "2 - 33:05", "label": "Foul", "position": "1985790", "team": "home", "visibility": "not shown"}, {"gameTime": "2 - 33:12", "label": "Indirect free-kick", "position": "1992906", "team": "away", "visibility": "visible"}, {"gameTime": "2 - 33:28", "label": "Foul", "position": "2008581", "team": "home", "visibility": "not shown"}, {"gameTime": "2 - 34:31", "label": "Substitution", "position": "2071420", "team": "away", "visibility": "visible"}, {"gameTime": "2 - 34:58", "label": "Direct free-kick", "position": "2098048", "team": "home", "visibility": "visible"}, {"gameTime": "2 - 35:11", "label": "Shots on target", "position": "2111349", "team": "home", "visibility": "visible"}, {"gameTime": "2 - 35:24", "label": "Ball out of play", "position": "2124876", "team": "away", "visibility": "visible"}, {"gameTime": "2 - 35:54", "label": "Throw-in", "position": "2154950", "team": "not applicable", "visibility": "visible"}, {"gameTime": "2 - 36:17", "label": "Foul", "position": "2177953", "team": "away", "visibility": "visible"}, {"gameTime": "2 - 37:00", "label": "Indirect free-kick", "position": "2220363", "team": "home", "visibility": "visible"}, {"gameTime": "2 - 37:22", "label": "Ball out of play", "position": "2242585", "team": "away", "visibility": "not shown"}, {"gameTime": "2 - 37:51", "label": "Throw-in", "position": "2271184", "team": "not applicable", "visibility": "visible"}, {"gameTime": "2 - 38:58", "label": "Ball out of play", "position": "2338823", "team": "home", "visibility": "not shown"}, {"gameTime": "2 - 39:27", "label": "Substitution", "position": "2367110", "team": "not applicable", "visibility": "visible"}, {"gameTime": "2 - 39:53", "label": "Throw-in", "position": "2393879", "team": "away", "visibility": "visible"}, {"gameTime": "2 - 40:05", "label": "Foul", "position": "2405481", "team": "home", "visibility": "visible"}, {"gameTime": "2 - 40:33", "label": "Indirect free-kick", "position": "2433318", "team": "home", "visibility": "visible"}, {"gameTime": "2 - 41:09", "label": "Ball out of play", "position": "2469219", "team": "away", "visibility": "visible"}, {"gameTime": "2 - 41:12", "label": "Throw-in", "position": "2472499", "team": "not applicable", "visibility": "visible"}, {"gameTime": "2 - 41:24", "label": "Ball out of play", "position": "2484513", "team": "away", "visibility": "visible"}, {"gameTime": "2 - 41:27", "label": "Throw-in", "position": "2487125", "team": "not applicable", "visibility": "visible"}, {"gameTime": "2 - 41:41", "label": "Ball out of play", "position": "2501355", "team": "away", "visibility": "visible"}, {"gameTime": "2 - 41:45", "label": "Corner", "position": "2505231", "team": "not applicable", "visibility": "visible"}, {"gameTime": "2 - 42:11", "label": "Shots off target", "position": "2531334", "team": "away", "visibility": "visible"}, {"gameTime": "2 - 42:15", "label": "Clearance", "position": "2535581", "team": "away", "visibility": "visible"}, {"gameTime": "2 - 42:26", "label": "Ball out of play", "position": "2546710", "team": "home", "visibility": "visible"}, {"gameTime": "2 - 43:19", "label": "Throw-in", "position": "2599503", "team": "not applicable", "visibility": "visible"}, {"gameTime": "2 - 43:42", "label": "Ball out of play", "position": "2622085", "team": "home", "visibility": "visible"}, {"gameTime": "2 - 43:45", "label": "Throw-in", "position": "2625332", "team": "not applicable", "visibility": "visible"}, {"gameTime": "2 - 43:50", "label": "Shots off target", "position": "2630245", "team": "home", "visibility": "not shown"}, {"gameTime": "2 - 44:04", "label": "Ball out of play", "position": "2644214", "team": "home", "visibility": "visible"}, {"gameTime": "2 - 44:06", "label": "Corner", "position": "2646492", "team": "not applicable", "visibility": "visible"}, {"gameTime": "2 - 44:12", "label": "Shots off target", "position": "2652321", "team": "home", "visibility": "visible"}, {"gameTime": "2 - 44:18", "label": "Ball out of play", "position": "2658708", "team": "home", "visibility": "visible"}, {"gameTime": "2 - 44:19", "label": "Clearance", "position": "2659568", "team": "not applicable", "visibility": "visible"}, {"gameTime": "2 - 44:47", "label": "Shots off target", "position": "2687757", "team": "away", "visibility": "visible"}, {"gameTime": "2 - 45:00", "label": "Foul", "position": "2700758", "team": "home", "visibility": "visible"}, {"gameTime": "2 - 45:05", "label": "Indirect free-kick", "position": "2705655", "team": "home", "visibility": "visible"}, {"gameTime": "2 - 45:40", "label": "Foul", "position": "2740868", "team": "away", "visibility": "visible"}, {"gameTime": "2 - 46:10", "label": "Indirect free-kick", "position": "2770621", "team": "home", "visibility": "visible"}, {"gameTime": "2 - 46:33", "label": "Foul", "position": "2793560", "team": "away", "visibility": "visible"}, {"gameTime": "2 - 46:49", "label": "Indirect free-kick", "position": "2809713", "team": "away", "visibility": "visible"}, {"gameTime": "2 - 46:56", "label": "Foul", "position": "2816568", "team": "home", "visibility": "visible"}, {"gameTime": "2 - 48:46", "label": "Yellow card", "position": "2926195", "team": "home", "visibility": "visible"}, {"gameTime": "2 - 48:53", "label": "Indirect free-kick", "position": "2933697", "team": "home", "visibility": "visible"}, {"gameTime": "2 - 49:24", "label": "Ball out of play", "position": "2964749", "team": "away", "visibility": "visible"}, {"gameTime": "2 - 49:28", "label": "Clearance", "position": "2968348", "team": "not applicable", "visibility": "visible"}, {"gameTime": "2 - 49:49", "label": "Clearance", "position": "2989263", "team": "home", "visibility": "visible"}], "gameAwayTeam": "Inter", "gameDate": "20/09/2015 - 13:30", "gameHomeTeam": "Chievo", "gameScore": "0 - 1"}