{"UrlLocal": "england_epl/2015-2016/2015-09-12 - 17-00 Crystal Palace 0 - 1 Manchester City/", "UrlYoutube": "", "annotations": [{"gameTime": "1 - 01:21", "label": "Kick-off", "position": "81502", "team": "home", "visibility": "visible"}, {"gameTime": "1 - 01:22", "label": "Shots off target", "position": "82222", "team": "not applicable", "visibility": "visible"}, {"gameTime": "1 - 01:38", "label": "Ball out of play", "position": "98084", "team": "away", "visibility": "not shown"}, {"gameTime": "1 - 02:12", "label": "Clearance", "position": "132332", "team": "not applicable", "visibility": "visible"}, {"gameTime": "1 - 02:41", "label": "Ball out of play", "position": "161624", "team": "home", "visibility": "visible"}, {"gameTime": "1 - 02:46", "label": "Corner", "position": "166202", "team": "not applicable", "visibility": "visible"}, {"gameTime": "1 - 02:52", "label": "Ball out of play", "position": "172049", "team": "home", "visibility": "visible"}, {"gameTime": "1 - 03:02", "label": "Throw-in", "position": "182800", "team": "home", "visibility": "visible"}, {"gameTime": "1 - 03:05", "label": "Shots on target", "position": "185777", "team": "home", "visibility": "visible"}, {"gameTime": "1 - 03:08", "label": "Shots on target", "position": "188650", "team": "not applicable", "visibility": "visible"}, {"gameTime": "1 - 03:36", "label": "Ball out of play", "position": "216866", "team": "home", "visibility": "visible"}, {"gameTime": "1 - 03:39", "label": "Corner", "position": "219214", "team": "not applicable", "visibility": "visible"}, {"gameTime": "1 - 03:44", "label": "Ball out of play", "position": "224332", "team": "away", "visibility": "not shown"}, {"gameTime": "1 - 04:00", "label": "Clearance", "position": "240672", "team": "not applicable", "visibility": "visible"}, {"gameTime": "1 - 04:03", "label": "Ball out of play", "position": "243095", "team": "home", "visibility": "visible"}, {"gameTime": "1 - 04:35", "label": "Throw-in", "position": "275645", "team": "away", "visibility": "visible"}, {"gameTime": "1 - 05:00", "label": "Shots on target", "position": "300713", "team": "not applicable", "visibility": "visible"}, {"gameTime": "1 - 05:05", "label": "Ball out of play", "position": "305392", "team": "home", "visibility": "visible"}, {"gameTime": "1 - 05:30", "label": "Throw-in", "position": "330204", "team": "home", "visibility": "visible"}, {"gameTime": "1 - 05:44", "label": "Foul", "position": "344432", "team": "away", "visibility": "not shown"}, {"gameTime": "1 - 06:34", "label": "Indirect free-kick", "position": "394002", "team": "home", "visibility": "visible"}, {"gameTime": "1 - 07:18", "label": "Shots on target", "position": "438336", "team": "not applicable", "visibility": "visible"}, {"gameTime": "1 - 07:23", "label": "Ball out of play", "position": "443722", "team": "away", "visibility": "visible"}, {"gameTime": "1 - 07:43", "label": "Throw-in", "position": "463409", "team": "not applicable", "visibility": "visible"}, {"gameTime": "1 - 07:56", "label": "Ball out of play", "position": "476951", "team": "away", "visibility": "not shown"}, {"gameTime": "1 - 07:59", "label": "Throw-in", "position": "479718", "team": "not applicable", "visibility": "visible"}, {"gameTime": "1 - 08:01", "label": "Ball out of play", "position": "481985", "team": "away", "visibility": "visible"}, {"gameTime": "1 - 08:08", "label": "Throw-in", "position": "488704", "team": "away", "visibility": "visible"}, {"gameTime": "1 - 08:24", "label": "Foul", "position": "504792", "team": "home", "visibility": "not shown"}, {"gameTime": "1 - 09:22", "label": "Indirect free-kick", "position": "562511", "team": "not applicable", "visibility": "visible"}, {"gameTime": "1 - 09:30", "label": "Ball out of play", "position": "570841", "team": "home", "visibility": "visible"}, {"gameTime": "1 - 09:58", "label": "Throw-in", "position": "598624", "team": "away", "visibility": "visible"}, {"gameTime": "1 - 10:37", "label": "Foul", "position": "637918", "team": "home", "visibility": "visible"}, {"gameTime": "1 - 10:43", "label": "Direct free-kick", "position": "643100", "team": "home", "visibility": "visible"}, {"gameTime": "1 - 10:44", "label": "Shots off target", "position": "644380", "team": "not applicable", "visibility": "visible"}, {"gameTime": "1 - 11:05", "label": "Ball out of play", "position": "665182", "team": "away", "visibility": "not shown"}, {"gameTime": "1 - 11:10", "label": "Clearance", "position": "670062", "team": "away", "visibility": "visible"}, {"gameTime": "1 - 11:26", "label": "Foul", "position": "686939", "team": "home", "visibility": "visible"}, {"gameTime": "1 - 11:30", "label": "Indirect free-kick", "position": "690946", "team": "not applicable", "visibility": "visible"}, {"gameTime": "1 - 11:54", "label": "Ball out of play", "position": "714842", "team": "away", "visibility": "not shown"}, {"gameTime": "1 - 12:42", "label": "Clearance", "position": "762348", "team": "home", "visibility": "visible"}, {"gameTime": "1 - 13:12", "label": "Foul", "position": "792445", "team": "away", "visibility": "visible"}, {"gameTime": "1 - 13:14", "label": "Indirect free-kick", "position": "794932", "team": "away", "visibility": "visible"}, {"gameTime": "1 - 13:18", "label": "Foul", "position": "798802", "team": "home", "visibility": "visible"}, {"gameTime": "1 - 14:18", "label": "Indirect free-kick", "position": "858309", "team": "not applicable", "visibility": "visible"}, {"gameTime": "1 - 14:36", "label": "Ball out of play", "position": "876055", "team": "away", "visibility": "visible"}, {"gameTime": "1 - 15:35", "label": "Throw-in", "position": "935038", "team": "not applicable", "visibility": "visible"}, {"gameTime": "1 - 15:40", "label": "Ball out of play", "position": "940576", "team": "away", "visibility": "not shown"}, {"gameTime": "1 - 16:28", "label": "Throw-in", "position": "988792", "team": "away", "visibility": "visible"}, {"gameTime": "1 - 16:58", "label": "Foul", "position": "1018590", "team": "home", "visibility": "visible"}, {"gameTime": "1 - 17:17", "label": "Indirect free-kick", "position": "1037957", "team": "home", "visibility": "not shown"}, {"gameTime": "1 - 17:23", "label": "Foul", "position": "1043080", "team": "home", "visibility": "visible"}, {"gameTime": "1 - 20:03", "label": "Yellow card", "position": "1203595", "team": "away", "visibility": "visible"}, {"gameTime": "1 - 20:52", "label": "Indirect free-kick", "position": "1252640", "team": "not applicable", "visibility": "not shown"}, {"gameTime": "1 - 21:12", "label": "Ball out of play", "position": "1272723", "team": "home", "visibility": "visible"}, {"gameTime": "1 - 21:23", "label": "Throw-in", "position": "1283062", "team": "home", "visibility": "visible"}, {"gameTime": "1 - 21:49", "label": "Offside", "position": "1309790", "team": "away", "visibility": "not shown"}, {"gameTime": "1 - 22:37", "label": "Indirect free-kick", "position": "1357500", "team": "away", "visibility": "visible"}, {"gameTime": "1 - 22:41", "label": "Foul", "position": "1361666", "team": "home", "visibility": "not shown"}, {"gameTime": "1 - 22:51", "label": "Indirect free-kick", "position": "1371379", "team": "not applicable", "visibility": "not shown"}, {"gameTime": "1 - 24:28", "label": "Ball out of play", "position": "1468810", "team": "away", "visibility": "visible"}, {"gameTime": "1 - 24:45", "label": "Substitution", "position": "1485691", "team": "away", "visibility": "not shown"}, {"gameTime": "1 - 25:23", "label": "Throw-in", "position": "1523232", "team": "away", "visibility": "visible"}, {"gameTime": "1 - 25:29", "label": "Foul", "position": "1529252", "team": "away", "visibility": "visible"}, {"gameTime": "1 - 26:20", "label": "Yellow card", "position": "1580195", "team": "home", "visibility": "visible"}, {"gameTime": "1 - 26:45", "label": "Direct free-kick", "position": "1605337", "team": "home", "visibility": "visible"}, {"gameTime": "1 - 27:08", "label": "Foul", "position": "1628351", "team": "away", "visibility": "not shown"}, {"gameTime": "1 - 27:16", "label": "Indirect free-kick", "position": "1636799", "team": "not applicable", "visibility": "visible"}, {"gameTime": "1 - 27:27", "label": "Ball out of play", "position": "1647426", "team": "away", "visibility": "visible"}, {"gameTime": "1 - 27:51", "label": "Throw-in", "position": "1671369", "team": "not applicable", "visibility": "visible"}, {"gameTime": "1 - 28:13", "label": "Ball out of play", "position": "1693576", "team": "away", "visibility": "visible"}, {"gameTime": "1 - 28:55", "label": "Clearance", "position": "1735817", "team": "not applicable", "visibility": "visible"}, {"gameTime": "1 - 29:01", "label": "Ball out of play", "position": "1741381", "team": "away", "visibility": "not shown"}, {"gameTime": "1 - 29:50", "label": "Clearance", "position": "1790481", "team": "not applicable", "visibility": "visible"}, {"gameTime": "1 - 30:10", "label": "Ball out of play", "position": "1810904", "team": "away", "visibility": "visible"}, {"gameTime": "1 - 30:18", "label": "Throw-in", "position": "1818821", "team": "not applicable", "visibility": "visible"}, {"gameTime": "1 - 30:30", "label": "Ball out of play", "position": "1830111", "team": "away", "visibility": "visible"}, {"gameTime": "1 - 30:58", "label": "Throw-in", "position": "1858005", "team": "away", "visibility": "visible"}, {"gameTime": "1 - 31:00", "label": "Shots off target", "position": "1860924", "team": "not applicable", "visibility": "visible"}, {"gameTime": "1 - 31:17", "label": "Ball out of play", "position": "1877392", "team": "away", "visibility": "not shown"}, {"gameTime": "1 - 31:35", "label": "Throw-in", "position": "1895282", "team": "away", "visibility": "visible"}, {"gameTime": "1 - 31:39", "label": "Shots on target", "position": "1899266", "team": "away", "visibility": "visible"}, {"gameTime": "1 - 31:46", "label": "Shots on target", "position": "1906018", "team": "not applicable", "visibility": "not shown"}, {"gameTime": "1 - 31:47", "label": "Ball out of play", "position": "1907320", "team": "away", "visibility": "not shown"}, {"gameTime": "1 - 32:07", "label": "Throw-in", "position": "1927742", "team": "not applicable", "visibility": "visible"}, {"gameTime": "1 - 32:24", "label": "Ball out of play", "position": "1944828", "team": "home", "visibility": "not shown"}, {"gameTime": "1 - 33:20", "label": "Clearance", "position": "2000983", "team": "not applicable", "visibility": "visible"}, {"gameTime": "1 - 33:28", "label": "Ball out of play", "position": "2008381", "team": "away", "visibility": "visible"}, {"gameTime": "1 - 33:37", "label": "Throw-in", "position": "2017713", "team": "home", "visibility": "visible"}, {"gameTime": "1 - 34:12", "label": "Foul", "position": "2052358", "team": "away", "visibility": "visible"}, {"gameTime": "1 - 34:19", "label": "Direct free-kick", "position": "2059029", "team": "not applicable", "visibility": "visible"}, {"gameTime": "1 - 34:34", "label": "Ball out of play", "position": "2074371", "team": "home", "visibility": "visible"}, {"gameTime": "1 - 34:46", "label": "Throw-in", "position": "2086669", "team": "away", "visibility": "visible"}, {"gameTime": "1 - 34:58", "label": "Foul", "position": "2098327", "team": "home", "visibility": "not shown"}, {"gameTime": "1 - 35:43", "label": "Indirect free-kick", "position": "2143511", "team": "not applicable", "visibility": "visible"}, {"gameTime": "1 - 36:12", "label": "Ball out of play", "position": "2172392", "team": "away", "visibility": "visible"}, {"gameTime": "1 - 36:35", "label": "Clearance", "position": "2195575", "team": "home", "visibility": "visible"}, {"gameTime": "1 - 37:05", "label": "Offside", "position": "2225986", "team": "away", "visibility": "visible"}, {"gameTime": "1 - 37:30", "label": "Indirect free-kick", "position": "2250446", "team": "away", "visibility": "visible"}, {"gameTime": "1 - 37:31", "label": "Shots off target", "position": "2251446", "team": "not applicable", "visibility": "visible"}, {"gameTime": "1 - 37:56", "label": "Ball out of play", "position": "2276208", "team": "home", "visibility": "not shown"}, {"gameTime": "1 - 38:20", "label": "Clearance", "position": "2300613", "team": "not applicable", "visibility": "visible"}, {"gameTime": "1 - 38:47", "label": "Ball out of play", "position": "2327179", "team": "away", "visibility": "visible"}, {"gameTime": "1 - 38:56", "label": "Clearance", "position": "2336930", "team": "not applicable", "visibility": "visible"}, {"gameTime": "1 - 39:12", "label": "Ball out of play", "position": "2352308", "team": "away", "visibility": "visible"}, {"gameTime": "1 - 39:24", "label": "Throw-in", "position": "2364735", "team": "not applicable", "visibility": "visible"}, {"gameTime": "1 - 39:38", "label": "Ball out of play", "position": "2378184", "team": "away", "visibility": "visible"}, {"gameTime": "1 - 39:40", "label": "Throw-in", "position": "2380149", "team": "home", "visibility": "visible"}, {"gameTime": "1 - 40:01", "label": "Foul", "position": "2401835", "team": "away", "visibility": "visible"}, {"gameTime": "1 - 40:08", "label": "Indirect free-kick", "position": "2408459", "team": "not applicable", "visibility": "visible"}, {"gameTime": "1 - 40:17", "label": "Ball out of play", "position": "2417436", "team": "home", "visibility": "visible"}, {"gameTime": "1 - 41:46", "label": "Throw-in", "position": "2506232", "team": "not applicable", "visibility": "visible"}, {"gameTime": "1 - 42:20", "label": "Ball out of play", "position": "2540121", "team": "home", "visibility": "visible"}, {"gameTime": "1 - 42:45", "label": "Clearance", "position": "2565471", "team": "home", "visibility": "visible"}, {"gameTime": "1 - 43:18", "label": "Offside", "position": "2598113", "team": "away", "visibility": "not shown"}, {"gameTime": "1 - 43:27", "label": "Indirect free-kick", "position": "2607197", "team": "not applicable", "visibility": "visible"}, {"gameTime": "1 - 43:39", "label": "Ball out of play", "position": "2619224", "team": "away", "visibility": "visible"}, {"gameTime": "1 - 44:27", "label": "Throw-in", "position": "2667220", "team": "home", "visibility": "visible"}, {"gameTime": "1 - 44:28", "label": "Shots off target", "position": "2668100", "team": "not applicable", "visibility": "visible"}, {"gameTime": "1 - 44:51", "label": "Ball out of play", "position": "2691123", "team": "away", "visibility": "not shown"}, {"gameTime": "1 - 44:59", "label": "Clearance", "position": "2699747", "team": "not applicable", "visibility": "visible"}, {"gameTime": "2 - 00:03", "label": "Kick-off", "position": "3254", "team": "not applicable", "visibility": "visible"}, {"gameTime": "2 - 00:15", "label": "Ball out of play", "position": "15984", "team": "away", "visibility": "visible"}, {"gameTime": "2 - 00:20", "label": "Throw-in", "position": "20340", "team": "not applicable", "visibility": "visible"}, {"gameTime": "2 - 00:27", "label": "Ball out of play", "position": "27043", "team": "away", "visibility": "not shown"}, {"gameTime": "2 - 00:59", "label": "Throw-in", "position": "59114", "team": "away", "visibility": "visible"}, {"gameTime": "2 - 01:03", "label": "Foul", "position": "63573", "team": "home", "visibility": "visible"}, {"gameTime": "2 - 01:19", "label": "Indirect free-kick", "position": "79630", "team": "home", "visibility": "visible"}, {"gameTime": "2 - 01:45", "label": "Offside", "position": "105823", "team": "away", "visibility": "visible"}, {"gameTime": "2 - 02:35", "label": "Indirect free-kick", "position": "155247", "team": "not applicable", "visibility": "visible"}, {"gameTime": "2 - 02:38", "label": "Ball out of play", "position": "158496", "team": "away", "visibility": "not shown"}, {"gameTime": "2 - 03:43", "label": "Throw-in", "position": "223135", "team": "away", "visibility": "visible"}, {"gameTime": "2 - 03:43", "label": "Shots off target", "position": "223975", "team": "not applicable", "visibility": "visible"}, {"gameTime": "2 - 04:05", "label": "Ball out of play", "position": "245243", "team": "home", "visibility": "not shown"}, {"gameTime": "2 - 04:24", "label": "Clearance", "position": "264217", "team": "home", "visibility": "visible"}, {"gameTime": "2 - 04:25", "label": "Shots off target", "position": "265817", "team": "not applicable", "visibility": "visible"}, {"gameTime": "2 - 04:54", "label": "Ball out of play", "position": "294974", "team": "home", "visibility": "visible"}, {"gameTime": "2 - 05:13", "label": "Corner", "position": "313194", "team": "away", "visibility": "visible"}, {"gameTime": "2 - 05:13", "label": "Shots off target", "position": "313594", "team": "not applicable", "visibility": "visible"}, {"gameTime": "2 - 05:49", "label": "Ball out of play", "position": "349083", "team": "home", "visibility": "visible"}, {"gameTime": "2 - 06:36", "label": "Clearance", "position": "396564", "team": "not applicable", "visibility": "visible"}, {"gameTime": "2 - 06:53", "label": "Ball out of play", "position": "413895", "team": "home", "visibility": "not shown"}, {"gameTime": "2 - 07:58", "label": "Throw-in", "position": "478982", "team": "not applicable", "visibility": "visible"}, {"gameTime": "2 - 08:19", "label": "Ball out of play", "position": "499882", "team": "away", "visibility": "visible"}, {"gameTime": "2 - 08:52", "label": "Throw-in", "position": "532002", "team": "away", "visibility": "visible"}, {"gameTime": "2 - 08:54", "label": "Shots on target", "position": "534587", "team": "away", "visibility": "visible"}, {"gameTime": "2 - 09:44", "label": "Shots on target", "position": "584617", "team": "not applicable", "visibility": "visible"}, {"gameTime": "2 - 09:53", "label": "Ball out of play", "position": "593208", "team": "away", "visibility": "not shown"}, {"gameTime": "2 - 10:16", "label": "Throw-in", "position": "616575", "team": "not applicable", "visibility": "visible"}, {"gameTime": "2 - 10:37", "label": "Ball out of play", "position": "637402", "team": "away", "visibility": "visible"}, {"gameTime": "2 - 10:38", "label": "Corner", "position": "638364", "team": "away", "visibility": "visible"}, {"gameTime": "2 - 10:38", "label": "Shots off target", "position": "638619", "team": "not applicable", "visibility": "visible"}, {"gameTime": "2 - 11:12", "label": "Ball out of play", "position": "672604", "team": "home", "visibility": "visible"}, {"gameTime": "2 - 11:39", "label": "Clearance", "position": "699432", "team": "home", "visibility": "visible"}, {"gameTime": "2 - 12:07", "label": "Foul", "position": "727798", "team": "away", "visibility": "not shown"}, {"gameTime": "2 - 13:25", "label": "Indirect free-kick", "position": "805832", "team": "not applicable", "visibility": "visible"}, {"gameTime": "2 - 13:38", "label": "Ball out of play", "position": "818948", "team": "away", "visibility": "visible"}, {"gameTime": "2 - 14:50", "label": "Throw-in", "position": "890014", "team": "not applicable", "visibility": "not shown"}, {"gameTime": "2 - 15:08", "label": "Ball out of play", "position": "908561", "team": "home", "visibility": "visible"}, {"gameTime": "2 - 15:20", "label": "Throw-in", "position": "920522", "team": "not applicable", "visibility": "visible"}, {"gameTime": "2 - 15:32", "label": "Ball out of play", "position": "932966", "team": "home", "visibility": "not shown"}, {"gameTime": "2 - 15:41", "label": "Throw-in", "position": "941128", "team": "not applicable", "visibility": "visible"}, {"gameTime": "2 - 16:10", "label": "Ball out of play", "position": "970314", "team": "home", "visibility": "visible"}, {"gameTime": "2 - 16:51", "label": "Corner", "position": "1011296", "team": "not applicable", "visibility": "visible"}, {"gameTime": "2 - 17:13", "label": "Ball out of play", "position": "1033100", "team": "away", "visibility": "visible"}, {"gameTime": "2 - 17:23", "label": "Corner", "position": "1043235", "team": "away", "visibility": "visible"}, {"gameTime": "2 - 17:40", "label": "Shots on target", "position": "1060793", "team": "not applicable", "visibility": "visible"}, {"gameTime": "2 - 18:01", "label": "Ball out of play", "position": "1081770", "team": "away", "visibility": "visible"}, {"gameTime": "2 - 18:03", "label": "Corner", "position": "1083668", "team": "away", "visibility": "visible"}, {"gameTime": "2 - 18:34", "label": "Shots off target", "position": "1114837", "team": "home", "visibility": "visible"}, {"gameTime": "2 - 18:56", "label": "Foul", "position": "1136185", "team": "away", "visibility": "not shown"}, {"gameTime": "2 - 19:12", "label": "Indirect free-kick", "position": "1152105", "team": "away", "visibility": "visible"}, {"gameTime": "2 - 19:12", "label": "Shots off target", "position": "1152785", "team": "not applicable", "visibility": "visible"}, {"gameTime": "2 - 19:49", "label": "Ball out of play", "position": "1189306", "team": "home", "visibility": "visible"}, {"gameTime": "2 - 19:58", "label": "Clearance", "position": "1198067", "team": "not applicable", "visibility": "visible"}, {"gameTime": "2 - 20:18", "label": "Ball out of play", "position": "1218962", "team": "home", "visibility": "visible"}, {"gameTime": "2 - 20:20", "label": "Throw-in", "position": "1220899", "team": "not applicable", "visibility": "visible"}, {"gameTime": "2 - 20:28", "label": "Ball out of play", "position": "1228260", "team": "away", "visibility": "visible"}, {"gameTime": "2 - 20:54", "label": "Throw-in", "position": "1254463", "team": "not applicable", "visibility": "not shown"}, {"gameTime": "2 - 21:05", "label": "Ball out of play", "position": "1265168", "team": "away", "visibility": "visible"}, {"gameTime": "2 - 21:29", "label": "Throw-in", "position": "1289056", "team": "away", "visibility": "visible"}, {"gameTime": "2 - 21:29", "label": "Shots off target", "position": "1289856", "team": "not applicable", "visibility": "visible"}, {"gameTime": "2 - 22:07", "label": "Ball out of play", "position": "1327680", "team": "home", "visibility": "visible"}, {"gameTime": "2 - 22:25", "label": "Substitution", "position": "1345780", "team": "home", "visibility": "visible"}, {"gameTime": "2 - 22:34", "label": "Clearance", "position": "1354194", "team": "home", "visibility": "visible"}, {"gameTime": "2 - 22:43", "label": "Foul", "position": "1363314", "team": "away", "visibility": "not shown"}, {"gameTime": "2 - 23:35", "label": "Indirect free-kick", "position": "1415518", "team": "not applicable", "visibility": "visible"}, {"gameTime": "2 - 23:41", "label": "Ball out of play", "position": "1421920", "team": "away", "visibility": "visible"}, {"gameTime": "2 - 23:50", "label": "Yellow card", "position": "1430964", "team": "home", "visibility": "not shown"}, {"gameTime": "2 - 24:07", "label": "Throw-in", "position": "1447978", "team": "home", "visibility": "visible"}, {"gameTime": "2 - 24:12", "label": "Shots on target", "position": "1452148", "team": "not applicable", "visibility": "not shown"}, {"gameTime": "2 - 24:23", "label": "Ball out of play", "position": "1463661", "team": "home", "visibility": "not shown"}, {"gameTime": "2 - 24:25", "label": "Throw-in", "position": "1465416", "team": "not applicable", "visibility": "visible"}, {"gameTime": "2 - 24:47", "label": "Ball out of play", "position": "1487010", "team": "away", "visibility": "visible"}, {"gameTime": "2 - 24:54", "label": "Clearance", "position": "1494680", "team": "not applicable", "visibility": "visible"}, {"gameTime": "2 - 25:03", "label": "Ball out of play", "position": "1503256", "team": "home", "visibility": "not shown"}, {"gameTime": "2 - 25:07", "label": "Throw-in", "position": "1507535", "team": "not applicable", "visibility": "visible"}, {"gameTime": "2 - 25:16", "label": "Ball out of play", "position": "1516108", "team": "away", "visibility": "not shown"}, {"gameTime": "2 - 25:27", "label": "Throw-in", "position": "1527347", "team": "home", "visibility": "not shown"}, {"gameTime": "2 - 25:33", "label": "Foul", "position": "1533949", "team": "home", "visibility": "visible"}, {"gameTime": "2 - 27:19", "label": "Yellow card", "position": "1639574", "team": "away", "visibility": "visible"}, {"gameTime": "2 - 27:58", "label": "Indirect free-kick", "position": "1678025", "team": "not applicable", "visibility": "visible"}, {"gameTime": "2 - 28:08", "label": "Ball out of play", "position": "1688860", "team": "home", "visibility": "visible"}, {"gameTime": "2 - 28:31", "label": "Throw-in", "position": "1711958", "team": "away", "visibility": "visible"}, {"gameTime": "2 - 28:32", "label": "Shots off target", "position": "1712718", "team": "not applicable", "visibility": "visible"}, {"gameTime": "2 - 29:03", "label": "Ball out of play", "position": "1743354", "team": "home", "visibility": "not shown"}, {"gameTime": "2 - 29:28", "label": "Clearance", "position": "1768385", "team": "not applicable", "visibility": "visible"}, {"gameTime": "2 - 29:54", "label": "Ball out of play", "position": "1794279", "team": "home", "visibility": "visible"}, {"gameTime": "2 - 29:58", "label": "Clearance", "position": "1798063", "team": "not applicable", "visibility": "visible"}, {"gameTime": "2 - 30:13", "label": "Ball out of play", "position": "1813576", "team": "away", "visibility": "visible"}, {"gameTime": "2 - 30:17", "label": "Throw-in", "position": "1817781", "team": "away", "visibility": "visible"}, {"gameTime": "2 - 30:56", "label": "Foul", "position": "1856245", "team": "home", "visibility": "visible"}, {"gameTime": "2 - 31:23", "label": "Direct free-kick", "position": "1883065", "team": "not applicable", "visibility": "visible"}, {"gameTime": "2 - 31:56", "label": "Ball out of play", "position": "1916713", "team": "home", "visibility": "visible"}, {"gameTime": "2 - 33:48", "label": "Clearance", "position": "2028708", "team": "home", "visibility": "visible"}, {"gameTime": "2 - 34:30", "label": "Foul", "position": "2070708", "team": "home", "visibility": "visible"}, {"gameTime": "2 - 34:49", "label": "Substitution", "position": "2089522", "team": "away", "visibility": "visible"}, {"gameTime": "2 - 35:11", "label": "Direct free-kick", "position": "2111666", "team": "away", "visibility": "visible"}, {"gameTime": "2 - 35:16", "label": "Foul", "position": "2116800", "team": "away", "visibility": "visible"}, {"gameTime": "2 - 37:05", "label": "Yellow card", "position": "2225130", "team": "home", "visibility": "visible"}, {"gameTime": "2 - 37:29", "label": "Substitution", "position": "2249947", "team": "home", "visibility": "visible"}, {"gameTime": "2 - 37:44", "label": "Indirect free-kick", "position": "2264818", "team": "not applicable", "visibility": "visible"}, {"gameTime": "2 - 37:59", "label": "Ball out of play", "position": "2279647", "team": "home", "visibility": "visible"}, {"gameTime": "2 - 38:32", "label": "Throw-in", "position": "2312760", "team": "not applicable", "visibility": "visible"}, {"gameTime": "2 - 38:36", "label": "Ball out of play", "position": "2316402", "team": "home", "visibility": "not shown"}, {"gameTime": "2 - 39:02", "label": "Throw-in", "position": "2342098", "team": "not applicable", "visibility": "visible"}, {"gameTime": "2 - 39:24", "label": "Ball out of play", "position": "2364888", "team": "away", "visibility": "visible"}, {"gameTime": "2 - 39:29", "label": "Throw-in", "position": "2369758", "team": "home", "visibility": "visible"}, {"gameTime": "2 - 39:42", "label": "Foul", "position": "2382980", "team": "away", "visibility": "visible"}, {"gameTime": "2 - 40:02", "label": "Indirect free-kick", "position": "2402359", "team": "not applicable", "visibility": "visible"}, {"gameTime": "2 - 40:13", "label": "Ball out of play", "position": "2413544", "team": "away", "visibility": "visible"}, {"gameTime": "2 - 40:18", "label": "Throw-in", "position": "2418813", "team": "away", "visibility": "visible"}, {"gameTime": "2 - 40:57", "label": "Foul", "position": "2457037", "team": "home", "visibility": "visible"}, {"gameTime": "2 - 41:05", "label": "Indirect free-kick", "position": "2465764", "team": "not applicable", "visibility": "visible"}, {"gameTime": "2 - 41:17", "label": "Ball out of play", "position": "2477032", "team": "away", "visibility": "visible"}, {"gameTime": "2 - 42:00", "label": "Throw-in", "position": "2520387", "team": "not applicable", "visibility": "visible"}, {"gameTime": "2 - 42:18", "label": "Ball out of play", "position": "2538372", "team": "home", "visibility": "not shown"}, {"gameTime": "2 - 42:58", "label": "Throw-in", "position": "2578397", "team": "home", "visibility": "visible"}, {"gameTime": "2 - 42:59", "label": "Shots off target", "position": "2579294", "team": "not applicable", "visibility": "visible"}, {"gameTime": "2 - 43:22", "label": "Ball out of play", "position": "2602959", "team": "away", "visibility": "not shown"}, {"gameTime": "2 - 43:36", "label": "Substitution", "position": "2616073", "team": "away", "visibility": "visible"}, {"gameTime": "2 - 44:17", "label": "Clearance", "position": "2657251", "team": "not applicable", "visibility": "visible"}, {"gameTime": "2 - 44:20", "label": "Ball out of play", "position": "2660193", "team": "away", "visibility": "visible"}, {"gameTime": "2 - 44:31", "label": "Throw-in", "position": "2671225", "team": "away", "visibility": "visible"}, {"gameTime": "2 - 44:32", "label": "Shots on target", "position": "2672985", "team": "away", "visibility": "visible"}, {"gameTime": "2 - 44:33", "label": "Shots on target", "position": "2673320", "team": "away", "visibility": "visible"}, {"gameTime": "2 - 45:41", "label": "Goal", "position": "2741428", "team": "home", "visibility": "not shown"}, {"gameTime": "2 - 46:44", "label": "Kick-off", "position": "2804355", "team": "not applicable", "visibility": "visible"}, {"gameTime": "2 - 47:07", "label": "Ball out of play", "position": "2827651", "team": "away", "visibility": "visible"}, {"gameTime": "2 - 47:24", "label": "Corner", "position": "2844777", "team": "home", "visibility": "visible"}, {"gameTime": "2 - 48:15", "label": "Shots on target", "position": "2895122", "team": "not applicable", "visibility": "visible"}, {"gameTime": "2 - 48:35", "label": "Ball out of play", "position": "2915611", "team": "away", "visibility": "visible"}, {"gameTime": "2 - 48:44", "label": "Substitution", "position": "2924160", "team": "home", "visibility": "not shown"}, {"gameTime": "2 - 48:49", "label": "Throw-in", "position": "2929132", "team": "home", "visibility": "visible"}, {"gameTime": "2 - 49:10", "label": "Offside", "position": "2950771", "team": "away", "visibility": "visible"}, {"gameTime": "2 - 49:14", "label": "Indirect free-kick", "position": "2954571", "team": "away", "visibility": "visible"}, {"gameTime": "2 - 49:25", "label": "Foul", "position": "2965956", "team": "home", "visibility": "visible"}], "gameAwayTeam": "Manchester City", "gameDate": "12/09/2015 - 17:00", "gameHomeTeam": "Crystal Palace", "gameScore": "0 - 1"}