{"UrlLocal": "italy_serie-a/2016-2017/2017-04-30 - 13-30 AS Roma 1 - 3 Lazio/", "UrlYoutube": "", "annotations": [{"gameTime": "1 - 00:00", "label": "Offside", "position": "30", "team": "home", "visibility": "visible"}, {"gameTime": "1 - 00:28", "label": "Indirect free-kick", "position": "28799", "team": "away", "visibility": "visible"}, {"gameTime": "1 - 00:44", "label": "Shots on target", "position": "44520", "team": "home", "visibility": "not shown"}, {"gameTime": "1 - 01:53", "label": "Ball out of play", "position": "113802", "team": "home", "visibility": "visible"}, {"gameTime": "1 - 01:54", "label": "Corner", "position": "114251", "team": "not applicable", "visibility": "visible"}, {"gameTime": "1 - 02:23", "label": "Ball out of play", "position": "143369", "team": "home", "visibility": "visible"}, {"gameTime": "1 - 02:30", "label": "Throw-in", "position": "150151", "team": "not applicable", "visibility": "visible"}, {"gameTime": "1 - 02:43", "label": "Ball out of play", "position": "163716", "team": "home", "visibility": "visible"}, {"gameTime": "1 - 02:50", "label": "Corner", "position": "170075", "team": "not applicable", "visibility": "visible"}, {"gameTime": "1 - 03:12", "label": "Ball out of play", "position": "192528", "team": "home", "visibility": "visible"}, {"gameTime": "1 - 04:05", "label": "Throw-in", "position": "245890", "team": "not applicable", "visibility": "visible"}, {"gameTime": "1 - 04:26", "label": "Ball out of play", "position": "266857", "team": "home", "visibility": "visible"}, {"gameTime": "1 - 05:34", "label": "Throw-in", "position": "334121", "team": "not applicable", "visibility": "visible"}, {"gameTime": "1 - 05:40", "label": "Ball out of play", "position": "340631", "team": "home", "visibility": "not shown"}, {"gameTime": "1 - 06:00", "label": "Throw-in", "position": "360646", "team": "not applicable", "visibility": "visible"}, {"gameTime": "1 - 06:19", "label": "Ball out of play", "position": "379618", "team": "away", "visibility": "visible"}, {"gameTime": "1 - 06:24", "label": "Throw-in", "position": "384930", "team": "not applicable", "visibility": "visible"}, {"gameTime": "1 - 06:30", "label": "Shots off target", "position": "390691", "team": "home", "visibility": "visible"}, {"gameTime": "1 - 06:59", "label": "Ball out of play", "position": "419334", "team": "home", "visibility": "visible"}, {"gameTime": "1 - 07:00", "label": "Corner", "position": "420814", "team": "not applicable", "visibility": "visible"}, {"gameTime": "1 - 07:16", "label": "Shots on target", "position": "436778", "team": "home", "visibility": "visible"}, {"gameTime": "1 - 07:57", "label": "Ball out of play", "position": "477380", "team": "home", "visibility": "visible"}, {"gameTime": "1 - 07:59", "label": "Corner", "position": "479217", "team": "not applicable", "visibility": "visible"}, {"gameTime": "1 - 08:15", "label": "Ball out of play", "position": "495563", "team": "home", "visibility": "not shown"}, {"gameTime": "1 - 09:56", "label": "Throw-in", "position": "596933", "team": "not applicable", "visibility": "visible"}, {"gameTime": "1 - 10:12", "label": "Shots off target", "position": "612878", "team": "away", "visibility": "visible"}, {"gameTime": "1 - 10:26", "label": "Ball out of play", "position": "626604", "team": "away", "visibility": "visible"}, {"gameTime": "1 - 10:27", "label": "Clearance", "position": "627565", "team": "not applicable", "visibility": "visible"}, {"gameTime": "1 - 10:46", "label": "Shots on target", "position": "646278", "team": "home", "visibility": "not shown"}, {"gameTime": "1 - 11:00", "label": "Goal", "position": "660567", "team": "away", "visibility": "visible"}, {"gameTime": "1 - 11:01", "label": "Kick-off", "position": "661419", "team": "away", "visibility": "visible"}, {"gameTime": "1 - 12:03", "label": "Ball out of play", "position": "723001", "team": "home", "visibility": "not shown"}, {"gameTime": "1 - 12:34", "label": "Throw-in", "position": "754899", "team": "not applicable", "visibility": "visible"}, {"gameTime": "1 - 12:38", "label": "Ball out of play", "position": "758077", "team": "home", "visibility": "visible"}, {"gameTime": "1 - 12:59", "label": "Throw-in", "position": "779064", "team": "not applicable", "visibility": "visible"}, {"gameTime": "1 - 13:03", "label": "Ball out of play", "position": "783857", "team": "away", "visibility": "visible"}, {"gameTime": "1 - 13:44", "label": "Clearance", "position": "824512", "team": "not applicable", "visibility": "visible"}, {"gameTime": "1 - 14:06", "label": "Foul", "position": "846144", "team": "away", "visibility": "not shown"}, {"gameTime": "1 - 15:27", "label": "Indirect free-kick", "position": "927582", "team": "away", "visibility": "visible"}, {"gameTime": "1 - 15:47", "label": "Ball out of play", "position": "947774", "team": "home", "visibility": "visible"}, {"gameTime": "1 - 16:17", "label": "Throw-in", "position": "977168", "team": "not applicable", "visibility": "visible"}, {"gameTime": "1 - 16:18", "label": "Shots on target", "position": "978818", "team": "home", "visibility": "visible"}, {"gameTime": "1 - 17:13", "label": "Ball out of play", "position": "1033931", "team": "away", "visibility": "visible"}, {"gameTime": "1 - 17:14", "label": "Corner", "position": "1034902", "team": "not applicable", "visibility": "visible"}, {"gameTime": "1 - 17:51", "label": "Foul", "position": "1071403", "team": "away", "visibility": "visible"}, {"gameTime": "1 - 18:20", "label": "Indirect free-kick", "position": "1100479", "team": "away", "visibility": "visible"}, {"gameTime": "1 - 20:57", "label": "Ball out of play", "position": "1257835", "team": "home", "visibility": "not shown"}, {"gameTime": "1 - 22:21", "label": "Throw-in", "position": "1341499", "team": "not applicable", "visibility": "visible"}, {"gameTime": "1 - 22:23", "label": "Foul", "position": "1343929", "team": "home", "visibility": "visible"}, {"gameTime": "1 - 22:58", "label": "Indirect free-kick", "position": "1378373", "team": "home", "visibility": "visible"}, {"gameTime": "1 - 23:28", "label": "Ball out of play", "position": "1408747", "team": "away", "visibility": "visible"}, {"gameTime": "1 - 24:19", "label": "Throw-in", "position": "1459735", "team": "not applicable", "visibility": "visible"}, {"gameTime": "1 - 24:22", "label": "Ball out of play", "position": "1462917", "team": "home", "visibility": "visible"}, {"gameTime": "1 - 25:02", "label": "Throw-in", "position": "1502900", "team": "not applicable", "visibility": "visible"}, {"gameTime": "1 - 25:05", "label": "Ball out of play", "position": "1505280", "team": "home", "visibility": "visible"}, {"gameTime": "1 - 26:29", "label": "Throw-in", "position": "1589755", "team": "not applicable", "visibility": "visible"}, {"gameTime": "1 - 26:50", "label": "Ball out of play", "position": "1610213", "team": "home", "visibility": "visible"}, {"gameTime": "1 - 26:59", "label": "Corner", "position": "1619408", "team": "not applicable", "visibility": "visible"}, {"gameTime": "1 - 27:14", "label": "Ball out of play", "position": "1634064", "team": "home", "visibility": "visible"}, {"gameTime": "1 - 27:17", "label": "Corner", "position": "1637483", "team": "not applicable", "visibility": "visible"}, {"gameTime": "1 - 27:29", "label": "Offside", "position": "1649910", "team": "home", "visibility": "visible"}, {"gameTime": "1 - 27:57", "label": "Indirect free-kick", "position": "1677862", "team": "away", "visibility": "visible"}, {"gameTime": "1 - 28:00", "label": "Foul", "position": "1680547", "team": "home", "visibility": "visible"}, {"gameTime": "1 - 28:48", "label": "Indirect free-kick", "position": "1728958", "team": "home", "visibility": "visible"}, {"gameTime": "1 - 29:02", "label": "Ball out of play", "position": "1742491", "team": "away", "visibility": "not shown"}, {"gameTime": "1 - 30:55", "label": "Throw-in", "position": "1855247", "team": "not applicable", "visibility": "visible"}, {"gameTime": "1 - 31:02", "label": "Ball out of play", "position": "1862192", "team": "away", "visibility": "not shown"}, {"gameTime": "1 - 31:19", "label": "Throw-in", "position": "1879547", "team": "not applicable", "visibility": "visible"}, {"gameTime": "1 - 31:23", "label": "Ball out of play", "position": "1883017", "team": "home", "visibility": "visible"}, {"gameTime": "1 - 32:11", "label": "Throw-in", "position": "1931951", "team": "not applicable", "visibility": "visible"}, {"gameTime": "1 - 32:24", "label": "Ball out of play", "position": "1944377", "team": "away", "visibility": "visible"}, {"gameTime": "1 - 32:34", "label": "Throw-in", "position": "1954245", "team": "not applicable", "visibility": "visible"}, {"gameTime": "1 - 32:40", "label": "Ball out of play", "position": "1960197", "team": "home", "visibility": "visible"}, {"gameTime": "1 - 33:41", "label": "Clearance", "position": "2021485", "team": "not applicable", "visibility": "visible"}, {"gameTime": "1 - 34:03", "label": "Ball out of play", "position": "2043199", "team": "away", "visibility": "visible"}, {"gameTime": "1 - 34:44", "label": "Throw-in", "position": "2084147", "team": "not applicable", "visibility": "visible"}, {"gameTime": "1 - 34:48", "label": "Shots on target", "position": "2088083", "team": "away", "visibility": "not shown"}, {"gameTime": "1 - 35:20", "label": "Ball out of play", "position": "2120504", "team": "away", "visibility": "visible"}, {"gameTime": "1 - 35:22", "label": "Corner", "position": "2122436", "team": "not applicable", "visibility": "visible"}, {"gameTime": "1 - 36:00", "label": "Ball out of play", "position": "2160514", "team": "away", "visibility": "visible"}, {"gameTime": "1 - 36:04", "label": "Throw-in", "position": "2164900", "team": "not applicable", "visibility": "visible"}, {"gameTime": "1 - 36:19", "label": "Ball out of play", "position": "2179684", "team": "away", "visibility": "visible"}, {"gameTime": "1 - 36:28", "label": "Throw-in", "position": "2188931", "team": "not applicable", "visibility": "visible"}, {"gameTime": "1 - 36:37", "label": "Ball out of play", "position": "2197934", "team": "home", "visibility": "visible"}, {"gameTime": "1 - 37:19", "label": "Throw-in", "position": "2239987", "team": "not applicable", "visibility": "visible"}, {"gameTime": "1 - 37:56", "label": "Ball out of play", "position": "2276305", "team": "home", "visibility": "visible"}, {"gameTime": "1 - 39:02", "label": "Throw-in", "position": "2342958", "team": "not applicable", "visibility": "visible"}, {"gameTime": "1 - 39:11", "label": "Foul", "position": "2351135", "team": "home", "visibility": "visible"}, {"gameTime": "1 - 40:02", "label": "Indirect free-kick", "position": "2402698", "team": "away", "visibility": "visible"}, {"gameTime": "1 - 40:10", "label": "Ball out of play", "position": "2410401", "team": "home", "visibility": "visible"}, {"gameTime": "1 - 40:58", "label": "Throw-in", "position": "2458890", "team": "not applicable", "visibility": "visible"}, {"gameTime": "1 - 41:13", "label": "Shots on target", "position": "2473095", "team": "away", "visibility": "not shown"}, {"gameTime": "1 - 41:47", "label": "Ball out of play", "position": "2507941", "team": "home", "visibility": "visible"}, {"gameTime": "1 - 42:04", "label": "Substitution", "position": "2524731", "team": "not applicable", "visibility": "visible"}, {"gameTime": "1 - 42:27", "label": "Throw-in", "position": "2547537", "team": "away", "visibility": "visible"}, {"gameTime": "1 - 42:42", "label": "Ball out of play", "position": "2562053", "team": "home", "visibility": "visible"}, {"gameTime": "1 - 42:51", "label": "Throw-in", "position": "2571393", "team": "not applicable", "visibility": "visible"}, {"gameTime": "1 - 42:59", "label": "Foul", "position": "2579459", "team": "away", "visibility": "not shown"}, {"gameTime": "1 - 43:51", "label": "Yellow card", "position": "2631578", "team": "away", "visibility": "visible"}, {"gameTime": "1 - 44:15", "label": "Penalty", "position": "2655868", "team": "away", "visibility": "not shown"}, {"gameTime": "1 - 44:53", "label": "Shots on target", "position": "2693952", "team": "home", "visibility": "visible"}, {"gameTime": "1 - 44:53", "label": "Goal", "position": "2693952", "team": "home", "visibility": "visible"}, {"gameTime": "1 - 44:54", "label": "Kick-off", "position": "2694654", "team": "home", "visibility": "visible"}, {"gameTime": "1 - 45:50", "label": "Kick-off", "position": "2750197", "team": "away", "visibility": "not shown"}, {"gameTime": "2 - 00:00", "label": "Kick-off", "position": "0", "team": "home", "visibility": "not shown"}, {"gameTime": "2 - 00:00", "label": "Ball out of play", "position": "25", "team": "away", "visibility": "visible"}, {"gameTime": "2 - 00:06", "label": "Throw-in", "position": "6050", "team": "not applicable", "visibility": "visible"}, {"gameTime": "2 - 00:16", "label": "Shots on target", "position": "16350", "team": "home", "visibility": "visible"}, {"gameTime": "2 - 02:19", "label": "Ball out of play", "position": "139859", "team": "home", "visibility": "visible"}, {"gameTime": "2 - 02:20", "label": "Corner", "position": "140469", "team": "not applicable", "visibility": "visible"}, {"gameTime": "2 - 02:40", "label": "Foul", "position": "160539", "team": "home", "visibility": "visible"}, {"gameTime": "2 - 02:49", "label": "Indirect free-kick", "position": "169528", "team": "away", "visibility": "visible"}, {"gameTime": "2 - 03:04", "label": "Shots off target", "position": "184952", "team": "home", "visibility": "not shown"}, {"gameTime": "2 - 04:04", "label": "Ball out of play", "position": "244749", "team": "home", "visibility": "visible"}, {"gameTime": "2 - 04:05", "label": "Clearance", "position": "245279", "team": "not applicable", "visibility": "visible"}, {"gameTime": "2 - 04:09", "label": "Shots on target", "position": "249276", "team": "away", "visibility": "not shown"}, {"gameTime": "2 - 04:30", "label": "Goal", "position": "270244", "team": "away", "visibility": "visible"}, {"gameTime": "2 - 04:31", "label": "Kick-off", "position": "271478", "team": "away", "visibility": "visible"}, {"gameTime": "2 - 05:52", "label": "Ball out of play", "position": "352717", "team": "home", "visibility": "visible"}, {"gameTime": "2 - 06:40", "label": "Throw-in", "position": "400188", "team": "not applicable", "visibility": "visible"}, {"gameTime": "2 - 06:46", "label": "Foul", "position": "406638", "team": "home", "visibility": "visible"}, {"gameTime": "2 - 06:55", "label": "Indirect free-kick", "position": "415994", "team": "home", "visibility": "visible"}, {"gameTime": "2 - 07:19", "label": "Ball out of play", "position": "439616", "team": "away", "visibility": "not shown"}, {"gameTime": "2 - 07:37", "label": "Throw-in", "position": "457719", "team": "not applicable", "visibility": "visible"}, {"gameTime": "2 - 07:44", "label": "Offside", "position": "464198", "team": "away", "visibility": "visible"}, {"gameTime": "2 - 08:10", "label": "Indirect free-kick", "position": "490840", "team": "away", "visibility": "visible"}, {"gameTime": "2 - 08:13", "label": "Shots off target", "position": "493959", "team": "home", "visibility": "visible"}, {"gameTime": "2 - 09:25", "label": "Ball out of play", "position": "565216", "team": "home", "visibility": "visible"}, {"gameTime": "2 - 09:26", "label": "Throw-in", "position": "566912", "team": "not applicable", "visibility": "visible"}, {"gameTime": "2 - 09:30", "label": "Shots on target", "position": "570490", "team": "home", "visibility": "not shown"}, {"gameTime": "2 - 09:42", "label": "Foul", "position": "582721", "team": "home", "visibility": "visible"}, {"gameTime": "2 - 11:45", "label": "Indirect free-kick", "position": "705197", "team": "away", "visibility": "visible"}, {"gameTime": "2 - 12:01", "label": "Offside", "position": "721125", "team": "home", "visibility": "not shown"}, {"gameTime": "2 - 12:37", "label": "Indirect free-kick", "position": "757905", "team": "away", "visibility": "visible"}, {"gameTime": "2 - 12:41", "label": "Shots on target", "position": "761845", "team": "home", "visibility": "visible"}, {"gameTime": "2 - 13:39", "label": "Shots on target", "position": "819504", "team": "away", "visibility": "visible"}, {"gameTime": "2 - 13:58", "label": "Shots off target", "position": "838842", "team": "away", "visibility": "visible"}, {"gameTime": "2 - 14:27", "label": "Ball out of play", "position": "867963", "team": "away", "visibility": "visible"}, {"gameTime": "2 - 14:28", "label": "Clearance", "position": "868657", "team": "not applicable", "visibility": "visible"}, {"gameTime": "2 - 14:32", "label": "Foul", "position": "872425", "team": "home", "visibility": "not shown"}, {"gameTime": "2 - 16:02", "label": "Indirect free-kick", "position": "962442", "team": "away", "visibility": "visible"}, {"gameTime": "2 - 16:05", "label": "Shots on target", "position": "965706", "team": "home", "visibility": "visible"}, {"gameTime": "2 - 17:43", "label": "Ball out of play", "position": "1063330", "team": "away", "visibility": "visible"}, {"gameTime": "2 - 17:43", "label": "Corner", "position": "1063759", "team": "not applicable", "visibility": "visible"}, {"gameTime": "2 - 18:07", "label": "Ball out of play", "position": "1087122", "team": "away", "visibility": "not shown"}, {"gameTime": "2 - 18:15", "label": "Substitution", "position": "1095654", "team": "not applicable", "visibility": "visible"}, {"gameTime": "2 - 18:39", "label": "Clearance", "position": "1119704", "team": "home", "visibility": "visible"}, {"gameTime": "2 - 18:48", "label": "Clearance", "position": "1128812", "team": "home", "visibility": "not shown"}, {"gameTime": "2 - 20:03", "label": "Ball out of play", "position": "1203452", "team": "away", "visibility": "visible"}, {"gameTime": "2 - 20:18", "label": "Throw-in", "position": "1218589", "team": "not applicable", "visibility": "visible"}, {"gameTime": "2 - 20:22", "label": "Ball out of play", "position": "1222107", "team": "home", "visibility": "visible"}, {"gameTime": "2 - 20:46", "label": "Clearance", "position": "1246149", "team": "not applicable", "visibility": "visible"}, {"gameTime": "2 - 21:13", "label": "Ball out of play", "position": "1273716", "team": "away", "visibility": "visible"}, {"gameTime": "2 - 21:37", "label": "Clearance", "position": "1297519", "team": "not applicable", "visibility": "visible"}, {"gameTime": "2 - 22:13", "label": "Ball out of play", "position": "1333337", "team": "away", "visibility": "visible"}, {"gameTime": "2 - 23:36", "label": "Clearance", "position": "1416800", "team": "not applicable", "visibility": "visible"}, {"gameTime": "2 - 24:04", "label": "Ball out of play", "position": "1444302", "team": "away", "visibility": "not shown"}, {"gameTime": "2 - 24:51", "label": "Throw-in", "position": "1491038", "team": "not applicable", "visibility": "visible"}, {"gameTime": "2 - 24:53", "label": "Ball out of play", "position": "1493777", "team": "home", "visibility": "not shown"}, {"gameTime": "2 - 25:36", "label": "Throw-in", "position": "1536065", "team": "not applicable", "visibility": "visible"}, {"gameTime": "2 - 25:52", "label": "Ball out of play", "position": "1552951", "team": "away", "visibility": "visible"}, {"gameTime": "2 - 26:06", "label": "Corner", "position": "1566897", "team": "not applicable", "visibility": "visible"}, {"gameTime": "2 - 26:24", "label": "Ball out of play", "position": "1584596", "team": "home", "visibility": "visible"}, {"gameTime": "2 - 27:12", "label": "Substitution", "position": "1632102", "team": "not applicable", "visibility": "visible"}, {"gameTime": "2 - 27:44", "label": "Substitution", "position": "1664933", "team": "home", "visibility": "visible"}, {"gameTime": "2 - 28:49", "label": "Throw-in", "position": "1729944", "team": "away", "visibility": "visible"}, {"gameTime": "2 - 29:04", "label": "Foul", "position": "1744784", "team": "away", "visibility": "visible"}, {"gameTime": "2 - 29:28", "label": "Indirect free-kick", "position": "1768645", "team": "home", "visibility": "visible"}, {"gameTime": "2 - 29:56", "label": "Shots off target", "position": "1796254", "team": "away", "visibility": "visible"}, {"gameTime": "2 - 30:52", "label": "Ball out of play", "position": "1852111", "team": "home", "visibility": "visible"}, {"gameTime": "2 - 30:53", "label": "Clearance", "position": "1853353", "team": "not applicable", "visibility": "visible"}, {"gameTime": "2 - 31:20", "label": "Ball out of play", "position": "1880278", "team": "away", "visibility": "visible"}, {"gameTime": "2 - 31:27", "label": "Throw-in", "position": "1887076", "team": "not applicable", "visibility": "visible"}, {"gameTime": "2 - 31:39", "label": "Ball out of play", "position": "1899160", "team": "home", "visibility": "visible"}, {"gameTime": "2 - 32:27", "label": "Throw-in", "position": "1947590", "team": "not applicable", "visibility": "visible"}, {"gameTime": "2 - 32:31", "label": "Foul", "position": "1951328", "team": "home", "visibility": "not shown"}, {"gameTime": "2 - 32:54", "label": "Indirect free-kick", "position": "1974542", "team": "home", "visibility": "visible"}, {"gameTime": "2 - 33:21", "label": "Offside", "position": "2001437", "team": "away", "visibility": "visible"}, {"gameTime": "2 - 33:24", "label": "Indirect free-kick", "position": "2004266", "team": "away", "visibility": "visible"}, {"gameTime": "2 - 33:34", "label": "Ball out of play", "position": "2014568", "team": "home", "visibility": "not shown"}, {"gameTime": "2 - 34:22", "label": "Clearance", "position": "2062370", "team": "not applicable", "visibility": "visible"}, {"gameTime": "2 - 34:45", "label": "Shots on target", "position": "2085701", "team": "away", "visibility": "visible"}, {"gameTime": "2 - 35:22", "label": "Foul", "position": "2122426", "team": "away", "visibility": "visible"}, {"gameTime": "2 - 35:38", "label": "Yellow card", "position": "2138056", "team": "away", "visibility": "visible"}, {"gameTime": "2 - 35:54", "label": "Direct free-kick", "position": "2154381", "team": "away", "visibility": "visible"}, {"gameTime": "2 - 36:39", "label": "Shots on target", "position": "2199004", "team": "home", "visibility": "visible"}, {"gameTime": "2 - 36:53", "label": "Ball out of play", "position": "2213997", "team": "away", "visibility": "visible"}, {"gameTime": "2 - 36:55", "label": "Corner", "position": "2215171", "team": "not applicable", "visibility": "visible"}, {"gameTime": "2 - 37:31", "label": "Foul", "position": "2251802", "team": "away", "visibility": "visible"}, {"gameTime": "2 - 37:47", "label": "Indirect free-kick", "position": "2267503", "team": "home", "visibility": "visible"}, {"gameTime": "2 - 38:35", "label": "Offside", "position": "2315745", "team": "away", "visibility": "visible"}, {"gameTime": "2 - 38:53", "label": "Indirect free-kick", "position": "2333396", "team": "away", "visibility": "visible"}, {"gameTime": "2 - 39:05", "label": "Shots on target", "position": "2345598", "team": "home", "visibility": "visible"}, {"gameTime": "2 - 39:43", "label": "Goal", "position": "2383107", "team": "away", "visibility": "visible"}, {"gameTime": "2 - 39:43", "label": "Yellow card", "position": "2383522", "team": "away", "visibility": "visible"}, {"gameTime": "2 - 41:09", "label": "Substitution", "position": "2469364", "team": "away", "visibility": "visible"}, {"gameTime": "2 - 41:52", "label": "Kick-off", "position": "2512731", "team": "away", "visibility": "visible"}, {"gameTime": "2 - 41:59", "label": "Ball out of play", "position": "2519967", "team": "home", "visibility": "not shown"}, {"gameTime": "2 - 42:12", "label": "Throw-in", "position": "2532149", "team": "not applicable", "visibility": "visible"}, {"gameTime": "2 - 42:18", "label": "Ball out of play", "position": "2538110", "team": "home", "visibility": "visible"}, {"gameTime": "2 - 42:43", "label": "Throw-in", "position": "2563200", "team": "not applicable", "visibility": "visible"}, {"gameTime": "2 - 42:58", "label": "Foul", "position": "2578883", "team": "away", "visibility": "visible"}, {"gameTime": "2 - 43:21", "label": "Direct free-kick", "position": "2601286", "team": "away", "visibility": "visible"}, {"gameTime": "2 - 43:54", "label": "Foul", "position": "2634579", "team": "home", "visibility": "visible"}, {"gameTime": "2 - 43:55", "label": "Indirect free-kick", "position": "2635903", "team": "home", "visibility": "visible"}, {"gameTime": "2 - 44:30", "label": "Ball out of play", "position": "2670903", "team": "away", "visibility": "not shown"}, {"gameTime": "2 - 44:37", "label": "Throw-in", "position": "2677860", "team": "not applicable", "visibility": "not shown"}, {"gameTime": "2 - 44:43", "label": "Foul", "position": "2683518", "team": "home", "visibility": "visible"}, {"gameTime": "2 - 45:08", "label": "Indirect free-kick", "position": "2708203", "team": "away", "visibility": "visible"}, {"gameTime": "2 - 45:12", "label": "Shots on target", "position": "2712125", "team": "home", "visibility": "visible"}, {"gameTime": "2 - 45:41", "label": "Ball out of play", "position": "2741635", "team": "away", "visibility": "visible"}, {"gameTime": "2 - 45:42", "label": "Corner", "position": "2742484", "team": "not applicable", "visibility": "visible"}, {"gameTime": "2 - 46:13", "label": "Foul", "position": "2773026", "team": "away", "visibility": "visible"}, {"gameTime": "2 - 46:30", "label": "Yellow card", "position": "2790852", "team": "home", "visibility": "visible"}, {"gameTime": "2 - 46:47", "label": "Indirect free-kick", "position": "2807778", "team": "away", "visibility": "not shown"}, {"gameTime": "2 - 47:08", "label": "Foul", "position": "2828465", "team": "away", "visibility": "not shown"}, {"gameTime": "2 - 47:29", "label": "Red card", "position": "2849357", "team": "home", "visibility": "visible"}, {"gameTime": "2 - 47:33", "label": "Indirect free-kick", "position": "2853420", "team": "home", "visibility": "visible"}, {"gameTime": "2 - 48:21", "label": "Ball out of play", "position": "2901905", "team": "away", "visibility": "visible"}, {"gameTime": "2 - 48:27", "label": "Ball out of play", "position": "2907124", "team": "not applicable", "visibility": "visible"}], "gameAwayTeam": "Lazio", "gameDate": "30/04/2017 - 13:30", "gameHomeTeam": "AS Roma", "gameScore": "1 - 3"}