{"UrlLocal": "italy_serie-a/2016-2017/2017-01-21 - 22-45 AC Milan 1 - 2 Napoli/", "UrlYoutube": "", "annotations": [{"gameTime": "1 - 00:29", "label": "Kick-off", "position": "29610", "team": "not applicable", "visibility": "not shown"}, {"gameTime": "1 - 00:33", "label": "Ball out of play", "position": "33742", "team": "away", "visibility": "not shown"}, {"gameTime": "1 - 00:50", "label": "Throw-in", "position": "50964", "team": "not applicable", "visibility": "visible"}, {"gameTime": "1 - 00:58", "label": "Ball out of play", "position": "58461", "team": "away", "visibility": "visible"}, {"gameTime": "1 - 01:43", "label": "Throw-in", "position": "103138", "team": "not applicable", "visibility": "visible"}, {"gameTime": "1 - 01:48", "label": "Ball out of play", "position": "108721", "team": "away", "visibility": "visible"}, {"gameTime": "1 - 02:00", "label": "Throw-in", "position": "120004", "team": "not applicable", "visibility": "visible"}, {"gameTime": "1 - 02:13", "label": "Ball out of play", "position": "133306", "team": "home", "visibility": "visible"}, {"gameTime": "1 - 03:06", "label": "Throw-in", "position": "186086", "team": "not applicable", "visibility": "visible"}, {"gameTime": "1 - 03:13", "label": "Ball out of play", "position": "193271", "team": "home", "visibility": "visible"}, {"gameTime": "1 - 05:06", "label": "Throw-in", "position": "306579", "team": "away", "visibility": "visible"}, {"gameTime": "1 - 05:07", "label": "Shots on target", "position": "307464", "team": "away", "visibility": "visible"}, {"gameTime": "1 - 06:05", "label": "Goal", "position": "365371", "team": "home", "visibility": "visible"}, {"gameTime": "1 - 06:13", "label": "Kick-off", "position": "373201", "team": "not applicable", "visibility": "visible"}, {"gameTime": "1 - 06:22", "label": "Ball out of play", "position": "382655", "team": "away", "visibility": "visible"}, {"gameTime": "1 - 07:06", "label": "Throw-in", "position": "426016", "team": "away", "visibility": "visible"}, {"gameTime": "1 - 07:19", "label": "Foul", "position": "439718", "team": "home", "visibility": "visible"}, {"gameTime": "1 - 08:14", "label": "Indirect free-kick", "position": "494286", "team": "away", "visibility": "visible"}, {"gameTime": "1 - 08:15", "label": "Shots on target", "position": "495000", "team": "away", "visibility": "visible"}, {"gameTime": "1 - 09:11", "label": "Goal", "position": "551566", "team": "home", "visibility": "not shown"}, {"gameTime": "1 - 09:40", "label": "Kick-off", "position": "580128", "team": "not applicable", "visibility": "visible"}, {"gameTime": "1 - 09:44", "label": "Ball out of play", "position": "584655", "team": "home", "visibility": "not shown"}, {"gameTime": "1 - 09:48", "label": "Throw-in", "position": "588509", "team": "not applicable", "visibility": "visible"}, {"gameTime": "1 - 09:54", "label": "Ball out of play", "position": "594405", "team": "away", "visibility": "visible"}, {"gameTime": "1 - 10:29", "label": "Throw-in", "position": "629127", "team": "not applicable", "visibility": "not shown"}, {"gameTime": "1 - 10:37", "label": "Ball out of play", "position": "637332", "team": "home", "visibility": "visible"}, {"gameTime": "1 - 11:24", "label": "Throw-in", "position": "684969", "team": "not applicable", "visibility": "visible"}, {"gameTime": "1 - 11:29", "label": "Ball out of play", "position": "689903", "team": "away", "visibility": "visible"}, {"gameTime": "1 - 12:05", "label": "Yellow card", "position": "725935", "team": "home", "visibility": "not shown"}, {"gameTime": "1 - 13:20", "label": "Clearance", "position": "800011", "team": "not applicable", "visibility": "visible"}, {"gameTime": "1 - 13:28", "label": "Ball out of play", "position": "808923", "team": "away", "visibility": "not shown"}, {"gameTime": "1 - 16:31", "label": "Throw-in", "position": "991817", "team": "home", "visibility": "visible"}, {"gameTime": "1 - 16:50", "label": "Foul", "position": "1010420", "team": "away", "visibility": "not shown"}, {"gameTime": "1 - 17:05", "label": "Indirect free-kick", "position": "1025244", "team": "not applicable", "visibility": "visible"}, {"gameTime": "1 - 17:13", "label": "Ball out of play", "position": "1033508", "team": "away", "visibility": "not shown"}, {"gameTime": "1 - 18:20", "label": "Clearance", "position": "1100539", "team": "not applicable", "visibility": "visible"}, {"gameTime": "1 - 18:33", "label": "Ball out of play", "position": "1113843", "team": "away", "visibility": "visible"}, {"gameTime": "1 - 20:32", "label": "Throw-in", "position": "1232122", "team": "home", "visibility": "visible"}, {"gameTime": "1 - 20:50", "label": "Foul", "position": "1250148", "team": "away", "visibility": "not shown"}, {"gameTime": "1 - 21:10", "label": "Indirect free-kick", "position": "1270942", "team": "away", "visibility": "visible"}, {"gameTime": "1 - 21:22", "label": "Foul", "position": "1282153", "team": "home", "visibility": "not shown"}, {"gameTime": "1 - 21:31", "label": "Indirect free-kick", "position": "1291908", "team": "home", "visibility": "visible"}, {"gameTime": "1 - 21:35", "label": "Foul", "position": "1295969", "team": "home", "visibility": "visible"}, {"gameTime": "1 - 22:10", "label": "Yellow card", "position": "1330316", "team": "away", "visibility": "visible"}, {"gameTime": "1 - 22:44", "label": "Indirect free-kick", "position": "1364316", "team": "not applicable", "visibility": "visible"}, {"gameTime": "1 - 22:47", "label": "Ball out of play", "position": "1367222", "team": "home", "visibility": "visible"}, {"gameTime": "1 - 23:41", "label": "Throw-in", "position": "1421830", "team": "not applicable", "visibility": "visible"}, {"gameTime": "1 - 23:50", "label": "Ball out of play", "position": "1430174", "team": "home", "visibility": "not shown"}, {"gameTime": "1 - 25:36", "label": "Throw-in", "position": "1536986", "team": "not applicable", "visibility": "visible"}, {"gameTime": "1 - 25:40", "label": "Ball out of play", "position": "1540743", "team": "home", "visibility": "visible"}, {"gameTime": "1 - 25:48", "label": "Throw-in", "position": "1548769", "team": "home", "visibility": "visible"}, {"gameTime": "1 - 25:50", "label": "Foul", "position": "1550953", "team": "home", "visibility": "visible"}, {"gameTime": "1 - 26:40", "label": "Yellow card", "position": "1600575", "team": "away", "visibility": "visible"}, {"gameTime": "1 - 26:40", "label": "Indirect free-kick", "position": "1600868", "team": "away", "visibility": "visible"}, {"gameTime": "1 - 26:59", "label": "Foul", "position": "1619310", "team": "home", "visibility": "not shown"}, {"gameTime": "1 - 27:18", "label": "Indirect free-kick", "position": "1638400", "team": "away", "visibility": "visible"}, {"gameTime": "1 - 27:33", "label": "Foul", "position": "1653021", "team": "home", "visibility": "not shown"}, {"gameTime": "1 - 28:22", "label": "Indirect free-kick", "position": "1702281", "team": "away", "visibility": "visible"}, {"gameTime": "1 - 28:47", "label": "Shots on target", "position": "1727602", "team": "not applicable", "visibility": "visible"}, {"gameTime": "1 - 28:53", "label": "Ball out of play", "position": "1733275", "team": "home", "visibility": "not shown"}, {"gameTime": "1 - 29:20", "label": "Throw-in", "position": "1760619", "team": "not applicable", "visibility": "visible"}, {"gameTime": "1 - 29:25", "label": "Ball out of play", "position": "1765998", "team": "home", "visibility": "visible"}, {"gameTime": "1 - 31:35", "label": "Throw-in", "position": "1895023", "team": "away", "visibility": "visible"}, {"gameTime": "1 - 31:48", "label": "Offside", "position": "1908041", "team": "home", "visibility": "not shown"}, {"gameTime": "1 - 32:01", "label": "Indirect free-kick", "position": "1921839", "team": "away", "visibility": "visible"}, {"gameTime": "1 - 32:10", "label": "Foul", "position": "1930335", "team": "home", "visibility": "not shown"}, {"gameTime": "1 - 33:36", "label": "Indirect free-kick", "position": "2016665", "team": "not applicable", "visibility": "visible"}, {"gameTime": "1 - 33:58", "label": "Ball out of play", "position": "2038936", "team": "away", "visibility": "not shown"}, {"gameTime": "1 - 34:04", "label": "Clearance", "position": "2044755", "team": "not applicable", "visibility": "visible"}, {"gameTime": "1 - 34:10", "label": "Ball out of play", "position": "2050805", "team": "home", "visibility": "not shown"}, {"gameTime": "1 - 34:33", "label": "Throw-in", "position": "2073200", "team": "home", "visibility": "visible"}, {"gameTime": "1 - 34:34", "label": "Shots off target", "position": "2074044", "team": "not applicable", "visibility": "visible"}, {"gameTime": "1 - 34:40", "label": "Ball out of play", "position": "2080463", "team": "home", "visibility": "visible"}, {"gameTime": "1 - 34:46", "label": "Corner", "position": "2086841", "team": "home", "visibility": "visible"}, {"gameTime": "1 - 34:47", "label": "Shots off target", "position": "2087687", "team": "not applicable", "visibility": "visible"}, {"gameTime": "1 - 35:17", "label": "Ball out of play", "position": "2117563", "team": "away", "visibility": "not shown"}, {"gameTime": "1 - 35:48", "label": "Clearance", "position": "2148497", "team": "home", "visibility": "visible"}, {"gameTime": "1 - 36:14", "label": "Offside", "position": "2174937", "team": "away", "visibility": "not shown"}, {"gameTime": "1 - 36:22", "label": "Indirect free-kick", "position": "2182136", "team": "home", "visibility": "visible"}, {"gameTime": "1 - 36:23", "label": "Shots on target", "position": "2183200", "team": "home", "visibility": "visible"}, {"gameTime": "1 - 36:49", "label": "Goal", "position": "2209362", "team": "away", "visibility": "not shown"}, {"gameTime": "1 - 36:53", "label": "Kick-off", "position": "2213101", "team": "home", "visibility": "visible"}, {"gameTime": "1 - 37:15", "label": "Foul", "position": "2235651", "team": "away", "visibility": "visible"}, {"gameTime": "1 - 37:26", "label": "Indirect free-kick", "position": "2246661", "team": "away", "visibility": "visible"}, {"gameTime": "1 - 37:32", "label": "Foul", "position": "2252367", "team": "away", "visibility": "visible"}, {"gameTime": "1 - 38:11", "label": "Yellow card", "position": "2291294", "team": "home", "visibility": "visible"}, {"gameTime": "1 - 38:27", "label": "Indirect free-kick", "position": "2307598", "team": "home", "visibility": "visible"}, {"gameTime": "1 - 38:41", "label": "Foul", "position": "2321840", "team": "away", "visibility": "visible"}, {"gameTime": "1 - 39:22", "label": "Indirect free-kick", "position": "2362870", "team": "home", "visibility": "visible"}, {"gameTime": "1 - 39:25", "label": "Foul", "position": "2365072", "team": "away", "visibility": "visible"}, {"gameTime": "1 - 39:37", "label": "Indirect free-kick", "position": "2377263", "team": "home", "visibility": "visible"}, {"gameTime": "1 - 40:01", "label": "Foul", "position": "2401759", "team": "away", "visibility": "not shown"}, {"gameTime": "1 - 40:18", "label": "Indirect free-kick", "position": "2418102", "team": "not applicable", "visibility": "visible"}, {"gameTime": "1 - 40:37", "label": "Ball out of play", "position": "2437212", "team": "away", "visibility": "visible"}, {"gameTime": "1 - 41:10", "label": "Throw-in", "position": "2470574", "team": "away", "visibility": "visible"}, {"gameTime": "1 - 41:15", "label": "Foul", "position": "2475206", "team": "home", "visibility": "not shown"}, {"gameTime": "1 - 41:47", "label": "Indirect free-kick", "position": "2507551", "team": "away", "visibility": "not shown"}, {"gameTime": "1 - 41:56", "label": "Foul", "position": "2516795", "team": "home", "visibility": "not shown"}, {"gameTime": "1 - 42:06", "label": "Indirect free-kick", "position": "2526726", "team": "not applicable", "visibility": "visible"}, {"gameTime": "1 - 42:11", "label": "Ball out of play", "position": "2531428", "team": "home", "visibility": "not shown"}, {"gameTime": "1 - 42:36", "label": "Throw-in", "position": "2556156", "team": "not applicable", "visibility": "visible"}, {"gameTime": "1 - 42:47", "label": "Ball out of play", "position": "2567594", "team": "home", "visibility": "not shown"}, {"gameTime": "1 - 43:30", "label": "Clearance", "position": "2610345", "team": "not applicable", "visibility": "visible"}, {"gameTime": "1 - 43:44", "label": "Ball out of play", "position": "2624690", "team": "away", "visibility": "visible"}, {"gameTime": "1 - 44:29", "label": "Throw-in", "position": "2669523", "team": "away", "visibility": "visible"}, {"gameTime": "1 - 44:39", "label": "Shots on target", "position": "2679533", "team": "not applicable", "visibility": "visible"}, {"gameTime": "1 - 44:41", "label": "Ball out of play", "position": "2681458", "team": "away", "visibility": "visible"}, {"gameTime": "1 - 44:53", "label": "Throw-in", "position": "2693488", "team": "not applicable", "visibility": "visible"}, {"gameTime": "1 - 45:02", "label": "Ball out of play", "position": "2702841", "team": "home", "visibility": "visible"}, {"gameTime": "1 - 45:15", "label": "Throw-in", "position": "2715409", "team": "away", "visibility": "visible"}, {"gameTime": "1 - 45:19", "label": "Foul", "position": "2719933", "team": "away", "visibility": "visible"}, {"gameTime": "2 - 01:20", "label": "Kick-off", "position": "80754", "team": "home", "visibility": "visible"}, {"gameTime": "2 - 01:25", "label": "Shots off target", "position": "85794", "team": "not applicable", "visibility": "visible"}, {"gameTime": "2 - 01:38", "label": "Ball out of play", "position": "98880", "team": "away", "visibility": "not shown"}, {"gameTime": "2 - 02:12", "label": "Clearance", "position": "132241", "team": "not applicable", "visibility": "visible"}, {"gameTime": "2 - 02:26", "label": "Ball out of play", "position": "146690", "team": "home", "visibility": "visible"}, {"gameTime": "2 - 02:36", "label": "Corner", "position": "156269", "team": "home", "visibility": "visible"}, {"gameTime": "2 - 03:27", "label": "Shots on target", "position": "207874", "team": "not applicable", "visibility": "visible"}, {"gameTime": "2 - 04:10", "label": "Ball out of play", "position": "250228", "team": "away", "visibility": "visible"}, {"gameTime": "2 - 04:43", "label": "Throw-in", "position": "283271", "team": "not applicable", "visibility": "visible"}, {"gameTime": "2 - 05:01", "label": "Ball out of play", "position": "301811", "team": "away", "visibility": "visible"}, {"gameTime": "2 - 05:08", "label": "Throw-in", "position": "308176", "team": "home", "visibility": "visible"}, {"gameTime": "2 - 05:13", "label": "Foul", "position": "313484", "team": "home", "visibility": "visible"}, {"gameTime": "2 - 06:28", "label": "Yellow card", "position": "388937", "team": "away", "visibility": "visible"}, {"gameTime": "2 - 06:28", "label": "Direct free-kick", "position": "388948", "team": "away", "visibility": "visible"}, {"gameTime": "2 - 06:30", "label": "Shots off target", "position": "390021", "team": "not applicable", "visibility": "visible"}, {"gameTime": "2 - 06:44", "label": "Ball out of play", "position": "404979", "team": "home", "visibility": "not shown"}, {"gameTime": "2 - 06:50", "label": "Clearance", "position": "410397", "team": "not applicable", "visibility": "visible"}, {"gameTime": "2 - 06:57", "label": "Ball out of play", "position": "417958", "team": "home", "visibility": "visible"}, {"gameTime": "2 - 07:45", "label": "Throw-in", "position": "465106", "team": "home", "visibility": "visible"}, {"gameTime": "2 - 07:46", "label": "Shots off target", "position": "466737", "team": "not applicable", "visibility": "visible"}, {"gameTime": "2 - 08:10", "label": "Ball out of play", "position": "490636", "team": "away", "visibility": "visible"}, {"gameTime": "2 - 08:14", "label": "Clearance", "position": "494097", "team": "not applicable", "visibility": "visible"}, {"gameTime": "2 - 08:18", "label": "Ball out of play", "position": "498133", "team": "home", "visibility": "visible"}, {"gameTime": "2 - 08:44", "label": "Throw-in", "position": "524052", "team": "home", "visibility": "visible"}, {"gameTime": "2 - 09:59", "label": "Shots off target", "position": "599309", "team": "not applicable", "visibility": "visible"}, {"gameTime": "2 - 10:26", "label": "Ball out of play", "position": "626676", "team": "away", "visibility": "visible"}, {"gameTime": "2 - 10:40", "label": "Clearance", "position": "640836", "team": "not applicable", "visibility": "visible"}, {"gameTime": "2 - 10:43", "label": "Ball out of play", "position": "643373", "team": "home", "visibility": "visible"}, {"gameTime": "2 - 11:13", "label": "Yellow card", "position": "673464", "team": "away", "visibility": "not shown"}, {"gameTime": "2 - 11:37", "label": "Clearance", "position": "697137", "team": "home", "visibility": "visible"}, {"gameTime": "2 - 11:55", "label": "Shots off target", "position": "715969", "team": "not applicable", "visibility": "visible"}, {"gameTime": "2 - 12:02", "label": "Ball out of play", "position": "722643", "team": "away", "visibility": "visible"}, {"gameTime": "2 - 12:31", "label": "Throw-in", "position": "751486", "team": "away", "visibility": "visible"}, {"gameTime": "2 - 12:38", "label": "Offside", "position": "758362", "team": "home", "visibility": "not shown"}, {"gameTime": "2 - 12:56", "label": "Indirect free-kick", "position": "776819", "team": "not applicable", "visibility": "visible"}, {"gameTime": "2 - 13:05", "label": "Ball out of play", "position": "785107", "team": "home", "visibility": "visible"}, {"gameTime": "2 - 13:20", "label": "Corner", "position": "800046", "team": "away", "visibility": "visible"}, {"gameTime": "2 - 13:22", "label": "Shots off target", "position": "802798", "team": "not applicable", "visibility": "visible"}, {"gameTime": "2 - 14:47", "label": "Ball out of play", "position": "887032", "team": "home", "visibility": "visible"}, {"gameTime": "2 - 14:48", "label": "Shots off target", "position": "888095", "team": "not applicable", "visibility": "visible"}, {"gameTime": "2 - 15:35", "label": "Ball out of play", "position": "935497", "team": "away", "visibility": "visible"}, {"gameTime": "2 - 15:43", "label": "Substitution", "position": "943071", "team": "away", "visibility": "not shown"}, {"gameTime": "2 - 15:48", "label": "Clearance", "position": "948253", "team": "not applicable", "visibility": "visible"}, {"gameTime": "2 - 16:04", "label": "Ball out of play", "position": "964947", "team": "home", "visibility": "visible"}, {"gameTime": "2 - 17:47", "label": "Corner", "position": "1067297", "team": "away", "visibility": "visible"}, {"gameTime": "2 - 17:48", "label": "Shots off target", "position": "1068156", "team": "not applicable", "visibility": "visible"}, {"gameTime": "2 - 18:58", "label": "Ball out of play", "position": "1138397", "team": "home", "visibility": "not shown"}, {"gameTime": "2 - 19:09", "label": "Clearance", "position": "1149936", "team": "not applicable", "visibility": "not shown"}, {"gameTime": "2 - 19:20", "label": "Ball out of play", "position": "1160301", "team": "home", "visibility": "visible"}, {"gameTime": "2 - 19:53", "label": "Throw-in", "position": "1193652", "team": "home", "visibility": "visible"}, {"gameTime": "2 - 20:00", "label": "Foul", "position": "1200255", "team": "away", "visibility": "not shown"}, {"gameTime": "2 - 20:10", "label": "Indirect free-kick", "position": "1210240", "team": "away", "visibility": "visible"}, {"gameTime": "2 - 20:25", "label": "Offside", "position": "1225658", "team": "home", "visibility": "not shown"}, {"gameTime": "2 - 20:53", "label": "Indirect free-kick", "position": "1253550", "team": "not applicable", "visibility": "visible"}, {"gameTime": "2 - 21:11", "label": "Ball out of play", "position": "1271244", "team": "away", "visibility": "not shown"}, {"gameTime": "2 - 22:12", "label": "Throw-in", "position": "1332243", "team": "home", "visibility": "visible"}, {"gameTime": "2 - 22:36", "label": "Shots on target", "position": "1356725", "team": "home", "visibility": "visible"}, {"gameTime": "2 - 22:48", "label": "Foul", "position": "1368199", "team": "away", "visibility": "visible"}, {"gameTime": "2 - 22:57", "label": "Indirect free-kick", "position": "1377540", "team": "not applicable", "visibility": "not shown"}, {"gameTime": "2 - 23:11", "label": "Ball out of play", "position": "1391216", "team": "home", "visibility": "not shown"}, {"gameTime": "2 - 24:24", "label": "Clearance", "position": "1464244", "team": "away", "visibility": "visible"}, {"gameTime": "2 - 26:17", "label": "Shots on target", "position": "1577220", "team": "not applicable", "visibility": "visible"}, {"gameTime": "2 - 26:35", "label": "Ball out of play", "position": "1595461", "team": "home", "visibility": "visible"}, {"gameTime": "2 - 26:40", "label": "Corner", "position": "1600524", "team": "not applicable", "visibility": "visible"}, {"gameTime": "2 - 26:53", "label": "Ball out of play", "position": "1613753", "team": "home", "visibility": "not shown"}, {"gameTime": "2 - 27:44", "label": "Corner", "position": "1664945", "team": "away", "visibility": "visible"}, {"gameTime": "2 - 27:59", "label": "Foul", "position": "1679019", "team": "home", "visibility": "visible"}, {"gameTime": "2 - 28:30", "label": "Substitution", "position": "1710482", "team": "away", "visibility": "visible"}, {"gameTime": "2 - 28:38", "label": "Substitution", "position": "1718752", "team": "home", "visibility": "visible"}, {"gameTime": "2 - 29:12", "label": "Indirect free-kick", "position": "1752094", "team": "home", "visibility": "visible"}, {"gameTime": "2 - 29:38", "label": "Offside", "position": "1778624", "team": "away", "visibility": "visible"}, {"gameTime": "2 - 29:52", "label": "Indirect free-kick", "position": "1792818", "team": "not applicable", "visibility": "visible"}, {"gameTime": "2 - 30:04", "label": "Ball out of play", "position": "1804698", "team": "away", "visibility": "visible"}, {"gameTime": "2 - 30:37", "label": "Throw-in", "position": "1837437", "team": "home", "visibility": "visible"}, {"gameTime": "2 - 31:10", "label": "Foul", "position": "1870452", "team": "away", "visibility": "visible"}, {"gameTime": "2 - 31:34", "label": "Indirect free-kick", "position": "1894173", "team": "not applicable", "visibility": "visible"}, {"gameTime": "2 - 31:38", "label": "Ball out of play", "position": "1898423", "team": "away", "visibility": "not shown"}, {"gameTime": "2 - 32:29", "label": "Throw-in", "position": "1949201", "team": "not applicable", "visibility": "visible"}, {"gameTime": "2 - 32:46", "label": "Ball out of play", "position": "1966529", "team": "away", "visibility": "visible"}, {"gameTime": "2 - 33:13", "label": "Throw-in", "position": "1993841", "team": "away", "visibility": "visible"}, {"gameTime": "2 - 33:29", "label": "Foul", "position": "2009904", "team": "home", "visibility": "visible"}, {"gameTime": "2 - 34:48", "label": "Indirect free-kick", "position": "2088100", "team": "away", "visibility": "visible"}, {"gameTime": "2 - 35:18", "label": "Foul", "position": "2118745", "team": "home", "visibility": "visible"}, {"gameTime": "2 - 35:26", "label": "Indirect free-kick", "position": "2126434", "team": "home", "visibility": "visible"}, {"gameTime": "2 - 36:02", "label": "Offside", "position": "2162494", "team": "away", "visibility": "visible"}, {"gameTime": "2 - 36:05", "label": "Indirect free-kick", "position": "2165995", "team": "away", "visibility": "visible"}, {"gameTime": "2 - 36:19", "label": "Foul", "position": "2179500", "team": "away", "visibility": "visible"}, {"gameTime": "2 - 36:40", "label": "Yellow card", "position": "2200762", "team": "home", "visibility": "visible"}, {"gameTime": "2 - 38:00", "label": "Indirect free-kick", "position": "2280326", "team": "not applicable", "visibility": "visible"}, {"gameTime": "2 - 38:26", "label": "Ball out of play", "position": "2306282", "team": "away", "visibility": "visible"}, {"gameTime": "2 - 38:31", "label": "Clearance", "position": "2311601", "team": "not applicable", "visibility": "visible"}, {"gameTime": "2 - 38:42", "label": "Ball out of play", "position": "2322877", "team": "away", "visibility": "visible"}, {"gameTime": "2 - 38:46", "label": "Throw-in", "position": "2326200", "team": "not applicable", "visibility": "visible"}, {"gameTime": "2 - 38:48", "label": "Ball out of play", "position": "2328925", "team": "home", "visibility": "visible"}, {"gameTime": "2 - 39:13", "label": "Throw-in", "position": "2353995", "team": "not applicable", "visibility": "visible"}, {"gameTime": "2 - 40:16", "label": "Ball out of play", "position": "2416131", "team": "away", "visibility": "visible"}, {"gameTime": "2 - 40:30", "label": "Substitution", "position": "2430524", "team": "home", "visibility": "visible"}, {"gameTime": "2 - 40:38", "label": "Substitution", "position": "2438053", "team": "away", "visibility": "visible"}, {"gameTime": "2 - 41:36", "label": "Corner", "position": "2496385", "team": "home", "visibility": "visible"}, {"gameTime": "2 - 41:58", "label": "Foul", "position": "2518028", "team": "away", "visibility": "visible"}, {"gameTime": "2 - 42:28", "label": "Indirect free-kick", "position": "2548279", "team": "not applicable", "visibility": "visible"}, {"gameTime": "2 - 42:38", "label": "Ball out of play", "position": "2558612", "team": "home", "visibility": "visible"}, {"gameTime": "2 - 43:06", "label": "Throw-in", "position": "2586235", "team": "home", "visibility": "visible"}, {"gameTime": "2 - 43:07", "label": "Shots off target", "position": "2587206", "team": "not applicable", "visibility": "visible"}, {"gameTime": "2 - 43:26", "label": "Ball out of play", "position": "2606466", "team": "home", "visibility": "visible"}, {"gameTime": "2 - 43:29", "label": "Corner", "position": "2609022", "team": "home", "visibility": "visible"}, {"gameTime": "2 - 43:30", "label": "Shots off target", "position": "2610317", "team": "not applicable", "visibility": "visible"}, {"gameTime": "2 - 43:59", "label": "Ball out of play", "position": "2639496", "team": "away", "visibility": "visible"}, {"gameTime": "2 - 44:17", "label": "Clearance", "position": "2657448", "team": "home", "visibility": "visible"}, {"gameTime": "2 - 44:35", "label": "Foul", "position": "2675062", "team": "away", "visibility": "visible"}, {"gameTime": "2 - 44:51", "label": "Indirect free-kick", "position": "2691337", "team": "away", "visibility": "visible"}], "gameAwayTeam": "Napoli", "gameDate": "21/01/2017 - 22:45", "gameHomeTeam": "AC Milan", "gameScore": "1 - 2"}