{"UrlLocal": "england_epl/2015-2016/2015-11-29 - 15-00 Tottenham 0 - 0 Chelsea/", "UrlYoutube": "", "annotations": [{"gameTime": "1 - 00:20", "label": "Ball out of play", "position": "20022", "team": "home", "visibility": "visible"}, {"gameTime": "1 - 00:30", "label": "Clearance", "position": "30453", "team": "not applicable", "visibility": "visible"}, {"gameTime": "1 - 01:02", "label": "Ball out of play", "position": "62100", "team": "away", "visibility": "visible"}, {"gameTime": "1 - 01:09", "label": "Throw-in", "position": "69343", "team": "not applicable", "visibility": "visible"}, {"gameTime": "1 - 01:21", "label": "Ball out of play", "position": "81836", "team": "home", "visibility": "visible"}, {"gameTime": "1 - 01:32", "label": "Throw-in", "position": "92038", "team": "not applicable", "visibility": "visible"}, {"gameTime": "1 - 01:40", "label": "Ball out of play", "position": "100581", "team": "away", "visibility": "not shown"}, {"gameTime": "1 - 01:49", "label": "Throw-in", "position": "109870", "team": "not applicable", "visibility": "visible"}, {"gameTime": "1 - 01:54", "label": "Shots on target", "position": "114858", "team": "home", "visibility": "visible"}, {"gameTime": "1 - 02:53", "label": "Ball out of play", "position": "173146", "team": "home", "visibility": "visible"}, {"gameTime": "1 - 02:53", "label": "Corner", "position": "173560", "team": "not applicable", "visibility": "visible"}, {"gameTime": "1 - 04:33", "label": "Ball out of play", "position": "273867", "team": "home", "visibility": "visible"}, {"gameTime": "1 - 04:36", "label": "Throw-in", "position": "276688", "team": "not applicable", "visibility": "visible"}, {"gameTime": "1 - 04:54", "label": "Ball out of play", "position": "294318", "team": "home", "visibility": "visible"}, {"gameTime": "1 - 05:01", "label": "Clearance", "position": "301694", "team": "not applicable", "visibility": "visible"}, {"gameTime": "1 - 05:33", "label": "Ball out of play", "position": "333843", "team": "away", "visibility": "visible"}, {"gameTime": "1 - 06:29", "label": "Throw-in", "position": "389013", "team": "not applicable", "visibility": "visible"}, {"gameTime": "1 - 06:46", "label": "Ball out of play", "position": "406237", "team": "away", "visibility": "visible"}, {"gameTime": "1 - 06:53", "label": "Throw-in", "position": "413027", "team": "not applicable", "visibility": "visible"}, {"gameTime": "1 - 07:11", "label": "Ball out of play", "position": "431745", "team": "home", "visibility": "visible"}, {"gameTime": "1 - 08:06", "label": "Throw-in", "position": "486410", "team": "not applicable", "visibility": "visible"}, {"gameTime": "1 - 08:10", "label": "Shots on target", "position": "490195", "team": "home", "visibility": "not shown"}, {"gameTime": "1 - 09:28", "label": "Ball out of play", "position": "568013", "team": "home", "visibility": "visible"}, {"gameTime": "1 - 09:49", "label": "Throw-in", "position": "589406", "team": "not applicable", "visibility": "visible"}, {"gameTime": "1 - 10:11", "label": "Ball out of play", "position": "611736", "team": "away", "visibility": "visible"}, {"gameTime": "1 - 10:36", "label": "Throw-in", "position": "636359", "team": "not applicable", "visibility": "visible"}, {"gameTime": "1 - 10:47", "label": "Ball out of play", "position": "647468", "team": "home", "visibility": "not shown"}, {"gameTime": "1 - 11:15", "label": "Corner", "position": "675452", "team": "not applicable", "visibility": "visible"}, {"gameTime": "1 - 11:40", "label": "Foul", "position": "700291", "team": "home", "visibility": "visible"}, {"gameTime": "1 - 11:49", "label": "Direct free-kick", "position": "709243", "team": "away", "visibility": "visible"}, {"gameTime": "1 - 12:38", "label": "Foul", "position": "758520", "team": "home", "visibility": "visible"}, {"gameTime": "1 - 12:54", "label": "Direct free-kick", "position": "774899", "team": "away", "visibility": "visible"}, {"gameTime": "1 - 13:25", "label": "Foul", "position": "805580", "team": "home", "visibility": "visible"}, {"gameTime": "1 - 13:25", "label": "Indirect free-kick", "position": "805829", "team": "home", "visibility": "visible"}, {"gameTime": "1 - 13:58", "label": "Ball out of play", "position": "838227", "team": "away", "visibility": "visible"}, {"gameTime": "1 - 14:08", "label": "Throw-in", "position": "848709", "team": "not applicable", "visibility": "visible"}, {"gameTime": "1 - 14:14", "label": "Foul", "position": "854768", "team": "away", "visibility": "visible"}, {"gameTime": "1 - 15:06", "label": "Indirect free-kick", "position": "906883", "team": "home", "visibility": "visible"}, {"gameTime": "1 - 15:16", "label": "Ball out of play", "position": "916800", "team": "away", "visibility": "visible"}, {"gameTime": "1 - 15:29", "label": "Throw-in", "position": "929435", "team": "not applicable", "visibility": "visible"}, {"gameTime": "1 - 15:46", "label": "Offside", "position": "946033", "team": "home", "visibility": "visible"}, {"gameTime": "1 - 16:09", "label": "Indirect free-kick", "position": "969630", "team": "away", "visibility": "visible"}, {"gameTime": "1 - 16:15", "label": "Ball out of play", "position": "975713", "team": "home", "visibility": "not shown"}, {"gameTime": "1 - 16:28", "label": "Throw-in", "position": "988432", "team": "not applicable", "visibility": "visible"}, {"gameTime": "1 - 16:35", "label": "Shots on target", "position": "995878", "team": "away", "visibility": "visible"}, {"gameTime": "1 - 16:47", "label": "Ball out of play", "position": "1007809", "team": "home", "visibility": "visible"}, {"gameTime": "1 - 17:16", "label": "Throw-in", "position": "1036272", "team": "not applicable", "visibility": "visible"}, {"gameTime": "1 - 17:32", "label": "Ball out of play", "position": "1052356", "team": "away", "visibility": "visible"}, {"gameTime": "1 - 17:36", "label": "Throw-in", "position": "1056793", "team": "not applicable", "visibility": "visible"}, {"gameTime": "1 - 17:49", "label": "Ball out of play", "position": "1069274", "team": "away", "visibility": "visible"}, {"gameTime": "1 - 17:59", "label": "Corner", "position": "1079665", "team": "not applicable", "visibility": "visible"}, {"gameTime": "1 - 19:13", "label": "Ball out of play", "position": "1153113", "team": "away", "visibility": "visible"}, {"gameTime": "1 - 19:28", "label": "Throw-in", "position": "1168434", "team": "not applicable", "visibility": "visible"}, {"gameTime": "1 - 19:42", "label": "Shots off target", "position": "1182935", "team": "away", "visibility": "visible"}, {"gameTime": "1 - 19:52", "label": "Ball out of play", "position": "1192553", "team": "away", "visibility": "visible"}, {"gameTime": "1 - 19:53", "label": "Clearance", "position": "1193033", "team": "not applicable", "visibility": "visible"}, {"gameTime": "1 - 20:14", "label": "Ball out of play", "position": "1214318", "team": "home", "visibility": "not shown"}, {"gameTime": "1 - 20:27", "label": "Throw-in", "position": "1227618", "team": "not applicable", "visibility": "visible"}, {"gameTime": "1 - 20:32", "label": "Ball out of play", "position": "1232055", "team": "home", "visibility": "not shown"}, {"gameTime": "1 - 21:31", "label": "Throw-in", "position": "1291336", "team": "not applicable", "visibility": "visible"}, {"gameTime": "1 - 21:46", "label": "Shots on target", "position": "1306019", "team": "away", "visibility": "visible"}, {"gameTime": "1 - 22:05", "label": "Ball out of play", "position": "1325193", "team": "away", "visibility": "visible"}, {"gameTime": "1 - 22:06", "label": "Corner", "position": "1326033", "team": "not applicable", "visibility": "visible"}, {"gameTime": "1 - 22:34", "label": "Ball out of play", "position": "1354117", "team": "away", "visibility": "visible"}, {"gameTime": "1 - 22:47", "label": "Throw-in", "position": "1367513", "team": "not applicable", "visibility": "visible"}, {"gameTime": "1 - 22:59", "label": "Ball out of play", "position": "1379516", "team": "away", "visibility": "visible"}, {"gameTime": "1 - 23:20", "label": "Throw-in", "position": "1400111", "team": "not applicable", "visibility": "visible"}, {"gameTime": "1 - 23:27", "label": "Ball out of play", "position": "1407067", "team": "home", "visibility": "visible"}, {"gameTime": "1 - 24:09", "label": "Throw-in", "position": "1449024", "team": "not applicable", "visibility": "not shown"}, {"gameTime": "1 - 24:22", "label": "Ball out of play", "position": "1462413", "team": "away", "visibility": "visible"}, {"gameTime": "1 - 25:15", "label": "Throw-in", "position": "1515368", "team": "not applicable", "visibility": "visible"}, {"gameTime": "1 - 25:31", "label": "Shots on target", "position": "1531977", "team": "home", "visibility": "visible"}, {"gameTime": "1 - 26:29", "label": "Shots on target", "position": "1589021", "team": "home", "visibility": "visible"}, {"gameTime": "1 - 27:40", "label": "Ball out of play", "position": "1660616", "team": "home", "visibility": "visible"}, {"gameTime": "1 - 27:51", "label": "Throw-in", "position": "1671884", "team": "not applicable", "visibility": "visible"}, {"gameTime": "1 - 28:15", "label": "Ball out of play", "position": "1695714", "team": "home", "visibility": "not shown"}, {"gameTime": "1 - 28:37", "label": "Throw-in", "position": "1717585", "team": "not applicable", "visibility": "visible"}, {"gameTime": "1 - 28:45", "label": "Foul", "position": "1725273", "team": "home", "visibility": "visible"}, {"gameTime": "1 - 29:21", "label": "Indirect free-kick", "position": "1761383", "team": "home", "visibility": "visible"}, {"gameTime": "1 - 29:35", "label": "Shots on target", "position": "1775058", "team": "away", "visibility": "not shown"}, {"gameTime": "1 - 30:36", "label": "Ball out of play", "position": "1836047", "team": "home", "visibility": "visible"}, {"gameTime": "1 - 30:39", "label": "Corner", "position": "1839068", "team": "not applicable", "visibility": "visible"}, {"gameTime": "1 - 31:09", "label": "Foul", "position": "1869454", "team": "home", "visibility": "visible"}, {"gameTime": "1 - 31:25", "label": "Yellow card", "position": "1885355", "team": "home", "visibility": "visible"}, {"gameTime": "1 - 31:42", "label": "Direct free-kick", "position": "1902432", "team": "home", "visibility": "visible"}, {"gameTime": "1 - 32:23", "label": "Foul", "position": "1943001", "team": "away", "visibility": "visible"}, {"gameTime": "1 - 32:33", "label": "Indirect free-kick", "position": "1953843", "team": "home", "visibility": "visible"}, {"gameTime": "1 - 32:53", "label": "Ball out of play", "position": "1973061", "team": "away", "visibility": "visible"}, {"gameTime": "1 - 32:55", "label": "Throw-in", "position": "1975850", "team": "not applicable", "visibility": "visible"}, {"gameTime": "1 - 32:59", "label": "Ball out of play", "position": "1979548", "team": "home", "visibility": "not shown"}, {"gameTime": "1 - 33:29", "label": "Throw-in", "position": "2009603", "team": "not applicable", "visibility": "visible"}, {"gameTime": "1 - 33:46", "label": "Ball out of play", "position": "2026558", "team": "away", "visibility": "visible"}, {"gameTime": "1 - 33:50", "label": "Throw-in", "position": "2030711", "team": "not applicable", "visibility": "visible"}, {"gameTime": "1 - 33:59", "label": "Ball out of play", "position": "2039114", "team": "home", "visibility": "visible"}, {"gameTime": "1 - 34:36", "label": "Throw-in", "position": "2076732", "team": "not applicable", "visibility": "visible"}, {"gameTime": "1 - 34:46", "label": "Ball out of play", "position": "2086736", "team": "away", "visibility": "visible"}, {"gameTime": "1 - 34:55", "label": "Throw-in", "position": "2095807", "team": "not applicable", "visibility": "visible"}, {"gameTime": "1 - 34:59", "label": "Ball out of play", "position": "2099634", "team": "away", "visibility": "visible"}, {"gameTime": "1 - 35:33", "label": "Throw-in", "position": "2133702", "team": "not applicable", "visibility": "visible"}, {"gameTime": "1 - 35:35", "label": "Offside", "position": "2135220", "team": "away", "visibility": "visible"}, {"gameTime": "1 - 35:50", "label": "Indirect free-kick", "position": "2150538", "team": "away", "visibility": "visible"}, {"gameTime": "1 - 36:09", "label": "Shots off target", "position": "2169943", "team": "home", "visibility": "visible"}, {"gameTime": "1 - 36:41", "label": "Ball out of play", "position": "2201848", "team": "home", "visibility": "visible"}, {"gameTime": "1 - 36:42", "label": "Clearance", "position": "2202768", "team": "not applicable", "visibility": "visible"}, {"gameTime": "1 - 37:13", "label": "Ball out of play", "position": "2233264", "team": "away", "visibility": "visible"}, {"gameTime": "1 - 37:34", "label": "Throw-in", "position": "2254677", "team": "not applicable", "visibility": "visible"}, {"gameTime": "1 - 37:46", "label": "Foul", "position": "2266556", "team": "away", "visibility": "visible"}, {"gameTime": "1 - 38:59", "label": "Yellow card", "position": "2339626", "team": "home", "visibility": "visible"}, {"gameTime": "1 - 39:11", "label": "Indirect free-kick", "position": "2351240", "team": "home", "visibility": "visible"}, {"gameTime": "1 - 39:28", "label": "Ball out of play", "position": "2368162", "team": "away", "visibility": "not shown"}, {"gameTime": "1 - 40:05", "label": "Throw-in", "position": "2405080", "team": "not applicable", "visibility": "visible"}, {"gameTime": "1 - 40:14", "label": "Shots on target", "position": "2414011", "team": "away", "visibility": "visible"}, {"gameTime": "1 - 41:28", "label": "Shots off target", "position": "2488293", "team": "home", "visibility": "visible"}, {"gameTime": "1 - 41:51", "label": "Ball out of play", "position": "2511095", "team": "away", "visibility": "visible"}, {"gameTime": "1 - 41:51", "label": "Clearance", "position": "2511535", "team": "not applicable", "visibility": "visible"}, {"gameTime": "1 - 42:10", "label": "Ball out of play", "position": "2530717", "team": "home", "visibility": "not shown"}, {"gameTime": "1 - 42:49", "label": "Throw-in", "position": "2569241", "team": "not applicable", "visibility": "visible"}, {"gameTime": "1 - 42:52", "label": "Shots off target", "position": "2572366", "team": "home", "visibility": "visible"}, {"gameTime": "1 - 44:01", "label": "Ball out of play", "position": "2641681", "team": "home", "visibility": "visible"}, {"gameTime": "1 - 44:02", "label": "Clearance", "position": "2642401", "team": "not applicable", "visibility": "visible"}, {"gameTime": "1 - 44:33", "label": "Foul", "position": "2673684", "team": "away", "visibility": "visible"}, {"gameTime": "1 - 45:14", "label": "Yellow card", "position": "2714483", "team": "home", "visibility": "visible"}, {"gameTime": "1 - 45:48", "label": "Direct free-kick", "position": "2748508", "team": "home", "visibility": "not shown"}, {"gameTime": "1 - 46:18", "label": "Offside", "position": "2778546", "team": "away", "visibility": "visible"}, {"gameTime": "1 - 46:19", "label": "Indirect free-kick", "position": "2779923", "team": "away", "visibility": "visible"}, {"gameTime": "1 - 46:43", "label": "Ball out of play", "position": "2803740", "team": "home", "visibility": "visible"}, {"gameTime": "1 - 46:49", "label": "Throw-in", "position": "2809818", "team": "not applicable", "visibility": "visible"}, {"gameTime": "1 - 46:57", "label": "Throw-in", "position": "2817786", "team": "home", "visibility": "visible"}, {"gameTime": "2 - 00:00", "label": "Ball out of play", "position": "0", "team": "away", "visibility": "not shown"}, {"gameTime": "2 - 00:13", "label": "Throw-in", "position": "13838", "team": "not applicable", "visibility": "visible"}, {"gameTime": "2 - 00:24", "label": "Ball out of play", "position": "24581", "team": "home", "visibility": "not shown"}, {"gameTime": "2 - 00:56", "label": "Throw-in", "position": "56321", "team": "not applicable", "visibility": "visible"}, {"gameTime": "2 - 01:15", "label": "Ball out of play", "position": "75514", "team": "home", "visibility": "visible"}, {"gameTime": "2 - 02:49", "label": "Throw-in", "position": "169614", "team": "not applicable", "visibility": "visible"}, {"gameTime": "2 - 02:57", "label": "Ball out of play", "position": "177299", "team": "home", "visibility": "not shown"}, {"gameTime": "2 - 03:12", "label": "Throw-in", "position": "192502", "team": "not applicable", "visibility": "not shown"}, {"gameTime": "2 - 03:24", "label": "Foul", "position": "204999", "team": "home", "visibility": "not shown"}, {"gameTime": "2 - 03:46", "label": "Indirect free-kick", "position": "226179", "team": "away", "visibility": "visible"}, {"gameTime": "2 - 04:08", "label": "Ball out of play", "position": "248526", "team": "home", "visibility": "visible"}, {"gameTime": "2 - 04:38", "label": "Throw-in", "position": "278223", "team": "not applicable", "visibility": "visible"}, {"gameTime": "2 - 04:50", "label": "Ball out of play", "position": "290428", "team": "away", "visibility": "visible"}, {"gameTime": "2 - 04:54", "label": "Throw-in", "position": "294316", "team": "not applicable", "visibility": "visible"}, {"gameTime": "2 - 05:00", "label": "Ball out of play", "position": "300443", "team": "away", "visibility": "visible"}, {"gameTime": "2 - 05:02", "label": "Throw-in", "position": "302447", "team": "not applicable", "visibility": "visible"}, {"gameTime": "2 - 05:13", "label": "Foul", "position": "313500", "team": "away", "visibility": "visible"}, {"gameTime": "2 - 05:26", "label": "Direct free-kick", "position": "326536", "team": "home", "visibility": "visible"}, {"gameTime": "2 - 06:01", "label": "Shots on target", "position": "361048", "team": "away", "visibility": "visible"}, {"gameTime": "2 - 06:01", "label": "Foul", "position": "361048", "team": "away", "visibility": "visible"}, {"gameTime": "2 - 06:45", "label": "Yellow card", "position": "405900", "team": "home", "visibility": "visible"}, {"gameTime": "2 - 07:22", "label": "Indirect free-kick", "position": "442000", "team": "home", "visibility": "visible"}, {"gameTime": "2 - 08:38", "label": "Ball out of play", "position": "518362", "team": "away", "visibility": "visible"}, {"gameTime": "2 - 09:03", "label": "Substitution", "position": "543939", "team": "not applicable", "visibility": "visible"}, {"gameTime": "2 - 10:41", "label": "Throw-in", "position": "641057", "team": "home", "visibility": "visible"}, {"gameTime": "2 - 10:50", "label": "Ball out of play", "position": "650698", "team": "home", "visibility": "visible"}, {"gameTime": "2 - 11:09", "label": "Throw-in", "position": "669391", "team": "not applicable", "visibility": "visible"}, {"gameTime": "2 - 11:16", "label": "Ball out of play", "position": "676985", "team": "home", "visibility": "not shown"}, {"gameTime": "2 - 11:29", "label": "Throw-in", "position": "689997", "team": "not applicable", "visibility": "visible"}, {"gameTime": "2 - 11:51", "label": "Ball out of play", "position": "711545", "team": "home", "visibility": "not shown"}, {"gameTime": "2 - 11:53", "label": "Throw-in", "position": "713659", "team": "not applicable", "visibility": "visible"}, {"gameTime": "2 - 11:57", "label": "Offside", "position": "717550", "team": "home", "visibility": "not shown"}, {"gameTime": "2 - 12:50", "label": "Indirect free-kick", "position": "770496", "team": "home", "visibility": "visible"}, {"gameTime": "2 - 13:16", "label": "Ball out of play", "position": "796171", "team": "away", "visibility": "visible"}, {"gameTime": "2 - 13:27", "label": "Throw-in", "position": "807235", "team": "not applicable", "visibility": "visible"}, {"gameTime": "2 - 13:43", "label": "Foul", "position": "823377", "team": "away", "visibility": "visible"}, {"gameTime": "2 - 13:52", "label": "Yellow card", "position": "832670", "team": "away", "visibility": "visible"}, {"gameTime": "2 - 13:58", "label": "Indirect free-kick", "position": "838000", "team": "away", "visibility": "visible"}, {"gameTime": "2 - 14:13", "label": "Ball out of play", "position": "853750", "team": "home", "visibility": "not shown"}, {"gameTime": "2 - 15:24", "label": "Throw-in", "position": "924927", "team": "not applicable", "visibility": "visible"}, {"gameTime": "2 - 15:30", "label": "Ball out of play", "position": "930987", "team": "home", "visibility": "not shown"}, {"gameTime": "2 - 15:50", "label": "Corner", "position": "950768", "team": "not applicable", "visibility": "visible"}, {"gameTime": "2 - 16:12", "label": "Ball out of play", "position": "972440", "team": "home", "visibility": "not shown"}, {"gameTime": "2 - 16:46", "label": "Throw-in", "position": "1006563", "team": "not applicable", "visibility": "visible"}, {"gameTime": "2 - 17:02", "label": "Ball out of play", "position": "1022448", "team": "away", "visibility": "visible"}, {"gameTime": "2 - 17:35", "label": "Throw-in", "position": "1055322", "team": "not applicable", "visibility": "visible"}, {"gameTime": "2 - 17:40", "label": "Shots on target", "position": "1060190", "team": "home", "visibility": "visible"}, {"gameTime": "2 - 18:09", "label": "Foul", "position": "1089271", "team": "home", "visibility": "visible"}, {"gameTime": "2 - 20:44", "label": "Indirect free-kick", "position": "1244143", "team": "home", "visibility": "visible"}, {"gameTime": "2 - 20:59", "label": "Ball out of play", "position": "1259768", "team": "away", "visibility": "visible"}, {"gameTime": "2 - 21:20", "label": "Throw-in", "position": "1280748", "team": "not applicable", "visibility": "visible"}, {"gameTime": "2 - 21:48", "label": "Shots on target", "position": "1308192", "team": "away", "visibility": "visible"}, {"gameTime": "2 - 21:57", "label": "Ball out of play", "position": "1317032", "team": "away", "visibility": "visible"}, {"gameTime": "2 - 21:58", "label": "Corner", "position": "1318529", "team": "not applicable", "visibility": "visible"}, {"gameTime": "2 - 22:25", "label": "Ball out of play", "position": "1345047", "team": "away", "visibility": "visible"}, {"gameTime": "2 - 22:26", "label": "Corner", "position": "1346869", "team": "not applicable", "visibility": "visible"}, {"gameTime": "2 - 22:54", "label": "Ball out of play", "position": "1374630", "team": "away", "visibility": "visible"}, {"gameTime": "2 - 23:00", "label": "Throw-in", "position": "1380882", "team": "not applicable", "visibility": "visible"}, {"gameTime": "2 - 23:23", "label": "Ball out of play", "position": "1403928", "team": "home", "visibility": "visible"}, {"gameTime": "2 - 23:37", "label": "Throw-in", "position": "1417636", "team": "not applicable", "visibility": "visible"}, {"gameTime": "2 - 23:49", "label": "Ball out of play", "position": "1429908", "team": "home", "visibility": "visible"}, {"gameTime": "2 - 24:42", "label": "Throw-in", "position": "1482354", "team": "not applicable", "visibility": "visible"}, {"gameTime": "2 - 24:51", "label": "Foul", "position": "1491454", "team": "away", "visibility": "visible"}, {"gameTime": "2 - 25:05", "label": "Indirect free-kick", "position": "1505662", "team": "away", "visibility": "visible"}, {"gameTime": "2 - 25:21", "label": "Ball out of play", "position": "1521272", "team": "home", "visibility": "not shown"}, {"gameTime": "2 - 26:45", "label": "Throw-in", "position": "1605711", "team": "not applicable", "visibility": "visible"}, {"gameTime": "2 - 27:04", "label": "Ball out of play", "position": "1624405", "team": "away", "visibility": "visible"}, {"gameTime": "2 - 27:23", "label": "Throw-in", "position": "1643453", "team": "not applicable", "visibility": "visible"}, {"gameTime": "2 - 27:33", "label": "Foul", "position": "1653964", "team": "home", "visibility": "visible"}, {"gameTime": "2 - 27:37", "label": "Indirect free-kick", "position": "1657774", "team": "home", "visibility": "visible"}, {"gameTime": "2 - 28:11", "label": "Foul", "position": "1691348", "team": "away", "visibility": "visible"}, {"gameTime": "2 - 28:28", "label": "Substitution", "position": "1708269", "team": "away", "visibility": "visible"}, {"gameTime": "2 - 29:17", "label": "Indirect free-kick", "position": "1757200", "team": "home", "visibility": "visible"}, {"gameTime": "2 - 29:23", "label": "Ball out of play", "position": "1763504", "team": "home", "visibility": "visible"}, {"gameTime": "2 - 30:13", "label": "Throw-in", "position": "1813596", "team": "not applicable", "visibility": "visible"}, {"gameTime": "2 - 30:29", "label": "Shots off target", "position": "1829246", "team": "home", "visibility": "visible"}, {"gameTime": "2 - 31:00", "label": "Ball out of play", "position": "1860284", "team": "away", "visibility": "visible"}, {"gameTime": "2 - 31:00", "label": "Clearance", "position": "1860955", "team": "not applicable", "visibility": "visible"}, {"gameTime": "2 - 31:35", "label": "Foul", "position": "1895635", "team": "home", "visibility": "visible"}, {"gameTime": "2 - 32:01", "label": "Indirect free-kick", "position": "1921962", "team": "home", "visibility": "visible"}, {"gameTime": "2 - 32:24", "label": "Foul", "position": "1944990", "team": "away", "visibility": "not shown"}, {"gameTime": "2 - 32:41", "label": "Indirect free-kick", "position": "1961091", "team": "away", "visibility": "visible"}, {"gameTime": "2 - 33:03", "label": "Ball out of play", "position": "1983292", "team": "home", "visibility": "not shown"}, {"gameTime": "2 - 33:32", "label": "Clearance", "position": "2012433", "team": "not applicable", "visibility": "visible"}, {"gameTime": "2 - 34:06", "label": "Ball out of play", "position": "2046825", "team": "away", "visibility": "visible"}, {"gameTime": "2 - 34:31", "label": "Throw-in", "position": "2071116", "team": "not applicable", "visibility": "visible"}, {"gameTime": "2 - 34:40", "label": "Ball out of play", "position": "2080879", "team": "home", "visibility": "visible"}, {"gameTime": "2 - 34:59", "label": "Throw-in", "position": "2099223", "team": "not applicable", "visibility": "visible"}, {"gameTime": "2 - 35:02", "label": "Offside", "position": "2102565", "team": "home", "visibility": "not shown"}, {"gameTime": "2 - 35:04", "label": "Indirect free-kick", "position": "2104662", "team": "home", "visibility": "visible"}, {"gameTime": "2 - 35:42", "label": "Ball out of play", "position": "2142557", "team": "away", "visibility": "visible"}, {"gameTime": "2 - 35:52", "label": "Throw-in", "position": "2152969", "team": "not applicable", "visibility": "visible"}, {"gameTime": "2 - 36:01", "label": "Ball out of play", "position": "2161256", "team": "away", "visibility": "not shown"}, {"gameTime": "2 - 36:38", "label": "Clearance", "position": "2198961", "team": "not applicable", "visibility": "visible"}, {"gameTime": "2 - 37:08", "label": "Ball out of play", "position": "2228707", "team": "home", "visibility": "visible"}, {"gameTime": "2 - 37:12", "label": "Throw-in", "position": "2232089", "team": "not applicable", "visibility": "visible"}, {"gameTime": "2 - 37:22", "label": "Ball out of play", "position": "2242988", "team": "away", "visibility": "visible"}, {"gameTime": "2 - 38:26", "label": "Throw-in", "position": "2306830", "team": "not applicable", "visibility": "visible"}, {"gameTime": "2 - 38:41", "label": "Ball out of play", "position": "2321211", "team": "home", "visibility": "visible"}, {"gameTime": "2 - 38:49", "label": "Throw-in", "position": "2329129", "team": "not applicable", "visibility": "visible"}, {"gameTime": "2 - 39:06", "label": "Ball out of play", "position": "2346376", "team": "away", "visibility": "visible"}, {"gameTime": "2 - 39:31", "label": "Throw-in", "position": "2371151", "team": "not applicable", "visibility": "visible"}, {"gameTime": "2 - 39:51", "label": "Foul", "position": "2391107", "team": "home", "visibility": "not shown"}, {"gameTime": "2 - 40:17", "label": "Direct free-kick", "position": "2417503", "team": "home", "visibility": "visible"}, {"gameTime": "2 - 41:05", "label": "Ball out of play", "position": "2465743", "team": "away", "visibility": "visible"}, {"gameTime": "2 - 41:25", "label": "Clearance", "position": "2485622", "team": "not applicable", "visibility": "visible"}, {"gameTime": "2 - 41:39", "label": "Foul", "position": "2499351", "team": "home", "visibility": "not shown"}, {"gameTime": "2 - 42:38", "label": "Substitution", "position": "2558028", "team": "away", "visibility": "visible"}, {"gameTime": "2 - 43:23", "label": "Indirect free-kick", "position": "2603920", "team": "away", "visibility": "visible"}, {"gameTime": "2 - 43:31", "label": "Ball out of play", "position": "2611714", "team": "home", "visibility": "visible"}, {"gameTime": "2 - 44:17", "label": "Throw-in", "position": "2657841", "team": "not applicable", "visibility": "visible"}, {"gameTime": "2 - 44:30", "label": "Foul", "position": "2670922", "team": "away", "visibility": "visible"}, {"gameTime": "2 - 44:38", "label": "Direct free-kick", "position": "2678364", "team": "home", "visibility": "visible"}, {"gameTime": "2 - 45:01", "label": "Offside", "position": "2701479", "team": "away", "visibility": "visible"}, {"gameTime": "2 - 45:03", "label": "Indirect free-kick", "position": "2703584", "team": "away", "visibility": "visible"}, {"gameTime": "2 - 45:08", "label": "Ball out of play", "position": "2708432", "team": "home", "visibility": "not shown"}, {"gameTime": "2 - 45:27", "label": "Throw-in", "position": "2727428", "team": "not applicable", "visibility": "visible"}, {"gameTime": "2 - 45:33", "label": "Ball out of play", "position": "2733394", "team": "home", "visibility": "not shown"}, {"gameTime": "2 - 45:56", "label": "Substitution", "position": "2756741", "team": "not applicable", "visibility": "visible"}, {"gameTime": "2 - 46:15", "label": "Throw-in", "position": "2775560", "team": "away", "visibility": "visible"}, {"gameTime": "2 - 46:32", "label": "Ball out of play", "position": "2792391", "team": "home", "visibility": "visible"}, {"gameTime": "2 - 46:35", "label": "Throw-in", "position": "2795200", "team": "not applicable", "visibility": "visible"}, {"gameTime": "2 - 46:46", "label": "Shots on target", "position": "2806443", "team": "home", "visibility": "visible"}, {"gameTime": "2 - 47:21", "label": "Foul", "position": "2841330", "team": "home", "visibility": "visible"}, {"gameTime": "2 - 47:35", "label": "Indirect free-kick", "position": "2855170", "team": "away", "visibility": "visible"}, {"gameTime": "2 - 47:41", "label": "Ball out of play", "position": "2861822", "team": "home", "visibility": "visible"}, {"gameTime": "2 - 48:16", "label": "Throw-in", "position": "2896842", "team": "not applicable", "visibility": "not shown"}, {"gameTime": "2 - 48:33", "label": "Ball out of play", "position": "2913350", "team": "away", "visibility": "visible"}, {"gameTime": "2 - 48:54", "label": "Yellow card", "position": "2934447", "team": "not applicable", "visibility": "visible"}, {"gameTime": "2 - 49:01", "label": "Throw-in", "position": "2941520", "team": "away", "visibility": "visible"}, {"gameTime": "2 - 49:12", "label": "Throw-in", "position": "2952821", "team": "home", "visibility": "not shown"}], "gameAwayTeam": "Chelsea", "gameDate": "29/11/2015 - 15:00", "gameHomeTeam": "Tottenham", "gameScore": "0 - 0"}