{"UrlLocal": "england_epl/2016-2017/2017-01-21 - 15-30 Liverpool 2 - 3 Swansea/", "UrlYoutube": "", "annotations": [{"gameTime": "1 - 00:36", "label": "Kick-off", "position": "36029", "team": "not applicable", "visibility": "visible"}, {"gameTime": "1 - 00:50", "label": "Ball out of play", "position": "50597", "team": "away", "visibility": "visible"}, {"gameTime": "1 - 02:21", "label": "Throw-in", "position": "141097", "team": "not applicable", "visibility": "visible"}, {"gameTime": "1 - 02:51", "label": "Ball out of play", "position": "171837", "team": "away", "visibility": "visible"}, {"gameTime": "1 - 03:40", "label": "Clearance", "position": "220248", "team": "home", "visibility": "visible"}, {"gameTime": "1 - 03:49", "label": "Foul", "position": "229318", "team": "away", "visibility": "visible"}, {"gameTime": "1 - 04:03", "label": "Indirect free-kick", "position": "243262", "team": "not applicable", "visibility": "visible"}, {"gameTime": "1 - 04:18", "label": "Ball out of play", "position": "258131", "team": "away", "visibility": "visible"}, {"gameTime": "1 - 04:59", "label": "Throw-in", "position": "299323", "team": "not applicable", "visibility": "visible"}, {"gameTime": "1 - 05:13", "label": "Ball out of play", "position": "313073", "team": "home", "visibility": "not shown"}, {"gameTime": "1 - 08:01", "label": "Throw-in", "position": "481267", "team": "home", "visibility": "visible"}, {"gameTime": "1 - 08:01", "label": "Shots off target", "position": "481665", "team": "not applicable", "visibility": "visible"}, {"gameTime": "1 - 08:31", "label": "Ball out of play", "position": "511276", "team": "away", "visibility": "visible"}, {"gameTime": "1 - 09:25", "label": "Clearance", "position": "565481", "team": "not applicable", "visibility": "visible"}, {"gameTime": "1 - 09:39", "label": "Ball out of play", "position": "579297", "team": "away", "visibility": "visible"}, {"gameTime": "1 - 09:49", "label": "Throw-in", "position": "589111", "team": "not applicable", "visibility": "visible"}, {"gameTime": "1 - 10:06", "label": "Ball out of play", "position": "606196", "team": "away", "visibility": "visible"}, {"gameTime": "1 - 10:29", "label": "Throw-in", "position": "629172", "team": "not applicable", "visibility": "visible"}, {"gameTime": "1 - 10:42", "label": "Ball out of play", "position": "642362", "team": "away", "visibility": "visible"}, {"gameTime": "1 - 11:16", "label": "Throw-in", "position": "676109", "team": "not applicable", "visibility": "visible"}, {"gameTime": "1 - 11:39", "label": "Ball out of play", "position": "699848", "team": "away", "visibility": "visible"}, {"gameTime": "1 - 11:43", "label": "Throw-in", "position": "703230", "team": "not applicable", "visibility": "visible"}, {"gameTime": "1 - 11:52", "label": "Ball out of play", "position": "712529", "team": "away", "visibility": "not shown"}, {"gameTime": "1 - 12:54", "label": "Throw-in", "position": "774793", "team": "not applicable", "visibility": "visible"}, {"gameTime": "1 - 13:19", "label": "Ball out of play", "position": "799338", "team": "home", "visibility": "visible"}, {"gameTime": "1 - 15:01", "label": "Corner", "position": "901718", "team": "not applicable", "visibility": "visible"}, {"gameTime": "1 - 15:36", "label": "Ball out of play", "position": "936003", "team": "away", "visibility": "visible"}, {"gameTime": "1 - 16:03", "label": "Clearance", "position": "963146", "team": "home", "visibility": "visible"}, {"gameTime": "1 - 16:03", "label": "Shots off target", "position": "963560", "team": "not applicable", "visibility": "visible"}, {"gameTime": "1 - 16:40", "label": "Ball out of play", "position": "1000691", "team": "away", "visibility": "visible"}, {"gameTime": "1 - 17:29", "label": "Clearance", "position": "1049931", "team": "not applicable", "visibility": "visible"}, {"gameTime": "1 - 17:47", "label": "Ball out of play", "position": "1067265", "team": "away", "visibility": "visible"}, {"gameTime": "1 - 18:08", "label": "Throw-in", "position": "1088999", "team": "not applicable", "visibility": "not shown"}, {"gameTime": "1 - 18:32", "label": "Ball out of play", "position": "1112319", "team": "away", "visibility": "visible"}, {"gameTime": "1 - 18:39", "label": "Throw-in", "position": "1119014", "team": "away", "visibility": "visible"}, {"gameTime": "1 - 18:39", "label": "Shots off target", "position": "1119568", "team": "not applicable", "visibility": "visible"}, {"gameTime": "1 - 19:02", "label": "Ball out of play", "position": "1142230", "team": "away", "visibility": "visible"}, {"gameTime": "1 - 20:22", "label": "Corner", "position": "1222466", "team": "not applicable", "visibility": "visible"}, {"gameTime": "1 - 20:34", "label": "Ball out of play", "position": "1234209", "team": "home", "visibility": "visible"}, {"gameTime": "1 - 20:46", "label": "Throw-in", "position": "1246808", "team": "away", "visibility": "visible"}, {"gameTime": "1 - 20:51", "label": "Foul", "position": "1251802", "team": "home", "visibility": "not shown"}, {"gameTime": "1 - 21:03", "label": "Indirect free-kick", "position": "1263451", "team": "not applicable", "visibility": "visible"}, {"gameTime": "1 - 21:08", "label": "Ball out of play", "position": "1268412", "team": "home", "visibility": "visible"}, {"gameTime": "1 - 21:47", "label": "Throw-in", "position": "1307892", "team": "not applicable", "visibility": "visible"}, {"gameTime": "1 - 22:01", "label": "Ball out of play", "position": "1321906", "team": "away", "visibility": "not shown"}, {"gameTime": "1 - 22:15", "label": "Throw-in", "position": "1335639", "team": "away", "visibility": "visible"}, {"gameTime": "1 - 23:08", "label": "Shots off target", "position": "1388576", "team": "not applicable", "visibility": "visible"}, {"gameTime": "1 - 23:20", "label": "Ball out of play", "position": "1400320", "team": "away", "visibility": "not shown"}, {"gameTime": "1 - 23:54", "label": "Throw-in", "position": "1434153", "team": "not applicable", "visibility": "visible"}, {"gameTime": "1 - 24:10", "label": "Ball out of play", "position": "1450296", "team": "away", "visibility": "not shown"}, {"gameTime": "1 - 24:20", "label": "Throw-in", "position": "1460596", "team": "home", "visibility": "visible"}, {"gameTime": "1 - 24:40", "label": "Offside", "position": "1480801", "team": "away", "visibility": "visible"}, {"gameTime": "1 - 24:46", "label": "Indirect free-kick", "position": "1486057", "team": "not applicable", "visibility": "visible"}, {"gameTime": "1 - 24:58", "label": "Ball out of play", "position": "1498302", "team": "away", "visibility": "visible"}, {"gameTime": "1 - 25:38", "label": "Throw-in", "position": "1538422", "team": "not applicable", "visibility": "visible"}, {"gameTime": "1 - 25:41", "label": "Ball out of play", "position": "1541847", "team": "home", "visibility": "visible"}, {"gameTime": "1 - 26:16", "label": "Throw-in", "position": "1576639", "team": "not applicable", "visibility": "not shown"}, {"gameTime": "1 - 26:24", "label": "Ball out of play", "position": "1584749", "team": "home", "visibility": "visible"}, {"gameTime": "1 - 26:53", "label": "Throw-in", "position": "1613252", "team": "not applicable", "visibility": "visible"}, {"gameTime": "1 - 27:21", "label": "Ball out of play", "position": "1641916", "team": "away", "visibility": "visible"}, {"gameTime": "1 - 27:29", "label": "Clearance", "position": "1649055", "team": "home", "visibility": "visible"}, {"gameTime": "1 - 27:54", "label": "Foul", "position": "1674850", "team": "away", "visibility": "visible"}, {"gameTime": "1 - 28:39", "label": "Indirect free-kick", "position": "1719506", "team": "not applicable", "visibility": "visible"}, {"gameTime": "1 - 28:51", "label": "Ball out of play", "position": "1731977", "team": "away", "visibility": "visible"}, {"gameTime": "1 - 32:11", "label": "Throw-in", "position": "1931529", "team": "home", "visibility": "visible"}, {"gameTime": "1 - 32:13", "label": "Shots on target", "position": "1933128", "team": "not applicable", "visibility": "visible"}, {"gameTime": "1 - 32:43", "label": "Ball out of play", "position": "1963237", "team": "home", "visibility": "visible"}, {"gameTime": "1 - 32:55", "label": "Corner", "position": "1975314", "team": "not applicable", "visibility": "visible"}, {"gameTime": "1 - 33:25", "label": "Ball out of play", "position": "2005490", "team": "away", "visibility": "visible"}, {"gameTime": "1 - 34:48", "label": "Clearance", "position": "2088009", "team": "away", "visibility": "visible"}, {"gameTime": "1 - 35:00", "label": "Foul", "position": "2100267", "team": "home", "visibility": "visible"}, {"gameTime": "1 - 35:19", "label": "Indirect free-kick", "position": "2119877", "team": "home", "visibility": "visible"}, {"gameTime": "1 - 35:26", "label": "Foul", "position": "2126356", "team": "home", "visibility": "visible"}, {"gameTime": "1 - 36:02", "label": "Yellow card", "position": "2162951", "team": "away", "visibility": "visible"}, {"gameTime": "1 - 36:05", "label": "Indirect free-kick", "position": "2165230", "team": "away", "visibility": "visible"}, {"gameTime": "1 - 36:05", "label": "Shots off target", "position": "2165616", "team": "not applicable", "visibility": "visible"}, {"gameTime": "1 - 36:16", "label": "Ball out of play", "position": "2176410", "team": "home", "visibility": "not shown"}, {"gameTime": "1 - 37:23", "label": "Clearance", "position": "2243251", "team": "not applicable", "visibility": "visible"}, {"gameTime": "1 - 37:33", "label": "Ball out of play", "position": "2253623", "team": "home", "visibility": "visible"}, {"gameTime": "1 - 38:37", "label": "Throw-in", "position": "2317703", "team": "home", "visibility": "visible"}, {"gameTime": "1 - 38:39", "label": "Shots off target", "position": "2319137", "team": "not applicable", "visibility": "visible"}, {"gameTime": "1 - 39:07", "label": "Ball out of play", "position": "2347896", "team": "away", "visibility": "not shown"}, {"gameTime": "1 - 40:34", "label": "Clearance", "position": "2434860", "team": "home", "visibility": "visible"}, {"gameTime": "1 - 40:35", "label": "Shots off target", "position": "2435492", "team": "not applicable", "visibility": "visible"}, {"gameTime": "1 - 41:05", "label": "Ball out of play", "position": "2465482", "team": "away", "visibility": "visible"}, {"gameTime": "1 - 42:35", "label": "Clearance", "position": "2555726", "team": "not applicable", "visibility": "visible"}, {"gameTime": "1 - 43:03", "label": "Ball out of play", "position": "2583947", "team": "away", "visibility": "visible"}, {"gameTime": "1 - 43:11", "label": "Clearance", "position": "2591986", "team": "away", "visibility": "visible"}, {"gameTime": "1 - 43:19", "label": "Offside", "position": "2599466", "team": "home", "visibility": "not shown"}, {"gameTime": "1 - 43:49", "label": "Indirect free-kick", "position": "2629139", "team": "not applicable", "visibility": "visible"}, {"gameTime": "1 - 43:57", "label": "Ball out of play", "position": "2637019", "team": "home", "visibility": "visible"}, {"gameTime": "1 - 44:02", "label": "Throw-in", "position": "2642482", "team": "not applicable", "visibility": "visible"}, {"gameTime": "1 - 44:29", "label": "Ball out of play", "position": "2669436", "team": "away", "visibility": "visible"}, {"gameTime": "1 - 44:34", "label": "Clearance", "position": "2674633", "team": "not applicable", "visibility": "visible"}, {"gameTime": "1 - 44:54", "label": "Ball out of play", "position": "2694267", "team": "away", "visibility": "visible"}, {"gameTime": "2 - 00:30", "label": "Kick-off", "position": "30011", "team": "not applicable", "visibility": "visible"}, {"gameTime": "2 - 00:44", "label": "Ball out of play", "position": "44090", "team": "away", "visibility": "visible"}, {"gameTime": "2 - 00:57", "label": "Throw-in", "position": "57172", "team": "not applicable", "visibility": "visible"}, {"gameTime": "2 - 01:05", "label": "Ball out of play", "position": "65870", "team": "away", "visibility": "not shown"}, {"gameTime": "2 - 01:30", "label": "Throw-in", "position": "90786", "team": "not applicable", "visibility": "visible"}, {"gameTime": "2 - 02:00", "label": "Ball out of play", "position": "120096", "team": "away", "visibility": "visible"}, {"gameTime": "2 - 02:04", "label": "Corner", "position": "124224", "team": "away", "visibility": "visible"}, {"gameTime": "2 - 02:04", "label": "Shots on target", "position": "124420", "team": "away", "visibility": "visible"}, {"gameTime": "2 - 02:54", "label": "Goal", "position": "174495", "team": "home", "visibility": "not shown"}, {"gameTime": "2 - 03:00", "label": "Kick-off", "position": "180742", "team": "not applicable", "visibility": "visible"}, {"gameTime": "2 - 03:14", "label": "Ball out of play", "position": "194027", "team": "away", "visibility": "visible"}, {"gameTime": "2 - 03:49", "label": "Throw-in", "position": "229611", "team": "not applicable", "visibility": "visible"}, {"gameTime": "2 - 03:53", "label": "Ball out of play", "position": "233573", "team": "home", "visibility": "visible"}, {"gameTime": "2 - 05:00", "label": "Throw-in", "position": "300830", "team": "not applicable", "visibility": "visible"}, {"gameTime": "2 - 05:06", "label": "Ball out of play", "position": "306642", "team": "home", "visibility": "visible"}, {"gameTime": "2 - 05:34", "label": "Throw-in", "position": "334288", "team": "not applicable", "visibility": "visible"}, {"gameTime": "2 - 05:52", "label": "Ball out of play", "position": "352787", "team": "away", "visibility": "not shown"}, {"gameTime": "2 - 06:42", "label": "Throw-in", "position": "402859", "team": "away", "visibility": "visible"}, {"gameTime": "2 - 06:43", "label": "Shots on target", "position": "403388", "team": "away", "visibility": "visible"}, {"gameTime": "2 - 07:41", "label": "Goal", "position": "461114", "team": "home", "visibility": "not shown"}, {"gameTime": "2 - 09:18", "label": "Kick-off", "position": "558135", "team": "home", "visibility": "visible"}, {"gameTime": "2 - 09:18", "label": "Shots on target", "position": "558520", "team": "home", "visibility": "visible"}, {"gameTime": "2 - 09:53", "label": "Goal", "position": "593108", "team": "away", "visibility": "visible"}, {"gameTime": "2 - 10:29", "label": "Kick-off", "position": "629598", "team": "home", "visibility": "visible"}, {"gameTime": "2 - 11:02", "label": "Foul", "position": "662571", "team": "home", "visibility": "visible"}, {"gameTime": "2 - 11:15", "label": "Substitution", "position": "675215", "team": "away", "visibility": "not shown"}, {"gameTime": "2 - 11:24", "label": "Indirect free-kick", "position": "684357", "team": "away", "visibility": "visible"}, {"gameTime": "2 - 11:34", "label": "Foul", "position": "694011", "team": "home", "visibility": "visible"}, {"gameTime": "2 - 12:23", "label": "Indirect free-kick", "position": "743672", "team": "not applicable", "visibility": "visible"}, {"gameTime": "2 - 12:27", "label": "Ball out of play", "position": "747704", "team": "home", "visibility": "visible"}, {"gameTime": "2 - 12:49", "label": "Throw-in", "position": "769469", "team": "home", "visibility": "visible"}, {"gameTime": "2 - 13:16", "label": "Shots on target", "position": "796196", "team": "not applicable", "visibility": "visible"}, {"gameTime": "2 - 13:28", "label": "Ball out of play", "position": "808302", "team": "home", "visibility": "not shown"}, {"gameTime": "2 - 13:54", "label": "Throw-in", "position": "834575", "team": "not applicable", "visibility": "visible"}, {"gameTime": "2 - 13:58", "label": "Ball out of play", "position": "838032", "team": "home", "visibility": "visible"}, {"gameTime": "2 - 16:45", "label": "Throw-in", "position": "1005437", "team": "not applicable", "visibility": "visible"}, {"gameTime": "2 - 17:03", "label": "Ball out of play", "position": "1023697", "team": "away", "visibility": "not shown"}, {"gameTime": "2 - 17:08", "label": "Throw-in", "position": "1028259", "team": "not applicable", "visibility": "visible"}, {"gameTime": "2 - 17:12", "label": "Ball out of play", "position": "1032071", "team": "home", "visibility": "visible"}, {"gameTime": "2 - 17:45", "label": "Throw-in", "position": "1065952", "team": "not applicable", "visibility": "visible"}, {"gameTime": "2 - 18:08", "label": "Ball out of play", "position": "1088560", "team": "away", "visibility": "visible"}, {"gameTime": "2 - 19:28", "label": "Clearance", "position": "1168006", "team": "not applicable", "visibility": "visible"}, {"gameTime": "2 - 19:45", "label": "Ball out of play", "position": "1185122", "team": "away", "visibility": "visible"}, {"gameTime": "2 - 19:47", "label": "Throw-in", "position": "1187403", "team": "not applicable", "visibility": "visible"}, {"gameTime": "2 - 20:19", "label": "Ball out of play", "position": "1219639", "team": "away", "visibility": "visible"}, {"gameTime": "2 - 20:20", "label": "Corner", "position": "1220929", "team": "away", "visibility": "visible"}, {"gameTime": "2 - 20:22", "label": "Shots off target", "position": "1222289", "team": "not applicable", "visibility": "visible"}, {"gameTime": "2 - 20:33", "label": "Ball out of play", "position": "1233198", "team": "home", "visibility": "not shown"}, {"gameTime": "2 - 21:13", "label": "Clearance", "position": "1273933", "team": "home", "visibility": "visible"}, {"gameTime": "2 - 21:43", "label": "Foul", "position": "1303696", "team": "away", "visibility": "visible"}, {"gameTime": "2 - 22:53", "label": "Indirect free-kick", "position": "1373795", "team": "not applicable", "visibility": "visible"}, {"gameTime": "2 - 23:17", "label": "Ball out of play", "position": "1397676", "team": "home", "visibility": "visible"}, {"gameTime": "2 - 23:45", "label": "Corner", "position": "1425011", "team": "home", "visibility": "visible"}, {"gameTime": "2 - 23:45", "label": "Shots on target", "position": "1425655", "team": "home", "visibility": "visible"}, {"gameTime": "2 - 24:18", "label": "Goal", "position": "1458534", "team": "home", "visibility": "not shown"}, {"gameTime": "2 - 24:34", "label": "Substitution", "position": "1474823", "team": "away", "visibility": "not shown"}, {"gameTime": "2 - 27:01", "label": "Kick-off", "position": "1621748", "team": "not applicable", "visibility": "visible"}, {"gameTime": "2 - 27:09", "label": "Ball out of play", "position": "1629247", "team": "away", "visibility": "visible"}, {"gameTime": "2 - 27:45", "label": "Foul", "position": "1665676", "team": "home", "visibility": "visible"}, {"gameTime": "2 - 27:52", "label": "Direct free-kick", "position": "1672946", "team": "home", "visibility": "visible"}, {"gameTime": "2 - 28:36", "label": "Shots off target", "position": "1716619", "team": "away", "visibility": "visible"}, {"gameTime": "2 - 28:37", "label": "Shots on target", "position": "1717223", "team": "away", "visibility": "visible"}, {"gameTime": "2 - 29:20", "label": "Goal", "position": "1760517", "team": "home", "visibility": "not shown"}, {"gameTime": "2 - 30:48", "label": "Kick-off", "position": "1848095", "team": "not applicable", "visibility": "visible"}, {"gameTime": "2 - 31:10", "label": "Ball out of play", "position": "1870851", "team": "home", "visibility": "visible"}, {"gameTime": "2 - 31:16", "label": "Corner", "position": "1876780", "team": "home", "visibility": "visible"}, {"gameTime": "2 - 31:19", "label": "Shots off target", "position": "1879393", "team": "not applicable", "visibility": "visible"}, {"gameTime": "2 - 31:33", "label": "Ball out of play", "position": "1893251", "team": "home", "visibility": "visible"}, {"gameTime": "2 - 31:37", "label": "Corner", "position": "1897201", "team": "home", "visibility": "visible"}, {"gameTime": "2 - 33:20", "label": "Shots on target", "position": "2000785", "team": "not applicable", "visibility": "visible"}, {"gameTime": "2 - 33:42", "label": "Ball out of play", "position": "2022212", "team": "away", "visibility": "visible"}, {"gameTime": "2 - 34:12", "label": "Substitution", "position": "2052674", "team": "away", "visibility": "not shown"}, {"gameTime": "2 - 34:35", "label": "Throw-in", "position": "2075592", "team": "not applicable", "visibility": "visible"}, {"gameTime": "2 - 34:44", "label": "Ball out of play", "position": "2084862", "team": "home", "visibility": "visible"}, {"gameTime": "2 - 35:41", "label": "Throw-in", "position": "2141220", "team": "home", "visibility": "visible"}, {"gameTime": "2 - 35:42", "label": "Shots on target", "position": "2142438", "team": "not applicable", "visibility": "visible"}, {"gameTime": "2 - 36:04", "label": "Ball out of play", "position": "2164178", "team": "home", "visibility": "visible"}, {"gameTime": "2 - 36:54", "label": "Corner", "position": "2214487", "team": "not applicable", "visibility": "visible"}, {"gameTime": "2 - 37:01", "label": "Ball out of play", "position": "2221691", "team": "home", "visibility": "not shown"}, {"gameTime": "2 - 37:16", "label": "Throw-in", "position": "2236133", "team": "not applicable", "visibility": "visible"}, {"gameTime": "2 - 37:40", "label": "Ball out of play", "position": "2260213", "team": "away", "visibility": "visible"}, {"gameTime": "2 - 37:42", "label": "Throw-in", "position": "2262939", "team": "not applicable", "visibility": "visible"}, {"gameTime": "2 - 37:56", "label": "Ball out of play", "position": "2276139", "team": "away", "visibility": "visible"}, {"gameTime": "2 - 38:00", "label": "Throw-in", "position": "2280130", "team": "not applicable", "visibility": "visible"}, {"gameTime": "2 - 38:20", "label": "Ball out of play", "position": "2300052", "team": "away", "visibility": "visible"}, {"gameTime": "2 - 38:23", "label": "Throw-in", "position": "2303813", "team": "not applicable", "visibility": "visible"}, {"gameTime": "2 - 38:37", "label": "Ball out of play", "position": "2317013", "team": "home", "visibility": "visible"}, {"gameTime": "2 - 39:03", "label": "Clearance", "position": "2343299", "team": "home", "visibility": "visible"}, {"gameTime": "2 - 39:46", "label": "Foul", "position": "2386254", "team": "away", "visibility": "visible"}, {"gameTime": "2 - 39:59", "label": "Substitution", "position": "2399457", "team": "away", "visibility": "visible"}, {"gameTime": "2 - 40:03", "label": "Indirect free-kick", "position": "2403324", "team": "not applicable", "visibility": "visible"}, {"gameTime": "2 - 40:09", "label": "Ball out of play", "position": "2409122", "team": "home", "visibility": "visible"}, {"gameTime": "2 - 40:27", "label": "Throw-in", "position": "2427383", "team": "not applicable", "visibility": "visible"}, {"gameTime": "2 - 40:32", "label": "Ball out of play", "position": "2432956", "team": "home", "visibility": "visible"}, {"gameTime": "2 - 40:43", "label": "Throw-in", "position": "2443632", "team": "home", "visibility": "not shown"}, {"gameTime": "2 - 40:47", "label": "Shots off target", "position": "2447751", "team": "home", "visibility": "visible"}, {"gameTime": "2 - 40:48", "label": "Shots off target", "position": "2448416", "team": "not applicable", "visibility": "visible"}, {"gameTime": "2 - 41:16", "label": "Ball out of play", "position": "2476774", "team": "away", "visibility": "not shown"}, {"gameTime": "2 - 41:47", "label": "Clearance", "position": "2507440", "team": "home", "visibility": "visible"}, {"gameTime": "2 - 42:43", "label": "Foul", "position": "2563455", "team": "away", "visibility": "visible"}, {"gameTime": "2 - 42:43", "label": "Shots off target", "position": "2563455", "team": "away", "visibility": "visible"}, {"gameTime": "2 - 42:44", "label": "Direct free-kick", "position": "2564577", "team": "not applicable", "visibility": "visible"}, {"gameTime": "2 - 42:55", "label": "Ball out of play", "position": "2575218", "team": "home", "visibility": "not shown"}, {"gameTime": "2 - 43:14", "label": "Clearance", "position": "2594613", "team": "home", "visibility": "visible"}, {"gameTime": "2 - 43:23", "label": "Shots off target", "position": "2603818", "team": "not applicable", "visibility": "visible"}, {"gameTime": "2 - 43:28", "label": "Ball out of play", "position": "2608300", "team": "home", "visibility": "visible"}, {"gameTime": "2 - 44:05", "label": "Throw-in", "position": "2645076", "team": "away", "visibility": "visible"}, {"gameTime": "2 - 44:11", "label": "Foul", "position": "2651809", "team": "away", "visibility": "visible"}, {"gameTime": "2 - 44:23", "label": "Yellow card", "position": "2663507", "team": "home", "visibility": "not shown"}, {"gameTime": "2 - 44:45", "label": "Indirect free-kick", "position": "2685771", "team": "not applicable", "visibility": "visible"}, {"gameTime": "2 - 44:48", "label": "Ball out of play", "position": "2688563", "team": "home", "visibility": "visible"}, {"gameTime": "2 - 45:09", "label": "Throw-in", "position": "2709967", "team": "away", "visibility": "visible"}, {"gameTime": "2 - 45:35", "label": "Foul", "position": "2735297", "team": "home", "visibility": "visible"}, {"gameTime": "2 - 45:54", "label": "Indirect free-kick", "position": "2754878", "team": "not applicable", "visibility": "visible"}, {"gameTime": "2 - 46:20", "label": "Ball out of play", "position": "2780572", "team": "away", "visibility": "not shown"}, {"gameTime": "2 - 47:05", "label": "Clearance", "position": "2825447", "team": "not applicable", "visibility": "visible"}, {"gameTime": "2 - 48:16", "label": "Ball out of play", "position": "2896232", "team": "home", "visibility": "not shown"}, {"gameTime": "2 - 48:31", "label": "Throw-in", "position": "2911556", "team": "home", "visibility": "visible"}, {"gameTime": "2 - 48:43", "label": "Foul", "position": "2923130", "team": "away", "visibility": "visible"}, {"gameTime": "2 - 48:48", "label": "Substitution", "position": "2928831", "team": "home", "visibility": "visible"}, {"gameTime": "2 - 49:04", "label": "Substitution", "position": "2944421", "team": "away", "visibility": "visible"}, {"gameTime": "2 - 49:09", "label": "Indirect free-kick", "position": "2949536", "team": "not applicable", "visibility": "visible"}, {"gameTime": "2 - 49:13", "label": "Ball out of play", "position": "2953472", "team": "home", "visibility": "visible"}], "gameAwayTeam": "Swansea", "gameDate": "21/01/2017 - 15:30", "gameHomeTeam": "Liverpool", "gameScore": "2 - 3"}