{"UrlLocal": "italy_serie-a/2016-2017/2017-02-26 - 22-45 Inter 1 - 3 AS Roma/", "UrlYoutube": "", "annotations": [{"gameTime": "1 - 00:00", "label": "Ball out of play", "position": "3", "team": "away", "visibility": "not shown"}, {"gameTime": "1 - 00:28", "label": "Throw-in", "position": "28409", "team": "not applicable", "visibility": "visible"}, {"gameTime": "1 - 00:37", "label": "Foul", "position": "37303", "team": "away", "visibility": "visible"}, {"gameTime": "1 - 01:02", "label": "Clearance", "position": "62116", "team": "away", "visibility": "visible"}, {"gameTime": "1 - 01:39", "label": "Ball out of play", "position": "99841", "team": "home", "visibility": "visible"}, {"gameTime": "1 - 01:43", "label": "Throw-in", "position": "103540", "team": "not applicable", "visibility": "not shown"}, {"gameTime": "1 - 01:50", "label": "Ball out of play", "position": "110999", "team": "away", "visibility": "not shown"}, {"gameTime": "1 - 03:35", "label": "Throw-in", "position": "215827", "team": "not applicable", "visibility": "visible"}, {"gameTime": "1 - 03:40", "label": "Foul", "position": "220605", "team": "home", "visibility": "visible"}, {"gameTime": "1 - 05:11", "label": "Yellow card", "position": "311205", "team": "home", "visibility": "visible"}, {"gameTime": "1 - 05:17", "label": "Direct free-kick", "position": "317565", "team": "home", "visibility": "visible"}, {"gameTime": "1 - 06:46", "label": "Shots on target", "position": "406333", "team": "away", "visibility": "visible"}, {"gameTime": "1 - 06:48", "label": "Shots off target", "position": "408706", "team": "away", "visibility": "visible"}, {"gameTime": "1 - 06:50", "label": "Shots on target", "position": "410977", "team": "away", "visibility": "visible"}, {"gameTime": "1 - 07:46", "label": "Ball out of play", "position": "466085", "team": "away", "visibility": "visible"}, {"gameTime": "1 - 09:18", "label": "Throw-in", "position": "558457", "team": "not applicable", "visibility": "visible"}, {"gameTime": "1 - 09:31", "label": "Ball out of play", "position": "571259", "team": "away", "visibility": "not shown"}, {"gameTime": "1 - 10:02", "label": "Throw-in", "position": "602060", "team": "not applicable", "visibility": "visible"}, {"gameTime": "1 - 10:05", "label": "Ball out of play", "position": "605461", "team": "away", "visibility": "not shown"}, {"gameTime": "1 - 10:26", "label": "Throw-in", "position": "626525", "team": "not applicable", "visibility": "visible"}, {"gameTime": "1 - 10:42", "label": "Ball out of play", "position": "642733", "team": "home", "visibility": "visible"}, {"gameTime": "1 - 10:50", "label": "Throw-in", "position": "650409", "team": "not applicable", "visibility": "visible"}, {"gameTime": "1 - 11:05", "label": "Shots on target", "position": "665037", "team": "away", "visibility": "visible"}, {"gameTime": "1 - 11:15", "label": "Goal", "position": "675703", "team": "away", "visibility": "visible"}, {"gameTime": "1 - 11:16", "label": "Kick-off", "position": "676593", "team": "away", "visibility": "visible"}, {"gameTime": "1 - 11:55", "label": "Shots on target", "position": "715546", "team": "home", "visibility": "not shown"}, {"gameTime": "1 - 12:05", "label": "Ball out of play", "position": "725760", "team": "home", "visibility": "visible"}, {"gameTime": "1 - 12:06", "label": "Corner", "position": "726465", "team": "not applicable", "visibility": "visible"}, {"gameTime": "1 - 12:31", "label": "Ball out of play", "position": "751989", "team": "home", "visibility": "visible"}, {"gameTime": "1 - 12:39", "label": "Clearance", "position": "759084", "team": "not applicable", "visibility": "visible"}, {"gameTime": "1 - 12:53", "label": "Foul", "position": "773880", "team": "away", "visibility": "not shown"}, {"gameTime": "1 - 13:41", "label": "Indirect free-kick", "position": "821204", "team": "away", "visibility": "visible"}, {"gameTime": "1 - 13:52", "label": "Foul", "position": "832992", "team": "home", "visibility": "not shown"}, {"gameTime": "1 - 14:22", "label": "Indirect free-kick", "position": "862623", "team": "away", "visibility": "visible"}, {"gameTime": "1 - 14:34", "label": "Ball out of play", "position": "874527", "team": "home", "visibility": "visible"}, {"gameTime": "1 - 15:26", "label": "Clearance", "position": "926855", "team": "not applicable", "visibility": "visible"}, {"gameTime": "1 - 15:37", "label": "Ball out of play", "position": "937823", "team": "away", "visibility": "not shown"}, {"gameTime": "1 - 16:00", "label": "Throw-in", "position": "960755", "team": "not applicable", "visibility": "visible"}, {"gameTime": "1 - 16:02", "label": "Foul", "position": "962294", "team": "home", "visibility": "not shown"}, {"gameTime": "1 - 16:39", "label": "Direct free-kick", "position": "999179", "team": "home", "visibility": "visible"}, {"gameTime": "1 - 17:23", "label": "Ball out of play", "position": "1043970", "team": "away", "visibility": "visible"}, {"gameTime": "1 - 17:27", "label": "Corner", "position": "1047875", "team": "not applicable", "visibility": "visible"}, {"gameTime": "1 - 18:02", "label": "Ball out of play", "position": "1082576", "team": "away", "visibility": "visible"}, {"gameTime": "1 - 19:05", "label": "Throw-in", "position": "1145015", "team": "not applicable", "visibility": "visible"}, {"gameTime": "1 - 19:10", "label": "Ball out of play", "position": "1150168", "team": "home", "visibility": "visible"}, {"gameTime": "1 - 19:24", "label": "Throw-in", "position": "1164354", "team": "not applicable", "visibility": "visible"}, {"gameTime": "1 - 19:41", "label": "Ball out of play", "position": "1181469", "team": "away", "visibility": "visible"}, {"gameTime": "1 - 19:47", "label": "Clearance", "position": "1187692", "team": "not applicable", "visibility": "visible"}, {"gameTime": "1 - 20:08", "label": "Ball out of play", "position": "1208673", "team": "home", "visibility": "not shown"}, {"gameTime": "1 - 20:26", "label": "Throw-in", "position": "1226927", "team": "not applicable", "visibility": "visible"}, {"gameTime": "1 - 20:31", "label": "Foul", "position": "1231390", "team": "away", "visibility": "not shown"}, {"gameTime": "1 - 21:37", "label": "Indirect free-kick", "position": "1297078", "team": "away", "visibility": "visible"}, {"gameTime": "1 - 22:00", "label": "Ball out of play", "position": "1320061", "team": "home", "visibility": "visible"}, {"gameTime": "1 - 22:12", "label": "Throw-in", "position": "1332263", "team": "not applicable", "visibility": "visible"}, {"gameTime": "1 - 22:19", "label": "Foul", "position": "1339591", "team": "home", "visibility": "visible"}, {"gameTime": "1 - 23:04", "label": "Ball out of play", "position": "1384494", "team": "away", "visibility": "visible"}, {"gameTime": "1 - 23:27", "label": "Throw-in", "position": "1407736", "team": "not applicable", "visibility": "visible"}, {"gameTime": "1 - 23:40", "label": "Ball out of play", "position": "1420089", "team": "away", "visibility": "visible"}, {"gameTime": "1 - 23:49", "label": "Throw-in", "position": "1429366", "team": "not applicable", "visibility": "visible"}, {"gameTime": "1 - 23:57", "label": "Ball out of play", "position": "1437048", "team": "home", "visibility": "visible"}, {"gameTime": "1 - 24:33", "label": "Throw-in", "position": "1473508", "team": "not applicable", "visibility": "visible"}, {"gameTime": "1 - 24:43", "label": "Ball out of play", "position": "1483623", "team": "away", "visibility": "visible"}, {"gameTime": "1 - 24:46", "label": "Throw-in", "position": "1486406", "team": "not applicable", "visibility": "visible"}, {"gameTime": "1 - 24:57", "label": "Ball out of play", "position": "1497622", "team": "away", "visibility": "visible"}, {"gameTime": "1 - 25:02", "label": "Throw-in", "position": "1502691", "team": "not applicable", "visibility": "visible"}, {"gameTime": "1 - 25:12", "label": "Ball out of play", "position": "1512128", "team": "away", "visibility": "visible"}, {"gameTime": "1 - 25:14", "label": "Throw-in", "position": "1514638", "team": "not applicable", "visibility": "visible"}, {"gameTime": "1 - 25:25", "label": "Shots on target", "position": "1525419", "team": "away", "visibility": "visible"}, {"gameTime": "1 - 25:32", "label": "Ball out of play", "position": "1532338", "team": "away", "visibility": "visible"}, {"gameTime": "1 - 25:52", "label": "Throw-in", "position": "1552317", "team": "not applicable", "visibility": "visible"}, {"gameTime": "1 - 25:59", "label": "Ball out of play", "position": "1559018", "team": "home", "visibility": "not shown"}, {"gameTime": "1 - 26:40", "label": "Clearance", "position": "1600871", "team": "not applicable", "visibility": "visible"}, {"gameTime": "1 - 26:45", "label": "Ball out of play", "position": "1605350", "team": "home", "visibility": "not shown"}, {"gameTime": "1 - 27:05", "label": "Clearance", "position": "1625141", "team": "not applicable", "visibility": "visible"}, {"gameTime": "1 - 27:13", "label": "Foul", "position": "1633451", "team": "home", "visibility": "not shown"}, {"gameTime": "1 - 27:25", "label": "Indirect free-kick", "position": "1645555", "team": "home", "visibility": "visible"}, {"gameTime": "1 - 27:46", "label": "Foul", "position": "1666000", "team": "away", "visibility": "visible"}, {"gameTime": "1 - 28:28", "label": "Indirect free-kick", "position": "1708715", "team": "away", "visibility": "visible"}, {"gameTime": "1 - 28:34", "label": "Foul", "position": "1714941", "team": "home", "visibility": "not shown"}, {"gameTime": "1 - 28:44", "label": "Indirect free-kick", "position": "1724781", "team": "away", "visibility": "visible"}, {"gameTime": "1 - 29:20", "label": "Ball out of play", "position": "1760360", "team": "home", "visibility": "visible"}, {"gameTime": "1 - 29:35", "label": "Clearance", "position": "1775450", "team": "not applicable", "visibility": "visible"}, {"gameTime": "1 - 29:46", "label": "Foul", "position": "1786543", "team": "away", "visibility": "not shown"}, {"gameTime": "1 - 29:57", "label": "Indirect free-kick", "position": "1797358", "team": "home", "visibility": "visible"}, {"gameTime": "1 - 31:16", "label": "Foul", "position": "1876478", "team": "away", "visibility": "visible"}, {"gameTime": "1 - 31:47", "label": "Indirect free-kick", "position": "1907109", "team": "away", "visibility": "visible"}, {"gameTime": "1 - 32:06", "label": "Ball out of play", "position": "1926968", "team": "home", "visibility": "not shown"}, {"gameTime": "1 - 32:26", "label": "Throw-in", "position": "1946972", "team": "not applicable", "visibility": "visible"}, {"gameTime": "1 - 32:38", "label": "Ball out of play", "position": "1958616", "team": "home", "visibility": "visible"}, {"gameTime": "1 - 32:43", "label": "Throw-in", "position": "1963621", "team": "not applicable", "visibility": "visible"}, {"gameTime": "1 - 32:47", "label": "Ball out of play", "position": "1967431", "team": "home", "visibility": "visible"}, {"gameTime": "1 - 33:07", "label": "Throw-in", "position": "1987288", "team": "not applicable", "visibility": "visible"}, {"gameTime": "1 - 33:12", "label": "Ball out of play", "position": "1992527", "team": "away", "visibility": "not shown"}, {"gameTime": "1 - 33:36", "label": "Throw-in", "position": "2016144", "team": "not applicable", "visibility": "visible"}, {"gameTime": "1 - 33:51", "label": "Foul", "position": "2031513", "team": "away", "visibility": "visible"}, {"gameTime": "1 - 34:04", "label": "Indirect free-kick", "position": "2044816", "team": "away", "visibility": "visible"}, {"gameTime": "1 - 34:23", "label": "Foul", "position": "2063359", "team": "home", "visibility": "not shown"}, {"gameTime": "1 - 34:58", "label": "Indirect free-kick", "position": "2098685", "team": "away", "visibility": "visible"}, {"gameTime": "1 - 35:03", "label": "Shots on target", "position": "2103288", "team": "home", "visibility": "visible"}, {"gameTime": "1 - 35:40", "label": "Ball out of play", "position": "2140302", "team": "away", "visibility": "visible"}, {"gameTime": "1 - 35:42", "label": "Corner", "position": "2142425", "team": "not applicable", "visibility": "visible"}, {"gameTime": "1 - 36:13", "label": "Foul", "position": "2173011", "team": "away", "visibility": "visible"}, {"gameTime": "1 - 36:50", "label": "Indirect free-kick", "position": "2210673", "team": "home", "visibility": "visible"}, {"gameTime": "1 - 37:19", "label": "Shots on target", "position": "2239593", "team": "away", "visibility": "visible"}, {"gameTime": "1 - 38:10", "label": "Foul", "position": "2290252", "team": "home", "visibility": "visible"}, {"gameTime": "1 - 39:50", "label": "Yellow card", "position": "2390991", "team": "away", "visibility": "visible"}, {"gameTime": "1 - 39:58", "label": "Indirect free-kick", "position": "2398870", "team": "away", "visibility": "visible"}, {"gameTime": "1 - 40:10", "label": "Ball out of play", "position": "2410851", "team": "home", "visibility": "not shown"}, {"gameTime": "1 - 40:37", "label": "Throw-in", "position": "2437867", "team": "not applicable", "visibility": "visible"}, {"gameTime": "1 - 40:41", "label": "Ball out of play", "position": "2441544", "team": "home", "visibility": "not shown"}, {"gameTime": "1 - 40:52", "label": "Corner", "position": "2452917", "team": "not applicable", "visibility": "visible"}, {"gameTime": "1 - 41:10", "label": "Shots off target", "position": "2470912", "team": "home", "visibility": "visible"}, {"gameTime": "1 - 41:12", "label": "Ball out of play", "position": "2472214", "team": "home", "visibility": "visible"}, {"gameTime": "1 - 41:13", "label": "Clearance", "position": "2473411", "team": "not applicable", "visibility": "visible"}, {"gameTime": "1 - 41:32", "label": "Ball out of play", "position": "2492709", "team": "away", "visibility": "not shown"}, {"gameTime": "1 - 41:54", "label": "Clearance", "position": "2514440", "team": "not applicable", "visibility": "visible"}, {"gameTime": "1 - 42:14", "label": "Foul", "position": "2534223", "team": "away", "visibility": "visible"}, {"gameTime": "1 - 42:40", "label": "Indirect free-kick", "position": "2560628", "team": "away", "visibility": "visible"}, {"gameTime": "1 - 43:04", "label": "Shots off target", "position": "2584415", "team": "home", "visibility": "visible"}, {"gameTime": "1 - 43:51", "label": "Ball out of play", "position": "2631210", "team": "away", "visibility": "visible"}, {"gameTime": "1 - 43:52", "label": "Clearance", "position": "2632703", "team": "not applicable", "visibility": "visible"}, {"gameTime": "1 - 44:21", "label": "Ball out of play", "position": "2661751", "team": "home", "visibility": "visible"}, {"gameTime": "1 - 44:27", "label": "Throw-in", "position": "2667537", "team": "not applicable", "visibility": "visible"}, {"gameTime": "1 - 44:31", "label": "Shots on target", "position": "2671863", "team": "home", "visibility": "visible"}, {"gameTime": "1 - 44:53", "label": "Ball out of play", "position": "2693122", "team": "home", "visibility": "visible"}, {"gameTime": "1 - 44:54", "label": "Ball out of play", "position": "2694314", "team": "not applicable", "visibility": "visible"}, {"gameTime": "2 - 00:00", "label": "Foul", "position": "4", "team": "home", "visibility": "not shown"}, {"gameTime": "2 - 00:10", "label": "Direct free-kick", "position": "10006", "team": "away", "visibility": "visible"}, {"gameTime": "2 - 00:39", "label": "Foul", "position": "39914", "team": "home", "visibility": "visible"}, {"gameTime": "2 - 00:48", "label": "Indirect free-kick", "position": "48024", "team": "away", "visibility": "visible"}, {"gameTime": "2 - 00:51", "label": "Foul", "position": "51688", "team": "home", "visibility": "not shown"}, {"gameTime": "2 - 01:44", "label": "Indirect free-kick", "position": "104508", "team": "away", "visibility": "visible"}, {"gameTime": "2 - 02:06", "label": "Shots on target", "position": "126518", "team": "home", "visibility": "visible"}, {"gameTime": "2 - 02:39", "label": "Ball out of play", "position": "159979", "team": "home", "visibility": "visible"}, {"gameTime": "2 - 02:40", "label": "Corner", "position": "160909", "team": "not applicable", "visibility": "visible"}, {"gameTime": "2 - 02:46", "label": "Ball out of play", "position": "166953", "team": "home", "visibility": "visible"}, {"gameTime": "2 - 03:32", "label": "Clearance", "position": "212232", "team": "not applicable", "visibility": "visible"}, {"gameTime": "2 - 03:52", "label": "Shots on target", "position": "232201", "team": "home", "visibility": "visible"}, {"gameTime": "2 - 04:09", "label": "Ball out of play", "position": "249796", "team": "home", "visibility": "visible"}, {"gameTime": "2 - 04:10", "label": "Corner", "position": "250272", "team": "not applicable", "visibility": "visible"}, {"gameTime": "2 - 04:31", "label": "Foul", "position": "271248", "team": "home", "visibility": "visible"}, {"gameTime": "2 - 05:18", "label": "Indirect free-kick", "position": "318124", "team": "away", "visibility": "visible"}, {"gameTime": "2 - 05:22", "label": "Ball out of play", "position": "322654", "team": "home", "visibility": "visible"}, {"gameTime": "2 - 05:48", "label": "Throw-in", "position": "348968", "team": "not applicable", "visibility": "visible"}, {"gameTime": "2 - 05:57", "label": "Ball out of play", "position": "357507", "team": "away", "visibility": "not shown"}, {"gameTime": "2 - 06:34", "label": "Throw-in", "position": "394764", "team": "not applicable", "visibility": "visible"}, {"gameTime": "2 - 06:48", "label": "Ball out of play", "position": "408067", "team": "away", "visibility": "visible"}, {"gameTime": "2 - 08:11", "label": "Throw-in", "position": "491453", "team": "not applicable", "visibility": "visible"}, {"gameTime": "2 - 08:26", "label": "Foul", "position": "506804", "team": "home", "visibility": "visible"}, {"gameTime": "2 - 08:45", "label": "Substitution", "position": "525986", "team": "away", "visibility": "visible"}, {"gameTime": "2 - 09:07", "label": "Indirect free-kick", "position": "547328", "team": "home", "visibility": "visible"}, {"gameTime": "2 - 09:15", "label": "Offside", "position": "555466", "team": "home", "visibility": "not shown"}, {"gameTime": "2 - 09:41", "label": "Indirect free-kick", "position": "581137", "team": "away", "visibility": "visible"}, {"gameTime": "2 - 09:51", "label": "Shots on target", "position": "591487", "team": "home", "visibility": "not shown"}, {"gameTime": "2 - 10:20", "label": "Goal", "position": "620462", "team": "away", "visibility": "visible"}, {"gameTime": "2 - 10:21", "label": "Kick-off", "position": "621300", "team": "away", "visibility": "visible"}, {"gameTime": "2 - 11:31", "label": "Ball out of play", "position": "691730", "team": "home", "visibility": "visible"}, {"gameTime": "2 - 12:14", "label": "Throw-in", "position": "734878", "team": "not applicable", "visibility": "visible"}, {"gameTime": "2 - 12:35", "label": "Ball out of play", "position": "755498", "team": "away", "visibility": "visible"}, {"gameTime": "2 - 12:49", "label": "Throw-in", "position": "769721", "team": "not applicable", "visibility": "visible"}, {"gameTime": "2 - 13:00", "label": "Shots off target", "position": "780984", "team": "home", "visibility": "visible"}, {"gameTime": "2 - 13:35", "label": "Ball out of play", "position": "815546", "team": "home", "visibility": "visible"}, {"gameTime": "2 - 13:37", "label": "Clearance", "position": "817908", "team": "not applicable", "visibility": "visible"}, {"gameTime": "2 - 13:56", "label": "Ball out of play", "position": "836020", "team": "away", "visibility": "not shown"}, {"gameTime": "2 - 14:25", "label": "Throw-in", "position": "865044", "team": "not applicable", "visibility": "visible"}, {"gameTime": "2 - 14:35", "label": "Shots off target", "position": "875010", "team": "away", "visibility": "visible"}, {"gameTime": "2 - 14:39", "label": "Ball out of play", "position": "879833", "team": "away", "visibility": "visible"}, {"gameTime": "2 - 14:51", "label": "Throw-in", "position": "891244", "team": "not applicable", "visibility": "visible"}, {"gameTime": "2 - 14:59", "label": "Ball out of play", "position": "899213", "team": "home", "visibility": "visible"}, {"gameTime": "2 - 15:03", "label": "Throw-in", "position": "903470", "team": "not applicable", "visibility": "visible"}, {"gameTime": "2 - 15:06", "label": "Ball out of play", "position": "906588", "team": "home", "visibility": "visible"}, {"gameTime": "2 - 15:11", "label": "Clearance", "position": "911450", "team": "not applicable", "visibility": "visible"}, {"gameTime": "2 - 15:25", "label": "Ball out of play", "position": "925018", "team": "away", "visibility": "not shown"}, {"gameTime": "2 - 15:55", "label": "Throw-in", "position": "955485", "team": "not applicable", "visibility": "visible"}, {"gameTime": "2 - 16:15", "label": "Ball out of play", "position": "975264", "team": "away", "visibility": "visible"}, {"gameTime": "2 - 16:39", "label": "Clearance", "position": "999558", "team": "not applicable", "visibility": "visible"}, {"gameTime": "2 - 17:03", "label": "Offside", "position": "1023470", "team": "away", "visibility": "visible"}, {"gameTime": "2 - 17:28", "label": "Indirect free-kick", "position": "1048826", "team": "away", "visibility": "visible"}, {"gameTime": "2 - 17:37", "label": "Shots off target", "position": "1057322", "team": "home", "visibility": "not shown"}, {"gameTime": "2 - 18:40", "label": "Ball out of play", "position": "1120961", "team": "home", "visibility": "visible"}, {"gameTime": "2 - 18:41", "label": "Clearance", "position": "1121494", "team": "not applicable", "visibility": "visible"}, {"gameTime": "2 - 19:06", "label": "Ball out of play", "position": "1146428", "team": "away", "visibility": "visible"}, {"gameTime": "2 - 19:24", "label": "Throw-in", "position": "1164642", "team": "not applicable", "visibility": "visible"}, {"gameTime": "2 - 19:31", "label": "Ball out of play", "position": "1171085", "team": "home", "visibility": "visible"}, {"gameTime": "2 - 20:08", "label": "Throw-in", "position": "1208461", "team": "not applicable", "visibility": "visible"}, {"gameTime": "2 - 20:31", "label": "Ball out of play", "position": "1231592", "team": "away", "visibility": "visible"}, {"gameTime": "2 - 22:04", "label": "Throw-in", "position": "1324764", "team": "not applicable", "visibility": "visible"}, {"gameTime": "2 - 22:24", "label": "Ball out of play", "position": "1344508", "team": "away", "visibility": "visible"}, {"gameTime": "2 - 23:05", "label": "Corner", "position": "1385444", "team": "not applicable", "visibility": "visible"}, {"gameTime": "2 - 23:30", "label": "Ball out of play", "position": "1410428", "team": "home", "visibility": "visible"}, {"gameTime": "2 - 24:44", "label": "Throw-in", "position": "1484777", "team": "not applicable", "visibility": "not shown"}, {"gameTime": "2 - 24:46", "label": "Shots off target", "position": "1486015", "team": "home", "visibility": "visible"}, {"gameTime": "2 - 24:52", "label": "Ball out of play", "position": "1492575", "team": "home", "visibility": "visible"}, {"gameTime": "2 - 24:53", "label": "Substitution", "position": "1493873", "team": "not applicable", "visibility": "visible"}, {"gameTime": "2 - 25:34", "label": "Clearance", "position": "1534912", "team": "away", "visibility": "visible"}, {"gameTime": "2 - 25:41", "label": "Offside", "position": "1541104", "team": "away", "visibility": "not shown"}, {"gameTime": "2 - 25:48", "label": "Indirect free-kick", "position": "1548639", "team": "away", "visibility": "visible"}, {"gameTime": "2 - 25:53", "label": "Ball out of play", "position": "1553024", "team": "home", "visibility": "visible"}, {"gameTime": "2 - 25:57", "label": "Throw-in", "position": "1557029", "team": "not applicable", "visibility": "visible"}, {"gameTime": "2 - 26:00", "label": "Ball out of play", "position": "1560546", "team": "home", "visibility": "visible"}, {"gameTime": "2 - 26:22", "label": "Corner", "position": "1582376", "team": "not applicable", "visibility": "visible"}, {"gameTime": "2 - 26:36", "label": "Shots off target", "position": "1596672", "team": "home", "visibility": "visible"}, {"gameTime": "2 - 26:37", "label": "Ball out of play", "position": "1597825", "team": "home", "visibility": "visible"}, {"gameTime": "2 - 27:12", "label": "Throw-in", "position": "1632624", "team": "not applicable", "visibility": "visible"}, {"gameTime": "2 - 27:21", "label": "Shots off target", "position": "1641572", "team": "home", "visibility": "visible"}, {"gameTime": "2 - 27:40", "label": "Ball out of play", "position": "1660082", "team": "away", "visibility": "visible"}, {"gameTime": "2 - 27:41", "label": "Clearance", "position": "1661200", "team": "not applicable", "visibility": "visible"}, {"gameTime": "2 - 27:59", "label": "Ball out of play", "position": "1679702", "team": "home", "visibility": "not shown"}, {"gameTime": "2 - 28:13", "label": "Corner", "position": "1693923", "team": "not applicable", "visibility": "visible"}, {"gameTime": "2 - 28:28", "label": "Foul", "position": "1708942", "team": "home", "visibility": "visible"}, {"gameTime": "2 - 28:34", "label": "Indirect free-kick", "position": "1714229", "team": "home", "visibility": "visible"}, {"gameTime": "2 - 29:10", "label": "Foul", "position": "1750525", "team": "away", "visibility": "visible"}, {"gameTime": "2 - 29:23", "label": "Substitution", "position": "1763081", "team": "away", "visibility": "visible"}, {"gameTime": "2 - 29:40", "label": "Indirect free-kick", "position": "1780002", "team": "home", "visibility": "visible"}, {"gameTime": "2 - 29:54", "label": "Ball out of play", "position": "1794933", "team": "home", "visibility": "visible"}, {"gameTime": "2 - 30:05", "label": "Throw-in", "position": "1805814", "team": "not applicable", "visibility": "visible"}, {"gameTime": "2 - 30:26", "label": "Foul", "position": "1826080", "team": "away", "visibility": "visible"}, {"gameTime": "2 - 30:46", "label": "Indirect free-kick", "position": "1846154", "team": "away", "visibility": "visible"}, {"gameTime": "2 - 30:58", "label": "Foul", "position": "1858653", "team": "home", "visibility": "visible"}, {"gameTime": "2 - 33:36", "label": "Direct free-kick", "position": "2016788", "team": "home", "visibility": "visible"}, {"gameTime": "2 - 34:08", "label": "Shots off target", "position": "2048258", "team": "away", "visibility": "visible"}, {"gameTime": "2 - 34:09", "label": "Clearance", "position": "2049634", "team": "away", "visibility": "visible"}, {"gameTime": "2 - 34:26", "label": "Substitution", "position": "2066233", "team": "home", "visibility": "not shown"}, {"gameTime": "2 - 34:27", "label": "Ball out of play", "position": "2067292", "team": "home", "visibility": "not shown"}, {"gameTime": "2 - 35:03", "label": "Throw-in", "position": "2103681", "team": "not applicable", "visibility": "visible"}, {"gameTime": "2 - 35:07", "label": "Ball out of play", "position": "2107746", "team": "home", "visibility": "not shown"}, {"gameTime": "2 - 35:13", "label": "Throw-in", "position": "2113049", "team": "not applicable", "visibility": "visible"}, {"gameTime": "2 - 35:22", "label": "Shots on target", "position": "2122380", "team": "home", "visibility": "visible"}, {"gameTime": "2 - 35:36", "label": "Goal", "position": "2136938", "team": "home", "visibility": "visible"}, {"gameTime": "2 - 35:37", "label": "Kick-off", "position": "2137127", "team": "home", "visibility": "visible"}, {"gameTime": "2 - 36:04", "label": "Foul", "position": "2164344", "team": "away", "visibility": "not shown"}, {"gameTime": "2 - 36:58", "label": "Yellow card", "position": "2218506", "team": "home", "visibility": "visible"}, {"gameTime": "2 - 37:34", "label": "Yellow card", "position": "2254961", "team": "away", "visibility": "visible"}, {"gameTime": "2 - 37:36", "label": "Substitution", "position": "2256260", "team": "home", "visibility": "visible"}, {"gameTime": "2 - 38:29", "label": "Indirect free-kick", "position": "2309823", "team": "away", "visibility": "visible"}, {"gameTime": "2 - 38:41", "label": "Foul", "position": "2321256", "team": "away", "visibility": "visible"}, {"gameTime": "2 - 38:45", "label": "Penalty", "position": "2325693", "team": "home", "visibility": "visible"}, {"gameTime": "2 - 39:56", "label": "Goal", "position": "2396312", "team": "away", "visibility": "visible"}, {"gameTime": "2 - 39:56", "label": "Kick-off", "position": "2396915", "team": "away", "visibility": "visible"}, {"gameTime": "2 - 41:01", "label": "Ball out of play", "position": "2461666", "team": "home", "visibility": "visible"}, {"gameTime": "2 - 41:24", "label": "Corner", "position": "2484574", "team": "not applicable", "visibility": "visible"}, {"gameTime": "2 - 41:36", "label": "Shots off target", "position": "2496862", "team": "home", "visibility": "visible"}, {"gameTime": "2 - 41:38", "label": "Ball out of play", "position": "2498420", "team": "home", "visibility": "visible"}, {"gameTime": "2 - 41:39", "label": "Clearance", "position": "2499138", "team": "not applicable", "visibility": "visible"}, {"gameTime": "2 - 41:57", "label": "Foul", "position": "2517622", "team": "away", "visibility": "not shown"}, {"gameTime": "2 - 42:17", "label": "Ball out of play", "position": "2537258", "team": "away", "visibility": "visible"}, {"gameTime": "2 - 42:38", "label": "Substitution", "position": "2558743", "team": "not applicable", "visibility": "visible"}, {"gameTime": "2 - 43:12", "label": "Clearance", "position": "2592675", "team": "away", "visibility": "visible"}, {"gameTime": "2 - 43:23", "label": "Ball out of play", "position": "2603372", "team": "away", "visibility": "not shown"}, {"gameTime": "2 - 43:39", "label": "Throw-in", "position": "2619637", "team": "not applicable", "visibility": "visible"}, {"gameTime": "2 - 43:48", "label": "Ball out of play", "position": "2628147", "team": "home", "visibility": "visible"}, {"gameTime": "2 - 43:54", "label": "Throw-in", "position": "2634168", "team": "not applicable", "visibility": "visible"}, {"gameTime": "2 - 44:00", "label": "Ball out of play", "position": "2640034", "team": "home", "visibility": "not shown"}, {"gameTime": "2 - 44:03", "label": "Throw-in", "position": "2643820", "team": "not applicable", "visibility": "visible"}, {"gameTime": "2 - 44:17", "label": "Ball out of play", "position": "2657588", "team": "home", "visibility": "visible"}, {"gameTime": "2 - 44:19", "label": "Throw-in", "position": "2659038", "team": "not applicable", "visibility": "visible"}, {"gameTime": "2 - 44:32", "label": "Foul", "position": "2672287", "team": "away", "visibility": "visible"}, {"gameTime": "2 - 44:33", "label": "Indirect free-kick", "position": "2673906", "team": "home", "visibility": "visible"}, {"gameTime": "2 - 44:59", "label": "Indirect free-kick", "position": "2699779", "team": "away", "visibility": "visible"}], "gameAwayTeam": "AS Roma", "gameDate": "26/02/2017 - 22:45", "gameHomeTeam": "Inter", "gameScore": "1 - 3"}