{"UrlLocal": "italy_serie-a/2016-2017/2017-05-07 - 21-45 AC Milan 1 - 4 AS Roma/", "UrlYoutube": "", "annotations": [{"gameTime": "1 - 00:00", "label": "Ball out of play", "position": "10", "team": "away", "visibility": "not shown"}, {"gameTime": "1 - 00:38", "label": "Clearance", "position": "38597", "team": "not applicable", "visibility": "visible"}, {"gameTime": "1 - 00:44", "label": "Ball out of play", "position": "44301", "team": "home", "visibility": "not shown"}, {"gameTime": "1 - 01:30", "label": "Throw-in", "position": "90041", "team": "not applicable", "visibility": "visible"}, {"gameTime": "1 - 01:48", "label": "Ball out of play", "position": "108259", "team": "away", "visibility": "visible"}, {"gameTime": "1 - 02:16", "label": "Throw-in", "position": "136832", "team": "not applicable", "visibility": "visible"}, {"gameTime": "1 - 02:31", "label": "Foul", "position": "151781", "team": "home", "visibility": "visible"}, {"gameTime": "1 - 03:04", "label": "Indirect free-kick", "position": "184143", "team": "away", "visibility": "visible"}, {"gameTime": "1 - 03:35", "label": "Ball out of play", "position": "215743", "team": "home", "visibility": "visible"}, {"gameTime": "1 - 03:45", "label": "Clearance", "position": "225875", "team": "not applicable", "visibility": "visible"}, {"gameTime": "1 - 04:00", "label": "Foul", "position": "240526", "team": "away", "visibility": "not shown"}, {"gameTime": "1 - 04:04", "label": "Indirect free-kick", "position": "244140", "team": "home", "visibility": "visible"}, {"gameTime": "1 - 04:07", "label": "Ball out of play", "position": "247828", "team": "away", "visibility": "not shown"}, {"gameTime": "1 - 04:13", "label": "Throw-in", "position": "253956", "team": "not applicable", "visibility": "visible"}, {"gameTime": "1 - 04:22", "label": "Ball out of play", "position": "262201", "team": "home", "visibility": "visible"}, {"gameTime": "1 - 04:42", "label": "Throw-in", "position": "282843", "team": "not applicable", "visibility": "visible"}, {"gameTime": "1 - 05:47", "label": "Ball out of play", "position": "347055", "team": "away", "visibility": "not shown"}, {"gameTime": "1 - 06:14", "label": "Throw-in", "position": "374213", "team": "not applicable", "visibility": "visible"}, {"gameTime": "1 - 06:19", "label": "Ball out of play", "position": "379523", "team": "home", "visibility": "visible"}, {"gameTime": "1 - 06:29", "label": "Throw-in", "position": "389345", "team": "not applicable", "visibility": "visible"}, {"gameTime": "1 - 06:36", "label": "Shots on target", "position": "396917", "team": "away", "visibility": "visible"}, {"gameTime": "1 - 07:19", "label": "Goal", "position": "439302", "team": "away", "visibility": "visible"}, {"gameTime": "1 - 07:20", "label": "Kick-off", "position": "440143", "team": "away", "visibility": "visible"}, {"gameTime": "1 - 08:09", "label": "Ball out of play", "position": "489780", "team": "home", "visibility": "visible"}, {"gameTime": "1 - 08:29", "label": "Throw-in", "position": "509967", "team": "not applicable", "visibility": "visible"}, {"gameTime": "1 - 08:33", "label": "Foul", "position": "513766", "team": "home", "visibility": "visible"}, {"gameTime": "1 - 09:09", "label": "Direct free-kick", "position": "549618", "team": "away", "visibility": "visible"}, {"gameTime": "1 - 09:43", "label": "Shots on target", "position": "583442", "team": "home", "visibility": "visible"}, {"gameTime": "1 - 10:03", "label": "Ball out of play", "position": "603546", "team": "home", "visibility": "visible"}, {"gameTime": "1 - 10:05", "label": "Corner", "position": "605348", "team": "not applicable", "visibility": "visible"}, {"gameTime": "1 - 10:24", "label": "Shots off target", "position": "624823", "team": "home", "visibility": "visible"}, {"gameTime": "1 - 11:22", "label": "Ball out of play", "position": "682018", "team": "away", "visibility": "visible"}, {"gameTime": "1 - 11:22", "label": "Clearance", "position": "682776", "team": "not applicable", "visibility": "visible"}, {"gameTime": "1 - 11:43", "label": "Shots on target", "position": "703563", "team": "home", "visibility": "not shown"}, {"gameTime": "1 - 14:06", "label": "Ball out of play", "position": "846052", "team": "home", "visibility": "visible"}, {"gameTime": "1 - 14:07", "label": "Corner", "position": "847486", "team": "not applicable", "visibility": "visible"}, {"gameTime": "1 - 14:25", "label": "Shots off target", "position": "865568", "team": "home", "visibility": "not shown"}, {"gameTime": "1 - 14:32", "label": "Ball out of play", "position": "872695", "team": "home", "visibility": "visible"}, {"gameTime": "1 - 14:33", "label": "Clearance", "position": "873588", "team": "not applicable", "visibility": "visible"}, {"gameTime": "1 - 14:55", "label": "Shots off target", "position": "895718", "team": "away", "visibility": "not shown"}, {"gameTime": "1 - 15:30", "label": "Ball out of play", "position": "930305", "team": "home", "visibility": "visible"}, {"gameTime": "1 - 15:31", "label": "Clearance", "position": "931429", "team": "not applicable", "visibility": "visible"}, {"gameTime": "1 - 15:48", "label": "Shots on target", "position": "948676", "team": "away", "visibility": "not shown"}, {"gameTime": "1 - 16:05", "label": "Shots on target", "position": "965962", "team": "away", "visibility": "visible"}, {"gameTime": "1 - 16:27", "label": "Ball out of play", "position": "987203", "team": "away", "visibility": "visible"}, {"gameTime": "1 - 17:16", "label": "Corner", "position": "1036208", "team": "not applicable", "visibility": "visible"}, {"gameTime": "1 - 17:50", "label": "Shots on target", "position": "1070114", "team": "away", "visibility": "visible"}, {"gameTime": "1 - 18:12", "label": "Shots off target", "position": "1092503", "team": "away", "visibility": "visible"}, {"gameTime": "1 - 18:14", "label": "Ball out of play", "position": "1094427", "team": "away", "visibility": "visible"}, {"gameTime": "1 - 18:15", "label": "Clearance", "position": "1095898", "team": "not applicable", "visibility": "visible"}, {"gameTime": "1 - 18:28", "label": "Ball out of play", "position": "1108773", "team": "home", "visibility": "not shown"}, {"gameTime": "1 - 19:55", "label": "Clearance", "position": "1195251", "team": "not applicable", "visibility": "visible"}, {"gameTime": "1 - 20:09", "label": "Shots off target", "position": "1209729", "team": "home", "visibility": "visible"}, {"gameTime": "1 - 20:55", "label": "Ball out of play", "position": "1255193", "team": "away", "visibility": "visible"}, {"gameTime": "1 - 20:55", "label": "Clearance", "position": "1255874", "team": "not applicable", "visibility": "visible"}, {"gameTime": "1 - 21:05", "label": "Ball out of play", "position": "1265266", "team": "home", "visibility": "not shown"}, {"gameTime": "1 - 21:28", "label": "Throw-in", "position": "1288309", "team": "not applicable", "visibility": "visible"}, {"gameTime": "1 - 21:38", "label": "Shots on target", "position": "1298318", "team": "home", "visibility": "visible"}, {"gameTime": "1 - 22:11", "label": "Ball out of play", "position": "1331266", "team": "home", "visibility": "visible"}, {"gameTime": "1 - 22:13", "label": "Corner", "position": "1333017", "team": "not applicable", "visibility": "visible"}, {"gameTime": "1 - 22:28", "label": "Ball out of play", "position": "1348582", "team": "home", "visibility": "not shown"}, {"gameTime": "1 - 22:58", "label": "Throw-in", "position": "1378620", "team": "not applicable", "visibility": "visible"}, {"gameTime": "1 - 23:00", "label": "Foul", "position": "1380999", "team": "home", "visibility": "not shown"}, {"gameTime": "1 - 23:56", "label": "Indirect free-kick", "position": "1436032", "team": "home", "visibility": "visible"}, {"gameTime": "1 - 24:20", "label": "Foul", "position": "1460947", "team": "away", "visibility": "visible"}, {"gameTime": "1 - 24:51", "label": "Indirect free-kick", "position": "1491927", "team": "away", "visibility": "visible"}, {"gameTime": "1 - 25:05", "label": "Ball out of play", "position": "1505022", "team": "home", "visibility": "not shown"}, {"gameTime": "1 - 25:09", "label": "Throw-in", "position": "1509313", "team": "not applicable", "visibility": "visible"}, {"gameTime": "1 - 25:21", "label": "Ball out of play", "position": "1521936", "team": "home", "visibility": "visible"}, {"gameTime": "1 - 26:48", "label": "Corner", "position": "1608927", "team": "not applicable", "visibility": "visible"}, {"gameTime": "1 - 27:24", "label": "Shots on target", "position": "1644451", "team": "away", "visibility": "visible"}, {"gameTime": "1 - 27:25", "label": "Goal", "position": "1645698", "team": "away", "visibility": "visible"}, {"gameTime": "1 - 27:26", "label": "Kick-off", "position": "1646035", "team": "away", "visibility": "visible"}, {"gameTime": "1 - 28:19", "label": "Ball out of play", "position": "1699553", "team": "home", "visibility": "visible"}, {"gameTime": "1 - 28:44", "label": "Throw-in", "position": "1724018", "team": "not applicable", "visibility": "visible"}, {"gameTime": "1 - 28:47", "label": "Ball out of play", "position": "1727126", "team": "home", "visibility": "visible"}, {"gameTime": "1 - 28:51", "label": "Throw-in", "position": "1731255", "team": "not applicable", "visibility": "visible"}, {"gameTime": "1 - 29:05", "label": "Shots on target", "position": "1745495", "team": "home", "visibility": "visible"}, {"gameTime": "1 - 30:01", "label": "Ball out of play", "position": "1801818", "team": "home", "visibility": "visible"}, {"gameTime": "1 - 30:14", "label": "Corner", "position": "1814718", "team": "not applicable", "visibility": "visible"}, {"gameTime": "1 - 30:39", "label": "Ball out of play", "position": "1839221", "team": "home", "visibility": "visible"}, {"gameTime": "1 - 30:43", "label": "Clearance", "position": "1843289", "team": "not applicable", "visibility": "visible"}, {"gameTime": "1 - 31:01", "label": "Offside", "position": "1861533", "team": "away", "visibility": "visible"}, {"gameTime": "1 - 31:17", "label": "Indirect free-kick", "position": "1877912", "team": "home", "visibility": "visible"}, {"gameTime": "1 - 31:31", "label": "Ball out of play", "position": "1891943", "team": "away", "visibility": "not shown"}, {"gameTime": "1 - 31:49", "label": "Corner", "position": "1909736", "team": "not applicable", "visibility": "visible"}, {"gameTime": "1 - 32:25", "label": "Shots on target", "position": "1945494", "team": "away", "visibility": "visible"}, {"gameTime": "1 - 32:28", "label": "Shots off target", "position": "1948003", "team": "away", "visibility": "visible"}, {"gameTime": "1 - 32:40", "label": "Ball out of play", "position": "1960846", "team": "away", "visibility": "visible"}, {"gameTime": "1 - 32:41", "label": "Clearance", "position": "1961245", "team": "not applicable", "visibility": "visible"}, {"gameTime": "1 - 32:46", "label": "Shots off target", "position": "1966631", "team": "home", "visibility": "not shown"}, {"gameTime": "1 - 34:17", "label": "Ball out of play", "position": "2057784", "team": "home", "visibility": "visible"}, {"gameTime": "1 - 34:19", "label": "Corner", "position": "2059478", "team": "not applicable", "visibility": "visible"}, {"gameTime": "1 - 34:36", "label": "Ball out of play", "position": "2076284", "team": "home", "visibility": "visible"}, {"gameTime": "1 - 34:37", "label": "Clearance", "position": "2077034", "team": "not applicable", "visibility": "visible"}, {"gameTime": "1 - 34:58", "label": "Ball out of play", "position": "2098976", "team": "away", "visibility": "visible"}, {"gameTime": "1 - 35:06", "label": "Throw-in", "position": "2106712", "team": "not applicable", "visibility": "visible"}, {"gameTime": "1 - 35:10", "label": "Shots off target", "position": "2110380", "team": "home", "visibility": "visible"}, {"gameTime": "1 - 36:09", "label": "Ball out of play", "position": "2169449", "team": "away", "visibility": "visible"}, {"gameTime": "1 - 36:10", "label": "Clearance", "position": "2170770", "team": "not applicable", "visibility": "visible"}, {"gameTime": "1 - 36:33", "label": "Shots on target", "position": "2193531", "team": "home", "visibility": "not shown"}, {"gameTime": "1 - 37:06", "label": "Shots off target", "position": "2226265", "team": "away", "visibility": "visible"}, {"gameTime": "1 - 37:08", "label": "Ball out of play", "position": "2228478", "team": "away", "visibility": "visible"}, {"gameTime": "1 - 37:08", "label": "Clearance", "position": "2228908", "team": "not applicable", "visibility": "visible"}, {"gameTime": "1 - 37:37", "label": "Foul", "position": "2257151", "team": "home", "visibility": "not shown"}, {"gameTime": "1 - 38:16", "label": "Direct free-kick", "position": "2296836", "team": "away", "visibility": "visible"}, {"gameTime": "1 - 38:57", "label": "Shots off target", "position": "2337709", "team": "home", "visibility": "visible"}, {"gameTime": "1 - 39:01", "label": "Ball out of play", "position": "2341318", "team": "home", "visibility": "visible"}, {"gameTime": "1 - 39:04", "label": "Throw-in", "position": "2344678", "team": "not applicable", "visibility": "visible"}, {"gameTime": "1 - 39:11", "label": "Ball out of play", "position": "2351408", "team": "home", "visibility": "visible"}, {"gameTime": "1 - 39:51", "label": "Clearance", "position": "2391929", "team": "not applicable", "visibility": "visible"}, {"gameTime": "1 - 40:09", "label": "Ball out of play", "position": "2409794", "team": "home", "visibility": "not shown"}, {"gameTime": "1 - 40:38", "label": "Corner", "position": "2438817", "team": "not applicable", "visibility": "visible"}, {"gameTime": "1 - 40:59", "label": "Foul", "position": "2459521", "team": "home", "visibility": "visible"}, {"gameTime": "1 - 41:07", "label": "Indirect free-kick", "position": "2467727", "team": "home", "visibility": "visible"}, {"gameTime": "1 - 41:38", "label": "Shots off target", "position": "2498602", "team": "away", "visibility": "visible"}, {"gameTime": "1 - 42:00", "label": "Ball out of play", "position": "2520224", "team": "away", "visibility": "visible"}, {"gameTime": "1 - 42:01", "label": "Clearance", "position": "2521460", "team": "not applicable", "visibility": "visible"}, {"gameTime": "1 - 42:14", "label": "Ball out of play", "position": "2534816", "team": "home", "visibility": "visible"}, {"gameTime": "1 - 42:38", "label": "Throw-in", "position": "2558950", "team": "not applicable", "visibility": "visible"}, {"gameTime": "1 - 42:53", "label": "Ball out of play", "position": "2573098", "team": "away", "visibility": "visible"}, {"gameTime": "1 - 43:18", "label": "Corner", "position": "2598338", "team": "not applicable", "visibility": "visible"}, {"gameTime": "1 - 43:55", "label": "Ball out of play", "position": "2635570", "team": "away", "visibility": "visible"}, {"gameTime": "1 - 44:14", "label": "Corner", "position": "2654368", "team": "not applicable", "visibility": "visible"}, {"gameTime": "1 - 44:53", "label": "Shots off target", "position": "2693802", "team": "away", "visibility": "visible"}, {"gameTime": "1 - 44:56", "label": "Ball out of play", "position": "2696104", "team": "away", "visibility": "visible"}, {"gameTime": "1 - 44:57", "label": "Ball out of play", "position": "2697211", "team": "not applicable", "visibility": "visible"}, {"gameTime": "2 - 00:00", "label": "Kick-off", "position": "0", "team": "home", "visibility": "not shown"}, {"gameTime": "2 - 00:00", "label": "Ball out of play", "position": "36", "team": "home", "visibility": "not shown"}, {"gameTime": "2 - 00:37", "label": "Corner", "position": "37085", "team": "not applicable", "visibility": "visible"}, {"gameTime": "2 - 01:09", "label": "Ball out of play", "position": "69055", "team": "home", "visibility": "visible"}, {"gameTime": "2 - 01:22", "label": "Clearance", "position": "82154", "team": "not applicable", "visibility": "visible"}, {"gameTime": "2 - 01:31", "label": "Foul", "position": "91713", "team": "away", "visibility": "not shown"}, {"gameTime": "2 - 01:56", "label": "Indirect free-kick", "position": "116274", "team": "away", "visibility": "visible"}, {"gameTime": "2 - 02:05", "label": "Foul", "position": "125451", "team": "home", "visibility": "not shown"}, {"gameTime": "2 - 02:20", "label": "Yellow card", "position": "140099", "team": "home", "visibility": "visible"}, {"gameTime": "2 - 02:25", "label": "Indirect free-kick", "position": "145483", "team": "home", "visibility": "not shown"}, {"gameTime": "2 - 02:49", "label": "Ball out of play", "position": "169417", "team": "away", "visibility": "visible"}, {"gameTime": "2 - 03:22", "label": "Throw-in", "position": "202227", "team": "not applicable", "visibility": "visible"}, {"gameTime": "2 - 03:25", "label": "Ball out of play", "position": "205803", "team": "away", "visibility": "visible"}, {"gameTime": "2 - 04:48", "label": "Throw-in", "position": "288003", "team": "not applicable", "visibility": "visible"}, {"gameTime": "2 - 05:07", "label": "Ball out of play", "position": "307324", "team": "away", "visibility": "visible"}, {"gameTime": "2 - 05:13", "label": "Throw-in", "position": "313275", "team": "not applicable", "visibility": "visible"}, {"gameTime": "2 - 05:17", "label": "Ball out of play", "position": "317592", "team": "away", "visibility": "not shown"}, {"gameTime": "2 - 06:23", "label": "Corner", "position": "383533", "team": "not applicable", "visibility": "visible"}, {"gameTime": "2 - 06:39", "label": "Shots off target", "position": "399867", "team": "home", "visibility": "visible"}, {"gameTime": "2 - 06:41", "label": "Ball out of play", "position": "401473", "team": "home", "visibility": "visible"}, {"gameTime": "2 - 06:42", "label": "Clearance", "position": "402259", "team": "not applicable", "visibility": "visible"}, {"gameTime": "2 - 06:54", "label": "Foul", "position": "414149", "team": "away", "visibility": "not shown"}, {"gameTime": "2 - 07:25", "label": "Direct free-kick", "position": "445612", "team": "away", "visibility": "visible"}, {"gameTime": "2 - 08:02", "label": "Ball out of play", "position": "482496", "team": "home", "visibility": "visible"}, {"gameTime": "2 - 08:08", "label": "Throw-in", "position": "488793", "team": "not applicable", "visibility": "visible"}, {"gameTime": "2 - 08:12", "label": "Ball out of play", "position": "492104", "team": "home", "visibility": "visible"}, {"gameTime": "2 - 08:53", "label": "Clearance", "position": "533439", "team": "not applicable", "visibility": "visible"}, {"gameTime": "2 - 09:14", "label": "Foul", "position": "554511", "team": "away", "visibility": "visible"}, {"gameTime": "2 - 09:50", "label": "Indirect free-kick", "position": "590013", "team": "home", "visibility": "visible"}, {"gameTime": "2 - 10:08", "label": "Ball out of play", "position": "608862", "team": "away", "visibility": "not shown"}, {"gameTime": "2 - 11:11", "label": "Throw-in", "position": "671380", "team": "not applicable", "visibility": "visible"}, {"gameTime": "2 - 11:14", "label": "Foul", "position": "674871", "team": "home", "visibility": "visible"}, {"gameTime": "2 - 13:06", "label": "Yellow card", "position": "786728", "team": "home", "visibility": "visible"}, {"gameTime": "2 - 13:16", "label": "Indirect free-kick", "position": "796013", "team": "home", "visibility": "visible"}, {"gameTime": "2 - 13:33", "label": "Foul", "position": "813473", "team": "away", "visibility": "not shown"}, {"gameTime": "2 - 13:49", "label": "Substitution", "position": "829707", "team": "away", "visibility": "visible"}, {"gameTime": "2 - 14:29", "label": "Indirect free-kick", "position": "869061", "team": "away", "visibility": "visible"}, {"gameTime": "2 - 14:37", "label": "Foul", "position": "877598", "team": "home", "visibility": "visible"}, {"gameTime": "2 - 15:03", "label": "Indirect free-kick", "position": "903193", "team": "home", "visibility": "visible"}, {"gameTime": "2 - 15:54", "label": "Shots off target", "position": "954278", "team": "away", "visibility": "visible"}, {"gameTime": "2 - 16:21", "label": "Ball out of play", "position": "981139", "team": "away", "visibility": "visible"}, {"gameTime": "2 - 17:17", "label": "Yellow card", "position": "1037591", "team": "not applicable", "visibility": "visible"}, {"gameTime": "2 - 17:49", "label": "Yellow card", "position": "1069232", "team": "away", "visibility": "visible"}, {"gameTime": "2 - 17:50", "label": "Clearance", "position": "1070067", "team": "home", "visibility": "visible"}, {"gameTime": "2 - 18:14", "label": "Foul", "position": "1094614", "team": "away", "visibility": "visible"}, {"gameTime": "2 - 18:29", "label": "Indirect free-kick", "position": "1109426", "team": "away", "visibility": "visible"}, {"gameTime": "2 - 18:40", "label": "Ball out of play", "position": "1120395", "team": "home", "visibility": "visible"}, {"gameTime": "2 - 19:42", "label": "Throw-in", "position": "1182259", "team": "not applicable", "visibility": "visible"}, {"gameTime": "2 - 19:56", "label": "Ball out of play", "position": "1196264", "team": "away", "visibility": "visible"}, {"gameTime": "2 - 20:02", "label": "Throw-in", "position": "1202860", "team": "not applicable", "visibility": "visible"}, {"gameTime": "2 - 20:10", "label": "Shots on target", "position": "1210846", "team": "away", "visibility": "visible"}, {"gameTime": "2 - 20:26", "label": "Shots off target", "position": "1226610", "team": "away", "visibility": "visible"}, {"gameTime": "2 - 20:58", "label": "Ball out of play", "position": "1258514", "team": "away", "visibility": "visible"}, {"gameTime": "2 - 20:59", "label": "Clearance", "position": "1259893", "team": "not applicable", "visibility": "visible"}, {"gameTime": "2 - 21:05", "label": "Foul", "position": "1265128", "team": "home", "visibility": "not shown"}, {"gameTime": "2 - 21:14", "label": "Indirect free-kick", "position": "1274119", "team": "home", "visibility": "visible"}, {"gameTime": "2 - 22:01", "label": "Shots off target", "position": "1321837", "team": "away", "visibility": "visible"}, {"gameTime": "2 - 22:50", "label": "Ball out of play", "position": "1370720", "team": "home", "visibility": "visible"}, {"gameTime": "2 - 22:51", "label": "Substitution", "position": "1371762", "team": "not applicable", "visibility": "visible"}, {"gameTime": "2 - 23:07", "label": "Clearance", "position": "1387436", "team": "home", "visibility": "not shown"}, {"gameTime": "2 - 23:20", "label": "Shots off target", "position": "1400171", "team": "away", "visibility": "not shown"}, {"gameTime": "2 - 24:29", "label": "Ball out of play", "position": "1469671", "team": "home", "visibility": "visible"}, {"gameTime": "2 - 24:30", "label": "Substitution", "position": "1470893", "team": "not applicable", "visibility": "visible"}, {"gameTime": "2 - 26:08", "label": "Clearance", "position": "1568981", "team": "away", "visibility": "visible"}, {"gameTime": "2 - 26:21", "label": "Foul", "position": "1581691", "team": "away", "visibility": "visible"}, {"gameTime": "2 - 26:51", "label": "Indirect free-kick", "position": "1611039", "team": "away", "visibility": "visible"}, {"gameTime": "2 - 26:57", "label": "Foul", "position": "1617625", "team": "home", "visibility": "visible"}, {"gameTime": "2 - 27:08", "label": "Throw-in", "position": "1628153", "team": "away", "visibility": "visible"}, {"gameTime": "2 - 27:27", "label": "Ball out of play", "position": "1647915", "team": "away", "visibility": "visible"}, {"gameTime": "2 - 27:57", "label": "Throw-in", "position": "1677415", "team": "not applicable", "visibility": "visible"}, {"gameTime": "2 - 28:08", "label": "Shots on target", "position": "1688338", "team": "home", "visibility": "visible"}, {"gameTime": "2 - 28:30", "label": "Ball out of play", "position": "1710510", "team": "away", "visibility": "visible"}, {"gameTime": "2 - 28:58", "label": "Throw-in", "position": "1738095", "team": "not applicable", "visibility": "visible"}, {"gameTime": "2 - 29:03", "label": "Ball out of play", "position": "1743525", "team": "home", "visibility": "visible"}, {"gameTime": "2 - 29:06", "label": "Throw-in", "position": "1746393", "team": "not applicable", "visibility": "visible"}, {"gameTime": "2 - 29:10", "label": "Shots on target", "position": "1750981", "team": "home", "visibility": "visible"}, {"gameTime": "2 - 29:40", "label": "Ball out of play", "position": "1780906", "team": "home", "visibility": "visible"}, {"gameTime": "2 - 29:42", "label": "Corner", "position": "1782186", "team": "not applicable", "visibility": "visible"}, {"gameTime": "2 - 30:04", "label": "Shots on target", "position": "1804075", "team": "home", "visibility": "visible"}, {"gameTime": "2 - 30:06", "label": "Goal", "position": "1806142", "team": "home", "visibility": "visible"}, {"gameTime": "2 - 30:06", "label": "Kick-off", "position": "1806476", "team": "home", "visibility": "visible"}, {"gameTime": "2 - 30:44", "label": "Foul", "position": "1844197", "team": "away", "visibility": "not shown"}, {"gameTime": "2 - 31:32", "label": "Yellow card", "position": "1892813", "team": "home", "visibility": "visible"}, {"gameTime": "2 - 31:38", "label": "Direct free-kick", "position": "1898142", "team": "home", "visibility": "visible"}, {"gameTime": "2 - 32:01", "label": "Shots on target", "position": "1921247", "team": "away", "visibility": "visible"}, {"gameTime": "2 - 32:04", "label": "Goal", "position": "1924769", "team": "away", "visibility": "visible"}, {"gameTime": "2 - 32:05", "label": "Kick-off", "position": "1925525", "team": "away", "visibility": "visible"}, {"gameTime": "2 - 32:54", "label": "Ball out of play", "position": "1974958", "team": "home", "visibility": "visible"}, {"gameTime": "2 - 33:28", "label": "Clearance", "position": "2008693", "team": "not applicable", "visibility": "visible"}, {"gameTime": "2 - 33:48", "label": "Ball out of play", "position": "2028156", "team": "away", "visibility": "not shown"}, {"gameTime": "2 - 33:56", "label": "Throw-in", "position": "2036437", "team": "not applicable", "visibility": "visible"}, {"gameTime": "2 - 34:15", "label": "Ball out of play", "position": "2055665", "team": "away", "visibility": "visible"}, {"gameTime": "2 - 34:29", "label": "Throw-in", "position": "2069320", "team": "not applicable", "visibility": "visible"}, {"gameTime": "2 - 34:40", "label": "Shots off target", "position": "2080653", "team": "away", "visibility": "visible"}, {"gameTime": "2 - 36:00", "label": "Ball out of play", "position": "2160795", "team": "away", "visibility": "visible"}, {"gameTime": "2 - 36:01", "label": "Corner", "position": "2161556", "team": "not applicable", "visibility": "visible"}, {"gameTime": "2 - 36:43", "label": "Ball out of play", "position": "2203092", "team": "away", "visibility": "visible"}, {"gameTime": "2 - 37:49", "label": "Substitution", "position": "2269290", "team": "not applicable", "visibility": "visible"}, {"gameTime": "2 - 38:06", "label": "Throw-in", "position": "2286848", "team": "away", "visibility": "visible"}, {"gameTime": "2 - 38:12", "label": "Ball out of play", "position": "2292879", "team": "home", "visibility": "not shown"}, {"gameTime": "2 - 39:03", "label": "Throw-in", "position": "2343894", "team": "not applicable", "visibility": "visible"}, {"gameTime": "2 - 39:09", "label": "Ball out of play", "position": "2349413", "team": "home", "visibility": "visible"}, {"gameTime": "2 - 39:31", "label": "Throw-in", "position": "2371440", "team": "not applicable", "visibility": "visible"}, {"gameTime": "2 - 39:36", "label": "Ball out of play", "position": "2376961", "team": "away", "visibility": "visible"}, {"gameTime": "2 - 40:07", "label": "Throw-in", "position": "2407109", "team": "not applicable", "visibility": "visible"}, {"gameTime": "2 - 40:16", "label": "Foul", "position": "2416975", "team": "away", "visibility": "not shown"}, {"gameTime": "2 - 40:24", "label": "Red card", "position": "2424141", "team": "home", "visibility": "visible"}, {"gameTime": "2 - 40:29", "label": "Shots on target", "position": "2429008", "team": "home", "visibility": "visible"}, {"gameTime": "2 - 41:18", "label": "Penalty", "position": "2478208", "team": "away", "visibility": "visible"}, {"gameTime": "2 - 41:18", "label": "Goal", "position": "2478208", "team": "away", "visibility": "visible"}, {"gameTime": "2 - 41:18", "label": "Substitution", "position": "2478650", "team": "away", "visibility": "visible"}, {"gameTime": "2 - 42:05", "label": "Kick-off", "position": "2525143", "team": "home", "visibility": "visible"}, {"gameTime": "2 - 42:15", "label": "Ball out of play", "position": "2535128", "team": "home", "visibility": "not shown"}, {"gameTime": "2 - 43:03", "label": "Throw-in", "position": "2583257", "team": "not applicable", "visibility": "visible"}, {"gameTime": "2 - 43:06", "label": "Shots off target", "position": "2586322", "team": "home", "visibility": "not shown"}, {"gameTime": "2 - 43:24", "label": "Ball out of play", "position": "2604826", "team": "home", "visibility": "visible"}, {"gameTime": "2 - 43:25", "label": "Clearance", "position": "2605595", "team": "not applicable", "visibility": "visible"}, {"gameTime": "2 - 43:41", "label": "Ball out of play", "position": "2621301", "team": "away", "visibility": "visible"}, {"gameTime": "2 - 44:49", "label": "Ball out of play", "position": "2689831", "team": "not applicable", "visibility": "visible"}], "gameAwayTeam": "AS Roma", "gameDate": "07/05/2017 - 21:45", "gameHomeTeam": "AC Milan", "gameScore": "1 - 4"}