{"UrlLocal": "italy_serie-a/2015-2016/2015-09-22 - 21-45 Udinese 2 - 3 AC Milan/", "UrlYoutube": "", "annotations": [{"gameTime": "1 - 00:00", "label": "Ball out of play", "position": "0", "team": "home", "visibility": "visible"}, {"gameTime": "1 - 00:30", "label": "Clearance", "position": "30902", "team": "not applicable", "visibility": "visible"}, {"gameTime": "1 - 00:47", "label": "Ball out of play", "position": "47975", "team": "away", "visibility": "not shown"}, {"gameTime": "1 - 01:16", "label": "Throw-in", "position": "76252", "team": "not applicable", "visibility": "visible"}, {"gameTime": "1 - 01:21", "label": "Foul", "position": "81541", "team": "home", "visibility": "not shown"}, {"gameTime": "1 - 01:46", "label": "Indirect free-kick", "position": "106135", "team": "away", "visibility": "visible"}, {"gameTime": "1 - 02:04", "label": "Foul", "position": "124157", "team": "home", "visibility": "visible"}, {"gameTime": "1 - 02:55", "label": "Indirect free-kick", "position": "175534", "team": "away", "visibility": "visible"}, {"gameTime": "1 - 03:08", "label": "Foul", "position": "188227", "team": "home", "visibility": "not shown"}, {"gameTime": "1 - 03:35", "label": "Shots on target", "position": "215535", "team": "home", "visibility": "visible"}, {"gameTime": "1 - 04:51", "label": "Direct free-kick", "position": "291224", "team": "away", "visibility": "visible"}, {"gameTime": "1 - 04:51", "label": "Goal", "position": "291224", "team": "away", "visibility": "visible"}, {"gameTime": "1 - 04:52", "label": "Kick-off", "position": "292043", "team": "away", "visibility": "visible"}, {"gameTime": "1 - 05:30", "label": "Foul", "position": "330920", "team": "home", "visibility": "not shown"}, {"gameTime": "1 - 05:35", "label": "Indirect free-kick", "position": "335975", "team": "home", "visibility": "visible"}, {"gameTime": "1 - 06:04", "label": "Ball out of play", "position": "364898", "team": "away", "visibility": "visible"}, {"gameTime": "1 - 06:23", "label": "Throw-in", "position": "383333", "team": "not applicable", "visibility": "visible"}, {"gameTime": "1 - 06:36", "label": "Shots off target", "position": "396663", "team": "away", "visibility": "visible"}, {"gameTime": "1 - 06:56", "label": "Ball out of play", "position": "416209", "team": "home", "visibility": "visible"}, {"gameTime": "1 - 06:57", "label": "Clearance", "position": "417456", "team": "not applicable", "visibility": "visible"}, {"gameTime": "1 - 07:25", "label": "Ball out of play", "position": "445089", "team": "away", "visibility": "not shown"}, {"gameTime": "1 - 07:43", "label": "Throw-in", "position": "463927", "team": "not applicable", "visibility": "visible"}, {"gameTime": "1 - 07:48", "label": "Foul", "position": "468010", "team": "away", "visibility": "visible"}, {"gameTime": "1 - 09:17", "label": "Indirect free-kick", "position": "557217", "team": "away", "visibility": "visible"}, {"gameTime": "1 - 09:33", "label": "Shots on target", "position": "573772", "team": "home", "visibility": "not shown"}, {"gameTime": "1 - 09:51", "label": "Goal", "position": "591475", "team": "away", "visibility": "visible"}, {"gameTime": "1 - 09:52", "label": "Kick-off", "position": "592395", "team": "away", "visibility": "visible"}, {"gameTime": "1 - 10:39", "label": "Ball out of play", "position": "639076", "team": "home", "visibility": "not shown"}, {"gameTime": "1 - 11:12", "label": "Clearance", "position": "672874", "team": "not applicable", "visibility": "visible"}, {"gameTime": "1 - 11:45", "label": "Foul", "position": "705994", "team": "away", "visibility": "not shown"}, {"gameTime": "1 - 11:50", "label": "Indirect free-kick", "position": "710603", "team": "away", "visibility": "visible"}, {"gameTime": "1 - 11:56", "label": "Ball out of play", "position": "716705", "team": "home", "visibility": "not shown"}, {"gameTime": "1 - 12:05", "label": "Throw-in", "position": "725504", "team": "not applicable", "visibility": "visible"}, {"gameTime": "1 - 12:14", "label": "Ball out of play", "position": "734231", "team": "home", "visibility": "visible"}, {"gameTime": "1 - 12:16", "label": "Throw-in", "position": "736022", "team": "not applicable", "visibility": "visible"}, {"gameTime": "1 - 12:26", "label": "Ball out of play", "position": "746423", "team": "home", "visibility": "visible"}, {"gameTime": "1 - 12:45", "label": "Throw-in", "position": "765787", "team": "not applicable", "visibility": "visible"}, {"gameTime": "1 - 12:59", "label": "Ball out of play", "position": "779994", "team": "away", "visibility": "visible"}, {"gameTime": "1 - 13:27", "label": "Throw-in", "position": "807672", "team": "not applicable", "visibility": "visible"}, {"gameTime": "1 - 13:46", "label": "Foul", "position": "826606", "team": "home", "visibility": "visible"}, {"gameTime": "1 - 13:57", "label": "Yellow card", "position": "837711", "team": "away", "visibility": "visible"}, {"gameTime": "1 - 14:04", "label": "Indirect free-kick", "position": "844146", "team": "away", "visibility": "visible"}, {"gameTime": "1 - 14:27", "label": "Foul", "position": "867311", "team": "home", "visibility": "not shown"}, {"gameTime": "1 - 15:02", "label": "Indirect free-kick", "position": "902542", "team": "home", "visibility": "visible"}, {"gameTime": "1 - 15:34", "label": "Ball out of play", "position": "934782", "team": "away", "visibility": "visible"}, {"gameTime": "1 - 16:57", "label": "Clearance", "position": "1017360", "team": "not applicable", "visibility": "visible"}, {"gameTime": "1 - 17:26", "label": "Foul", "position": "1046677", "team": "away", "visibility": "visible"}, {"gameTime": "1 - 17:40", "label": "Yellow card", "position": "1060589", "team": "away", "visibility": "visible"}, {"gameTime": "1 - 17:45", "label": "Direct free-kick", "position": "1065428", "team": "away", "visibility": "visible"}, {"gameTime": "1 - 18:26", "label": "Foul", "position": "1106309", "team": "home", "visibility": "visible"}, {"gameTime": "1 - 18:41", "label": "Indirect free-kick", "position": "1121031", "team": "home", "visibility": "visible"}, {"gameTime": "1 - 19:07", "label": "Ball out of play", "position": "1147344", "team": "away", "visibility": "visible"}, {"gameTime": "1 - 19:35", "label": "Throw-in", "position": "1175610", "team": "not applicable", "visibility": "visible"}, {"gameTime": "1 - 19:51", "label": "Foul", "position": "1191066", "team": "home", "visibility": "visible"}, {"gameTime": "1 - 21:19", "label": "Indirect free-kick", "position": "1279147", "team": "away", "visibility": "visible"}, {"gameTime": "1 - 21:27", "label": "Ball out of play", "position": "1287579", "team": "home", "visibility": "not shown"}, {"gameTime": "1 - 22:00", "label": "Clearance", "position": "1320864", "team": "not applicable", "visibility": "visible"}, {"gameTime": "1 - 22:30", "label": "Ball out of play", "position": "1350203", "team": "away", "visibility": "visible"}, {"gameTime": "1 - 22:36", "label": "Throw-in", "position": "1356334", "team": "not applicable", "visibility": "visible"}, {"gameTime": "1 - 22:51", "label": "Ball out of play", "position": "1371422", "team": "home", "visibility": "visible"}, {"gameTime": "1 - 23:06", "label": "Throw-in", "position": "1386855", "team": "not applicable", "visibility": "visible"}, {"gameTime": "1 - 23:25", "label": "Shots off target", "position": "1405382", "team": "home", "visibility": "visible"}, {"gameTime": "1 - 23:53", "label": "Ball out of play", "position": "1433549", "team": "away", "visibility": "visible"}, {"gameTime": "1 - 23:54", "label": "Clearance", "position": "1434580", "team": "not applicable", "visibility": "visible"}, {"gameTime": "1 - 24:18", "label": "Ball out of play", "position": "1458810", "team": "home", "visibility": "visible"}, {"gameTime": "1 - 24:24", "label": "Throw-in", "position": "1464356", "team": "not applicable", "visibility": "visible"}, {"gameTime": "1 - 24:31", "label": "Ball out of play", "position": "1471093", "team": "away", "visibility": "not shown"}, {"gameTime": "1 - 24:39", "label": "Throw-in", "position": "1479091", "team": "not applicable", "visibility": "visible"}, {"gameTime": "1 - 24:54", "label": "Shots on target", "position": "1494815", "team": "home", "visibility": "visible"}, {"gameTime": "1 - 25:15", "label": "Foul", "position": "1515766", "team": "away", "visibility": "visible"}, {"gameTime": "1 - 25:51", "label": "Indirect free-kick", "position": "1551053", "team": "home", "visibility": "visible"}, {"gameTime": "1 - 26:39", "label": "Foul", "position": "1599802", "team": "away", "visibility": "visible"}, {"gameTime": "1 - 26:55", "label": "Indirect free-kick", "position": "1615454", "team": "away", "visibility": "visible"}, {"gameTime": "1 - 27:12", "label": "Foul", "position": "1632302", "team": "home", "visibility": "not shown"}, {"gameTime": "1 - 27:42", "label": "Indirect free-kick", "position": "1662168", "team": "home", "visibility": "visible"}, {"gameTime": "1 - 29:00", "label": "Ball out of play", "position": "1740261", "team": "away", "visibility": "visible"}, {"gameTime": "1 - 29:28", "label": "Throw-in", "position": "1768136", "team": "not applicable", "visibility": "visible"}, {"gameTime": "1 - 29:30", "label": "Foul", "position": "1770106", "team": "home", "visibility": "visible"}, {"gameTime": "1 - 30:06", "label": "Yellow card", "position": "1806419", "team": "home", "visibility": "visible"}, {"gameTime": "1 - 30:10", "label": "Indirect free-kick", "position": "1810006", "team": "home", "visibility": "visible"}, {"gameTime": "1 - 30:47", "label": "Foul", "position": "1847120", "team": "away", "visibility": "visible"}, {"gameTime": "1 - 30:51", "label": "Indirect free-kick", "position": "1851482", "team": "away", "visibility": "visible"}, {"gameTime": "1 - 31:06", "label": "Foul", "position": "1866163", "team": "home", "visibility": "not shown"}, {"gameTime": "1 - 32:10", "label": "Indirect free-kick", "position": "1930866", "team": "home", "visibility": "visible"}, {"gameTime": "1 - 32:21", "label": "Ball out of play", "position": "1941611", "team": "away", "visibility": "not shown"}, {"gameTime": "1 - 32:39", "label": "Throw-in", "position": "1959478", "team": "not applicable", "visibility": "visible"}, {"gameTime": "1 - 32:48", "label": "Ball out of play", "position": "1968980", "team": "home", "visibility": "visible"}, {"gameTime": "1 - 32:55", "label": "Clearance", "position": "1975779", "team": "not applicable", "visibility": "visible"}, {"gameTime": "1 - 33:18", "label": "Ball out of play", "position": "1998949", "team": "home", "visibility": "not shown"}, {"gameTime": "1 - 33:38", "label": "Throw-in", "position": "2018604", "team": "not applicable", "visibility": "visible"}, {"gameTime": "1 - 33:45", "label": "Ball out of play", "position": "2025966", "team": "away", "visibility": "visible"}, {"gameTime": "1 - 34:59", "label": "Throw-in", "position": "2099969", "team": "not applicable", "visibility": "visible"}, {"gameTime": "1 - 35:54", "label": "Shots on target", "position": "2154361", "team": "home", "visibility": "visible"}, {"gameTime": "1 - 36:18", "label": "Ball out of play", "position": "2178622", "team": "home", "visibility": "visible"}, {"gameTime": "1 - 37:07", "label": "Throw-in", "position": "2227556", "team": "not applicable", "visibility": "visible"}, {"gameTime": "1 - 37:22", "label": "Ball out of play", "position": "2242488", "team": "away", "visibility": "visible"}, {"gameTime": "1 - 37:30", "label": "Throw-in", "position": "2250411", "team": "not applicable", "visibility": "visible"}, {"gameTime": "1 - 37:37", "label": "Ball out of play", "position": "2257148", "team": "home", "visibility": "visible"}, {"gameTime": "1 - 37:45", "label": "Throw-in", "position": "2265176", "team": "not applicable", "visibility": "visible"}, {"gameTime": "1 - 37:51", "label": "Foul", "position": "2271739", "team": "away", "visibility": "not shown"}, {"gameTime": "1 - 37:57", "label": "Yellow card", "position": "2277187", "team": "home", "visibility": "visible"}, {"gameTime": "1 - 38:04", "label": "Indirect free-kick", "position": "2284052", "team": "home", "visibility": "not shown"}, {"gameTime": "1 - 38:34", "label": "Ball out of play", "position": "2314050", "team": "away", "visibility": "visible"}, {"gameTime": "1 - 38:46", "label": "Clearance", "position": "2326657", "team": "not applicable", "visibility": "visible"}, {"gameTime": "1 - 39:06", "label": "Foul", "position": "2346381", "team": "home", "visibility": "not shown"}, {"gameTime": "1 - 39:44", "label": "Indirect free-kick", "position": "2384105", "team": "home", "visibility": "visible"}, {"gameTime": "1 - 40:09", "label": "Ball out of play", "position": "2409135", "team": "away", "visibility": "visible"}, {"gameTime": "1 - 40:23", "label": "Throw-in", "position": "2423452", "team": "not applicable", "visibility": "visible"}, {"gameTime": "1 - 40:32", "label": "Ball out of play", "position": "2432548", "team": "away", "visibility": "visible"}, {"gameTime": "1 - 41:28", "label": "Throw-in", "position": "2488979", "team": "not applicable", "visibility": "visible"}, {"gameTime": "1 - 42:44", "label": "Ball out of play", "position": "2564550", "team": "away", "visibility": "visible"}, {"gameTime": "1 - 43:01", "label": "Throw-in", "position": "2581270", "team": "not applicable", "visibility": "visible"}, {"gameTime": "1 - 43:03", "label": "Ball out of play", "position": "2583656", "team": "away", "visibility": "not shown"}, {"gameTime": "1 - 43:26", "label": "Throw-in", "position": "2606392", "team": "not applicable", "visibility": "visible"}, {"gameTime": "1 - 43:36", "label": "Foul", "position": "2616901", "team": "away", "visibility": "not shown"}, {"gameTime": "1 - 43:42", "label": "Indirect free-kick", "position": "2622455", "team": "home", "visibility": "visible"}, {"gameTime": "1 - 44:01", "label": "Ball out of play", "position": "2641429", "team": "away", "visibility": "visible"}, {"gameTime": "1 - 45:06", "label": "Corner", "position": "2706046", "team": "not applicable", "visibility": "visible"}, {"gameTime": "1 - 45:35", "label": "Shots on target", "position": "2735645", "team": "away", "visibility": "visible"}, {"gameTime": "1 - 45:37", "label": "Goal", "position": "2737690", "team": "away", "visibility": "visible"}, {"gameTime": "1 - 45:38", "label": "Kick-off", "position": "2738639", "team": "away", "visibility": "visible"}, {"gameTime": "1 - 46:36", "label": "Kick-off", "position": "2796766", "team": "home", "visibility": "visible"}, {"gameTime": "2 - 00:00", "label": "Kick-off", "position": "0", "team": "home", "visibility": "not shown"}, {"gameTime": "2 - 00:00", "label": "Ball out of play", "position": "461", "team": "away", "visibility": "visible"}, {"gameTime": "2 - 00:11", "label": "Throw-in", "position": "11003", "team": "not applicable", "visibility": "visible"}, {"gameTime": "2 - 00:18", "label": "Foul", "position": "18310", "team": "home", "visibility": "visible"}, {"gameTime": "2 - 00:42", "label": "Indirect free-kick", "position": "42177", "team": "away", "visibility": "visible"}, {"gameTime": "2 - 00:51", "label": "Shots off target", "position": "51174", "team": "home", "visibility": "not shown"}, {"gameTime": "2 - 01:58", "label": "Ball out of play", "position": "118201", "team": "home", "visibility": "visible"}, {"gameTime": "2 - 01:59", "label": "Clearance", "position": "119184", "team": "not applicable", "visibility": "visible"}, {"gameTime": "2 - 02:27", "label": "Shots off target", "position": "147954", "team": "away", "visibility": "visible"}, {"gameTime": "2 - 02:45", "label": "Ball out of play", "position": "165029", "team": "away", "visibility": "visible"}, {"gameTime": "2 - 02:46", "label": "Clearance", "position": "166256", "team": "not applicable", "visibility": "visible"}, {"gameTime": "2 - 03:06", "label": "Ball out of play", "position": "186293", "team": "home", "visibility": "not shown"}, {"gameTime": "2 - 03:17", "label": "Substitution", "position": "197068", "team": "not applicable", "visibility": "visible"}, {"gameTime": "2 - 03:48", "label": "Clearance", "position": "228551", "team": "away", "visibility": "visible"}, {"gameTime": "2 - 03:58", "label": "Shots on target", "position": "238697", "team": "home", "visibility": "not shown"}, {"gameTime": "2 - 04:13", "label": "Ball out of play", "position": "253624", "team": "away", "visibility": "visible"}, {"gameTime": "2 - 04:33", "label": "Throw-in", "position": "273945", "team": "not applicable", "visibility": "visible"}, {"gameTime": "2 - 04:38", "label": "Ball out of play", "position": "278900", "team": "home", "visibility": "not shown"}, {"gameTime": "2 - 05:08", "label": "Throw-in", "position": "308271", "team": "not applicable", "visibility": "visible"}, {"gameTime": "2 - 05:24", "label": "Shots on target", "position": "324315", "team": "home", "visibility": "visible"}, {"gameTime": "2 - 05:41", "label": "Goal", "position": "341023", "team": "home", "visibility": "visible"}, {"gameTime": "2 - 05:41", "label": "Kick-off", "position": "341699", "team": "home", "visibility": "visible"}, {"gameTime": "2 - 06:12", "label": "Ball out of play", "position": "372144", "team": "away", "visibility": "not shown"}, {"gameTime": "2 - 06:31", "label": "Throw-in", "position": "391088", "team": "not applicable", "visibility": "visible"}, {"gameTime": "2 - 06:37", "label": "Foul", "position": "397636", "team": "home", "visibility": "not shown"}, {"gameTime": "2 - 06:48", "label": "Indirect free-kick", "position": "408719", "team": "home", "visibility": "visible"}, {"gameTime": "2 - 06:53", "label": "Ball out of play", "position": "413614", "team": "away", "visibility": "not shown"}, {"gameTime": "2 - 07:11", "label": "Throw-in", "position": "431599", "team": "not applicable", "visibility": "visible"}, {"gameTime": "2 - 07:16", "label": "Foul", "position": "436169", "team": "home", "visibility": "visible"}, {"gameTime": "2 - 07:20", "label": "Indirect free-kick", "position": "440579", "team": "away", "visibility": "visible"}, {"gameTime": "2 - 07:27", "label": "Foul", "position": "447697", "team": "home", "visibility": "visible"}, {"gameTime": "2 - 07:44", "label": "Yellow card", "position": "464745", "team": "home", "visibility": "visible"}, {"gameTime": "2 - 07:52", "label": "Indirect free-kick", "position": "472027", "team": "home", "visibility": "visible"}, {"gameTime": "2 - 08:23", "label": "Ball out of play", "position": "503343", "team": "away", "visibility": "not shown"}, {"gameTime": "2 - 08:50", "label": "Throw-in", "position": "530140", "team": "not applicable", "visibility": "visible"}, {"gameTime": "2 - 09:07", "label": "Ball out of play", "position": "547396", "team": "home", "visibility": "visible"}, {"gameTime": "2 - 11:35", "label": "Corner", "position": "695820", "team": "not applicable", "visibility": "visible"}, {"gameTime": "2 - 11:54", "label": "Shots on target", "position": "714457", "team": "home", "visibility": "visible"}, {"gameTime": "2 - 12:07", "label": "Goal", "position": "727191", "team": "home", "visibility": "visible"}, {"gameTime": "2 - 12:07", "label": "Kick-off", "position": "727317", "team": "home", "visibility": "visible"}, {"gameTime": "2 - 12:46", "label": "Foul", "position": "766950", "team": "away", "visibility": "not shown"}, {"gameTime": "2 - 13:11", "label": "Yellow card", "position": "791438", "team": "home", "visibility": "visible"}, {"gameTime": "2 - 13:21", "label": "Direct free-kick", "position": "801019", "team": "home", "visibility": "visible"}, {"gameTime": "2 - 14:37", "label": "Shots off target", "position": "877307", "team": "away", "visibility": "visible"}, {"gameTime": "2 - 14:38", "label": "Ball out of play", "position": "878394", "team": "away", "visibility": "visible"}, {"gameTime": "2 - 14:38", "label": "Clearance", "position": "878874", "team": "not applicable", "visibility": "visible"}, {"gameTime": "2 - 15:07", "label": "Ball out of play", "position": "907940", "team": "home", "visibility": "visible"}, {"gameTime": "2 - 15:18", "label": "Throw-in", "position": "918547", "team": "not applicable", "visibility": "visible"}, {"gameTime": "2 - 15:33", "label": "Foul", "position": "933962", "team": "away", "visibility": "visible"}, {"gameTime": "2 - 15:42", "label": "Indirect free-kick", "position": "942340", "team": "away", "visibility": "visible"}, {"gameTime": "2 - 15:55", "label": "Ball out of play", "position": "955652", "team": "home", "visibility": "not shown"}, {"gameTime": "2 - 16:05", "label": "Corner", "position": "965160", "team": "not applicable", "visibility": "visible"}, {"gameTime": "2 - 16:27", "label": "Shots off target", "position": "987155", "team": "home", "visibility": "visible"}, {"gameTime": "2 - 16:29", "label": "Ball out of play", "position": "989851", "team": "home", "visibility": "visible"}, {"gameTime": "2 - 16:30", "label": "Clearance", "position": "990746", "team": "not applicable", "visibility": "visible"}, {"gameTime": "2 - 16:59", "label": "Ball out of play", "position": "1019411", "team": "home", "visibility": "not shown"}, {"gameTime": "2 - 17:13", "label": "Corner", "position": "1033688", "team": "not applicable", "visibility": "visible"}, {"gameTime": "2 - 17:32", "label": "Shots off target", "position": "1052622", "team": "home", "visibility": "visible"}, {"gameTime": "2 - 17:36", "label": "Ball out of play", "position": "1056749", "team": "home", "visibility": "visible"}, {"gameTime": "2 - 17:38", "label": "Substitution", "position": "1058054", "team": "not applicable", "visibility": "visible"}, {"gameTime": "2 - 18:01", "label": "Clearance", "position": "1081672", "team": "away", "visibility": "visible"}, {"gameTime": "2 - 18:15", "label": "Foul", "position": "1095232", "team": "away", "visibility": "not shown"}, {"gameTime": "2 - 18:22", "label": "Indirect free-kick", "position": "1102118", "team": "away", "visibility": "visible"}, {"gameTime": "2 - 18:26", "label": "Ball out of play", "position": "1106406", "team": "home", "visibility": "not shown"}, {"gameTime": "2 - 18:43", "label": "Throw-in", "position": "1123180", "team": "not applicable", "visibility": "visible"}, {"gameTime": "2 - 18:54", "label": "Foul", "position": "1134850", "team": "home", "visibility": "visible"}, {"gameTime": "2 - 19:03", "label": "Indirect free-kick", "position": "1143045", "team": "home", "visibility": "visible"}, {"gameTime": "2 - 19:20", "label": "Ball out of play", "position": "1160186", "team": "away", "visibility": "not shown"}, {"gameTime": "2 - 19:57", "label": "Throw-in", "position": "1197437", "team": "not applicable", "visibility": "visible"}, {"gameTime": "2 - 20:02", "label": "Shots off target", "position": "1202642", "team": "home", "visibility": "not shown"}, {"gameTime": "2 - 20:34", "label": "Ball out of play", "position": "1234541", "team": "away", "visibility": "visible"}, {"gameTime": "2 - 20:35", "label": "Clearance", "position": "1235701", "team": "not applicable", "visibility": "visible"}, {"gameTime": "2 - 21:01", "label": "Ball out of play", "position": "1261155", "team": "home", "visibility": "visible"}, {"gameTime": "2 - 21:31", "label": "Throw-in", "position": "1291227", "team": "not applicable", "visibility": "visible"}, {"gameTime": "2 - 21:51", "label": "Foul", "position": "1311557", "team": "away", "visibility": "not shown"}, {"gameTime": "2 - 23:20", "label": "Indirect free-kick", "position": "1400742", "team": "home", "visibility": "visible"}, {"gameTime": "2 - 23:30", "label": "Foul", "position": "1410226", "team": "away", "visibility": "not shown"}, {"gameTime": "2 - 24:42", "label": "Yellow card", "position": "1482610", "team": "away", "visibility": "visible"}, {"gameTime": "2 - 24:59", "label": "Indirect free-kick", "position": "1499432", "team": "away", "visibility": "visible"}, {"gameTime": "2 - 25:32", "label": "Ball out of play", "position": "1532748", "team": "home", "visibility": "visible"}, {"gameTime": "2 - 25:46", "label": "Corner", "position": "1546204", "team": "not applicable", "visibility": "visible"}, {"gameTime": "2 - 25:56", "label": "Ball out of play", "position": "1556128", "team": "home", "visibility": "not shown"}, {"gameTime": "2 - 26:05", "label": "Corner", "position": "1565719", "team": "not applicable", "visibility": "visible"}, {"gameTime": "2 - 26:17", "label": "Shots off target", "position": "1577868", "team": "home", "visibility": "visible"}, {"gameTime": "2 - 26:19", "label": "Ball out of play", "position": "1579649", "team": "home", "visibility": "visible"}, {"gameTime": "2 - 26:20", "label": "Clearance", "position": "1580449", "team": "not applicable", "visibility": "visible"}, {"gameTime": "2 - 26:45", "label": "Foul", "position": "1605898", "team": "away", "visibility": "not shown"}, {"gameTime": "2 - 27:12", "label": "Substitution", "position": "1632877", "team": "home", "visibility": "visible"}, {"gameTime": "2 - 27:38", "label": "Indirect free-kick", "position": "1658001", "team": "home", "visibility": "visible"}, {"gameTime": "2 - 28:02", "label": "Ball out of play", "position": "1682555", "team": "away", "visibility": "visible"}, {"gameTime": "2 - 28:31", "label": "Throw-in", "position": "1711474", "team": "not applicable", "visibility": "visible"}, {"gameTime": "2 - 28:35", "label": "Ball out of play", "position": "1715932", "team": "home", "visibility": "visible"}, {"gameTime": "2 - 29:07", "label": "Clearance", "position": "1747667", "team": "not applicable", "visibility": "visible"}, {"gameTime": "2 - 29:38", "label": "Ball out of play", "position": "1778299", "team": "away", "visibility": "not shown"}, {"gameTime": "2 - 29:42", "label": "Throw-in", "position": "1782336", "team": "not applicable", "visibility": "visible"}, {"gameTime": "2 - 29:46", "label": "Foul", "position": "1786506", "team": "home", "visibility": "visible"}, {"gameTime": "2 - 29:48", "label": "Direct free-kick", "position": "1788433", "team": "away", "visibility": "visible"}, {"gameTime": "2 - 30:20", "label": "Foul", "position": "1820748", "team": "home", "visibility": "visible"}, {"gameTime": "2 - 31:26", "label": "Indirect free-kick", "position": "1886554", "team": "away", "visibility": "visible"}, {"gameTime": "2 - 31:49", "label": "Ball out of play", "position": "1909868", "team": "home", "visibility": "visible"}, {"gameTime": "2 - 31:58", "label": "Clearance", "position": "1918026", "team": "not applicable", "visibility": "visible"}, {"gameTime": "2 - 32:26", "label": "Foul", "position": "1946871", "team": "away", "visibility": "visible"}, {"gameTime": "2 - 32:36", "label": "Indirect free-kick", "position": "1956690", "team": "home", "visibility": "visible"}, {"gameTime": "2 - 32:53", "label": "Ball out of play", "position": "1973330", "team": "away", "visibility": "not shown"}, {"gameTime": "2 - 32:59", "label": "Throw-in", "position": "1979748", "team": "not applicable", "visibility": "visible"}, {"gameTime": "2 - 33:13", "label": "Ball out of play", "position": "1993976", "team": "away", "visibility": "visible"}, {"gameTime": "2 - 33:20", "label": "Clearance", "position": "2000870", "team": "not applicable", "visibility": "visible"}, {"gameTime": "2 - 33:37", "label": "Foul", "position": "2017148", "team": "home", "visibility": "not shown"}, {"gameTime": "2 - 33:41", "label": "Substitution", "position": "2021647", "team": "away", "visibility": "visible"}, {"gameTime": "2 - 34:37", "label": "Indirect free-kick", "position": "2077523", "team": "away", "visibility": "visible"}, {"gameTime": "2 - 34:52", "label": "Foul", "position": "2092079", "team": "home", "visibility": "visible"}, {"gameTime": "2 - 34:54", "label": "Indirect free-kick", "position": "2094305", "team": "home", "visibility": "visible"}, {"gameTime": "2 - 35:30", "label": "Foul", "position": "2130698", "team": "away", "visibility": "visible"}, {"gameTime": "2 - 36:05", "label": "Indirect free-kick", "position": "2165255", "team": "away", "visibility": "visible"}, {"gameTime": "2 - 36:09", "label": "Foul", "position": "2169834", "team": "home", "visibility": "visible"}, {"gameTime": "2 - 38:13", "label": "Substitution", "position": "2293068", "team": "home", "visibility": "visible"}, {"gameTime": "2 - 38:35", "label": "Indirect free-kick", "position": "2315453", "team": "home", "visibility": "visible"}, {"gameTime": "2 - 38:47", "label": "Foul", "position": "2327799", "team": "away", "visibility": "visible"}, {"gameTime": "2 - 39:01", "label": "Direct free-kick", "position": "2341460", "team": "away", "visibility": "visible"}, {"gameTime": "2 - 39:51", "label": "Foul", "position": "2391956", "team": "home", "visibility": "visible"}, {"gameTime": "2 - 40:28", "label": "Yellow card", "position": "2428460", "team": "home", "visibility": "visible"}, {"gameTime": "2 - 40:32", "label": "Indirect free-kick", "position": "2432156", "team": "home", "visibility": "visible"}, {"gameTime": "2 - 41:03", "label": "Foul", "position": "2463519", "team": "away", "visibility": "not shown"}, {"gameTime": "2 - 41:13", "label": "Direct free-kick", "position": "2473446", "team": "home", "visibility": "visible"}, {"gameTime": "2 - 41:57", "label": "Ball out of play", "position": "2517544", "team": "away", "visibility": "visible"}, {"gameTime": "2 - 42:09", "label": "Throw-in", "position": "2529983", "team": "not applicable", "visibility": "visible"}, {"gameTime": "2 - 42:20", "label": "Ball out of play", "position": "2540856", "team": "away", "visibility": "visible"}, {"gameTime": "2 - 42:37", "label": "Throw-in", "position": "2557467", "team": "not applicable", "visibility": "visible"}, {"gameTime": "2 - 42:57", "label": "Foul", "position": "2577129", "team": "away", "visibility": "visible"}, {"gameTime": "2 - 43:02", "label": "Indirect free-kick", "position": "2582608", "team": "away", "visibility": "visible"}, {"gameTime": "2 - 43:21", "label": "Foul", "position": "2601725", "team": "home", "visibility": "not shown"}, {"gameTime": "2 - 43:24", "label": "Direct free-kick", "position": "2604759", "team": "away", "visibility": "visible"}, {"gameTime": "2 - 43:59", "label": "Ball out of play", "position": "2639173", "team": "home", "visibility": "visible"}, {"gameTime": "2 - 44:05", "label": "Throw-in", "position": "2645514", "team": "not applicable", "visibility": "visible"}, {"gameTime": "2 - 44:12", "label": "Shots off target", "position": "2652043", "team": "home", "visibility": "visible"}, {"gameTime": "2 - 44:37", "label": "Ball out of play", "position": "2677810", "team": "home", "visibility": "visible"}, {"gameTime": "2 - 44:38", "label": "Corner", "position": "2678676", "team": "not applicable", "visibility": "visible"}, {"gameTime": "2 - 44:53", "label": "Shots on target", "position": "2693225", "team": "home", "visibility": "visible"}, {"gameTime": "2 - 44:57", "label": "Ball out of play", "position": "2697012", "team": "home", "visibility": "visible"}, {"gameTime": "2 - 44:57", "label": "Corner", "position": "2697843", "team": "not applicable", "visibility": "visible"}, {"gameTime": "2 - 45:17", "label": "Shots off target", "position": "2717744", "team": "home", "visibility": "not shown"}, {"gameTime": "2 - 45:19", "label": "Ball out of play", "position": "2719199", "team": "home", "visibility": "visible"}, {"gameTime": "2 - 45:20", "label": "Clearance", "position": "2720070", "team": "not applicable", "visibility": "visible"}, {"gameTime": "2 - 45:50", "label": "Ball out of play", "position": "2750146", "team": "away", "visibility": "visible"}, {"gameTime": "2 - 45:57", "label": "Throw-in", "position": "2757243", "team": "not applicable", "visibility": "visible"}, {"gameTime": "2 - 46:12", "label": "Ball out of play", "position": "2772740", "team": "away", "visibility": "visible"}, {"gameTime": "2 - 46:15", "label": "Throw-in", "position": "2775095", "team": "not applicable", "visibility": "visible"}, {"gameTime": "2 - 46:26", "label": "Foul", "position": "2786700", "team": "away", "visibility": "visible"}, {"gameTime": "2 - 46:41", "label": "Yellow->red card", "position": "2801641", "team": "home", "visibility": "visible"}, {"gameTime": "2 - 46:52", "label": "Yellow->red card", "position": "2812701", "team": "home", "visibility": "visible"}], "gameAwayTeam": "AC Milan", "gameDate": "22/09/2015 - 21:45", "gameHomeTeam": "Udinese", "gameScore": "2 - 3"}