{"UrlLocal": "england_epl/2015-2016/2015-08-29 - 17-00 Liverpool 0 - 3 West Ham/", "UrlYoutube": "", "annotations": [{"gameTime": "1 - 00:00", "label": "Ball out of play", "position": "0", "team": "home", "visibility": "not shown"}, {"gameTime": "1 - 01:54", "label": "Throw-in", "position": "114204", "team": "not applicable", "visibility": "visible"}, {"gameTime": "1 - 02:09", "label": "Shots on target", "position": "129716", "team": "away", "visibility": "visible"}, {"gameTime": "1 - 02:23", "label": "Goal", "position": "143887", "team": "away", "visibility": "visible"}, {"gameTime": "1 - 02:24", "label": "Kick-off", "position": "144560", "team": "away", "visibility": "visible"}, {"gameTime": "1 - 03:24", "label": "Ball out of play", "position": "204106", "team": "home", "visibility": "not shown"}, {"gameTime": "1 - 03:42", "label": "Throw-in", "position": "222654", "team": "not applicable", "visibility": "visible"}, {"gameTime": "1 - 03:44", "label": "Ball out of play", "position": "224288", "team": "home", "visibility": "visible"}, {"gameTime": "1 - 05:22", "label": "Throw-in", "position": "322309", "team": "not applicable", "visibility": "visible"}, {"gameTime": "1 - 05:47", "label": "Shots off target", "position": "347295", "team": "away", "visibility": "visible"}, {"gameTime": "1 - 06:34", "label": "Ball out of play", "position": "394764", "team": "home", "visibility": "visible"}, {"gameTime": "1 - 06:35", "label": "Clearance", "position": "395564", "team": "not applicable", "visibility": "visible"}, {"gameTime": "1 - 07:07", "label": "Ball out of play", "position": "427633", "team": "away", "visibility": "not shown"}, {"gameTime": "1 - 07:31", "label": "Throw-in", "position": "451714", "team": "not applicable", "visibility": "visible"}, {"gameTime": "1 - 07:42", "label": "Shots on target", "position": "462857", "team": "home", "visibility": "visible"}, {"gameTime": "1 - 08:06", "label": "Ball out of play", "position": "486380", "team": "home", "visibility": "visible"}, {"gameTime": "1 - 08:09", "label": "Throw-in", "position": "489983", "team": "not applicable", "visibility": "not shown"}, {"gameTime": "1 - 08:35", "label": "Ball out of play", "position": "515732", "team": "home", "visibility": "not shown"}, {"gameTime": "1 - 09:43", "label": "Throw-in", "position": "583790", "team": "not applicable", "visibility": "visible"}, {"gameTime": "1 - 09:47", "label": "Foul", "position": "587037", "team": "home", "visibility": "not shown"}, {"gameTime": "1 - 10:02", "label": "Indirect free-kick", "position": "602318", "team": "away", "visibility": "not shown"}, {"gameTime": "1 - 10:32", "label": "Ball out of play", "position": "632813", "team": "home", "visibility": "not shown"}, {"gameTime": "1 - 11:31", "label": "Throw-in", "position": "691703", "team": "not applicable", "visibility": "visible"}, {"gameTime": "1 - 11:47", "label": "Foul", "position": "707447", "team": "away", "visibility": "visible"}, {"gameTime": "1 - 11:54", "label": "Direct free-kick", "position": "714396", "team": "home", "visibility": "visible"}, {"gameTime": "1 - 12:31", "label": "Ball out of play", "position": "751936", "team": "away", "visibility": "visible"}, {"gameTime": "1 - 12:40", "label": "Corner", "position": "760131", "team": "not applicable", "visibility": "visible"}, {"gameTime": "1 - 13:06", "label": "Ball out of play", "position": "786115", "team": "away", "visibility": "visible"}, {"gameTime": "1 - 13:14", "label": "Corner", "position": "794376", "team": "not applicable", "visibility": "visible"}, {"gameTime": "1 - 13:56", "label": "Foul", "position": "836967", "team": "away", "visibility": "visible"}, {"gameTime": "1 - 13:58", "label": "Indirect free-kick", "position": "838568", "team": "away", "visibility": "visible"}, {"gameTime": "1 - 14:12", "label": "Shots off target", "position": "852040", "team": "home", "visibility": "visible"}, {"gameTime": "1 - 15:14", "label": "Ball out of play", "position": "914034", "team": "away", "visibility": "visible"}, {"gameTime": "1 - 15:14", "label": "Clearance", "position": "914794", "team": "not applicable", "visibility": "visible"}, {"gameTime": "1 - 15:35", "label": "Ball out of play", "position": "935689", "team": "home", "visibility": "not shown"}, {"gameTime": "1 - 15:50", "label": "Throw-in", "position": "950010", "team": "not applicable", "visibility": "visible"}, {"gameTime": "1 - 16:03", "label": "Ball out of play", "position": "963339", "team": "home", "visibility": "visible"}, {"gameTime": "1 - 16:21", "label": "Throw-in", "position": "981461", "team": "not applicable", "visibility": "visible"}, {"gameTime": "1 - 16:25", "label": "Ball out of play", "position": "985639", "team": "home", "visibility": "visible"}, {"gameTime": "1 - 17:47", "label": "Throw-in", "position": "1067610", "team": "not applicable", "visibility": "visible"}, {"gameTime": "1 - 17:58", "label": "Ball out of play", "position": "1078716", "team": "home", "visibility": "visible"}, {"gameTime": "1 - 19:32", "label": "Corner", "position": "1172057", "team": "not applicable", "visibility": "visible"}, {"gameTime": "1 - 19:57", "label": "Foul", "position": "1197635", "team": "home", "visibility": "visible"}, {"gameTime": "1 - 19:59", "label": "Indirect free-kick", "position": "1199315", "team": "home", "visibility": "visible"}, {"gameTime": "1 - 20:26", "label": "Ball out of play", "position": "1226542", "team": "away", "visibility": "not shown"}, {"gameTime": "1 - 21:33", "label": "Clearance", "position": "1293040", "team": "not applicable", "visibility": "visible"}, {"gameTime": "1 - 22:01", "label": "Offside", "position": "1321191", "team": "away", "visibility": "not shown"}, {"gameTime": "1 - 22:11", "label": "Indirect free-kick", "position": "1331996", "team": "home", "visibility": "visible"}, {"gameTime": "1 - 22:41", "label": "Ball out of play", "position": "1361241", "team": "away", "visibility": "visible"}, {"gameTime": "1 - 22:57", "label": "Throw-in", "position": "1377971", "team": "not applicable", "visibility": "visible"}, {"gameTime": "1 - 23:12", "label": "Ball out of play", "position": "1392075", "team": "home", "visibility": "not shown"}, {"gameTime": "1 - 23:23", "label": "Throw-in", "position": "1403750", "team": "not applicable", "visibility": "visible"}, {"gameTime": "1 - 23:29", "label": "Ball out of play", "position": "1409554", "team": "home", "visibility": "not shown"}, {"gameTime": "1 - 23:59", "label": "Corner", "position": "1439479", "team": "not applicable", "visibility": "visible"}, {"gameTime": "1 - 24:26", "label": "Shots off target", "position": "1466179", "team": "home", "visibility": "not shown"}, {"gameTime": "1 - 24:33", "label": "Shots on target", "position": "1473276", "team": "home", "visibility": "visible"}, {"gameTime": "1 - 24:58", "label": "Shots off target", "position": "1498308", "team": "away", "visibility": "visible"}, {"gameTime": "1 - 24:59", "label": "Ball out of play", "position": "1499900", "team": "away", "visibility": "visible"}, {"gameTime": "1 - 25:00", "label": "Clearance", "position": "1500980", "team": "not applicable", "visibility": "visible"}, {"gameTime": "1 - 25:33", "label": "Ball out of play", "position": "1533988", "team": "home", "visibility": "visible"}, {"gameTime": "1 - 25:40", "label": "Throw-in", "position": "1540208", "team": "not applicable", "visibility": "visible"}, {"gameTime": "1 - 25:59", "label": "Foul", "position": "1559119", "team": "away", "visibility": "visible"}, {"gameTime": "1 - 26:43", "label": "Indirect free-kick", "position": "1603082", "team": "home", "visibility": "visible"}, {"gameTime": "1 - 27:13", "label": "Ball out of play", "position": "1633594", "team": "away", "visibility": "visible"}, {"gameTime": "1 - 27:40", "label": "Throw-in", "position": "1660553", "team": "not applicable", "visibility": "visible"}, {"gameTime": "1 - 28:01", "label": "Shots on target", "position": "1681312", "team": "away", "visibility": "visible"}, {"gameTime": "1 - 28:19", "label": "Goal", "position": "1699330", "team": "away", "visibility": "visible"}, {"gameTime": "1 - 28:20", "label": "Kick-off", "position": "1700000", "team": "away", "visibility": "visible"}, {"gameTime": "1 - 30:40", "label": "Ball out of play", "position": "1840045", "team": "home", "visibility": "not shown"}, {"gameTime": "1 - 31:33", "label": "Throw-in", "position": "1893512", "team": "not applicable", "visibility": "visible"}, {"gameTime": "1 - 33:01", "label": "Ball out of play", "position": "1981808", "team": "home", "visibility": "not shown"}, {"gameTime": "1 - 33:23", "label": "Clearance", "position": "2003200", "team": "not applicable", "visibility": "visible"}, {"gameTime": "1 - 33:51", "label": "Foul", "position": "2031805", "team": "away", "visibility": "visible"}, {"gameTime": "1 - 34:11", "label": "Indirect free-kick", "position": "2051546", "team": "home", "visibility": "visible"}, {"gameTime": "1 - 34:39", "label": "Foul", "position": "2079840", "team": "away", "visibility": "visible"}, {"gameTime": "1 - 35:00", "label": "Direct free-kick", "position": "2100542", "team": "home", "visibility": "visible"}, {"gameTime": "1 - 35:37", "label": "Shots off target", "position": "2137914", "team": "away", "visibility": "visible"}, {"gameTime": "1 - 35:47", "label": "Ball out of play", "position": "2147096", "team": "away", "visibility": "visible"}, {"gameTime": "1 - 35:48", "label": "Clearance", "position": "2148056", "team": "not applicable", "visibility": "visible"}, {"gameTime": "1 - 35:56", "label": "Ball out of play", "position": "2156288", "team": "home", "visibility": "not shown"}, {"gameTime": "1 - 36:46", "label": "Throw-in", "position": "2206638", "team": "not applicable", "visibility": "visible"}, {"gameTime": "1 - 37:12", "label": "Foul", "position": "2232204", "team": "away", "visibility": "not shown"}, {"gameTime": "1 - 37:19", "label": "Yellow card", "position": "2239408", "team": "away", "visibility": "visible"}, {"gameTime": "1 - 37:47", "label": "Indirect free-kick", "position": "2267600", "team": "away", "visibility": "visible"}, {"gameTime": "1 - 38:05", "label": "Shots on target", "position": "2285268", "team": "home", "visibility": "not shown"}, {"gameTime": "1 - 38:51", "label": "Foul", "position": "2331809", "team": "home", "visibility": "visible"}, {"gameTime": "1 - 39:18", "label": "Indirect free-kick", "position": "2358073", "team": "home", "visibility": "visible"}, {"gameTime": "1 - 39:54", "label": "Foul", "position": "2394512", "team": "away", "visibility": "visible"}, {"gameTime": "1 - 40:02", "label": "Indirect free-kick", "position": "2402123", "team": "away", "visibility": "visible"}, {"gameTime": "1 - 40:15", "label": "Ball out of play", "position": "2415982", "team": "home", "visibility": "visible"}, {"gameTime": "1 - 41:05", "label": "Clearance", "position": "2465955", "team": "not applicable", "visibility": "visible"}, {"gameTime": "1 - 41:39", "label": "Ball out of play", "position": "2499704", "team": "away", "visibility": "visible"}, {"gameTime": "1 - 42:02", "label": "Throw-in", "position": "2522917", "team": "not applicable", "visibility": "visible"}, {"gameTime": "1 - 42:24", "label": "Ball out of play", "position": "2544250", "team": "away", "visibility": "not shown"}, {"gameTime": "1 - 42:50", "label": "Throw-in", "position": "2570054", "team": "not applicable", "visibility": "visible"}, {"gameTime": "1 - 43:22", "label": "Ball out of play", "position": "2602257", "team": "away", "visibility": "visible"}, {"gameTime": "1 - 43:26", "label": "Corner", "position": "2606504", "team": "not applicable", "visibility": "visible"}, {"gameTime": "1 - 43:53", "label": "Ball out of play", "position": "2633268", "team": "away", "visibility": "visible"}, {"gameTime": "1 - 44:00", "label": "Throw-in", "position": "2640530", "team": "not applicable", "visibility": "not shown"}, {"gameTime": "1 - 44:15", "label": "Ball out of play", "position": "2655587", "team": "away", "visibility": "visible"}, {"gameTime": "1 - 45:03", "label": "Throw-in", "position": "2703112", "team": "not applicable", "visibility": "visible"}, {"gameTime": "1 - 45:23", "label": "Ball out of play", "position": "2723159", "team": "away", "visibility": "visible"}, {"gameTime": "1 - 45:54", "label": "Throw-in", "position": "2754308", "team": "not applicable", "visibility": "visible"}, {"gameTime": "1 - 46:24", "label": "Ball out of play", "position": "2784924", "team": "away", "visibility": "visible"}, {"gameTime": "1 - 47:07", "label": "Throw-in", "position": "2827905", "team": "not applicable", "visibility": "visible"}, {"gameTime": "1 - 47:11", "label": "Ball out of play", "position": "2831994", "team": "home", "visibility": "visible"}, {"gameTime": "1 - 48:00", "label": "Corner", "position": "2880208", "team": "not applicable", "visibility": "visible"}, {"gameTime": "1 - 48:17", "label": "Foul", "position": "2897633", "team": "home", "visibility": "not shown"}, {"gameTime": "1 - 48:29", "label": "Yellow card", "position": "2909672", "team": "home", "visibility": "visible"}, {"gameTime": "1 - 48:47", "label": "Indirect free-kick", "position": "2927978", "team": "home", "visibility": "visible"}, {"gameTime": "1 - 49:05", "label": "Indirect free-kick", "position": "2945578", "team": "away", "visibility": "visible"}, {"gameTime": "2 - 00:00", "label": "Ball out of play", "position": "0", "team": "home", "visibility": "not shown"}, {"gameTime": "2 - 00:40", "label": "Clearance", "position": "40646", "team": "not applicable", "visibility": "visible"}, {"gameTime": "2 - 01:09", "label": "Ball out of play", "position": "69023", "team": "away", "visibility": "visible"}, {"gameTime": "2 - 01:16", "label": "Throw-in", "position": "76080", "team": "not applicable", "visibility": "visible"}, {"gameTime": "2 - 01:24", "label": "Foul", "position": "84814", "team": "home", "visibility": "visible"}, {"gameTime": "2 - 02:43", "label": "Indirect free-kick", "position": "163715", "team": "away", "visibility": "visible"}, {"gameTime": "2 - 02:47", "label": "Shots off target", "position": "167013", "team": "home", "visibility": "visible"}, {"gameTime": "2 - 04:12", "label": "Ball out of play", "position": "252551", "team": "home", "visibility": "visible"}, {"gameTime": "2 - 04:13", "label": "Clearance", "position": "253671", "team": "not applicable", "visibility": "visible"}, {"gameTime": "2 - 04:37", "label": "Shots on target", "position": "277704", "team": "away", "visibility": "visible"}, {"gameTime": "2 - 05:52", "label": "Foul", "position": "352137", "team": "home", "visibility": "visible"}, {"gameTime": "2 - 06:22", "label": "Yellow->red card", "position": "382485", "team": "home", "visibility": "visible"}, {"gameTime": "2 - 06:31", "label": "Indirect free-kick", "position": "391655", "team": "home", "visibility": "visible"}, {"gameTime": "2 - 07:27", "label": "Ball out of play", "position": "447284", "team": "away", "visibility": "not shown"}, {"gameTime": "2 - 07:36", "label": "Throw-in", "position": "456016", "team": "not applicable", "visibility": "visible"}, {"gameTime": "2 - 07:47", "label": "Shots on target", "position": "467605", "team": "away", "visibility": "not shown"}, {"gameTime": "2 - 09:07", "label": "Foul", "position": "547307", "team": "home", "visibility": "visible"}, {"gameTime": "2 - 09:59", "label": "Indirect free-kick", "position": "599025", "team": "away", "visibility": "visible"}, {"gameTime": "2 - 10:05", "label": "Foul", "position": "605475", "team": "home", "visibility": "not shown"}, {"gameTime": "2 - 11:17", "label": "Indirect free-kick", "position": "677611", "team": "home", "visibility": "visible"}, {"gameTime": "2 - 12:02", "label": "Foul", "position": "722947", "team": "away", "visibility": "not shown"}, {"gameTime": "2 - 12:39", "label": "Indirect free-kick", "position": "759677", "team": "away", "visibility": "visible"}, {"gameTime": "2 - 12:46", "label": "Ball out of play", "position": "766531", "team": "home", "visibility": "not shown"}, {"gameTime": "2 - 12:59", "label": "Throw-in", "position": "779230", "team": "not applicable", "visibility": "visible"}, {"gameTime": "2 - 13:03", "label": "Shots on target", "position": "783978", "team": "home", "visibility": "visible"}, {"gameTime": "2 - 13:12", "label": "Substitution", "position": "792123", "team": "home", "visibility": "visible"}, {"gameTime": "2 - 15:16", "label": "Foul", "position": "916920", "team": "home", "visibility": "visible"}, {"gameTime": "2 - 16:16", "label": "Indirect free-kick", "position": "976690", "team": "home", "visibility": "visible"}, {"gameTime": "2 - 16:43", "label": "Ball out of play", "position": "1003598", "team": "away", "visibility": "not shown"}, {"gameTime": "2 - 16:52", "label": "Corner", "position": "1012597", "team": "not applicable", "visibility": "visible"}, {"gameTime": "2 - 17:11", "label": "Ball out of play", "position": "1031115", "team": "away", "visibility": "not shown"}, {"gameTime": "2 - 17:51", "label": "Throw-in", "position": "1071982", "team": "not applicable", "visibility": "visible"}, {"gameTime": "2 - 17:58", "label": "Shots off target", "position": "1078464", "team": "home", "visibility": "not shown"}, {"gameTime": "2 - 18:14", "label": "Ball out of play", "position": "1094451", "team": "home", "visibility": "visible"}, {"gameTime": "2 - 18:15", "label": "Clearance", "position": "1095251", "team": "not applicable", "visibility": "visible"}, {"gameTime": "2 - 18:49", "label": "Ball out of play", "position": "1129611", "team": "away", "visibility": "not shown"}, {"gameTime": "2 - 21:14", "label": "Throw-in", "position": "1274205", "team": "not applicable", "visibility": "visible"}, {"gameTime": "2 - 21:19", "label": "Foul", "position": "1279584", "team": "away", "visibility": "not shown"}, {"gameTime": "2 - 22:15", "label": "Indirect free-kick", "position": "1335298", "team": "home", "visibility": "visible"}, {"gameTime": "2 - 23:11", "label": "Foul", "position": "1391669", "team": "away", "visibility": "visible"}, {"gameTime": "2 - 23:30", "label": "Indirect free-kick", "position": "1410348", "team": "away", "visibility": "visible"}, {"gameTime": "2 - 23:36", "label": "Foul", "position": "1416144", "team": "home", "visibility": "not shown"}, {"gameTime": "2 - 24:03", "label": "Yellow card", "position": "1443974", "team": "home", "visibility": "visible"}, {"gameTime": "2 - 24:18", "label": "Indirect free-kick", "position": "1458680", "team": "home", "visibility": "visible"}, {"gameTime": "2 - 24:42", "label": "Shots off target", "position": "1482854", "team": "away", "visibility": "visible"}, {"gameTime": "2 - 25:13", "label": "Shots on target", "position": "1513948", "team": "away", "visibility": "visible"}, {"gameTime": "2 - 25:41", "label": "Ball out of play", "position": "1541671", "team": "away", "visibility": "visible"}, {"gameTime": "2 - 26:19", "label": "Throw-in", "position": "1579453", "team": "not applicable", "visibility": "visible"}, {"gameTime": "2 - 26:28", "label": "Ball out of play", "position": "1588428", "team": "home", "visibility": "visible"}, {"gameTime": "2 - 27:24", "label": "Throw-in", "position": "1644641", "team": "not applicable", "visibility": "not shown"}, {"gameTime": "2 - 27:36", "label": "Foul", "position": "1656441", "team": "home", "visibility": "visible"}, {"gameTime": "2 - 27:59", "label": "Indirect free-kick", "position": "1679194", "team": "away", "visibility": "visible"}, {"gameTime": "2 - 28:03", "label": "Ball out of play", "position": "1683748", "team": "home", "visibility": "not shown"}, {"gameTime": "2 - 28:22", "label": "Throw-in", "position": "1702270", "team": "not applicable", "visibility": "visible"}, {"gameTime": "2 - 28:28", "label": "Foul", "position": "1708025", "team": "home", "visibility": "not shown"}, {"gameTime": "2 - 28:29", "label": "Direct free-kick", "position": "1709140", "team": "away", "visibility": "visible"}, {"gameTime": "2 - 29:07", "label": "Foul", "position": "1747065", "team": "home", "visibility": "visible"}, {"gameTime": "2 - 29:08", "label": "Indirect free-kick", "position": "1748180", "team": "home", "visibility": "visible"}, {"gameTime": "2 - 29:42", "label": "Shots on target", "position": "1782240", "team": "away", "visibility": "not shown"}, {"gameTime": "2 - 30:14", "label": "Ball out of play", "position": "1814730", "team": "away", "visibility": "visible"}, {"gameTime": "2 - 30:15", "label": "Corner", "position": "1815250", "team": "not applicable", "visibility": "visible"}, {"gameTime": "2 - 30:41", "label": "Shots off target", "position": "1841715", "team": "away", "visibility": "not shown"}, {"gameTime": "2 - 30:44", "label": "Ball out of play", "position": "1844661", "team": "away", "visibility": "visible"}, {"gameTime": "2 - 30:46", "label": "Corner", "position": "1846371", "team": "not applicable", "visibility": "visible"}, {"gameTime": "2 - 31:01", "label": "Shots on target", "position": "1861194", "team": "away", "visibility": "not shown"}, {"gameTime": "2 - 31:08", "label": "Ball out of play", "position": "1868897", "team": "away", "visibility": "visible"}, {"gameTime": "2 - 31:10", "label": "Corner", "position": "1870817", "team": "not applicable", "visibility": "visible"}, {"gameTime": "2 - 31:44", "label": "Shots off target", "position": "1904297", "team": "away", "visibility": "visible"}, {"gameTime": "2 - 31:45", "label": "Ball out of play", "position": "1905886", "team": "away", "visibility": "visible"}, {"gameTime": "2 - 31:46", "label": "Substitution", "position": "1906646", "team": "not applicable", "visibility": "visible"}, {"gameTime": "2 - 32:12", "label": "Clearance", "position": "1932242", "team": "home", "visibility": "visible"}, {"gameTime": "2 - 32:25", "label": "Foul", "position": "1945192", "team": "home", "visibility": "not shown"}, {"gameTime": "2 - 32:45", "label": "Red card", "position": "1965647", "team": "home", "visibility": "visible"}, {"gameTime": "2 - 32:51", "label": "Indirect free-kick", "position": "1971765", "team": "away", "visibility": "visible"}, {"gameTime": "2 - 34:22", "label": "Foul", "position": "2062933", "team": "away", "visibility": "not shown"}, {"gameTime": "2 - 34:26", "label": "Indirect free-kick", "position": "2066262", "team": "away", "visibility": "visible"}, {"gameTime": "2 - 34:36", "label": "Ball out of play", "position": "2076764", "team": "home", "visibility": "not shown"}, {"gameTime": "2 - 35:04", "label": "Yellow card", "position": "2104888", "team": "not applicable", "visibility": "visible"}, {"gameTime": "2 - 35:30", "label": "Substitution", "position": "2130356", "team": "away", "visibility": "visible"}, {"gameTime": "2 - 36:01", "label": "Throw-in", "position": "2161726", "team": "away", "visibility": "visible"}, {"gameTime": "2 - 36:12", "label": "Ball out of play", "position": "2172621", "team": "home", "visibility": "not shown"}, {"gameTime": "2 - 36:35", "label": "Throw-in", "position": "2195064", "team": "not applicable", "visibility": "visible"}, {"gameTime": "2 - 36:37", "label": "Shots on target", "position": "2197601", "team": "home", "visibility": "visible"}, {"gameTime": "2 - 37:00", "label": "Ball out of play", "position": "2220367", "team": "home", "visibility": "visible"}, {"gameTime": "2 - 37:02", "label": "Corner", "position": "2222915", "team": "not applicable", "visibility": "visible"}, {"gameTime": "2 - 37:07", "label": "Ball out of play", "position": "2227889", "team": "home", "visibility": "not shown"}, {"gameTime": "2 - 37:21", "label": "Corner", "position": "2241817", "team": "not applicable", "visibility": "not shown"}, {"gameTime": "2 - 37:44", "label": "Shots off target", "position": "2264145", "team": "home", "visibility": "visible"}, {"gameTime": "2 - 37:47", "label": "Ball out of play", "position": "2267003", "team": "home", "visibility": "visible"}, {"gameTime": "2 - 37:47", "label": "Clearance", "position": "2267440", "team": "not applicable", "visibility": "visible"}, {"gameTime": "2 - 38:14", "label": "Foul", "position": "2294611", "team": "away", "visibility": "visible"}, {"gameTime": "2 - 38:25", "label": "Indirect free-kick", "position": "2305592", "team": "home", "visibility": "visible"}, {"gameTime": "2 - 38:45", "label": "Ball out of play", "position": "2325974", "team": "away", "visibility": "visible"}, {"gameTime": "2 - 39:23", "label": "Throw-in", "position": "2363457", "team": "not applicable", "visibility": "visible"}, {"gameTime": "2 - 39:30", "label": "Foul", "position": "2370127", "team": "home", "visibility": "not shown"}, {"gameTime": "2 - 40:01", "label": "Yellow card", "position": "2401774", "team": "home", "visibility": "visible"}, {"gameTime": "2 - 40:12", "label": "Substitution", "position": "2412640", "team": "home", "visibility": "visible"}, {"gameTime": "2 - 42:14", "label": "Indirect free-kick", "position": "2534000", "team": "away", "visibility": "visible"}, {"gameTime": "2 - 42:40", "label": "Ball out of play", "position": "2560791", "team": "away", "visibility": "visible"}, {"gameTime": "2 - 42:44", "label": "Throw-in", "position": "2564113", "team": "not applicable", "visibility": "visible"}, {"gameTime": "2 - 42:56", "label": "Offside", "position": "2576399", "team": "home", "visibility": "visible"}, {"gameTime": "2 - 43:02", "label": "Indirect free-kick", "position": "2582559", "team": "away", "visibility": "visible"}, {"gameTime": "2 - 43:09", "label": "Ball out of play", "position": "2589679", "team": "home", "visibility": "not shown"}, {"gameTime": "2 - 43:13", "label": "Throw-in", "position": "2593999", "team": "not applicable", "visibility": "visible"}, {"gameTime": "2 - 43:31", "label": "Ball out of play", "position": "2611646", "team": "away", "visibility": "visible"}, {"gameTime": "2 - 44:11", "label": "Throw-in", "position": "2651201", "team": "not applicable", "visibility": "visible"}, {"gameTime": "2 - 44:16", "label": "Foul", "position": "2656175", "team": "home", "visibility": "not shown"}, {"gameTime": "2 - 45:34", "label": "Yellow card", "position": "2734597", "team": "home", "visibility": "visible"}, {"gameTime": "2 - 45:43", "label": "Indirect free-kick", "position": "2743353", "team": "home", "visibility": "visible"}, {"gameTime": "2 - 46:00", "label": "Shots on target", "position": "2760230", "team": "away", "visibility": "not shown"}, {"gameTime": "2 - 46:20", "label": "Goal", "position": "2780946", "team": "away", "visibility": "visible"}, {"gameTime": "2 - 46:21", "label": "Kick-off", "position": "2781680", "team": "away", "visibility": "visible"}, {"gameTime": "2 - 47:26", "label": "Ball out of play", "position": "2846275", "team": "home", "visibility": "not shown"}, {"gameTime": "2 - 47:36", "label": "Throw-in", "position": "2856950", "team": "not applicable", "visibility": "visible"}, {"gameTime": "2 - 47:44", "label": "Ball out of play", "position": "2864341", "team": "home", "visibility": "not shown"}, {"gameTime": "2 - 48:01", "label": "Throw-in", "position": "2881715", "team": "not applicable", "visibility": "visible"}, {"gameTime": "2 - 48:08", "label": "Shots off target", "position": "2888221", "team": "home", "visibility": "not shown"}, {"gameTime": "2 - 48:15", "label": "Ball out of play", "position": "2895095", "team": "home", "visibility": "visible"}, {"gameTime": "2 - 48:15", "label": "Clearance", "position": "2895895", "team": "not applicable", "visibility": "visible"}, {"gameTime": "2 - 48:41", "label": "Ball out of play", "position": "2921377", "team": "away", "visibility": "visible"}, {"gameTime": "2 - 48:45", "label": "Throw-in", "position": "2925922", "team": "not applicable", "visibility": "visible"}, {"gameTime": "2 - 48:49", "label": "Shots on target", "position": "2929736", "team": "home", "visibility": "visible"}, {"gameTime": "2 - 49:34", "label": "Ball out of play", "position": "2974421", "team": "home", "visibility": "visible"}, {"gameTime": "2 - 49:53", "label": "Substitution", "position": "2993092", "team": "not applicable", "visibility": "visible"}, {"gameTime": "2 - 50:33", "label": "Clearance", "position": "3033367", "team": "away", "visibility": "not shown"}, {"gameTime": "2 - 50:42", "label": "Ball out of play", "position": "3042040", "team": "away", "visibility": "visible"}, {"gameTime": "2 - 50:45", "label": "Throw-in", "position": "3045305", "team": "not applicable", "visibility": "visible"}, {"gameTime": "2 - 50:54", "label": "Ball out of play", "position": "3054070", "team": "home", "visibility": "not shown"}, {"gameTime": "2 - 51:08", "label": "Throw-in", "position": "3068493", "team": "not applicable", "visibility": "visible"}, {"gameTime": "2 - 51:14", "label": "Throw-in", "position": "3074807", "team": "home", "visibility": "not shown"}], "gameAwayTeam": "West Ham", "gameDate": "29/08/2015 - 17:00", "gameHomeTeam": "Liverpool", "gameScore": "0 - 3"}