{"UrlLocal": "italy_serie-a/2016-2017/2016-10-02 - 21-45 AS Roma 2 - 1 Inter/", "UrlYoutube": "", "annotations": [{"gameTime": "1 - 00:23", "label": "Kick-off", "position": "23674", "team": "not applicable", "visibility": "visible"}, {"gameTime": "1 - 00:38", "label": "Ball out of play", "position": "38000", "team": "away", "visibility": "visible"}, {"gameTime": "1 - 00:50", "label": "Corner", "position": "50986", "team": "away", "visibility": "visible"}, {"gameTime": "1 - 01:16", "label": "Shots off target", "position": "76258", "team": "home", "visibility": "visible"}, {"gameTime": "1 - 01:42", "label": "Clearance", "position": "102624", "team": "not applicable", "visibility": "visible"}, {"gameTime": "1 - 02:09", "label": "Ball out of play", "position": "129318", "team": "home", "visibility": "visible"}, {"gameTime": "1 - 02:11", "label": "Corner", "position": "131384", "team": "not applicable", "visibility": "not shown"}, {"gameTime": "1 - 02:28", "label": "Ball out of play", "position": "148333", "team": "home", "visibility": "visible"}, {"gameTime": "1 - 02:34", "label": "Corner", "position": "154315", "team": "home", "visibility": "visible"}, {"gameTime": "1 - 03:36", "label": "Foul", "position": "216036", "team": "not applicable", "visibility": "visible"}, {"gameTime": "1 - 03:45", "label": "Ball out of play", "position": "225744", "team": "away", "visibility": "visible"}, {"gameTime": "1 - 03:52", "label": "Throw-in", "position": "232123", "team": "not applicable", "visibility": "visible"}, {"gameTime": "1 - 04:13", "label": "Ball out of play", "position": "253385", "team": "home", "visibility": "visible"}, {"gameTime": "1 - 04:26", "label": "Clearance", "position": "266203", "team": "home", "visibility": "visible"}, {"gameTime": "1 - 04:26", "label": "Shots on target", "position": "266476", "team": "home", "visibility": "visible"}, {"gameTime": "1 - 05:23", "label": "Goal", "position": "323393", "team": "away", "visibility": "visible"}, {"gameTime": "1 - 06:07", "label": "Kick-off", "position": "367285", "team": "not applicable", "visibility": "visible"}, {"gameTime": "1 - 06:23", "label": "Ball out of play", "position": "383150", "team": "away", "visibility": "visible"}, {"gameTime": "1 - 06:50", "label": "Throw-in", "position": "410826", "team": "not applicable", "visibility": "visible"}, {"gameTime": "1 - 07:04", "label": "Ball out of play", "position": "424178", "team": "away", "visibility": "not shown"}, {"gameTime": "1 - 07:30", "label": "Clearance", "position": "450790", "team": "away", "visibility": "visible"}, {"gameTime": "1 - 07:56", "label": "Foul", "position": "476127", "team": "home", "visibility": "visible"}, {"gameTime": "1 - 08:05", "label": "Indirect free-kick", "position": "485334", "team": "away", "visibility": "visible"}, {"gameTime": "1 - 09:01", "label": "Shots on target", "position": "541075", "team": "home", "visibility": "visible"}, {"gameTime": "1 - 09:02", "label": "Shots off target", "position": "542147", "team": "not applicable", "visibility": "visible"}, {"gameTime": "1 - 09:18", "label": "Ball out of play", "position": "558231", "team": "away", "visibility": "not shown"}, {"gameTime": "1 - 09:43", "label": "Clearance", "position": "583038", "team": "not applicable", "visibility": "visible"}, {"gameTime": "1 - 09:58", "label": "Ball out of play", "position": "598338", "team": "home", "visibility": "visible"}, {"gameTime": "1 - 10:26", "label": "Throw-in", "position": "626848", "team": "home", "visibility": "visible"}, {"gameTime": "1 - 11:17", "label": "Foul", "position": "677927", "team": "away", "visibility": "visible"}, {"gameTime": "1 - 11:17", "label": "Shots on target", "position": "677963", "team": "away", "visibility": "visible"}, {"gameTime": "1 - 11:20", "label": "Direct free-kick", "position": "680177", "team": "not applicable", "visibility": "not shown"}, {"gameTime": "1 - 11:33", "label": "Ball out of play", "position": "693232", "team": "away", "visibility": "visible"}, {"gameTime": "1 - 13:01", "label": "Corner", "position": "781983", "team": "not applicable", "visibility": "visible"}, {"gameTime": "1 - 13:11", "label": "Ball out of play", "position": "791526", "team": "home", "visibility": "not shown"}, {"gameTime": "1 - 13:37", "label": "Clearance", "position": "817995", "team": "home", "visibility": "visible"}, {"gameTime": "1 - 13:39", "label": "Shots off target", "position": "819956", "team": "not applicable", "visibility": "not shown"}, {"gameTime": "1 - 14:00", "label": "Ball out of play", "position": "840728", "team": "away", "visibility": "visible"}, {"gameTime": "1 - 14:03", "label": "Clearance", "position": "843891", "team": "not applicable", "visibility": "visible"}, {"gameTime": "1 - 14:08", "label": "Ball out of play", "position": "848435", "team": "home", "visibility": "not shown"}, {"gameTime": "1 - 14:40", "label": "Throw-in", "position": "880290", "team": "not applicable", "visibility": "not shown"}, {"gameTime": "1 - 14:53", "label": "Ball out of play", "position": "893666", "team": "away", "visibility": "visible"}, {"gameTime": "1 - 15:05", "label": "Throw-in", "position": "905549", "team": "not applicable", "visibility": "visible"}, {"gameTime": "1 - 15:09", "label": "Ball out of play", "position": "909242", "team": "away", "visibility": "not shown"}, {"gameTime": "1 - 15:44", "label": "Throw-in", "position": "944693", "team": "not applicable", "visibility": "visible"}, {"gameTime": "1 - 15:48", "label": "Ball out of play", "position": "948651", "team": "away", "visibility": "not shown"}, {"gameTime": "1 - 16:05", "label": "Throw-in", "position": "965274", "team": "away", "visibility": "visible"}, {"gameTime": "1 - 16:23", "label": "Foul", "position": "983090", "team": "home", "visibility": "not shown"}, {"gameTime": "1 - 16:35", "label": "Indirect free-kick", "position": "995916", "team": "home", "visibility": "visible"}, {"gameTime": "1 - 16:58", "label": "Offside", "position": "1018536", "team": "away", "visibility": "visible"}, {"gameTime": "1 - 17:05", "label": "Indirect free-kick", "position": "1025044", "team": "not applicable", "visibility": "visible"}, {"gameTime": "1 - 17:23", "label": "Ball out of play", "position": "1043064", "team": "away", "visibility": "visible"}, {"gameTime": "1 - 18:22", "label": "Throw-in", "position": "1102114", "team": "away", "visibility": "visible"}, {"gameTime": "1 - 18:23", "label": "Shots off target", "position": "1103595", "team": "not applicable", "visibility": "visible"}, {"gameTime": "1 - 18:43", "label": "Ball out of play", "position": "1123681", "team": "home", "visibility": "not shown"}, {"gameTime": "1 - 18:46", "label": "Clearance", "position": "1126495", "team": "home", "visibility": "visible"}, {"gameTime": "1 - 19:04", "label": "Foul", "position": "1144225", "team": "away", "visibility": "not shown"}, {"gameTime": "1 - 19:31", "label": "Indirect free-kick", "position": "1171229", "team": "not applicable", "visibility": "visible"}, {"gameTime": "1 - 19:39", "label": "Ball out of play", "position": "1179008", "team": "away", "visibility": "not shown"}, {"gameTime": "1 - 20:05", "label": "Throw-in", "position": "1205635", "team": "home", "visibility": "visible"}, {"gameTime": "1 - 20:21", "label": "Shots off target", "position": "1221907", "team": "away", "visibility": "not shown"}, {"gameTime": "1 - 20:42", "label": "Clearance", "position": "1242151", "team": "home", "visibility": "visible"}, {"gameTime": "1 - 20:44", "label": "Shots on target", "position": "1244180", "team": "home", "visibility": "visible"}, {"gameTime": "1 - 21:06", "label": "Shots on target", "position": "1266740", "team": "away", "visibility": "visible"}, {"gameTime": "1 - 21:33", "label": "Shots on target", "position": "1293134", "team": "away", "visibility": "visible"}, {"gameTime": "1 - 21:34", "label": "Shots on target", "position": "1294756", "team": "not applicable", "visibility": "visible"}, {"gameTime": "1 - 21:54", "label": "Ball out of play", "position": "1314418", "team": "away", "visibility": "visible"}, {"gameTime": "1 - 22:45", "label": "Corner", "position": "1365769", "team": "not applicable", "visibility": "visible"}, {"gameTime": "1 - 22:52", "label": "Ball out of play", "position": "1372839", "team": "away", "visibility": "not shown"}, {"gameTime": "1 - 23:30", "label": "Clearance", "position": "1410598", "team": "away", "visibility": "visible"}, {"gameTime": "1 - 23:39", "label": "Foul", "position": "1419086", "team": "away", "visibility": "visible"}, {"gameTime": "1 - 23:39", "label": "Yellow card", "position": "1419897", "team": "away", "visibility": "visible"}, {"gameTime": "1 - 24:27", "label": "Yellow card", "position": "1467945", "team": "home", "visibility": "visible"}, {"gameTime": "1 - 24:30", "label": "Direct free-kick", "position": "1470828", "team": "not applicable", "visibility": "visible"}, {"gameTime": "1 - 24:37", "label": "Ball out of play", "position": "1477923", "team": "away", "visibility": "not shown"}, {"gameTime": "1 - 24:52", "label": "Clearance", "position": "1492169", "team": "not applicable", "visibility": "visible"}, {"gameTime": "1 - 25:15", "label": "Ball out of play", "position": "1515578", "team": "home", "visibility": "visible"}, {"gameTime": "1 - 25:42", "label": "Clearance", "position": "1542642", "team": "not applicable", "visibility": "visible"}, {"gameTime": "1 - 26:03", "label": "Ball out of play", "position": "1563054", "team": "home", "visibility": "visible"}, {"gameTime": "1 - 26:12", "label": "Throw-in", "position": "1572764", "team": "away", "visibility": "visible"}, {"gameTime": "1 - 26:28", "label": "Foul", "position": "1588437", "team": "home", "visibility": "visible"}, {"gameTime": "1 - 26:38", "label": "Indirect free-kick", "position": "1598920", "team": "away", "visibility": "visible"}, {"gameTime": "1 - 26:58", "label": "Foul", "position": "1618064", "team": "home", "visibility": "visible"}, {"gameTime": "1 - 27:38", "label": "Indirect free-kick", "position": "1658448", "team": "home", "visibility": "visible"}, {"gameTime": "1 - 28:31", "label": "Shots on target", "position": "1711657", "team": "not applicable", "visibility": "visible"}, {"gameTime": "1 - 28:33", "label": "Ball out of play", "position": "1713603", "team": "away", "visibility": "visible"}, {"gameTime": "1 - 28:44", "label": "Throw-in", "position": "1724672", "team": "home", "visibility": "visible"}, {"gameTime": "1 - 29:27", "label": "Foul", "position": "1767658", "team": "away", "visibility": "visible"}, {"gameTime": "1 - 29:30", "label": "Direct free-kick", "position": "1770221", "team": "not applicable", "visibility": "visible"}, {"gameTime": "1 - 29:52", "label": "Ball out of play", "position": "1792604", "team": "away", "visibility": "visible"}, {"gameTime": "1 - 29:55", "label": "Corner", "position": "1795523", "team": "not applicable", "visibility": "visible"}, {"gameTime": "1 - 30:07", "label": "Ball out of play", "position": "1807363", "team": "away", "visibility": "visible"}, {"gameTime": "1 - 30:19", "label": "Corner", "position": "1819948", "team": "not applicable", "visibility": "visible"}, {"gameTime": "1 - 30:42", "label": "Ball out of play", "position": "1842525", "team": "away", "visibility": "visible"}, {"gameTime": "1 - 31:17", "label": "Throw-in", "position": "1877272", "team": "not applicable", "visibility": "visible"}, {"gameTime": "1 - 31:36", "label": "Ball out of play", "position": "1896479", "team": "away", "visibility": "visible"}, {"gameTime": "1 - 31:45", "label": "Corner", "position": "1905319", "team": "away", "visibility": "visible"}, {"gameTime": "1 - 31:46", "label": "Shots off target", "position": "1906556", "team": "not applicable", "visibility": "visible"}, {"gameTime": "1 - 32:17", "label": "Ball out of play", "position": "1937766", "team": "home", "visibility": "visible"}, {"gameTime": "1 - 32:39", "label": "Clearance", "position": "1959403", "team": "not applicable", "visibility": "visible"}, {"gameTime": "1 - 32:52", "label": "Ball out of play", "position": "1972725", "team": "home", "visibility": "visible"}, {"gameTime": "1 - 34:06", "label": "Throw-in", "position": "2046044", "team": "not applicable", "visibility": "visible"}, {"gameTime": "1 - 34:28", "label": "Ball out of play", "position": "2068819", "team": "away", "visibility": "visible"}, {"gameTime": "1 - 35:11", "label": "Corner", "position": "2111379", "team": "not applicable", "visibility": "visible"}, {"gameTime": "1 - 35:22", "label": "Ball out of play", "position": "2122410", "team": "away", "visibility": "visible"}, {"gameTime": "1 - 35:30", "label": "Throw-in", "position": "2130586", "team": "not applicable", "visibility": "visible"}, {"gameTime": "1 - 35:40", "label": "Ball out of play", "position": "2140752", "team": "home", "visibility": "not shown"}, {"gameTime": "1 - 35:45", "label": "Clearance", "position": "2145731", "team": "away", "visibility": "visible"}, {"gameTime": "1 - 35:55", "label": "Foul", "position": "2155456", "team": "away", "visibility": "visible"}, {"gameTime": "1 - 35:55", "label": "Yellow card", "position": "2155888", "team": "away", "visibility": "visible"}, {"gameTime": "1 - 36:24", "label": "Yellow card", "position": "2184862", "team": "home", "visibility": "visible"}, {"gameTime": "1 - 36:43", "label": "Indirect free-kick", "position": "2203013", "team": "not applicable", "visibility": "visible"}, {"gameTime": "1 - 36:59", "label": "Ball out of play", "position": "2219669", "team": "away", "visibility": "visible"}, {"gameTime": "1 - 37:35", "label": "Clearance", "position": "2255381", "team": "not applicable", "visibility": "visible"}, {"gameTime": "1 - 37:46", "label": "Ball out of play", "position": "2266116", "team": "away", "visibility": "not shown"}, {"gameTime": "1 - 38:22", "label": "Throw-in", "position": "2302561", "team": "home", "visibility": "visible"}, {"gameTime": "1 - 38:23", "label": "Shots off target", "position": "2303418", "team": "not applicable", "visibility": "visible"}, {"gameTime": "1 - 38:42", "label": "Ball out of play", "position": "2322850", "team": "away", "visibility": "not shown"}, {"gameTime": "1 - 39:06", "label": "Clearance", "position": "2346778", "team": "away", "visibility": "visible"}, {"gameTime": "1 - 39:17", "label": "Throw-in", "position": "2357645", "team": "home", "visibility": "visible"}, {"gameTime": "1 - 39:22", "label": "Throw-in", "position": "2362333", "team": "not applicable", "visibility": "visible"}, {"gameTime": "1 - 39:30", "label": "Ball out of play", "position": "2370202", "team": "home", "visibility": "visible"}, {"gameTime": "1 - 40:33", "label": "Throw-in", "position": "2433194", "team": "home", "visibility": "visible"}, {"gameTime": "1 - 40:34", "label": "Shots off target", "position": "2434047", "team": "not applicable", "visibility": "visible"}, {"gameTime": "1 - 40:48", "label": "Ball out of play", "position": "2448642", "team": "away", "visibility": "not shown"}, {"gameTime": "1 - 41:29", "label": "Clearance", "position": "2489002", "team": "away", "visibility": "visible"}, {"gameTime": "1 - 41:30", "label": "Shots on target", "position": "2490281", "team": "not applicable", "visibility": "visible"}, {"gameTime": "1 - 41:46", "label": "Ball out of play", "position": "2506883", "team": "away", "visibility": "not shown"}, {"gameTime": "1 - 41:51", "label": "Corner", "position": "2511892", "team": "away", "visibility": "visible"}, {"gameTime": "1 - 41:52", "label": "Shots off target", "position": "2512370", "team": "not applicable", "visibility": "visible"}, {"gameTime": "1 - 42:22", "label": "Ball out of play", "position": "2542078", "team": "home", "visibility": "visible"}, {"gameTime": "1 - 42:37", "label": "Clearance", "position": "2557497", "team": "home", "visibility": "visible"}, {"gameTime": "1 - 42:59", "label": "Shots on target", "position": "2579659", "team": "not applicable", "visibility": "not shown"}, {"gameTime": "1 - 43:07", "label": "Ball out of play", "position": "2587566", "team": "away", "visibility": "visible"}, {"gameTime": "2 - 00:17", "label": "Kick-off", "position": "17863", "team": "away", "visibility": "visible"}, {"gameTime": "2 - 00:29", "label": "Foul", "position": "29718", "team": "home", "visibility": "visible"}, {"gameTime": "2 - 00:37", "label": "Indirect free-kick", "position": "37684", "team": "not applicable", "visibility": "visible"}, {"gameTime": "2 - 01:51", "label": "Ball out of play", "position": "111877", "team": "not applicable", "visibility": "visible"}, {"gameTime": "2 - 02:10", "label": "Ball out of play", "position": "130790", "team": "home", "visibility": "visible"}, {"gameTime": "2 - 04:01", "label": "Throw-in", "position": "241231", "team": "not applicable", "visibility": "visible"}, {"gameTime": "2 - 04:26", "label": "Ball out of play", "position": "266272", "team": "home", "visibility": "visible"}, {"gameTime": "2 - 04:50", "label": "Throw-in", "position": "290607", "team": "not applicable", "visibility": "visible"}, {"gameTime": "2 - 04:55", "label": "Ball out of play", "position": "295272", "team": "home", "visibility": "visible"}, {"gameTime": "2 - 05:21", "label": "Throw-in", "position": "321416", "team": "not applicable", "visibility": "visible"}, {"gameTime": "2 - 05:32", "label": "Ball out of play", "position": "332868", "team": "home", "visibility": "visible"}, {"gameTime": "2 - 06:08", "label": "Throw-in", "position": "368398", "team": "not applicable", "visibility": "visible"}, {"gameTime": "2 - 06:11", "label": "Ball out of play", "position": "371224", "team": "away", "visibility": "not shown"}, {"gameTime": "2 - 07:11", "label": "Throw-in", "position": "431019", "team": "home", "visibility": "visible"}, {"gameTime": "2 - 07:29", "label": "Shots on target", "position": "449756", "team": "away", "visibility": "visible"}, {"gameTime": "2 - 07:30", "label": "Shots on target", "position": "450885", "team": "not applicable", "visibility": "visible"}, {"gameTime": "2 - 07:48", "label": "Ball out of play", "position": "468150", "team": "away", "visibility": "visible"}, {"gameTime": "2 - 07:55", "label": "Corner", "position": "475713", "team": "not applicable", "visibility": "visible"}, {"gameTime": "2 - 08:19", "label": "Ball out of play", "position": "499068", "team": "home", "visibility": "not shown"}, {"gameTime": "2 - 08:29", "label": "Clearance", "position": "509275", "team": "not applicable", "visibility": "visible"}, {"gameTime": "2 - 08:41", "label": "Ball out of play", "position": "521643", "team": "home", "visibility": "visible"}, {"gameTime": "2 - 08:53", "label": "Throw-in", "position": "533525", "team": "not applicable", "visibility": "visible"}, {"gameTime": "2 - 09:15", "label": "Ball out of play", "position": "555211", "team": "home", "visibility": "visible"}, {"gameTime": "2 - 09:27", "label": "Throw-in", "position": "567710", "team": "away", "visibility": "visible"}, {"gameTime": "2 - 09:33", "label": "Foul", "position": "573899", "team": "home", "visibility": "not shown"}, {"gameTime": "2 - 09:59", "label": "Throw-in", "position": "599661", "team": "not applicable", "visibility": "visible"}, {"gameTime": "2 - 10:18", "label": "Ball out of play", "position": "618291", "team": "away", "visibility": "visible"}, {"gameTime": "2 - 11:08", "label": "Throw-in", "position": "668871", "team": "away", "visibility": "visible"}, {"gameTime": "2 - 11:29", "label": "Shots off target", "position": "689666", "team": "home", "visibility": "visible"}, {"gameTime": "2 - 11:58", "label": "Clearance", "position": "718710", "team": "away", "visibility": "visible"}, {"gameTime": "2 - 12:09", "label": "Shots on target", "position": "729689", "team": "not applicable", "visibility": "visible"}, {"gameTime": "2 - 12:19", "label": "Ball out of play", "position": "739413", "team": "home", "visibility": "not shown"}, {"gameTime": "2 - 13:04", "label": "Throw-in", "position": "784958", "team": "home", "visibility": "visible"}, {"gameTime": "2 - 13:05", "label": "Shots off target", "position": "785770", "team": "not applicable", "visibility": "visible"}, {"gameTime": "2 - 13:20", "label": "Ball out of play", "position": "800948", "team": "away", "visibility": "not shown"}, {"gameTime": "2 - 13:58", "label": "Clearance", "position": "838834", "team": "away", "visibility": "visible"}, {"gameTime": "2 - 14:31", "label": "Foul", "position": "871840", "team": "away", "visibility": "visible"}, {"gameTime": "2 - 14:51", "label": "Substitution", "position": "891854", "team": "home", "visibility": "visible"}, {"gameTime": "2 - 14:53", "label": "Shots on target", "position": "893025", "team": "not applicable", "visibility": "visible"}, {"gameTime": "2 - 15:27", "label": "Ball out of play", "position": "927339", "team": "home", "visibility": "visible"}, {"gameTime": "2 - 15:29", "label": "Corner", "position": "929201", "team": "home", "visibility": "visible"}, {"gameTime": "2 - 15:44", "label": "Shots off target", "position": "944061", "team": "away", "visibility": "not shown"}, {"gameTime": "2 - 16:08", "label": "Clearance", "position": "968086", "team": "not applicable", "visibility": "visible"}, {"gameTime": "2 - 16:36", "label": "Ball out of play", "position": "996820", "team": "away", "visibility": "visible"}, {"gameTime": "2 - 16:46", "label": "Substitution", "position": "1006980", "team": "away", "visibility": "not shown"}, {"gameTime": "2 - 17:18", "label": "Throw-in", "position": "1038778", "team": "away", "visibility": "visible"}, {"gameTime": "2 - 17:41", "label": "Shots off target", "position": "1061043", "team": "home", "visibility": "visible"}, {"gameTime": "2 - 17:43", "label": "Clearance", "position": "1063516", "team": "away", "visibility": "visible"}, {"gameTime": "2 - 18:06", "label": "Foul", "position": "1086128", "team": "home", "visibility": "visible"}, {"gameTime": "2 - 18:20", "label": "Indirect free-kick", "position": "1100126", "team": "home", "visibility": "visible"}, {"gameTime": "2 - 18:23", "label": "Foul", "position": "1103168", "team": "home", "visibility": "visible"}, {"gameTime": "2 - 19:59", "label": "Yellow card", "position": "1199091", "team": "away", "visibility": "visible"}, {"gameTime": "2 - 19:59", "label": "Direct free-kick", "position": "1199103", "team": "away", "visibility": "visible"}, {"gameTime": "2 - 20:00", "label": "Shots off target", "position": "1200020", "team": "not applicable", "visibility": "visible"}, {"gameTime": "2 - 20:24", "label": "Ball out of play", "position": "1224568", "team": "home", "visibility": "visible"}, {"gameTime": "2 - 21:50", "label": "Clearance", "position": "1310023", "team": "not applicable", "visibility": "visible"}, {"gameTime": "2 - 22:19", "label": "Ball out of play", "position": "1339890", "team": "home", "visibility": "visible"}, {"gameTime": "2 - 23:00", "label": "Throw-in", "position": "1380034", "team": "away", "visibility": "visible"}, {"gameTime": "2 - 23:01", "label": "Shots off target", "position": "1381026", "team": "not applicable", "visibility": "not shown"}, {"gameTime": "2 - 23:27", "label": "Ball out of play", "position": "1407701", "team": "home", "visibility": "visible"}, {"gameTime": "2 - 23:36", "label": "Clearance", "position": "1416355", "team": "home", "visibility": "visible"}, {"gameTime": "2 - 24:12", "label": "Offside", "position": "1452152", "team": "away", "visibility": "visible"}, {"gameTime": "2 - 24:25", "label": "Substitution", "position": "1465274", "team": "home", "visibility": "visible"}, {"gameTime": "2 - 24:40", "label": "Substitution", "position": "1480164", "team": "away", "visibility": "not shown"}, {"gameTime": "2 - 25:15", "label": "Indirect free-kick", "position": "1515995", "team": "not applicable", "visibility": "visible"}, {"gameTime": "2 - 25:26", "label": "Ball out of play", "position": "1526277", "team": "home", "visibility": "not shown"}, {"gameTime": "2 - 25:43", "label": "Throw-in", "position": "1543334", "team": "not applicable", "visibility": "visible"}, {"gameTime": "2 - 25:51", "label": "Ball out of play", "position": "1551620", "team": "away", "visibility": "not shown"}, {"gameTime": "2 - 26:28", "label": "Throw-in", "position": "1588950", "team": "away", "visibility": "visible"}, {"gameTime": "2 - 26:29", "label": "Shots on target", "position": "1589559", "team": "away", "visibility": "visible"}, {"gameTime": "2 - 27:31", "label": "Goal", "position": "1651130", "team": "home", "visibility": "visible"}, {"gameTime": "2 - 28:03", "label": "Kick-off", "position": "1683680", "team": "away", "visibility": "visible"}, {"gameTime": "2 - 28:25", "label": "Foul", "position": "1705740", "team": "home", "visibility": "visible"}, {"gameTime": "2 - 28:47", "label": "Indirect free-kick", "position": "1727488", "team": "away", "visibility": "visible"}, {"gameTime": "2 - 29:34", "label": "Foul", "position": "1774381", "team": "home", "visibility": "visible"}, {"gameTime": "2 - 29:45", "label": "Direct free-kick", "position": "1785056", "team": "away", "visibility": "visible"}, {"gameTime": "2 - 30:42", "label": "Foul", "position": "1842093", "team": "home", "visibility": "visible"}, {"gameTime": "2 - 30:42", "label": "Direct free-kick", "position": "1842823", "team": "home", "visibility": "visible"}, {"gameTime": "2 - 30:43", "label": "Shots on target", "position": "1843455", "team": "home", "visibility": "visible"}, {"gameTime": "2 - 31:45", "label": "Goal", "position": "1905696", "team": "away", "visibility": "not shown"}, {"gameTime": "2 - 32:47", "label": "Kick-off", "position": "1967483", "team": "home", "visibility": "visible"}, {"gameTime": "2 - 33:28", "label": "Foul", "position": "2008119", "team": "home", "visibility": "visible"}, {"gameTime": "2 - 33:34", "label": "Substitution", "position": "2014694", "team": "away", "visibility": "not shown"}, {"gameTime": "2 - 34:10", "label": "Indirect free-kick", "position": "2050205", "team": "not applicable", "visibility": "visible"}, {"gameTime": "2 - 34:13", "label": "Ball out of play", "position": "2053860", "team": "away", "visibility": "visible"}, {"gameTime": "2 - 34:41", "label": "Throw-in", "position": "2081892", "team": "away", "visibility": "not shown"}, {"gameTime": "2 - 35:10", "label": "Offside", "position": "2110539", "team": "home", "visibility": "visible"}, {"gameTime": "2 - 35:27", "label": "Indirect free-kick", "position": "2127447", "team": "away", "visibility": "visible"}, {"gameTime": "2 - 35:49", "label": "Foul", "position": "2149598", "team": "home", "visibility": "visible"}, {"gameTime": "2 - 37:04", "label": "Indirect free-kick", "position": "2224248", "team": "not applicable", "visibility": "visible"}, {"gameTime": "2 - 37:08", "label": "Ball out of play", "position": "2228322", "team": "away", "visibility": "visible"}, {"gameTime": "2 - 37:28", "label": "Throw-in", "position": "2248146", "team": "not applicable", "visibility": "visible"}, {"gameTime": "2 - 37:31", "label": "Ball out of play", "position": "2251647", "team": "away", "visibility": "visible"}, {"gameTime": "2 - 38:50", "label": "Throw-in", "position": "2330680", "team": "not applicable", "visibility": "visible"}, {"gameTime": "2 - 39:16", "label": "Ball out of play", "position": "2356734", "team": "home", "visibility": "visible"}, {"gameTime": "2 - 40:18", "label": "Throw-in", "position": "2418693", "team": "away", "visibility": "visible"}, {"gameTime": "2 - 41:28", "label": "Foul", "position": "2488448", "team": "home", "visibility": "visible"}, {"gameTime": "2 - 41:29", "label": "Direct free-kick", "position": "2489784", "team": "home", "visibility": "visible"}, {"gameTime": "2 - 41:32", "label": "Shots on target", "position": "2492422", "team": "not applicable", "visibility": "visible"}, {"gameTime": "2 - 41:46", "label": "Ball out of play", "position": "2506486", "team": "away", "visibility": "not shown"}, {"gameTime": "2 - 42:26", "label": "Clearance", "position": "2546664", "team": "home", "visibility": "visible"}, {"gameTime": "2 - 42:33", "label": "Foul", "position": "2553416", "team": "away", "visibility": "not shown"}, {"gameTime": "2 - 43:19", "label": "Indirect free-kick", "position": "2599434", "team": "away", "visibility": "visible"}, {"gameTime": "2 - 44:14", "label": "Foul", "position": "2654485", "team": "home", "visibility": "visible"}, {"gameTime": "2 - 44:21", "label": "Substitution", "position": "2661953", "team": "home", "visibility": "not shown"}, {"gameTime": "2 - 45:01", "label": "Indirect free-kick", "position": "2701783", "team": "not applicable", "visibility": "visible"}, {"gameTime": "2 - 45:07", "label": "Ball out of play", "position": "2707527", "team": "away", "visibility": "visible"}], "gameAwayTeam": "Inter", "gameDate": "02/10/2016 - 21:45", "gameHomeTeam": "AS Roma", "gameScore": "2 - 1"}