{"UrlLocal": "england_epl/2015-2016/2015-10-31 - 15-45 Chelsea 1 - 3 Liverpool/", "UrlYoutube": "", "annotations": [{"gameTime": "1 - 00:59", "label": "Kick-off", "position": "59976", "team": "away", "visibility": "visible"}, {"gameTime": "1 - 01:24", "label": "Foul", "position": "84633", "team": "home", "visibility": "not shown"}, {"gameTime": "1 - 01:36", "label": "Indirect free-kick", "position": "96710", "team": "away", "visibility": "visible"}, {"gameTime": "1 - 01:38", "label": "Shots off target", "position": "98750", "team": "not applicable", "visibility": "visible"}, {"gameTime": "1 - 01:53", "label": "Ball out of play", "position": "113799", "team": "home", "visibility": "not shown"}, {"gameTime": "1 - 02:07", "label": "Clearance", "position": "127515", "team": "not applicable", "visibility": "visible"}, {"gameTime": "1 - 02:20", "label": "Ball out of play", "position": "140245", "team": "away", "visibility": "visible"}, {"gameTime": "1 - 02:40", "label": "Throw-in", "position": "160178", "team": "not applicable", "visibility": "visible"}, {"gameTime": "1 - 02:49", "label": "Ball out of play", "position": "169602", "team": "home", "visibility": "not shown"}, {"gameTime": "1 - 03:21", "label": "Throw-in", "position": "201390", "team": "home", "visibility": "visible"}, {"gameTime": "1 - 03:21", "label": "Shots on target", "position": "201953", "team": "home", "visibility": "visible"}, {"gameTime": "1 - 04:17", "label": "Goal", "position": "257096", "team": "away", "visibility": "not shown"}, {"gameTime": "1 - 04:46", "label": "Kick-off", "position": "286706", "team": "not applicable", "visibility": "visible"}, {"gameTime": "1 - 04:51", "label": "Ball out of play", "position": "291408", "team": "away", "visibility": "visible"}, {"gameTime": "1 - 05:13", "label": "Throw-in", "position": "313745", "team": "away", "visibility": "visible"}, {"gameTime": "1 - 05:21", "label": "Foul", "position": "321516", "team": "home", "visibility": "not shown"}, {"gameTime": "1 - 05:29", "label": "Indirect free-kick", "position": "329452", "team": "not applicable", "visibility": "visible"}, {"gameTime": "1 - 05:39", "label": "Ball out of play", "position": "339675", "team": "home", "visibility": "not shown"}, {"gameTime": "1 - 06:03", "label": "Throw-in", "position": "363451", "team": "away", "visibility": "visible"}, {"gameTime": "1 - 06:48", "label": "Foul", "position": "408232", "team": "home", "visibility": "visible"}, {"gameTime": "1 - 06:49", "label": "Direct free-kick", "position": "409907", "team": "home", "visibility": "visible"}, {"gameTime": "1 - 07:05", "label": "Offside", "position": "425041", "team": "away", "visibility": "not shown"}, {"gameTime": "1 - 07:27", "label": "Indirect free-kick", "position": "447281", "team": "not applicable", "visibility": "visible"}, {"gameTime": "1 - 07:37", "label": "Ball out of play", "position": "457265", "team": "home", "visibility": "visible"}, {"gameTime": "1 - 08:16", "label": "Throw-in", "position": "496063", "team": "away", "visibility": "visible"}, {"gameTime": "1 - 08:59", "label": "Foul", "position": "539441", "team": "home", "visibility": "visible"}, {"gameTime": "1 - 09:21", "label": "Direct free-kick", "position": "561248", "team": "not applicable", "visibility": "visible"}, {"gameTime": "1 - 09:31", "label": "Ball out of play", "position": "571090", "team": "away", "visibility": "not shown"}, {"gameTime": "1 - 10:00", "label": "Clearance", "position": "600964", "team": "home", "visibility": "visible"}, {"gameTime": "1 - 10:09", "label": "Foul", "position": "609093", "team": "away", "visibility": "not shown"}, {"gameTime": "1 - 10:27", "label": "Indirect free-kick", "position": "627733", "team": "not applicable", "visibility": "visible"}, {"gameTime": "1 - 10:39", "label": "Ball out of play", "position": "639550", "team": "away", "visibility": "visible"}, {"gameTime": "1 - 10:55", "label": "Throw-in", "position": "655269", "team": "not applicable", "visibility": "visible"}, {"gameTime": "1 - 11:00", "label": "Ball out of play", "position": "660371", "team": "away", "visibility": "not shown"}, {"gameTime": "1 - 11:47", "label": "Throw-in", "position": "707829", "team": "not applicable", "visibility": "visible"}, {"gameTime": "1 - 12:05", "label": "Ball out of play", "position": "725303", "team": "home", "visibility": "visible"}, {"gameTime": "1 - 13:26", "label": "Throw-in", "position": "806149", "team": "not applicable", "visibility": "visible"}, {"gameTime": "1 - 13:29", "label": "Ball out of play", "position": "809760", "team": "away", "visibility": "not shown"}, {"gameTime": "1 - 13:37", "label": "Throw-in", "position": "817062", "team": "away", "visibility": "visible"}, {"gameTime": "1 - 13:54", "label": "Foul", "position": "834783", "team": "home", "visibility": "not shown"}, {"gameTime": "1 - 14:31", "label": "Indirect free-kick", "position": "871764", "team": "away", "visibility": "visible"}, {"gameTime": "1 - 14:33", "label": "Shots off target", "position": "873164", "team": "not applicable", "visibility": "visible"}, {"gameTime": "1 - 15:08", "label": "Ball out of play", "position": "908130", "team": "home", "visibility": "visible"}, {"gameTime": "1 - 15:31", "label": "Clearance", "position": "931812", "team": "not applicable", "visibility": "visible"}, {"gameTime": "1 - 15:40", "label": "Ball out of play", "position": "940016", "team": "away", "visibility": "visible"}, {"gameTime": "1 - 16:28", "label": "Throw-in", "position": "988045", "team": "not applicable", "visibility": "visible"}, {"gameTime": "1 - 16:39", "label": "Ball out of play", "position": "999261", "team": "away", "visibility": "not shown"}, {"gameTime": "1 - 17:05", "label": "Throw-in", "position": "1025767", "team": "not applicable", "visibility": "visible"}, {"gameTime": "1 - 17:24", "label": "Ball out of play", "position": "1044719", "team": "away", "visibility": "visible"}, {"gameTime": "1 - 18:27", "label": "Corner", "position": "1107359", "team": "away", "visibility": "visible"}, {"gameTime": "1 - 18:29", "label": "Shots on target", "position": "1109769", "team": "away", "visibility": "visible"}, {"gameTime": "1 - 19:42", "label": "Shots on target", "position": "1182171", "team": "not applicable", "visibility": "visible"}, {"gameTime": "1 - 19:48", "label": "Ball out of play", "position": "1188551", "team": "away", "visibility": "visible"}, {"gameTime": "1 - 20:04", "label": "Throw-in", "position": "1204406", "team": "away", "visibility": "visible"}, {"gameTime": "1 - 20:23", "label": "Foul", "position": "1223238", "team": "home", "visibility": "visible"}, {"gameTime": "1 - 21:28", "label": "Indirect free-kick", "position": "1288983", "team": "not applicable", "visibility": "visible"}, {"gameTime": "1 - 21:53", "label": "Ball out of play", "position": "1313691", "team": "away", "visibility": "visible"}, {"gameTime": "1 - 23:00", "label": "Corner", "position": "1380710", "team": "away", "visibility": "visible"}, {"gameTime": "1 - 23:05", "label": "Foul", "position": "1385726", "team": "away", "visibility": "visible"}, {"gameTime": "1 - 23:36", "label": "Yellow card", "position": "1416299", "team": "home", "visibility": "visible"}, {"gameTime": "1 - 23:54", "label": "Direct free-kick", "position": "1434353", "team": "not applicable", "visibility": "visible"}, {"gameTime": "1 - 24:10", "label": "Ball out of play", "position": "1450043", "team": "away", "visibility": "visible"}, {"gameTime": "1 - 24:30", "label": "Throw-in", "position": "1470214", "team": "not applicable", "visibility": "visible"}, {"gameTime": "1 - 24:36", "label": "Ball out of play", "position": "1476648", "team": "away", "visibility": "not shown"}, {"gameTime": "1 - 25:20", "label": "Throw-in", "position": "1520720", "team": "away", "visibility": "visible"}, {"gameTime": "1 - 26:34", "label": "Shots on target", "position": "1594656", "team": "home", "visibility": "visible"}, {"gameTime": "1 - 27:16", "label": "Foul", "position": "1636335", "team": "away", "visibility": "visible"}, {"gameTime": "1 - 27:28", "label": "Indirect free-kick", "position": "1648730", "team": "away", "visibility": "visible"}, {"gameTime": "1 - 28:03", "label": "Offside", "position": "1683572", "team": "home", "visibility": "visible"}, {"gameTime": "1 - 28:10", "label": "Indirect free-kick", "position": "1690327", "team": "not applicable", "visibility": "visible"}, {"gameTime": "1 - 28:18", "label": "Ball out of play", "position": "1698741", "team": "away", "visibility": "not shown"}, {"gameTime": "1 - 28:32", "label": "Throw-in", "position": "1712999", "team": "away", "visibility": "visible"}, {"gameTime": "1 - 29:41", "label": "Foul", "position": "1781967", "team": "home", "visibility": "visible"}, {"gameTime": "1 - 31:52", "label": "Direct free-kick", "position": "1912456", "team": "home", "visibility": "visible"}, {"gameTime": "1 - 31:58", "label": "Offside", "position": "1918944", "team": "away", "visibility": "visible"}, {"gameTime": "1 - 32:32", "label": "Indirect free-kick", "position": "1952009", "team": "not applicable", "visibility": "visible"}, {"gameTime": "1 - 32:50", "label": "Ball out of play", "position": "1970847", "team": "home", "visibility": "visible"}, {"gameTime": "1 - 32:55", "label": "Throw-in", "position": "1975409", "team": "not applicable", "visibility": "visible"}, {"gameTime": "1 - 33:14", "label": "Ball out of play", "position": "1994737", "team": "away", "visibility": "visible"}, {"gameTime": "1 - 33:28", "label": "Throw-in", "position": "2008563", "team": "not applicable", "visibility": "visible"}, {"gameTime": "1 - 33:36", "label": "Ball out of play", "position": "2016280", "team": "away", "visibility": "visible"}, {"gameTime": "1 - 34:05", "label": "Throw-in", "position": "2045541", "team": "not applicable", "visibility": "visible"}, {"gameTime": "1 - 34:17", "label": "Ball out of play", "position": "2057739", "team": "away", "visibility": "not shown"}, {"gameTime": "1 - 34:57", "label": "Throw-in", "position": "2097582", "team": "away", "visibility": "visible"}, {"gameTime": "1 - 35:31", "label": "Foul", "position": "2131051", "team": "home", "visibility": "visible"}, {"gameTime": "1 - 35:34", "label": "Indirect free-kick", "position": "2134828", "team": "not applicable", "visibility": "visible"}, {"gameTime": "1 - 35:49", "label": "Ball out of play", "position": "2149906", "team": "away", "visibility": "visible"}, {"gameTime": "1 - 36:36", "label": "Throw-in", "position": "2196169", "team": "away", "visibility": "visible"}, {"gameTime": "1 - 38:08", "label": "Shots on target", "position": "2288105", "team": "not applicable", "visibility": "visible"}, {"gameTime": "1 - 38:12", "label": "Ball out of play", "position": "2292242", "team": "away", "visibility": "visible"}, {"gameTime": "1 - 38:30", "label": "Throw-in", "position": "2310913", "team": "home", "visibility": "visible"}, {"gameTime": "1 - 38:42", "label": "Foul", "position": "2322434", "team": "away", "visibility": "not shown"}, {"gameTime": "1 - 39:13", "label": "Indirect free-kick", "position": "2353912", "team": "not applicable", "visibility": "visible"}, {"gameTime": "1 - 39:21", "label": "Ball out of play", "position": "2361328", "team": "home", "visibility": "not shown"}, {"gameTime": "1 - 39:39", "label": "Throw-in", "position": "2379861", "team": "not applicable", "visibility": "visible"}, {"gameTime": "1 - 39:50", "label": "Ball out of play", "position": "2390021", "team": "away", "visibility": "not shown"}, {"gameTime": "1 - 40:17", "label": "Throw-in", "position": "2417544", "team": "not applicable", "visibility": "visible"}, {"gameTime": "1 - 40:24", "label": "Ball out of play", "position": "2424770", "team": "away", "visibility": "not shown"}, {"gameTime": "1 - 40:33", "label": "Clearance", "position": "2433401", "team": "not applicable", "visibility": "visible"}, {"gameTime": "1 - 40:37", "label": "Ball out of play", "position": "2437826", "team": "away", "visibility": "not shown"}, {"gameTime": "1 - 41:18", "label": "Throw-in", "position": "2478237", "team": "not applicable", "visibility": "not shown"}, {"gameTime": "1 - 41:39", "label": "Ball out of play", "position": "2499030", "team": "away", "visibility": "not shown"}, {"gameTime": "1 - 41:56", "label": "Throw-in", "position": "2516921", "team": "not applicable", "visibility": "visible"}, {"gameTime": "1 - 42:02", "label": "Ball out of play", "position": "2522774", "team": "away", "visibility": "visible"}, {"gameTime": "1 - 42:32", "label": "Throw-in", "position": "2552758", "team": "away", "visibility": "visible"}, {"gameTime": "1 - 42:52", "label": "Foul", "position": "2572387", "team": "home", "visibility": "not shown"}, {"gameTime": "1 - 43:00", "label": "Indirect free-kick", "position": "2580797", "team": "not applicable", "visibility": "visible"}, {"gameTime": "1 - 43:06", "label": "Ball out of play", "position": "2586675", "team": "away", "visibility": "not shown"}, {"gameTime": "1 - 43:21", "label": "Throw-in", "position": "2601692", "team": "not applicable", "visibility": "visible"}, {"gameTime": "1 - 43:41", "label": "Ball out of play", "position": "2621718", "team": "home", "visibility": "visible"}, {"gameTime": "1 - 45:14", "label": "Throw-in", "position": "2714826", "team": "not applicable", "visibility": "not shown"}, {"gameTime": "1 - 45:17", "label": "Ball out of play", "position": "2717447", "team": "away", "visibility": "not shown"}, {"gameTime": "1 - 45:28", "label": "Throw-in", "position": "2728851", "team": "away", "visibility": "visible"}, {"gameTime": "1 - 46:01", "label": "Offside", "position": "2761916", "team": "home", "visibility": "visible"}, {"gameTime": "1 - 46:39", "label": "Indirect free-kick", "position": "2799556", "team": "not applicable", "visibility": "visible"}, {"gameTime": "1 - 46:43", "label": "Ball out of play", "position": "2803798", "team": "away", "visibility": "not shown"}, {"gameTime": "1 - 47:22", "label": "Throw-in", "position": "2842549", "team": "away", "visibility": "visible"}, {"gameTime": "1 - 47:23", "label": "Shots on target", "position": "2843400", "team": "away", "visibility": "visible"}, {"gameTime": "2 - 00:12", "label": "Kick-off", "position": "12108", "team": "away", "visibility": "visible"}, {"gameTime": "2 - 00:22", "label": "Foul", "position": "22316", "team": "home", "visibility": "visible"}, {"gameTime": "2 - 02:01", "label": "Indirect free-kick", "position": "121669", "team": "not applicable", "visibility": "visible"}, {"gameTime": "2 - 02:06", "label": "Ball out of play", "position": "126260", "team": "away", "visibility": "not shown"}, {"gameTime": "2 - 02:28", "label": "Throw-in", "position": "148428", "team": "away", "visibility": "visible"}, {"gameTime": "2 - 02:38", "label": "Foul", "position": "158653", "team": "home", "visibility": "visible"}, {"gameTime": "2 - 03:41", "label": "Indirect free-kick", "position": "221517", "team": "not applicable", "visibility": "visible"}, {"gameTime": "2 - 04:09", "label": "Ball out of play", "position": "249284", "team": "home", "visibility": "visible"}, {"gameTime": "2 - 04:14", "label": "Clearance", "position": "254795", "team": "not applicable", "visibility": "visible"}, {"gameTime": "2 - 04:23", "label": "Ball out of play", "position": "263722", "team": "home", "visibility": "visible"}, {"gameTime": "2 - 04:25", "label": "Throw-in", "position": "265812", "team": "home", "visibility": "visible"}, {"gameTime": "2 - 04:31", "label": "Foul", "position": "271951", "team": "away", "visibility": "visible"}, {"gameTime": "2 - 04:45", "label": "Indirect free-kick", "position": "285220", "team": "home", "visibility": "visible"}, {"gameTime": "2 - 04:57", "label": "Foul", "position": "297221", "team": "away", "visibility": "not shown"}, {"gameTime": "2 - 05:00", "label": "Indirect free-kick", "position": "300355", "team": "not applicable", "visibility": "visible"}, {"gameTime": "2 - 05:15", "label": "Ball out of play", "position": "315719", "team": "home", "visibility": "visible"}, {"gameTime": "2 - 05:19", "label": "Throw-in", "position": "319374", "team": "home", "visibility": "visible"}, {"gameTime": "2 - 05:49", "label": "Foul", "position": "349627", "team": "away", "visibility": "visible"}, {"gameTime": "2 - 05:56", "label": "Direct free-kick", "position": "356243", "team": "not applicable", "visibility": "visible"}, {"gameTime": "2 - 05:59", "label": "Ball out of play", "position": "359605", "team": "away", "visibility": "visible"}, {"gameTime": "2 - 06:19", "label": "Throw-in", "position": "379290", "team": "not applicable", "visibility": "visible"}, {"gameTime": "2 - 06:42", "label": "Ball out of play", "position": "402884", "team": "away", "visibility": "visible"}, {"gameTime": "2 - 06:46", "label": "Corner", "position": "406776", "team": "not applicable", "visibility": "visible"}, {"gameTime": "2 - 06:58", "label": "Ball out of play", "position": "418275", "team": "away", "visibility": "not shown"}, {"gameTime": "2 - 07:00", "label": "Corner", "position": "420138", "team": "away", "visibility": "visible"}, {"gameTime": "2 - 07:03", "label": "Shots on target", "position": "423140", "team": "away", "visibility": "visible"}, {"gameTime": "2 - 07:03", "label": "Shots off target", "position": "423980", "team": "not applicable", "visibility": "visible"}, {"gameTime": "2 - 07:32", "label": "Ball out of play", "position": "452916", "team": "home", "visibility": "not shown"}, {"gameTime": "2 - 08:41", "label": "Clearance", "position": "521820", "team": "not applicable", "visibility": "visible"}, {"gameTime": "2 - 08:45", "label": "Ball out of play", "position": "525780", "team": "away", "visibility": "visible"}, {"gameTime": "2 - 09:05", "label": "Throw-in", "position": "545577", "team": "not applicable", "visibility": "visible"}, {"gameTime": "2 - 09:07", "label": "Ball out of play", "position": "547971", "team": "away", "visibility": "visible"}, {"gameTime": "2 - 09:22", "label": "Throw-in", "position": "562740", "team": "away", "visibility": "visible"}, {"gameTime": "2 - 09:56", "label": "Foul", "position": "596053", "team": "home", "visibility": "visible"}, {"gameTime": "2 - 10:10", "label": "Indirect free-kick", "position": "610068", "team": "away", "visibility": "visible"}, {"gameTime": "2 - 10:43", "label": "Shots on target", "position": "643492", "team": "not applicable", "visibility": "visible"}, {"gameTime": "2 - 11:01", "label": "Ball out of play", "position": "661126", "team": "home", "visibility": "visible"}, {"gameTime": "2 - 11:05", "label": "Throw-in", "position": "665240", "team": "not applicable", "visibility": "visible"}, {"gameTime": "2 - 11:14", "label": "Ball out of play", "position": "674224", "team": "home", "visibility": "visible"}, {"gameTime": "2 - 11:30", "label": "Throw-in", "position": "690623", "team": "away", "visibility": "visible"}, {"gameTime": "2 - 11:51", "label": "Foul", "position": "711546", "team": "home", "visibility": "not shown"}, {"gameTime": "2 - 12:04", "label": "Indirect free-kick", "position": "724759", "team": "not applicable", "visibility": "visible"}, {"gameTime": "2 - 12:12", "label": "Ball out of play", "position": "732682", "team": "away", "visibility": "not shown"}, {"gameTime": "2 - 12:34", "label": "Throw-in", "position": "754213", "team": "away", "visibility": "visible"}, {"gameTime": "2 - 12:38", "label": "Foul", "position": "758400", "team": "away", "visibility": "visible"}, {"gameTime": "2 - 13:09", "label": "Yellow card", "position": "789720", "team": "home", "visibility": "visible"}, {"gameTime": "2 - 13:24", "label": "Substitution", "position": "804313", "team": "home", "visibility": "visible"}, {"gameTime": "2 - 13:52", "label": "Indirect free-kick", "position": "832502", "team": "away", "visibility": "visible"}, {"gameTime": "2 - 14:02", "label": "Foul", "position": "842149", "team": "home", "visibility": "visible"}, {"gameTime": "2 - 14:20", "label": "Indirect free-kick", "position": "860846", "team": "home", "visibility": "visible"}, {"gameTime": "2 - 14:21", "label": "Shots off target", "position": "861566", "team": "not applicable", "visibility": "visible"}, {"gameTime": "2 - 14:51", "label": "Ball out of play", "position": "891124", "team": "away", "visibility": "visible"}, {"gameTime": "2 - 14:58", "label": "Clearance", "position": "898652", "team": "home", "visibility": "visible"}, {"gameTime": "2 - 15:23", "label": "Foul", "position": "923997", "team": "away", "visibility": "not shown"}, {"gameTime": "2 - 15:48", "label": "Indirect free-kick", "position": "948559", "team": "home", "visibility": "visible"}, {"gameTime": "2 - 16:18", "label": "Shots on target", "position": "978918", "team": "not applicable", "visibility": "visible"}, {"gameTime": "2 - 16:30", "label": "Ball out of play", "position": "990909", "team": "home", "visibility": "visible"}, {"gameTime": "2 - 17:08", "label": "Clearance", "position": "1028411", "team": "away", "visibility": "visible"}, {"gameTime": "2 - 17:09", "label": "Shots off target", "position": "1029571", "team": "not applicable", "visibility": "visible"}, {"gameTime": "2 - 17:40", "label": "Ball out of play", "position": "1060132", "team": "home", "visibility": "visible"}, {"gameTime": "2 - 17:47", "label": "Clearance", "position": "1067488", "team": "not applicable", "visibility": "not shown"}, {"gameTime": "2 - 18:20", "label": "Ball out of play", "position": "1100960", "team": "away", "visibility": "visible"}, {"gameTime": "2 - 18:32", "label": "Substitution", "position": "1112450", "team": "home", "visibility": "visible"}, {"gameTime": "2 - 18:55", "label": "Throw-in", "position": "1135154", "team": "away", "visibility": "visible"}, {"gameTime": "2 - 19:01", "label": "Foul", "position": "1141760", "team": "away", "visibility": "visible"}, {"gameTime": "2 - 19:43", "label": "Yellow card", "position": "1183921", "team": "home", "visibility": "visible"}, {"gameTime": "2 - 19:45", "label": "Direct free-kick", "position": "1185894", "team": "home", "visibility": "visible"}, {"gameTime": "2 - 19:55", "label": "Shots on target", "position": "1195104", "team": "not applicable", "visibility": "visible"}, {"gameTime": "2 - 20:05", "label": "Ball out of play", "position": "1205221", "team": "home", "visibility": "not shown"}, {"gameTime": "2 - 20:41", "label": "Throw-in", "position": "1241778", "team": "home", "visibility": "visible"}, {"gameTime": "2 - 20:45", "label": "Foul", "position": "1245880", "team": "home", "visibility": "not shown"}, {"gameTime": "2 - 21:01", "label": "Yellow card", "position": "1261562", "team": "away", "visibility": "not shown"}, {"gameTime": "2 - 21:15", "label": "Indirect free-kick", "position": "1275561", "team": "not applicable", "visibility": "visible"}, {"gameTime": "2 - 21:33", "label": "Ball out of play", "position": "1293165", "team": "home", "visibility": "visible"}, {"gameTime": "2 - 21:51", "label": "Throw-in", "position": "1311833", "team": "away", "visibility": "visible"}, {"gameTime": "2 - 23:06", "label": "Foul", "position": "1386748", "team": "home", "visibility": "not shown"}, {"gameTime": "2 - 23:24", "label": "Indirect free-kick", "position": "1404390", "team": "not applicable", "visibility": "visible"}, {"gameTime": "2 - 23:38", "label": "Ball out of play", "position": "1418814", "team": "away", "visibility": "not shown"}, {"gameTime": "2 - 24:16", "label": "Throw-in", "position": "1456007", "team": "not applicable", "visibility": "visible"}, {"gameTime": "2 - 24:42", "label": "Ball out of play", "position": "1482000", "team": "home", "visibility": "not shown"}, {"gameTime": "2 - 24:48", "label": "Substitution", "position": "1488197", "team": "away", "visibility": "not shown"}, {"gameTime": "2 - 25:29", "label": "Throw-in", "position": "1529591", "team": "not applicable", "visibility": "visible"}, {"gameTime": "2 - 25:43", "label": "Ball out of play", "position": "1543646", "team": "home", "visibility": "visible"}, {"gameTime": "2 - 25:55", "label": "Throw-in", "position": "1555783", "team": "home", "visibility": "visible"}, {"gameTime": "2 - 25:59", "label": "Shots on target", "position": "1559137", "team": "not applicable", "visibility": "visible"}, {"gameTime": "2 - 26:42", "label": "Ball out of play", "position": "1602003", "team": "home", "visibility": "visible"}, {"gameTime": "2 - 27:06", "label": "Corner", "position": "1626054", "team": "not applicable", "visibility": "visible"}, {"gameTime": "2 - 27:16", "label": "Ball out of play", "position": "1636697", "team": "away", "visibility": "not shown"}, {"gameTime": "2 - 28:00", "label": "Throw-in", "position": "1680278", "team": "home", "visibility": "visible"}, {"gameTime": "2 - 28:08", "label": "Offside", "position": "1688793", "team": "away", "visibility": "not shown"}, {"gameTime": "2 - 28:35", "label": "Indirect free-kick", "position": "1715411", "team": "away", "visibility": "visible"}, {"gameTime": "2 - 28:36", "label": "Shots on target", "position": "1716320", "team": "away", "visibility": "visible"}, {"gameTime": "2 - 30:13", "label": "Goal", "position": "1813080", "team": "away", "visibility": "visible"}, {"gameTime": "2 - 30:23", "label": "Substitution", "position": "1823794", "team": "home", "visibility": "not shown"}, {"gameTime": "2 - 30:36", "label": "Kick-off", "position": "1836553", "team": "away", "visibility": "visible"}, {"gameTime": "2 - 30:48", "label": "Foul", "position": "1848989", "team": "home", "visibility": "visible"}, {"gameTime": "2 - 31:03", "label": "Indirect free-kick", "position": "1863742", "team": "away", "visibility": "visible"}, {"gameTime": "2 - 31:04", "label": "Shots on target", "position": "1864262", "team": "not applicable", "visibility": "visible"}, {"gameTime": "2 - 31:34", "label": "Ball out of play", "position": "1894418", "team": "away", "visibility": "visible"}, {"gameTime": "2 - 33:54", "label": "Corner", "position": "2034649", "team": "home", "visibility": "visible"}, {"gameTime": "2 - 34:21", "label": "Shots on target", "position": "2061634", "team": "away", "visibility": "visible"}, {"gameTime": "2 - 34:23", "label": "Shots on target", "position": "2063414", "team": "not applicable", "visibility": "visible"}, {"gameTime": "2 - 34:56", "label": "Ball out of play", "position": "2096004", "team": "away", "visibility": "visible"}, {"gameTime": "2 - 35:53", "label": "Corner", "position": "2153642", "team": "away", "visibility": "visible"}, {"gameTime": "2 - 36:19", "label": "Foul", "position": "2179455", "team": "home", "visibility": "visible"}, {"gameTime": "2 - 36:21", "label": "Direct free-kick", "position": "2181534", "team": "not applicable", "visibility": "visible"}, {"gameTime": "2 - 36:51", "label": "Ball out of play", "position": "2211957", "team": "away", "visibility": "visible"}, {"gameTime": "2 - 37:06", "label": "Clearance", "position": "2226952", "team": "away", "visibility": "visible"}, {"gameTime": "2 - 37:07", "label": "Shots on target", "position": "2227800", "team": "away", "visibility": "visible"}, {"gameTime": "2 - 38:13", "label": "Goal", "position": "2293398", "team": "home", "visibility": "not shown"}, {"gameTime": "2 - 38:57", "label": "Kick-off", "position": "2337527", "team": "not applicable", "visibility": "visible"}, {"gameTime": "2 - 39:04", "label": "Ball out of play", "position": "2344280", "team": "home", "visibility": "visible"}, {"gameTime": "2 - 39:24", "label": "Throw-in", "position": "2364924", "team": "not applicable", "visibility": "visible"}, {"gameTime": "2 - 39:29", "label": "Ball out of play", "position": "2369310", "team": "home", "visibility": "not shown"}, {"gameTime": "2 - 39:35", "label": "Throw-in", "position": "2375344", "team": "not applicable", "visibility": "visible"}, {"gameTime": "2 - 40:05", "label": "Ball out of play", "position": "2405448", "team": "away", "visibility": "not shown"}, {"gameTime": "2 - 40:16", "label": "Clearance", "position": "2416782", "team": "not applicable", "visibility": "visible"}, {"gameTime": "2 - 40:29", "label": "Ball out of play", "position": "2429514", "team": "away", "visibility": "visible"}, {"gameTime": "2 - 40:40", "label": "Throw-in", "position": "2440499", "team": "away", "visibility": "visible"}, {"gameTime": "2 - 40:43", "label": "Foul", "position": "2443400", "team": "away", "visibility": "visible"}, {"gameTime": "2 - 40:46", "label": "Yellow card", "position": "2446589", "team": "home", "visibility": "visible"}, {"gameTime": "2 - 41:45", "label": "Indirect free-kick", "position": "2505810", "team": "home", "visibility": "visible"}, {"gameTime": "2 - 41:47", "label": "Shots on target", "position": "2507921", "team": "home", "visibility": "visible"}, {"gameTime": "2 - 41:49", "label": "Shots off target", "position": "2509401", "team": "not applicable", "visibility": "visible"}, {"gameTime": "2 - 42:18", "label": "Ball out of play", "position": "2538882", "team": "away", "visibility": "not shown"}, {"gameTime": "2 - 42:41", "label": "Clearance", "position": "2561355", "team": "not applicable", "visibility": "visible"}, {"gameTime": "2 - 42:48", "label": "Ball out of play", "position": "2568435", "team": "away", "visibility": "visible"}, {"gameTime": "2 - 45:11", "label": "Throw-in", "position": "2711234", "team": "home", "visibility": "visible"}, {"gameTime": "2 - 45:39", "label": "Foul", "position": "2739000", "team": "away", "visibility": "visible"}, {"gameTime": "2 - 45:45", "label": "Substitution", "position": "2745208", "team": "away", "visibility": "not shown"}, {"gameTime": "2 - 45:55", "label": "Indirect free-kick", "position": "2755920", "team": "away", "visibility": "visible"}, {"gameTime": "2 - 45:56", "label": "Shots on target", "position": "2756440", "team": "not applicable", "visibility": "visible"}, {"gameTime": "2 - 46:12", "label": "Ball out of play", "position": "2772397", "team": "away", "visibility": "not shown"}], "gameAwayTeam": "Liverpool", "gameDate": "31/10/2015 - 15:45", "gameHomeTeam": "Chelsea", "gameScore": "1 - 3"}