{"UrlLocal": "spain_laliga/2014-2015/2015-04-29 - 21-00 Real Madrid 3 - 0 Almeria/", "UrlYoutube": "", "annotations": [{"gameTime": "1 - 00:00", "label": "Ball out of play", "position": "3", "team": "home", "visibility": "visible"}, {"gameTime": "1 - 00:25", "label": "Throw-in", "position": "25145", "team": "not applicable", "visibility": "visible"}, {"gameTime": "1 - 00:40", "label": "Foul", "position": "40199", "team": "home", "visibility": "visible"}, {"gameTime": "1 - 01:58", "label": "Indirect free-kick", "position": "118405", "team": "away", "visibility": "visible"}, {"gameTime": "1 - 02:09", "label": "Shots off target", "position": "129049", "team": "home", "visibility": "visible"}, {"gameTime": "1 - 03:44", "label": "Ball out of play", "position": "224639", "team": "home", "visibility": "visible"}, {"gameTime": "1 - 03:45", "label": "Clearance", "position": "225157", "team": "not applicable", "visibility": "visible"}, {"gameTime": "1 - 04:03", "label": "Foul", "position": "243055", "team": "away", "visibility": "not shown"}, {"gameTime": "1 - 05:39", "label": "Indirect free-kick", "position": "339720", "team": "home", "visibility": "visible"}, {"gameTime": "1 - 06:06", "label": "Shots on target", "position": "366658", "team": "away", "visibility": "visible"}, {"gameTime": "1 - 06:15", "label": "Ball out of play", "position": "375704", "team": "home", "visibility": "visible"}, {"gameTime": "1 - 06:16", "label": "Corner", "position": "376488", "team": "not applicable", "visibility": "visible"}, {"gameTime": "1 - 06:40", "label": "Shots off target", "position": "400727", "team": "home", "visibility": "visible"}, {"gameTime": "1 - 06:42", "label": "Ball out of play", "position": "402140", "team": "home", "visibility": "visible"}, {"gameTime": "1 - 06:43", "label": "Clearance", "position": "403146", "team": "not applicable", "visibility": "visible"}, {"gameTime": "1 - 07:09", "label": "Ball out of play", "position": "429847", "team": "away", "visibility": "visible"}, {"gameTime": "1 - 07:30", "label": "Clearance", "position": "450862", "team": "not applicable", "visibility": "visible"}, {"gameTime": "1 - 07:57", "label": "Ball out of play", "position": "477560", "team": "away", "visibility": "not shown"}, {"gameTime": "1 - 08:02", "label": "Throw-in", "position": "482882", "team": "not applicable", "visibility": "visible"}, {"gameTime": "1 - 08:05", "label": "Ball out of play", "position": "485338", "team": "home", "visibility": "visible"}, {"gameTime": "1 - 09:25", "label": "Throw-in", "position": "565274", "team": "not applicable", "visibility": "visible"}, {"gameTime": "1 - 09:31", "label": "Ball out of play", "position": "571203", "team": "home", "visibility": "visible"}, {"gameTime": "1 - 09:52", "label": "Throw-in", "position": "592193", "team": "not applicable", "visibility": "visible"}, {"gameTime": "1 - 10:02", "label": "Offside", "position": "602043", "team": "away", "visibility": "not shown"}, {"gameTime": "1 - 10:06", "label": "Indirect free-kick", "position": "606760", "team": "away", "visibility": "visible"}, {"gameTime": "1 - 10:18", "label": "Ball out of play", "position": "618620", "team": "home", "visibility": "not shown"}, {"gameTime": "1 - 12:25", "label": "Throw-in", "position": "745292", "team": "not applicable", "visibility": "visible"}, {"gameTime": "1 - 12:29", "label": "Foul", "position": "749412", "team": "home", "visibility": "not shown"}, {"gameTime": "1 - 13:20", "label": "Indirect free-kick", "position": "800088", "team": "home", "visibility": "visible"}, {"gameTime": "1 - 13:32", "label": "Shots off target", "position": "812590", "team": "away", "visibility": "not shown"}, {"gameTime": "1 - 13:47", "label": "Ball out of play", "position": "827729", "team": "away", "visibility": "visible"}, {"gameTime": "1 - 13:48", "label": "Corner", "position": "828966", "team": "not applicable", "visibility": "visible"}, {"gameTime": "1 - 14:22", "label": "Shots off target", "position": "862479", "team": "away", "visibility": "visible"}, {"gameTime": "1 - 14:54", "label": "Ball out of play", "position": "894549", "team": "away", "visibility": "visible"}, {"gameTime": "1 - 14:55", "label": "Clearance", "position": "895908", "team": "not applicable", "visibility": "visible"}, {"gameTime": "1 - 15:10", "label": "Ball out of play", "position": "910552", "team": "home", "visibility": "not shown"}, {"gameTime": "1 - 16:01", "label": "Clearance", "position": "961440", "team": "not applicable", "visibility": "visible"}, {"gameTime": "1 - 16:28", "label": "Ball out of play", "position": "988292", "team": "away", "visibility": "visible"}, {"gameTime": "1 - 17:16", "label": "Throw-in", "position": "1036730", "team": "not applicable", "visibility": "visible"}, {"gameTime": "1 - 17:23", "label": "Foul", "position": "1043144", "team": "home", "visibility": "visible"}, {"gameTime": "1 - 17:50", "label": "Indirect free-kick", "position": "1070982", "team": "away", "visibility": "visible"}, {"gameTime": "1 - 18:32", "label": "Foul", "position": "1112384", "team": "home", "visibility": "visible"}, {"gameTime": "1 - 19:05", "label": "Indirect free-kick", "position": "1145606", "team": "away", "visibility": "visible"}, {"gameTime": "1 - 19:18", "label": "Ball out of play", "position": "1158392", "team": "home", "visibility": "not shown"}, {"gameTime": "1 - 19:31", "label": "Clearance", "position": "1171142", "team": "not applicable", "visibility": "visible"}, {"gameTime": "1 - 19:59", "label": "Foul", "position": "1199130", "team": "away", "visibility": "visible"}, {"gameTime": "1 - 20:11", "label": "Indirect free-kick", "position": "1211458", "team": "home", "visibility": "visible"}, {"gameTime": "1 - 20:57", "label": "Ball out of play", "position": "1257892", "team": "away", "visibility": "visible"}, {"gameTime": "1 - 21:00", "label": "Clearance", "position": "1260508", "team": "not applicable", "visibility": "visible"}, {"gameTime": "1 - 21:07", "label": "Ball out of play", "position": "1267032", "team": "home", "visibility": "not shown"}, {"gameTime": "1 - 22:09", "label": "Throw-in", "position": "1329020", "team": "not applicable", "visibility": "visible"}, {"gameTime": "1 - 22:14", "label": "Ball out of play", "position": "1334360", "team": "home", "visibility": "not shown"}, {"gameTime": "1 - 23:41", "label": "Clearance", "position": "1421860", "team": "not applicable", "visibility": "visible"}, {"gameTime": "1 - 23:44", "label": "Ball out of play", "position": "1424184", "team": "home", "visibility": "visible"}, {"gameTime": "1 - 24:13", "label": "Throw-in", "position": "1453206", "team": "not applicable", "visibility": "visible"}, {"gameTime": "1 - 24:29", "label": "Ball out of play", "position": "1469268", "team": "away", "visibility": "visible"}, {"gameTime": "1 - 25:22", "label": "Clearance", "position": "1522002", "team": "not applicable", "visibility": "visible"}, {"gameTime": "1 - 25:54", "label": "Foul", "position": "1554132", "team": "away", "visibility": "visible"}, {"gameTime": "1 - 25:57", "label": "Indirect free-kick", "position": "1557664", "team": "away", "visibility": "visible"}, {"gameTime": "1 - 26:07", "label": "Ball out of play", "position": "1567702", "team": "home", "visibility": "visible"}, {"gameTime": "1 - 26:10", "label": "Throw-in", "position": "1570762", "team": "not applicable", "visibility": "visible"}, {"gameTime": "1 - 26:15", "label": "Foul", "position": "1575396", "team": "home", "visibility": "visible"}, {"gameTime": "1 - 26:31", "label": "Shots off target", "position": "1591470", "team": "away", "visibility": "visible"}, {"gameTime": "1 - 27:28", "label": "Direct free-kick", "position": "1648354", "team": "home", "visibility": "visible"}, {"gameTime": "1 - 27:28", "label": "Ball out of play", "position": "1648354", "team": "home", "visibility": "visible"}, {"gameTime": "1 - 27:29", "label": "Clearance", "position": "1649506", "team": "not applicable", "visibility": "visible"}, {"gameTime": "1 - 27:54", "label": "Ball out of play", "position": "1674425", "team": "away", "visibility": "not shown"}, {"gameTime": "1 - 28:17", "label": "Throw-in", "position": "1697917", "team": "not applicable", "visibility": "visible"}, {"gameTime": "1 - 28:29", "label": "Ball out of play", "position": "1709125", "team": "home", "visibility": "visible"}, {"gameTime": "1 - 28:52", "label": "Throw-in", "position": "1732367", "team": "not applicable", "visibility": "visible"}, {"gameTime": "1 - 29:03", "label": "Ball out of play", "position": "1743745", "team": "home", "visibility": "not shown"}, {"gameTime": "1 - 29:53", "label": "Throw-in", "position": "1793615", "team": "not applicable", "visibility": "visible"}, {"gameTime": "1 - 30:15", "label": "Ball out of play", "position": "1815903", "team": "away", "visibility": "visible"}, {"gameTime": "1 - 30:25", "label": "Throw-in", "position": "1825179", "team": "not applicable", "visibility": "visible"}, {"gameTime": "1 - 30:43", "label": "Foul", "position": "1843281", "team": "away", "visibility": "not shown"}, {"gameTime": "1 - 32:07", "label": "Direct free-kick", "position": "1927499", "team": "away", "visibility": "visible"}, {"gameTime": "1 - 33:11", "label": "Shots off target", "position": "1991327", "team": "home", "visibility": "visible"}, {"gameTime": "1 - 33:11", "label": "Ball out of play", "position": "1991327", "team": "home", "visibility": "visible"}, {"gameTime": "1 - 33:12", "label": "Clearance", "position": "1992268", "team": "not applicable", "visibility": "visible"}, {"gameTime": "1 - 33:39", "label": "Foul", "position": "2019414", "team": "away", "visibility": "visible"}, {"gameTime": "1 - 34:57", "label": "Indirect free-kick", "position": "2097498", "team": "home", "visibility": "visible"}, {"gameTime": "1 - 35:29", "label": "Ball out of play", "position": "2129982", "team": "away", "visibility": "not shown"}, {"gameTime": "1 - 35:33", "label": "Throw-in", "position": "2133796", "team": "not applicable", "visibility": "visible"}, {"gameTime": "1 - 35:45", "label": "Foul", "position": "2145194", "team": "away", "visibility": "not shown"}, {"gameTime": "1 - 36:02", "label": "Indirect free-kick", "position": "2162916", "team": "away", "visibility": "visible"}, {"gameTime": "1 - 36:05", "label": "Foul", "position": "2165574", "team": "home", "visibility": "visible"}, {"gameTime": "1 - 36:23", "label": "Indirect free-kick", "position": "2183432", "team": "away", "visibility": "visible"}, {"gameTime": "1 - 36:42", "label": "Ball out of play", "position": "2202492", "team": "home", "visibility": "visible"}, {"gameTime": "1 - 36:49", "label": "Corner", "position": "2209046", "team": "not applicable", "visibility": "visible"}, {"gameTime": "1 - 36:56", "label": "Shots off target", "position": "2216545", "team": "home", "visibility": "visible"}, {"gameTime": "1 - 37:02", "label": "Ball out of play", "position": "2222041", "team": "home", "visibility": "visible"}, {"gameTime": "1 - 37:02", "label": "Clearance", "position": "2222719", "team": "not applicable", "visibility": "visible"}, {"gameTime": "1 - 37:27", "label": "Ball out of play", "position": "2247767", "team": "away", "visibility": "visible"}, {"gameTime": "1 - 39:36", "label": "Throw-in", "position": "2376110", "team": "not applicable", "visibility": "not shown"}, {"gameTime": "1 - 39:50", "label": "Ball out of play", "position": "2390966", "team": "away", "visibility": "visible"}, {"gameTime": "1 - 39:52", "label": "Throw-in", "position": "2392866", "team": "not applicable", "visibility": "visible"}, {"gameTime": "1 - 40:10", "label": "Foul", "position": "2410822", "team": "home", "visibility": "not shown"}, {"gameTime": "1 - 40:28", "label": "Indirect free-kick", "position": "2428434", "team": "home", "visibility": "visible"}, {"gameTime": "1 - 41:03", "label": "Ball out of play", "position": "2463652", "team": "away", "visibility": "visible"}, {"gameTime": "1 - 41:37", "label": "Throw-in", "position": "2497000", "team": "not applicable", "visibility": "visible"}, {"gameTime": "1 - 41:45", "label": "Ball out of play", "position": "2505170", "team": "home", "visibility": "not shown"}, {"gameTime": "1 - 42:00", "label": "Corner", "position": "2520514", "team": "not applicable", "visibility": "visible"}, {"gameTime": "1 - 42:23", "label": "Foul", "position": "2543892", "team": "home", "visibility": "visible"}, {"gameTime": "1 - 42:49", "label": "Indirect free-kick", "position": "2569886", "team": "away", "visibility": "visible"}, {"gameTime": "1 - 43:00", "label": "Shots on target", "position": "2580244", "team": "home", "visibility": "visible"}, {"gameTime": "1 - 43:59", "label": "Goal", "position": "2639286", "team": "home", "visibility": "visible"}, {"gameTime": "1 - 44:00", "label": "Kick-off", "position": "2640000", "team": "home", "visibility": "visible"}, {"gameTime": "1 - 45:00", "label": "Kick-off", "position": "2700003", "team": "away", "visibility": "not shown"}, {"gameTime": "2 - 00:00", "label": "Ball out of play", "position": "0", "team": "away", "visibility": "visible"}, {"gameTime": "2 - 01:47", "label": "Throw-in", "position": "107423", "team": "not applicable", "visibility": "visible"}, {"gameTime": "2 - 02:08", "label": "Ball out of play", "position": "128405", "team": "away", "visibility": "not shown"}, {"gameTime": "2 - 02:54", "label": "Corner", "position": "174968", "team": "not applicable", "visibility": "visible"}, {"gameTime": "2 - 03:18", "label": "Goal", "position": "198898", "team": "home", "visibility": "visible"}, {"gameTime": "2 - 03:31", "label": "Kick-off", "position": "211634", "team": "home", "visibility": "visible"}, {"gameTime": "2 - 04:18", "label": "Ball out of play", "position": "258936", "team": "away", "visibility": "not shown"}, {"gameTime": "2 - 04:43", "label": "Throw-in", "position": "283898", "team": "not applicable", "visibility": "visible"}, {"gameTime": "2 - 04:50", "label": "Foul", "position": "290716", "team": "away", "visibility": "not shown"}, {"gameTime": "2 - 05:06", "label": "Direct free-kick", "position": "306709", "team": "away", "visibility": "visible"}, {"gameTime": "2 - 05:53", "label": "Foul", "position": "353725", "team": "home", "visibility": "visible"}, {"gameTime": "2 - 06:00", "label": "Indirect free-kick", "position": "360115", "team": "home", "visibility": "visible"}, {"gameTime": "2 - 06:27", "label": "Ball out of play", "position": "387757", "team": "away", "visibility": "not shown"}, {"gameTime": "2 - 07:47", "label": "Corner", "position": "467177", "team": "not applicable", "visibility": "visible"}, {"gameTime": "2 - 08:12", "label": "Ball out of play", "position": "492809", "team": "home", "visibility": "visible"}, {"gameTime": "2 - 08:16", "label": "Throw-in", "position": "496067", "team": "not applicable", "visibility": "visible"}, {"gameTime": "2 - 08:18", "label": "Ball out of play", "position": "498707", "team": "home", "visibility": "visible"}, {"gameTime": "2 - 08:55", "label": "Corner", "position": "535749", "team": "not applicable", "visibility": "visible"}, {"gameTime": "2 - 09:24", "label": "Foul", "position": "564781", "team": "away", "visibility": "visible"}, {"gameTime": "2 - 09:37", "label": "Direct free-kick", "position": "577643", "team": "home", "visibility": "visible"}, {"gameTime": "2 - 10:28", "label": "Ball out of play", "position": "628925", "team": "away", "visibility": "visible"}, {"gameTime": "2 - 10:31", "label": "Corner", "position": "631221", "team": "not applicable", "visibility": "visible"}, {"gameTime": "2 - 10:53", "label": "Shots off target", "position": "653969", "team": "away", "visibility": "visible"}, {"gameTime": "2 - 10:57", "label": "Ball out of play", "position": "657656", "team": "away", "visibility": "visible"}, {"gameTime": "2 - 10:59", "label": "Clearance", "position": "659033", "team": "not applicable", "visibility": "visible"}, {"gameTime": "2 - 11:20", "label": "Foul", "position": "680432", "team": "home", "visibility": "not shown"}, {"gameTime": "2 - 12:27", "label": "Substitution", "position": "747482", "team": "home", "visibility": "visible"}, {"gameTime": "2 - 12:56", "label": "Direct free-kick", "position": "776480", "team": "away", "visibility": "visible"}, {"gameTime": "2 - 13:28", "label": "Ball out of play", "position": "808386", "team": "away", "visibility": "visible"}, {"gameTime": "2 - 14:24", "label": "Throw-in", "position": "864882", "team": "not applicable", "visibility": "visible"}, {"gameTime": "2 - 14:28", "label": "Ball out of play", "position": "868317", "team": "home", "visibility": "not shown"}, {"gameTime": "2 - 14:55", "label": "Throw-in", "position": "895127", "team": "not applicable", "visibility": "visible"}, {"gameTime": "2 - 15:06", "label": "Shots off target", "position": "906959", "team": "home", "visibility": "not shown"}, {"gameTime": "2 - 16:11", "label": "Ball out of play", "position": "971889", "team": "away", "visibility": "visible"}, {"gameTime": "2 - 16:12", "label": "Substitution", "position": "972791", "team": "not applicable", "visibility": "visible"}, {"gameTime": "2 - 16:46", "label": "Clearance", "position": "1006160", "team": "away", "visibility": "visible"}, {"gameTime": "2 - 16:57", "label": "Ball out of play", "position": "1017908", "team": "home", "visibility": "visible"}, {"gameTime": "2 - 18:45", "label": "Substitution", "position": "1125042", "team": "not applicable", "visibility": "visible"}, {"gameTime": "2 - 19:19", "label": "Substitution", "position": "1159280", "team": "home", "visibility": "visible"}, {"gameTime": "2 - 19:29", "label": "Clearance", "position": "1169720", "team": "home", "visibility": "visible"}, {"gameTime": "2 - 19:37", "label": "Ball out of play", "position": "1177452", "team": "away", "visibility": "not shown"}, {"gameTime": "2 - 20:15", "label": "Throw-in", "position": "1215038", "team": "not applicable", "visibility": "visible"}, {"gameTime": "2 - 20:19", "label": "Ball out of play", "position": "1219124", "team": "home", "visibility": "not shown"}, {"gameTime": "2 - 20:41", "label": "Substitution", "position": "1241786", "team": "not applicable", "visibility": "visible"}, {"gameTime": "2 - 21:21", "label": "Corner", "position": "1281160", "team": "away", "visibility": "visible"}, {"gameTime": "2 - 21:41", "label": "Ball out of play", "position": "1301902", "team": "home", "visibility": "visible"}, {"gameTime": "2 - 22:10", "label": "Corner", "position": "1330350", "team": "not applicable", "visibility": "visible"}, {"gameTime": "2 - 22:32", "label": "Shots off target", "position": "1352584", "team": "home", "visibility": "visible"}, {"gameTime": "2 - 22:34", "label": "Ball out of play", "position": "1354517", "team": "home", "visibility": "visible"}, {"gameTime": "2 - 22:35", "label": "Clearance", "position": "1355371", "team": "not applicable", "visibility": "visible"}, {"gameTime": "2 - 23:04", "label": "Ball out of play", "position": "1384422", "team": "away", "visibility": "visible"}, {"gameTime": "2 - 23:26", "label": "Corner", "position": "1406960", "team": "not applicable", "visibility": "visible"}, {"gameTime": "2 - 23:53", "label": "Shots off target", "position": "1433114", "team": "home", "visibility": "visible"}, {"gameTime": "2 - 25:11", "label": "Ball out of play", "position": "1511408", "team": "away", "visibility": "visible"}, {"gameTime": "2 - 25:13", "label": "Clearance", "position": "1513606", "team": "not applicable", "visibility": "visible"}, {"gameTime": "2 - 25:45", "label": "Foul", "position": "1545738", "team": "away", "visibility": "visible"}, {"gameTime": "2 - 25:55", "label": "Indirect free-kick", "position": "1555998", "team": "away", "visibility": "visible"}, {"gameTime": "2 - 26:01", "label": "Ball out of play", "position": "1561433", "team": "home", "visibility": "visible"}, {"gameTime": "2 - 27:11", "label": "Throw-in", "position": "1631587", "team": "not applicable", "visibility": "visible"}, {"gameTime": "2 - 27:22", "label": "Shots off target", "position": "1642797", "team": "away", "visibility": "visible"}, {"gameTime": "2 - 28:09", "label": "Ball out of play", "position": "1689511", "team": "home", "visibility": "visible"}, {"gameTime": "2 - 28:09", "label": "Clearance", "position": "1689873", "team": "not applicable", "visibility": "visible"}, {"gameTime": "2 - 28:42", "label": "Ball out of play", "position": "1722295", "team": "away", "visibility": "visible"}, {"gameTime": "2 - 28:51", "label": "Throw-in", "position": "1731381", "team": "not applicable", "visibility": "visible"}, {"gameTime": "2 - 29:02", "label": "Shots off target", "position": "1742493", "team": "home", "visibility": "visible"}, {"gameTime": "2 - 29:16", "label": "Ball out of play", "position": "1756977", "team": "away", "visibility": "visible"}, {"gameTime": "2 - 29:18", "label": "Clearance", "position": "1758241", "team": "not applicable", "visibility": "visible"}, {"gameTime": "2 - 29:33", "label": "Foul", "position": "1773851", "team": "home", "visibility": "not shown"}, {"gameTime": "2 - 29:53", "label": "Ball out of play", "position": "1793139", "team": "home", "visibility": "visible"}, {"gameTime": "2 - 29:53", "label": "Yellow card", "position": "1793855", "team": "not applicable", "visibility": "visible"}, {"gameTime": "2 - 30:02", "label": "Indirect free-kick", "position": "1802000", "team": "home", "visibility": "visible"}, {"gameTime": "2 - 30:35", "label": "Ball out of play", "position": "1835717", "team": "away", "visibility": "visible"}, {"gameTime": "2 - 31:40", "label": "Clearance", "position": "1900722", "team": "not applicable", "visibility": "visible"}, {"gameTime": "2 - 32:14", "label": "Ball out of play", "position": "1934997", "team": "away", "visibility": "not shown"}, {"gameTime": "2 - 32:40", "label": "Throw-in", "position": "1960591", "team": "not applicable", "visibility": "visible"}, {"gameTime": "2 - 32:57", "label": "Ball out of play", "position": "1977903", "team": "away", "visibility": "visible"}, {"gameTime": "2 - 32:59", "label": "Throw-in", "position": "1979821", "team": "not applicable", "visibility": "visible"}, {"gameTime": "2 - 33:06", "label": "Ball out of play", "position": "1986245", "team": "home", "visibility": "visible"}, {"gameTime": "2 - 33:54", "label": "Throw-in", "position": "2034266", "team": "not applicable", "visibility": "visible"}, {"gameTime": "2 - 33:59", "label": "Ball out of play", "position": "2039878", "team": "home", "visibility": "visible"}, {"gameTime": "2 - 34:42", "label": "Throw-in", "position": "2082090", "team": "not applicable", "visibility": "visible"}, {"gameTime": "2 - 34:50", "label": "Ball out of play", "position": "2090434", "team": "home", "visibility": "not shown"}, {"gameTime": "2 - 34:59", "label": "Throw-in", "position": "2099490", "team": "not applicable", "visibility": "visible"}, {"gameTime": "2 - 35:08", "label": "Shots off target", "position": "2108862", "team": "home", "visibility": "not shown"}, {"gameTime": "2 - 36:31", "label": "Ball out of play", "position": "2191896", "team": "home", "visibility": "visible"}, {"gameTime": "2 - 36:32", "label": "Clearance", "position": "2192912", "team": "not applicable", "visibility": "visible"}, {"gameTime": "2 - 37:07", "label": "Ball out of play", "position": "2227450", "team": "away", "visibility": "not shown"}, {"gameTime": "2 - 38:10", "label": "Corner", "position": "2290478", "team": "not applicable", "visibility": "visible"}, {"gameTime": "2 - 38:42", "label": "Shots on target", "position": "2322447", "team": "home", "visibility": "visible"}, {"gameTime": "2 - 38:55", "label": "Goal", "position": "2335192", "team": "home", "visibility": "visible"}, {"gameTime": "2 - 38:55", "label": "Substitution", "position": "2335320", "team": "home", "visibility": "visible"}, {"gameTime": "2 - 40:06", "label": "Kick-off", "position": "2406080", "team": "home", "visibility": "visible"}, {"gameTime": "2 - 40:14", "label": "Shots off target", "position": "2414096", "team": "away", "visibility": "not shown"}, {"gameTime": "2 - 41:03", "label": "Ball out of play", "position": "2463688", "team": "home", "visibility": "visible"}, {"gameTime": "2 - 41:04", "label": "Clearance", "position": "2464702", "team": "not applicable", "visibility": "visible"}, {"gameTime": "2 - 41:35", "label": "Ball out of play", "position": "2495384", "team": "away", "visibility": "not shown"}, {"gameTime": "2 - 42:24", "label": "Corner", "position": "2544852", "team": "not applicable", "visibility": "visible"}, {"gameTime": "2 - 42:58", "label": "Foul", "position": "2578034", "team": "away", "visibility": "visible"}, {"gameTime": "2 - 43:11", "label": "Indirect free-kick", "position": "2591358", "team": "away", "visibility": "visible"}, {"gameTime": "2 - 43:23", "label": "Shots on target", "position": "2603032", "team": "home", "visibility": "visible"}, {"gameTime": "2 - 44:05", "label": "Ball out of play", "position": "2645862", "team": "home", "visibility": "visible"}, {"gameTime": "2 - 44:06", "label": "Corner", "position": "2646670", "team": "not applicable", "visibility": "visible"}, {"gameTime": "2 - 44:21", "label": "Shots off target", "position": "2661890", "team": "home", "visibility": "visible"}, {"gameTime": "2 - 44:39", "label": "Ball out of play", "position": "2679152", "team": "home", "visibility": "visible"}, {"gameTime": "2 - 44:39", "label": "Clearance", "position": "2679950", "team": "not applicable", "visibility": "visible"}, {"gameTime": "2 - 45:00", "label": "Clearance", "position": "2700003", "team": "away", "visibility": "not shown"}], "gameAwayTeam": "Almeria", "gameDate": "29/04/2015 - 21:00", "gameHomeTeam": "Real Madrid", "gameScore": "3 - 0"}