{"UrlLocal": "france_ligue-1/2016-2017/2016-12-03 - 19-00 Montpellier 3 - 0 Paris SG/", "UrlYoutube": "", "annotations": [{"gameTime": "1 - 00:00", "label": "Foul", "position": "0", "team": "away", "visibility": "not shown"}, {"gameTime": "1 - 01:41", "label": "Direct free-kick", "position": "101713", "team": "away", "visibility": "visible"}, {"gameTime": "1 - 02:10", "label": "Ball out of play", "position": "130989", "team": "home", "visibility": "not shown"}, {"gameTime": "1 - 02:25", "label": "Throw-in", "position": "145042", "team": "not applicable", "visibility": "visible"}, {"gameTime": "1 - 02:42", "label": "Ball out of play", "position": "162984", "team": "away", "visibility": "visible"}, {"gameTime": "1 - 03:19", "label": "Throw-in", "position": "199770", "team": "not applicable", "visibility": "visible"}, {"gameTime": "1 - 03:25", "label": "Shots on target", "position": "205844", "team": "away", "visibility": "visible"}, {"gameTime": "1 - 05:48", "label": "Ball out of play", "position": "348474", "team": "away", "visibility": "visible"}, {"gameTime": "1 - 06:43", "label": "Throw-in", "position": "403155", "team": "not applicable", "visibility": "visible"}, {"gameTime": "1 - 06:56", "label": "Foul", "position": "416592", "team": "home", "visibility": "not shown"}, {"gameTime": "1 - 07:02", "label": "Direct free-kick", "position": "422839", "team": "home", "visibility": "visible"}, {"gameTime": "1 - 07:20", "label": "Foul", "position": "440210", "team": "away", "visibility": "not shown"}, {"gameTime": "1 - 08:19", "label": "Direct free-kick", "position": "499106", "team": "away", "visibility": "visible"}, {"gameTime": "1 - 08:41", "label": "Ball out of play", "position": "521589", "team": "home", "visibility": "not shown"}, {"gameTime": "1 - 08:54", "label": "Throw-in", "position": "534170", "team": "not applicable", "visibility": "visible"}, {"gameTime": "1 - 09:04", "label": "Offside", "position": "544971", "team": "away", "visibility": "not shown"}, {"gameTime": "1 - 09:27", "label": "Indirect free-kick", "position": "567458", "team": "away", "visibility": "visible"}, {"gameTime": "1 - 10:37", "label": "Ball out of play", "position": "637514", "team": "home", "visibility": "visible"}, {"gameTime": "1 - 10:52", "label": "Ball out of play", "position": "652011", "team": "not applicable", "visibility": "visible"}, {"gameTime": "1 - 11:05", "label": "Throw-in", "position": "665776", "team": "not applicable", "visibility": "visible"}, {"gameTime": "1 - 11:13", "label": "Ball out of play", "position": "673661", "team": "home", "visibility": "visible"}, {"gameTime": "1 - 12:09", "label": "Throw-in", "position": "729634", "team": "not applicable", "visibility": "visible"}, {"gameTime": "1 - 12:37", "label": "Foul", "position": "757583", "team": "home", "visibility": "visible"}, {"gameTime": "1 - 13:10", "label": "Direct free-kick", "position": "790566", "team": "away", "visibility": "visible"}, {"gameTime": "1 - 13:57", "label": "Ball out of play", "position": "837145", "team": "home", "visibility": "visible"}, {"gameTime": "1 - 15:10", "label": "Throw-in", "position": "910356", "team": "not applicable", "visibility": "not shown"}, {"gameTime": "1 - 15:18", "label": "Offside", "position": "918966", "team": "away", "visibility": "visible"}, {"gameTime": "1 - 15:25", "label": "Indirect free-kick", "position": "925095", "team": "away", "visibility": "visible"}, {"gameTime": "1 - 15:55", "label": "Ball out of play", "position": "955926", "team": "home", "visibility": "visible"}, {"gameTime": "1 - 16:25", "label": "Throw-in", "position": "985553", "team": "not applicable", "visibility": "visible"}, {"gameTime": "1 - 16:40", "label": "Ball out of play", "position": "1000839", "team": "away", "visibility": "visible"}, {"gameTime": "1 - 16:58", "label": "Throw-in", "position": "1018022", "team": "not applicable", "visibility": "visible"}, {"gameTime": "1 - 17:05", "label": "Ball out of play", "position": "1025172", "team": "away", "visibility": "visible"}, {"gameTime": "1 - 17:18", "label": "Clearance", "position": "1038743", "team": "not applicable", "visibility": "visible"}, {"gameTime": "1 - 17:41", "label": "Foul", "position": "1061784", "team": "home", "visibility": "visible"}, {"gameTime": "1 - 17:46", "label": "Yellow card", "position": "1066059", "team": "away", "visibility": "visible"}, {"gameTime": "1 - 17:51", "label": "Direct free-kick", "position": "1071707", "team": "away", "visibility": "visible"}, {"gameTime": "1 - 18:19", "label": "Foul", "position": "1099239", "team": "home", "visibility": "visible"}, {"gameTime": "1 - 19:08", "label": "Direct free-kick", "position": "1148921", "team": "home", "visibility": "visible"}, {"gameTime": "1 - 19:14", "label": "Ball out of play", "position": "1154879", "team": "away", "visibility": "visible"}, {"gameTime": "1 - 20:25", "label": "Throw-in", "position": "1225150", "team": "not applicable", "visibility": "not shown"}, {"gameTime": "1 - 20:37", "label": "Ball out of play", "position": "1237957", "team": "home", "visibility": "visible"}, {"gameTime": "1 - 20:42", "label": "Corner", "position": "1242546", "team": "not applicable", "visibility": "visible"}, {"gameTime": "1 - 21:06", "label": "Offside", "position": "1266609", "team": "home", "visibility": "visible"}, {"gameTime": "1 - 22:29", "label": "Indirect free-kick", "position": "1349506", "team": "home", "visibility": "visible"}, {"gameTime": "1 - 23:00", "label": "Ball out of play", "position": "1380006", "team": "away", "visibility": "not shown"}, {"gameTime": "1 - 24:47", "label": "Clearance", "position": "1487451", "team": "not applicable", "visibility": "visible"}, {"gameTime": "1 - 25:15", "label": "Ball out of play", "position": "1515377", "team": "home", "visibility": "visible"}, {"gameTime": "1 - 25:20", "label": "Throw-in", "position": "1520174", "team": "not applicable", "visibility": "visible"}, {"gameTime": "1 - 25:24", "label": "Foul", "position": "1524589", "team": "home", "visibility": "not shown"}, {"gameTime": "1 - 25:41", "label": "Direct free-kick", "position": "1541366", "team": "home", "visibility": "visible"}, {"gameTime": "1 - 25:53", "label": "Ball out of play", "position": "1553605", "team": "away", "visibility": "not shown"}, {"gameTime": "1 - 27:27", "label": "Throw-in", "position": "1647916", "team": "not applicable", "visibility": "visible"}, {"gameTime": "1 - 27:32", "label": "Shots off target", "position": "1652131", "team": "away", "visibility": "visible"}, {"gameTime": "1 - 27:42", "label": "Ball out of play", "position": "1662020", "team": "away", "visibility": "visible"}, {"gameTime": "1 - 27:43", "label": "Clearance", "position": "1663095", "team": "not applicable", "visibility": "visible"}, {"gameTime": "1 - 28:14", "label": "Ball out of play", "position": "1694169", "team": "away", "visibility": "not shown"}, {"gameTime": "1 - 28:47", "label": "Corner", "position": "1727430", "team": "not applicable", "visibility": "visible"}, {"gameTime": "1 - 29:42", "label": "Foul", "position": "1782784", "team": "away", "visibility": "visible"}, {"gameTime": "1 - 29:44", "label": "Direct free-kick", "position": "1784389", "team": "away", "visibility": "visible"}, {"gameTime": "1 - 31:50", "label": "Ball out of play", "position": "1910996", "team": "home", "visibility": "visible"}, {"gameTime": "1 - 32:23", "label": "Clearance", "position": "1943987", "team": "not applicable", "visibility": "visible"}, {"gameTime": "1 - 32:56", "label": "Shots off target", "position": "1976193", "team": "away", "visibility": "visible"}, {"gameTime": "1 - 33:05", "label": "Ball out of play", "position": "1985066", "team": "away", "visibility": "visible"}, {"gameTime": "1 - 33:06", "label": "Clearance", "position": "1986266", "team": "not applicable", "visibility": "visible"}, {"gameTime": "1 - 33:40", "label": "Offside", "position": "2020011", "team": "home", "visibility": "visible"}, {"gameTime": "1 - 35:47", "label": "Indirect free-kick", "position": "2147867", "team": "away", "visibility": "visible"}, {"gameTime": "1 - 36:15", "label": "Ball out of play", "position": "2175700", "team": "home", "visibility": "not shown"}, {"gameTime": "1 - 37:10", "label": "Corner", "position": "2230957", "team": "not applicable", "visibility": "visible"}, {"gameTime": "1 - 37:39", "label": "Foul", "position": "2259435", "team": "away", "visibility": "visible"}, {"gameTime": "1 - 37:40", "label": "Direct free-kick", "position": "2260151", "team": "away", "visibility": "visible"}, {"gameTime": "1 - 38:09", "label": "Shots off target", "position": "2289455", "team": "home", "visibility": "visible"}, {"gameTime": "1 - 39:37", "label": "Ball out of play", "position": "2377585", "team": "home", "visibility": "visible"}, {"gameTime": "1 - 39:40", "label": "Clearance", "position": "2380025", "team": "not applicable", "visibility": "visible"}, {"gameTime": "1 - 39:58", "label": "Foul", "position": "2398198", "team": "away", "visibility": "not shown"}, {"gameTime": "1 - 40:20", "label": "Direct free-kick", "position": "2420465", "team": "home", "visibility": "visible"}, {"gameTime": "1 - 40:27", "label": "Offside", "position": "2427474", "team": "away", "visibility": "not shown"}, {"gameTime": "1 - 40:28", "label": "Indirect free-kick", "position": "2428687", "team": "away", "visibility": "visible"}, {"gameTime": "1 - 40:59", "label": "Foul", "position": "2459999", "team": "home", "visibility": "visible"}, {"gameTime": "1 - 41:04", "label": "Direct free-kick", "position": "2464500", "team": "away", "visibility": "visible"}, {"gameTime": "1 - 41:26", "label": "Shots on target", "position": "2486161", "team": "home", "visibility": "not shown"}, {"gameTime": "1 - 41:42", "label": "Goal", "position": "2502280", "team": "home", "visibility": "visible"}, {"gameTime": "1 - 41:43", "label": "Kick-off", "position": "2503760", "team": "away", "visibility": "visible"}, {"gameTime": "1 - 42:27", "label": "Foul", "position": "2547537", "team": "away", "visibility": "not shown"}, {"gameTime": "1 - 44:06", "label": "Direct free-kick", "position": "2646280", "team": "home", "visibility": "visible"}, {"gameTime": "1 - 44:16", "label": "Direct free-kick", "position": "2656153", "team": "away", "visibility": "not shown"}, {"gameTime": "2 - 00:00", "label": "Ball out of play", "position": "28", "team": "home", "visibility": "not shown"}, {"gameTime": "2 - 00:09", "label": "Throw-in", "position": "9089", "team": "not applicable", "visibility": "visible"}, {"gameTime": "2 - 00:23", "label": "Ball out of play", "position": "23873", "team": "away", "visibility": "visible"}, {"gameTime": "2 - 00:35", "label": "Throw-in", "position": "35548", "team": "not applicable", "visibility": "visible"}, {"gameTime": "2 - 00:48", "label": "Ball out of play", "position": "48113", "team": "away", "visibility": "visible"}, {"gameTime": "2 - 00:50", "label": "Throw-in", "position": "50009", "team": "not applicable", "visibility": "visible"}, {"gameTime": "2 - 01:00", "label": "Ball out of play", "position": "60817", "team": "home", "visibility": "visible"}, {"gameTime": "2 - 01:06", "label": "Ball out of play", "position": "66779", "team": "not applicable", "visibility": "visible"}, {"gameTime": "2 - 01:19", "label": "Throw-in", "position": "79646", "team": "not applicable", "visibility": "visible"}, {"gameTime": "2 - 01:30", "label": "Ball out of play", "position": "90656", "team": "home", "visibility": "visible"}, {"gameTime": "2 - 01:37", "label": "Clearance", "position": "97637", "team": "not applicable", "visibility": "visible"}, {"gameTime": "2 - 02:05", "label": "Shots on target", "position": "125915", "team": "away", "visibility": "visible"}, {"gameTime": "2 - 02:18", "label": "Shots on target", "position": "138148", "team": "away", "visibility": "visible"}, {"gameTime": "2 - 02:42", "label": "Goal", "position": "162583", "team": "home", "visibility": "visible"}, {"gameTime": "2 - 02:43", "label": "Kick-off", "position": "163503", "team": "home", "visibility": "visible"}, {"gameTime": "2 - 03:32", "label": "Ball out of play", "position": "212878", "team": "away", "visibility": "not shown"}, {"gameTime": "2 - 03:44", "label": "Throw-in", "position": "224641", "team": "not applicable", "visibility": "visible"}, {"gameTime": "2 - 03:56", "label": "Foul", "position": "236120", "team": "away", "visibility": "visible"}, {"gameTime": "2 - 04:43", "label": "Direct free-kick", "position": "283215", "team": "away", "visibility": "visible"}, {"gameTime": "2 - 05:17", "label": "Ball out of play", "position": "317410", "team": "home", "visibility": "not shown"}, {"gameTime": "2 - 05:25", "label": "Clearance", "position": "325755", "team": "not applicable", "visibility": "visible"}, {"gameTime": "2 - 05:52", "label": "Ball out of play", "position": "352218", "team": "away", "visibility": "visible"}, {"gameTime": "2 - 06:25", "label": "Throw-in", "position": "385560", "team": "not applicable", "visibility": "visible"}, {"gameTime": "2 - 06:36", "label": "Foul", "position": "396640", "team": "home", "visibility": "visible"}, {"gameTime": "2 - 06:42", "label": "Direct free-kick", "position": "402984", "team": "away", "visibility": "visible"}, {"gameTime": "2 - 06:58", "label": "Shots on target", "position": "418573", "team": "home", "visibility": "visible"}, {"gameTime": "2 - 07:07", "label": "Ball out of play", "position": "427822", "team": "away", "visibility": "visible"}, {"gameTime": "2 - 09:06", "label": "Clearance", "position": "546140", "team": "not applicable", "visibility": "not shown"}, {"gameTime": "2 - 09:33", "label": "Ball out of play", "position": "573214", "team": "home", "visibility": "not shown"}, {"gameTime": "2 - 09:38", "label": "Throw-in", "position": "578246", "team": "not applicable", "visibility": "visible"}, {"gameTime": "2 - 09:52", "label": "Ball out of play", "position": "592977", "team": "home", "visibility": "not shown"}, {"gameTime": "2 - 10:01", "label": "Clearance", "position": "601447", "team": "not applicable", "visibility": "visible"}, {"gameTime": "2 - 10:25", "label": "Ball out of play", "position": "625081", "team": "away", "visibility": "visible"}, {"gameTime": "2 - 10:31", "label": "Throw-in", "position": "631684", "team": "not applicable", "visibility": "visible"}, {"gameTime": "2 - 10:34", "label": "Offside", "position": "634602", "team": "home", "visibility": "visible"}, {"gameTime": "2 - 12:06", "label": "Yellow card", "position": "726261", "team": "away", "visibility": "visible"}, {"gameTime": "2 - 12:34", "label": "Substitution", "position": "754800", "team": "away", "visibility": "not shown"}, {"gameTime": "2 - 12:51", "label": "Indirect free-kick", "position": "771320", "team": "away", "visibility": "visible"}, {"gameTime": "2 - 13:07", "label": "Ball out of play", "position": "787517", "team": "home", "visibility": "not shown"}, {"gameTime": "2 - 13:12", "label": "Throw-in", "position": "792472", "team": "not applicable", "visibility": "visible"}, {"gameTime": "2 - 13:25", "label": "Ball out of play", "position": "805431", "team": "home", "visibility": "visible"}, {"gameTime": "2 - 15:23", "label": "Throw-in", "position": "923881", "team": "not applicable", "visibility": "visible"}, {"gameTime": "2 - 15:33", "label": "Foul", "position": "933867", "team": "away", "visibility": "not shown"}, {"gameTime": "2 - 16:30", "label": "Direct free-kick", "position": "990795", "team": "away", "visibility": "visible"}, {"gameTime": "2 - 16:59", "label": "Ball out of play", "position": "1019234", "team": "home", "visibility": "not shown"}, {"gameTime": "2 - 17:01", "label": "Throw-in", "position": "1021673", "team": "not applicable", "visibility": "visible"}, {"gameTime": "2 - 17:09", "label": "Shots on target", "position": "1029610", "team": "away", "visibility": "visible"}, {"gameTime": "2 - 17:26", "label": "Shots off target", "position": "1046055", "team": "away", "visibility": "visible"}, {"gameTime": "2 - 17:27", "label": "Ball out of play", "position": "1047956", "team": "away", "visibility": "visible"}, {"gameTime": "2 - 17:28", "label": "Clearance", "position": "1048636", "team": "not applicable", "visibility": "visible"}, {"gameTime": "2 - 18:01", "label": "Foul", "position": "1081933", "team": "home", "visibility": "not shown"}, {"gameTime": "2 - 18:02", "label": "Direct free-kick", "position": "1082687", "team": "away", "visibility": "visible"}, {"gameTime": "2 - 18:11", "label": "Foul", "position": "1091086", "team": "home", "visibility": "not shown"}, {"gameTime": "2 - 19:22", "label": "Direct free-kick", "position": "1162642", "team": "away", "visibility": "visible"}, {"gameTime": "2 - 19:55", "label": "Ball out of play", "position": "1195577", "team": "home", "visibility": "visible"}, {"gameTime": "2 - 19:58", "label": "Throw-in", "position": "1198398", "team": "not applicable", "visibility": "visible"}, {"gameTime": "2 - 20:06", "label": "Throw-in", "position": "1206929", "team": "home", "visibility": "visible"}, {"gameTime": "2 - 20:17", "label": "Ball out of play", "position": "1217104", "team": "home", "visibility": "visible"}, {"gameTime": "2 - 21:55", "label": "Clearance", "position": "1315565", "team": "not applicable", "visibility": "visible"}, {"gameTime": "2 - 22:20", "label": "Ball out of play", "position": "1340918", "team": "home", "visibility": "not shown"}, {"gameTime": "2 - 22:25", "label": "Throw-in", "position": "1345958", "team": "not applicable", "visibility": "visible"}, {"gameTime": "2 - 22:32", "label": "Shots off target", "position": "1352498", "team": "away", "visibility": "not shown"}, {"gameTime": "2 - 23:02", "label": "Ball out of play", "position": "1382468", "team": "away", "visibility": "visible"}, {"gameTime": "2 - 23:03", "label": "Clearance", "position": "1383108", "team": "not applicable", "visibility": "visible"}, {"gameTime": "2 - 23:33", "label": "Ball out of play", "position": "1413724", "team": "home", "visibility": "visible"}, {"gameTime": "2 - 24:59", "label": "Clearance", "position": "1499585", "team": "not applicable", "visibility": "not shown"}, {"gameTime": "2 - 25:22", "label": "Shots off target", "position": "1522946", "team": "home", "visibility": "visible"}, {"gameTime": "2 - 25:51", "label": "Ball out of play", "position": "1551973", "team": "away", "visibility": "visible"}, {"gameTime": "2 - 25:52", "label": "Clearance", "position": "1552951", "team": "not applicable", "visibility": "visible"}, {"gameTime": "2 - 26:22", "label": "Ball out of play", "position": "1582713", "team": "home", "visibility": "visible"}, {"gameTime": "2 - 26:33", "label": "Throw-in", "position": "1593646", "team": "not applicable", "visibility": "visible"}, {"gameTime": "2 - 26:45", "label": "Ball out of play", "position": "1605154", "team": "home", "visibility": "visible"}, {"gameTime": "2 - 26:53", "label": "Throw-in", "position": "1613592", "team": "not applicable", "visibility": "visible"}, {"gameTime": "2 - 27:03", "label": "Ball out of play", "position": "1623362", "team": "home", "visibility": "visible"}, {"gameTime": "2 - 27:06", "label": "Corner", "position": "1626633", "team": "not applicable", "visibility": "visible"}, {"gameTime": "2 - 27:29", "label": "Ball out of play", "position": "1649314", "team": "home", "visibility": "visible"}, {"gameTime": "2 - 27:40", "label": "Throw-in", "position": "1660305", "team": "not applicable", "visibility": "visible"}, {"gameTime": "2 - 27:51", "label": "Shots off target", "position": "1671723", "team": "away", "visibility": "visible"}, {"gameTime": "2 - 29:22", "label": "Ball out of play", "position": "1762900", "team": "home", "visibility": "visible"}, {"gameTime": "2 - 29:23", "label": "Substitution", "position": "1763620", "team": "not applicable", "visibility": "visible"}, {"gameTime": "2 - 29:47", "label": "Clearance", "position": "1787480", "team": "away", "visibility": "visible"}, {"gameTime": "2 - 29:56", "label": "Ball out of play", "position": "1796208", "team": "away", "visibility": "not shown"}, {"gameTime": "2 - 30:03", "label": "Throw-in", "position": "1803708", "team": "not applicable", "visibility": "visible"}, {"gameTime": "2 - 30:09", "label": "Ball out of play", "position": "1809554", "team": "home", "visibility": "not shown"}, {"gameTime": "2 - 30:12", "label": "Throw-in", "position": "1812798", "team": "not applicable", "visibility": "visible"}, {"gameTime": "2 - 30:22", "label": "Ball out of play", "position": "1822387", "team": "away", "visibility": "not shown"}, {"gameTime": "2 - 30:36", "label": "Throw-in", "position": "1836855", "team": "not applicable", "visibility": "visible"}, {"gameTime": "2 - 30:39", "label": "Foul", "position": "1839215", "team": "away", "visibility": "visible"}, {"gameTime": "2 - 31:07", "label": "Direct free-kick", "position": "1867730", "team": "home", "visibility": "visible"}, {"gameTime": "2 - 31:20", "label": "Ball out of play", "position": "1880786", "team": "away", "visibility": "not shown"}, {"gameTime": "2 - 32:12", "label": "Throw-in", "position": "1932098", "team": "not applicable", "visibility": "visible"}, {"gameTime": "2 - 32:24", "label": "Shots on target", "position": "1944530", "team": "home", "visibility": "not shown"}, {"gameTime": "2 - 32:54", "label": "Shots off target", "position": "1974673", "team": "away", "visibility": "visible"}, {"gameTime": "2 - 32:59", "label": "Ball out of play", "position": "1979509", "team": "away", "visibility": "visible"}, {"gameTime": "2 - 33:00", "label": "Clearance", "position": "1980121", "team": "not applicable", "visibility": "visible"}, {"gameTime": "2 - 33:11", "label": "Offside", "position": "1991715", "team": "home", "visibility": "not shown"}, {"gameTime": "2 - 33:32", "label": "Direct free-kick", "position": "2012897", "team": "away", "visibility": "visible"}, {"gameTime": "2 - 33:58", "label": "Shots on target", "position": "2038487", "team": "home", "visibility": "not shown"}, {"gameTime": "2 - 34:35", "label": "Goal", "position": "2075400", "team": "home", "visibility": "visible"}, {"gameTime": "2 - 34:36", "label": "Substitution", "position": "2076600", "team": "home", "visibility": "visible"}, {"gameTime": "2 - 35:48", "label": "Kick-off", "position": "2148240", "team": "away", "visibility": "visible"}, {"gameTime": "2 - 35:58", "label": "Foul", "position": "2158226", "team": "away", "visibility": "visible"}, {"gameTime": "2 - 37:12", "label": "Direct free-kick", "position": "2232567", "team": "away", "visibility": "visible"}, {"gameTime": "2 - 37:37", "label": "Foul", "position": "2257941", "team": "home", "visibility": "not shown"}, {"gameTime": "2 - 38:03", "label": "Direct free-kick", "position": "2283985", "team": "away", "visibility": "visible"}, {"gameTime": "2 - 38:39", "label": "Ball out of play", "position": "2319568", "team": "home", "visibility": "visible"}, {"gameTime": "2 - 39:33", "label": "Substitution", "position": "2373341", "team": "not applicable", "visibility": "visible"}, {"gameTime": "2 - 40:34", "label": "Throw-in", "position": "2434560", "team": "home", "visibility": "visible"}, {"gameTime": "2 - 40:50", "label": "Ball out of play", "position": "2450813", "team": "home", "visibility": "visible"}, {"gameTime": "2 - 41:37", "label": "Throw-in", "position": "2497927", "team": "not applicable", "visibility": "visible"}, {"gameTime": "2 - 41:42", "label": "Ball out of play", "position": "2502533", "team": "away", "visibility": "not shown"}, {"gameTime": "2 - 42:31", "label": "Substitution", "position": "2551238", "team": "not applicable", "visibility": "visible"}, {"gameTime": "2 - 42:51", "label": "Throw-in", "position": "2571360", "team": "home", "visibility": "visible"}, {"gameTime": "2 - 42:57", "label": "Ball out of play", "position": "2577983", "team": "away", "visibility": "not shown"}, {"gameTime": "2 - 43:37", "label": "Throw-in", "position": "2617828", "team": "not applicable", "visibility": "visible"}, {"gameTime": "2 - 43:40", "label": "Ball out of play", "position": "2620437", "team": "away", "visibility": "visible"}, {"gameTime": "2 - 44:16", "label": "Throw-in", "position": "2656792", "team": "not applicable", "visibility": "visible"}, {"gameTime": "2 - 44:21", "label": "Throw-in", "position": "2661777", "team": "away", "visibility": "visible"}], "gameAwayTeam": "Paris SG", "gameDate": "03/12/2016 - 19:00", "gameHomeTeam": "Montpellier", "gameScore": "3 - 0"}