{"UrlLocal": "france_ligue-1/2016-2017/2017-03-19 - 23-00 Paris SG 2 - 1 Lyon/", "UrlYoutube": "", "annotations": [{"gameTime": "1 - 01:35", "label": "Kick-off", "position": "95026", "team": "home", "visibility": "visible"}, {"gameTime": "1 - 03:34", "label": "Shots on target", "position": "214404", "team": "not applicable", "visibility": "visible"}, {"gameTime": "1 - 03:40", "label": "Ball out of play", "position": "220809", "team": "away", "visibility": "not shown"}, {"gameTime": "1 - 03:49", "label": "Throw-in", "position": "229908", "team": "not applicable", "visibility": "visible"}, {"gameTime": "1 - 04:02", "label": "Ball out of play", "position": "242511", "team": "home", "visibility": "visible"}, {"gameTime": "1 - 04:24", "label": "Throw-in", "position": "264434", "team": "home", "visibility": "visible"}, {"gameTime": "1 - 04:49", "label": "Foul", "position": "289474", "team": "away", "visibility": "not shown"}, {"gameTime": "1 - 05:11", "label": "Indirect free-kick", "position": "311729", "team": "not applicable", "visibility": "visible"}, {"gameTime": "1 - 05:38", "label": "Ball out of play", "position": "338544", "team": "away", "visibility": "visible"}, {"gameTime": "1 - 05:40", "label": "Corner", "position": "340664", "team": "away", "visibility": "visible"}, {"gameTime": "1 - 05:40", "label": "Shots on target", "position": "340784", "team": "away", "visibility": "visible"}, {"gameTime": "1 - 06:27", "label": "Goal", "position": "387294", "team": "home", "visibility": "not shown"}, {"gameTime": "1 - 06:52", "label": "Kick-off", "position": "412154", "team": "home", "visibility": "visible"}, {"gameTime": "1 - 07:03", "label": "Foul", "position": "423559", "team": "away", "visibility": "not shown"}, {"gameTime": "1 - 07:15", "label": "Indirect free-kick", "position": "435791", "team": "not applicable", "visibility": "visible"}, {"gameTime": "1 - 07:23", "label": "Ball out of play", "position": "443244", "team": "home", "visibility": "visible"}, {"gameTime": "1 - 07:57", "label": "Throw-in", "position": "477693", "team": "not applicable", "visibility": "visible"}, {"gameTime": "1 - 08:28", "label": "Ball out of play", "position": "508140", "team": "away", "visibility": "visible"}, {"gameTime": "1 - 08:30", "label": "Corner", "position": "510530", "team": "away", "visibility": "visible"}, {"gameTime": "1 - 09:00", "label": "Shots on target", "position": "540714", "team": "not applicable", "visibility": "visible"}, {"gameTime": "1 - 09:30", "label": "Ball out of play", "position": "570534", "team": "away", "visibility": "not shown"}, {"gameTime": "1 - 10:44", "label": "Clearance", "position": "644151", "team": "not applicable", "visibility": "visible"}, {"gameTime": "1 - 11:12", "label": "Ball out of play", "position": "672530", "team": "away", "visibility": "visible"}, {"gameTime": "1 - 11:24", "label": "Corner", "position": "684587", "team": "not applicable", "visibility": "visible"}, {"gameTime": "1 - 11:35", "label": "Ball out of play", "position": "695095", "team": "away", "visibility": "not shown"}, {"gameTime": "1 - 11:54", "label": "Throw-in", "position": "714645", "team": "not applicable", "visibility": "visible"}, {"gameTime": "1 - 12:10", "label": "Ball out of play", "position": "730428", "team": "away", "visibility": "visible"}, {"gameTime": "1 - 12:44", "label": "Throw-in", "position": "764096", "team": "not applicable", "visibility": "visible"}, {"gameTime": "1 - 14:32", "label": "Ball out of play", "position": "872148", "team": "away", "visibility": "visible"}, {"gameTime": "1 - 14:47", "label": "Corner", "position": "887156", "team": "home", "visibility": "visible"}, {"gameTime": "1 - 15:12", "label": "Foul", "position": "912496", "team": "home", "visibility": "visible"}, {"gameTime": "1 - 15:44", "label": "Yellow card", "position": "944352", "team": "away", "visibility": "visible"}, {"gameTime": "1 - 15:49", "label": "Indirect free-kick", "position": "949452", "team": "not applicable", "visibility": "visible"}, {"gameTime": "1 - 15:53", "label": "Ball out of play", "position": "953308", "team": "away", "visibility": "not shown"}, {"gameTime": "1 - 15:55", "label": "Throw-in", "position": "955639", "team": "not applicable", "visibility": "visible"}, {"gameTime": "1 - 16:05", "label": "Ball out of play", "position": "965438", "team": "away", "visibility": "visible"}, {"gameTime": "1 - 16:25", "label": "Throw-in", "position": "985734", "team": "not applicable", "visibility": "visible"}, {"gameTime": "1 - 16:38", "label": "Ball out of play", "position": "998158", "team": "away", "visibility": "visible"}, {"gameTime": "1 - 16:45", "label": "Throw-in", "position": "1005003", "team": "not applicable", "visibility": "visible"}, {"gameTime": "1 - 16:52", "label": "Ball out of play", "position": "1012223", "team": "away", "visibility": "visible"}, {"gameTime": "1 - 18:48", "label": "Throw-in", "position": "1128327", "team": "not applicable", "visibility": "visible"}, {"gameTime": "1 - 19:12", "label": "Ball out of play", "position": "1152334", "team": "home", "visibility": "visible"}, {"gameTime": "1 - 19:13", "label": "Corner", "position": "1153134", "team": "home", "visibility": "visible"}, {"gameTime": "1 - 19:31", "label": "Foul", "position": "1171763", "team": "home", "visibility": "visible"}, {"gameTime": "1 - 20:11", "label": "Yellow card", "position": "1211749", "team": "away", "visibility": "not shown"}, {"gameTime": "1 - 20:40", "label": "Indirect free-kick", "position": "1240296", "team": "away", "visibility": "visible"}, {"gameTime": "1 - 20:53", "label": "Foul", "position": "1253243", "team": "home", "visibility": "visible"}, {"gameTime": "1 - 22:23", "label": "Indirect free-kick", "position": "1343407", "team": "home", "visibility": "visible"}, {"gameTime": "1 - 23:30", "label": "Shots on target", "position": "1410492", "team": "not applicable", "visibility": "visible"}, {"gameTime": "1 - 23:55", "label": "Ball out of play", "position": "1435129", "team": "away", "visibility": "visible"}, {"gameTime": "1 - 24:04", "label": "Corner", "position": "1444858", "team": "not applicable", "visibility": "not shown"}, {"gameTime": "1 - 24:13", "label": "Ball out of play", "position": "1453839", "team": "away", "visibility": "visible"}, {"gameTime": "1 - 24:31", "label": "Throw-in", "position": "1471005", "team": "not applicable", "visibility": "visible"}, {"gameTime": "1 - 24:38", "label": "Ball out of play", "position": "1478844", "team": "home", "visibility": "not shown"}, {"gameTime": "1 - 24:46", "label": "Throw-in", "position": "1486555", "team": "not applicable", "visibility": "visible"}, {"gameTime": "1 - 24:48", "label": "Ball out of play", "position": "1488915", "team": "home", "visibility": "visible"}, {"gameTime": "1 - 25:44", "label": "Throw-in", "position": "1544883", "team": "not applicable", "visibility": "visible"}, {"gameTime": "1 - 25:53", "label": "Ball out of play", "position": "1553311", "team": "home", "visibility": "visible"}, {"gameTime": "1 - 26:53", "label": "Throw-in", "position": "1613857", "team": "not applicable", "visibility": "visible"}, {"gameTime": "1 - 27:04", "label": "Ball out of play", "position": "1624008", "team": "home", "visibility": "not shown"}, {"gameTime": "1 - 27:46", "label": "Corner", "position": "1666184", "team": "home", "visibility": "visible"}, {"gameTime": "1 - 27:47", "label": "Shots off target", "position": "1667195", "team": "not applicable", "visibility": "visible"}, {"gameTime": "1 - 28:24", "label": "Ball out of play", "position": "1704666", "team": "away", "visibility": "not shown"}, {"gameTime": "1 - 28:52", "label": "Clearance", "position": "1732966", "team": "not applicable", "visibility": "visible"}, {"gameTime": "1 - 29:25", "label": "Ball out of play", "position": "1765003", "team": "home", "visibility": "visible"}, {"gameTime": "1 - 30:16", "label": "Corner", "position": "1816167", "team": "not applicable", "visibility": "visible"}, {"gameTime": "1 - 30:41", "label": "Ball out of play", "position": "1841562", "team": "home", "visibility": "visible"}, {"gameTime": "1 - 31:46", "label": "Corner", "position": "1906184", "team": "not applicable", "visibility": "visible"}, {"gameTime": "1 - 32:16", "label": "Ball out of play", "position": "1936647", "team": "away", "visibility": "visible"}, {"gameTime": "1 - 33:05", "label": "Clearance", "position": "1985880", "team": "home", "visibility": "visible"}, {"gameTime": "1 - 33:06", "label": "Shots on target", "position": "1986320", "team": "home", "visibility": "visible"}, {"gameTime": "1 - 33:55", "label": "Goal", "position": "2035129", "team": "away", "visibility": "not shown"}, {"gameTime": "1 - 36:27", "label": "Kick-off", "position": "2187699", "team": "away", "visibility": "visible"}, {"gameTime": "1 - 36:42", "label": "Shots on target", "position": "2202984", "team": "home", "visibility": "visible"}, {"gameTime": "1 - 36:46", "label": "Shots on target", "position": "2206460", "team": "not applicable", "visibility": "visible"}, {"gameTime": "1 - 37:16", "label": "Ball out of play", "position": "2236194", "team": "home", "visibility": "visible"}, {"gameTime": "1 - 37:34", "label": "Corner", "position": "2254420", "team": "not applicable", "visibility": "visible"}, {"gameTime": "1 - 38:33", "label": "Ball out of play", "position": "2313226", "team": "home", "visibility": "visible"}, {"gameTime": "1 - 39:23", "label": "Indirect free-kick", "position": "2363226", "team": "home", "visibility": "visible"}, {"gameTime": "1 - 39:23", "label": "Shots on target", "position": "2363906", "team": "home", "visibility": "visible"}, {"gameTime": "1 - 40:34", "label": "Goal", "position": "2434232", "team": "away", "visibility": "not shown"}, {"gameTime": "1 - 41:06", "label": "Kick-off", "position": "2466219", "team": "not applicable", "visibility": "visible"}, {"gameTime": "1 - 41:23", "label": "Ball out of play", "position": "2483574", "team": "away", "visibility": "visible"}, {"gameTime": "1 - 41:34", "label": "Corner", "position": "2494730", "team": "not applicable", "visibility": "visible"}, {"gameTime": "1 - 41:42", "label": "Ball out of play", "position": "2502302", "team": "away", "visibility": "visible"}, {"gameTime": "1 - 42:49", "label": "Throw-in", "position": "2569217", "team": "away", "visibility": "visible"}, {"gameTime": "1 - 43:32", "label": "Foul", "position": "2612253", "team": "home", "visibility": "visible"}, {"gameTime": "1 - 43:34", "label": "Direct free-kick", "position": "2614638", "team": "not applicable", "visibility": "visible"}, {"gameTime": "1 - 43:47", "label": "Ball out of play", "position": "2627498", "team": "away", "visibility": "not shown"}, {"gameTime": "1 - 43:58", "label": "Clearance", "position": "2638106", "team": "home", "visibility": "visible"}, {"gameTime": "1 - 44:09", "label": "Foul", "position": "2649979", "team": "away", "visibility": "not shown"}, {"gameTime": "2 - 01:27", "label": "Kick-off", "position": "87704", "team": "away", "visibility": "visible"}, {"gameTime": "2 - 01:29", "label": "Shots off target", "position": "89132", "team": "not applicable", "visibility": "visible"}, {"gameTime": "2 - 01:44", "label": "Ball out of play", "position": "104073", "team": "home", "visibility": "visible"}, {"gameTime": "2 - 02:45", "label": "Clearance", "position": "165137", "team": "away", "visibility": "visible"}, {"gameTime": "2 - 02:53", "label": "Foul", "position": "173041", "team": "home", "visibility": "not shown"}, {"gameTime": "2 - 04:19", "label": "Indirect free-kick", "position": "259427", "team": "away", "visibility": "visible"}, {"gameTime": "2 - 04:20", "label": "Shots off target", "position": "260012", "team": "not applicable", "visibility": "visible"}, {"gameTime": "2 - 04:53", "label": "Ball out of play", "position": "293121", "team": "home", "visibility": "visible"}, {"gameTime": "2 - 05:08", "label": "Clearance", "position": "308470", "team": "not applicable", "visibility": "visible"}, {"gameTime": "2 - 05:13", "label": "Ball out of play", "position": "313540", "team": "home", "visibility": "not shown"}, {"gameTime": "2 - 06:02", "label": "Throw-in", "position": "362879", "team": "not applicable", "visibility": "visible"}, {"gameTime": "2 - 06:19", "label": "Ball out of play", "position": "379304", "team": "away", "visibility": "visible"}, {"gameTime": "2 - 06:20", "label": "Substitution", "position": "380600", "team": "away", "visibility": "not shown"}, {"gameTime": "2 - 06:28", "label": "Throw-in", "position": "388421", "team": "away", "visibility": "visible"}, {"gameTime": "2 - 07:11", "label": "Foul", "position": "431198", "team": "home", "visibility": "visible"}, {"gameTime": "2 - 07:58", "label": "Indirect free-kick", "position": "478275", "team": "not applicable", "visibility": "visible"}, {"gameTime": "2 - 08:32", "label": "Ball out of play", "position": "512612", "team": "home", "visibility": "visible"}, {"gameTime": "2 - 08:44", "label": "Substitution", "position": "524852", "team": "away", "visibility": "visible"}, {"gameTime": "2 - 08:55", "label": "Corner", "position": "535253", "team": "not applicable", "visibility": "visible"}, {"gameTime": "2 - 09:19", "label": "Ball out of play", "position": "559381", "team": "home", "visibility": "not shown"}, {"gameTime": "2 - 10:02", "label": "Clearance", "position": "602771", "team": "away", "visibility": "not shown"}, {"gameTime": "2 - 10:13", "label": "Offside", "position": "613938", "team": "home", "visibility": "visible"}, {"gameTime": "2 - 10:59", "label": "Indirect free-kick", "position": "659000", "team": "not applicable", "visibility": "visible"}, {"gameTime": "2 - 11:32", "label": "Ball out of play", "position": "692009", "team": "away", "visibility": "not shown"}, {"gameTime": "2 - 11:40", "label": "Clearance", "position": "700979", "team": "not applicable", "visibility": "visible"}, {"gameTime": "2 - 11:51", "label": "Ball out of play", "position": "711055", "team": "home", "visibility": "not shown"}, {"gameTime": "2 - 12:55", "label": "Throw-in", "position": "775112", "team": "home", "visibility": "visible"}, {"gameTime": "2 - 13:22", "label": "Foul", "position": "802870", "team": "away", "visibility": "not shown"}, {"gameTime": "2 - 13:28", "label": "Indirect free-kick", "position": "808846", "team": "not applicable", "visibility": "visible"}, {"gameTime": "2 - 13:35", "label": "Ball out of play", "position": "815403", "team": "away", "visibility": "visible"}, {"gameTime": "2 - 15:29", "label": "Throw-in", "position": "929392", "team": "not applicable", "visibility": "visible"}, {"gameTime": "2 - 15:38", "label": "Ball out of play", "position": "938181", "team": "home", "visibility": "not shown"}, {"gameTime": "2 - 15:52", "label": "Throw-in", "position": "952154", "team": "home", "visibility": "visible"}, {"gameTime": "2 - 15:53", "label": "Shots off target", "position": "953483", "team": "not applicable", "visibility": "visible"}, {"gameTime": "2 - 16:14", "label": "Ball out of play", "position": "974244", "team": "away", "visibility": "not shown"}, {"gameTime": "2 - 17:57", "label": "Clearance", "position": "1077406", "team": "away", "visibility": "visible"}, {"gameTime": "2 - 18:02", "label": "Foul", "position": "1082705", "team": "away", "visibility": "visible"}, {"gameTime": "2 - 18:32", "label": "Yellow card", "position": "1112451", "team": "away", "visibility": "visible"}, {"gameTime": "2 - 18:44", "label": "Substitution", "position": "1124969", "team": "home", "visibility": "not shown"}, {"gameTime": "2 - 19:31", "label": "Indirect free-kick", "position": "1171313", "team": "not applicable", "visibility": "visible"}, {"gameTime": "2 - 20:07", "label": "Ball out of play", "position": "1207062", "team": "home", "visibility": "visible"}, {"gameTime": "2 - 20:13", "label": "Corner", "position": "1213432", "team": "not applicable", "visibility": "visible"}, {"gameTime": "2 - 20:25", "label": "Ball out of play", "position": "1225118", "team": "away", "visibility": "not shown"}, {"gameTime": "2 - 22:21", "label": "Clearance", "position": "1341924", "team": "home", "visibility": "visible"}, {"gameTime": "2 - 22:30", "label": "Foul", "position": "1350851", "team": "away", "visibility": "visible"}, {"gameTime": "2 - 22:36", "label": "Indirect free-kick", "position": "1356805", "team": "not applicable", "visibility": "visible"}, {"gameTime": "2 - 22:40", "label": "Ball out of play", "position": "1360756", "team": "away", "visibility": "not shown"}, {"gameTime": "2 - 22:47", "label": "Throw-in", "position": "1367449", "team": "not applicable", "visibility": "visible"}, {"gameTime": "2 - 23:05", "label": "Ball out of play", "position": "1385243", "team": "away", "visibility": "visible"}, {"gameTime": "2 - 23:08", "label": "Corner", "position": "1388794", "team": "not applicable", "visibility": "visible"}, {"gameTime": "2 - 23:15", "label": "Ball out of play", "position": "1395641", "team": "away", "visibility": "visible"}, {"gameTime": "2 - 24:14", "label": "Throw-in", "position": "1454770", "team": "home", "visibility": "visible"}, {"gameTime": "2 - 24:22", "label": "Foul", "position": "1462248", "team": "away", "visibility": "not shown"}, {"gameTime": "2 - 24:55", "label": "Indirect free-kick", "position": "1495324", "team": "home", "visibility": "visible"}, {"gameTime": "2 - 25:30", "label": "Foul", "position": "1530822", "team": "away", "visibility": "visible"}, {"gameTime": "2 - 25:32", "label": "Direct free-kick", "position": "1532956", "team": "away", "visibility": "visible"}, {"gameTime": "2 - 26:36", "label": "Shots on target", "position": "1596824", "team": "not applicable", "visibility": "visible"}, {"gameTime": "2 - 26:52", "label": "Ball out of play", "position": "1612012", "team": "away", "visibility": "not shown"}, {"gameTime": "2 - 27:11", "label": "Clearance", "position": "1631173", "team": "not applicable", "visibility": "not shown"}, {"gameTime": "2 - 27:16", "label": "Ball out of play", "position": "1636273", "team": "away", "visibility": "not shown"}, {"gameTime": "2 - 27:26", "label": "Clearance", "position": "1646915", "team": "not applicable", "visibility": "visible"}, {"gameTime": "2 - 27:46", "label": "Ball out of play", "position": "1666375", "team": "home", "visibility": "not shown"}, {"gameTime": "2 - 28:16", "label": "Throw-in", "position": "1696794", "team": "not applicable", "visibility": "visible"}, {"gameTime": "2 - 28:21", "label": "Ball out of play", "position": "1701881", "team": "home", "visibility": "visible"}, {"gameTime": "2 - 29:05", "label": "Throw-in", "position": "1745880", "team": "home", "visibility": "visible"}, {"gameTime": "2 - 29:06", "label": "Shots off target", "position": "1746806", "team": "not applicable", "visibility": "visible"}, {"gameTime": "2 - 29:21", "label": "Ball out of play", "position": "1761041", "team": "away", "visibility": "not shown"}, {"gameTime": "2 - 30:03", "label": "Clearance", "position": "1803806", "team": "home", "visibility": "visible"}, {"gameTime": "2 - 30:11", "label": "Foul", "position": "1811452", "team": "away", "visibility": "visible"}, {"gameTime": "2 - 30:41", "label": "Indirect free-kick", "position": "1841488", "team": "away", "visibility": "visible"}, {"gameTime": "2 - 31:18", "label": "Foul", "position": "1878280", "team": "away", "visibility": "visible"}, {"gameTime": "2 - 31:50", "label": "Substitution", "position": "1910097", "team": "home", "visibility": "not shown"}, {"gameTime": "2 - 32:01", "label": "Indirect free-kick", "position": "1921235", "team": "not applicable", "visibility": "visible"}, {"gameTime": "2 - 32:36", "label": "Ball out of play", "position": "1956068", "team": "home", "visibility": "visible"}, {"gameTime": "2 - 32:49", "label": "Corner", "position": "1969851", "team": "not applicable", "visibility": "not shown"}, {"gameTime": "2 - 33:29", "label": "Ball out of play", "position": "2009043", "team": "home", "visibility": "visible"}, {"gameTime": "2 - 33:38", "label": "Substitution", "position": "2018159", "team": "away", "visibility": "not shown"}, {"gameTime": "2 - 34:06", "label": "Clearance", "position": "2046428", "team": "away", "visibility": "visible"}, {"gameTime": "2 - 34:53", "label": "Foul", "position": "2093887", "team": "home", "visibility": "visible"}, {"gameTime": "2 - 34:54", "label": "Direct free-kick", "position": "2094632", "team": "home", "visibility": "visible"}, {"gameTime": "2 - 35:13", "label": "Foul", "position": "2113409", "team": "away", "visibility": "not shown"}, {"gameTime": "2 - 35:20", "label": "Indirect free-kick", "position": "2120107", "team": "not applicable", "visibility": "not shown"}, {"gameTime": "2 - 35:26", "label": "Ball out of play", "position": "2126308", "team": "home", "visibility": "not shown"}, {"gameTime": "2 - 36:30", "label": "Throw-in", "position": "2190041", "team": "not applicable", "visibility": "visible"}, {"gameTime": "2 - 36:47", "label": "Ball out of play", "position": "2207855", "team": "away", "visibility": "visible"}, {"gameTime": "2 - 36:58", "label": "Corner", "position": "2218181", "team": "not applicable", "visibility": "visible"}, {"gameTime": "2 - 37:23", "label": "Ball out of play", "position": "2243018", "team": "home", "visibility": "visible"}, {"gameTime": "2 - 37:40", "label": "Throw-in", "position": "2260392", "team": "home", "visibility": "visible"}, {"gameTime": "2 - 37:41", "label": "Shots off target", "position": "2261623", "team": "not applicable", "visibility": "visible"}, {"gameTime": "2 - 37:55", "label": "Ball out of play", "position": "2275858", "team": "away", "visibility": "not shown"}, {"gameTime": "2 - 39:01", "label": "Clearance", "position": "2341205", "team": "not applicable", "visibility": "visible"}, {"gameTime": "2 - 39:11", "label": "Ball out of play", "position": "2351947", "team": "away", "visibility": "visible"}, {"gameTime": "2 - 40:10", "label": "Throw-in", "position": "2410009", "team": "not applicable", "visibility": "visible"}, {"gameTime": "2 - 40:13", "label": "Ball out of play", "position": "2413983", "team": "away", "visibility": "visible"}, {"gameTime": "2 - 41:14", "label": "Throw-in", "position": "2474228", "team": "not applicable", "visibility": "visible"}, {"gameTime": "2 - 41:17", "label": "Ball out of play", "position": "2477773", "team": "away", "visibility": "not shown"}, {"gameTime": "2 - 41:44", "label": "Throw-in", "position": "2504201", "team": "not applicable", "visibility": "visible"}, {"gameTime": "2 - 41:47", "label": "Ball out of play", "position": "2507154", "team": "away", "visibility": "not shown"}, {"gameTime": "2 - 43:26", "label": "Throw-in", "position": "2606449", "team": "away", "visibility": "visible"}, {"gameTime": "2 - 43:50", "label": "Foul", "position": "2630041", "team": "home", "visibility": "visible"}, {"gameTime": "2 - 43:56", "label": "Substitution", "position": "2636244", "team": "home", "visibility": "not shown"}, {"gameTime": "2 - 44:57", "label": "Indirect free-kick", "position": "2697749", "team": "not applicable", "visibility": "visible"}], "gameAwayTeam": "Lyon", "gameDate": "19/03/2017 - 23:00", "gameHomeTeam": "Paris SG", "gameScore": "2 - 1"}