{"UrlLocal": "italy_serie-a/2016-2017/2017-01-08 - 17-00 Genoa 0 - 1 AS Roma/", "UrlYoutube": "", "annotations": [{"gameTime": "1 - 00:45", "label": "Kick-off", "position": "45147", "team": "home", "visibility": "visible"}, {"gameTime": "1 - 00:46", "label": "Shots on target", "position": "46667", "team": "not applicable", "visibility": "visible"}, {"gameTime": "1 - 01:15", "label": "Ball out of play", "position": "75625", "team": "home", "visibility": "visible"}, {"gameTime": "1 - 01:25", "label": "Corner", "position": "85998", "team": "not applicable", "visibility": "visible"}, {"gameTime": "1 - 01:38", "label": "Ball out of play", "position": "98009", "team": "away", "visibility": "not shown"}, {"gameTime": "1 - 01:44", "label": "Clearance", "position": "104374", "team": "not applicable", "visibility": "visible"}, {"gameTime": "1 - 01:49", "label": "Ball out of play", "position": "109182", "team": "away", "visibility": "visible"}, {"gameTime": "1 - 02:22", "label": "Throw-in", "position": "142907", "team": "away", "visibility": "visible"}, {"gameTime": "1 - 02:28", "label": "Shots on target", "position": "148726", "team": "away", "visibility": "visible"}, {"gameTime": "1 - 02:40", "label": "Shots on target", "position": "160396", "team": "not applicable", "visibility": "visible"}, {"gameTime": "1 - 05:15", "label": "Ball out of play", "position": "315991", "team": "not applicable", "visibility": "visible"}, {"gameTime": "1 - 05:30", "label": "Ball out of play", "position": "330242", "team": "away", "visibility": "visible"}, {"gameTime": "1 - 06:18", "label": "Clearance", "position": "378339", "team": "not applicable", "visibility": "visible"}, {"gameTime": "1 - 06:36", "label": "Ball out of play", "position": "396880", "team": "away", "visibility": "visible"}, {"gameTime": "1 - 07:05", "label": "Throw-in", "position": "425233", "team": "not applicable", "visibility": "visible"}, {"gameTime": "1 - 07:24", "label": "Ball out of play", "position": "444101", "team": "away", "visibility": "visible"}, {"gameTime": "1 - 07:38", "label": "Throw-in", "position": "458042", "team": "not applicable", "visibility": "visible"}, {"gameTime": "1 - 08:31", "label": "Ball out of play", "position": "511949", "team": "home", "visibility": "visible"}, {"gameTime": "1 - 09:09", "label": "Substitution", "position": "549463", "team": "away", "visibility": "visible"}, {"gameTime": "1 - 09:14", "label": "Throw-in", "position": "554727", "team": "not applicable", "visibility": "visible"}, {"gameTime": "1 - 09:19", "label": "Ball out of play", "position": "559882", "team": "home", "visibility": "not shown"}, {"gameTime": "1 - 10:31", "label": "Throw-in", "position": "631440", "team": "not applicable", "visibility": "visible"}, {"gameTime": "1 - 10:49", "label": "Ball out of play", "position": "649449", "team": "home", "visibility": "visible"}, {"gameTime": "1 - 11:14", "label": "Throw-in", "position": "674971", "team": "not applicable", "visibility": "visible"}, {"gameTime": "1 - 11:45", "label": "Ball out of play", "position": "705461", "team": "away", "visibility": "visible"}, {"gameTime": "1 - 12:01", "label": "Corner", "position": "721731", "team": "not applicable", "visibility": "visible"}, {"gameTime": "1 - 12:17", "label": "Ball out of play", "position": "737165", "team": "home", "visibility": "visible"}, {"gameTime": "1 - 12:35", "label": "Throw-in", "position": "755379", "team": "not applicable", "visibility": "visible"}, {"gameTime": "1 - 13:03", "label": "Ball out of play", "position": "783374", "team": "away", "visibility": "visible"}, {"gameTime": "1 - 13:29", "label": "Corner", "position": "809073", "team": "home", "visibility": "visible"}, {"gameTime": "1 - 13:46", "label": "Offside", "position": "826675", "team": "away", "visibility": "not shown"}, {"gameTime": "1 - 14:07", "label": "Indirect free-kick", "position": "847893", "team": "away", "visibility": "visible"}, {"gameTime": "1 - 14:08", "label": "Shots off target", "position": "848242", "team": "not applicable", "visibility": "visible"}, {"gameTime": "1 - 14:33", "label": "Ball out of play", "position": "873404", "team": "home", "visibility": "visible"}, {"gameTime": "1 - 14:52", "label": "Clearance", "position": "892495", "team": "not applicable", "visibility": "visible"}, {"gameTime": "1 - 15:05", "label": "Ball out of play", "position": "905543", "team": "away", "visibility": "visible"}, {"gameTime": "1 - 15:44", "label": "Throw-in", "position": "944929", "team": "home", "visibility": "visible"}, {"gameTime": "1 - 16:02", "label": "Foul", "position": "962917", "team": "away", "visibility": "not shown"}, {"gameTime": "1 - 16:19", "label": "Indirect free-kick", "position": "979162", "team": "home", "visibility": "visible"}, {"gameTime": "1 - 16:44", "label": "Foul", "position": "1004190", "team": "away", "visibility": "not shown"}, {"gameTime": "1 - 17:42", "label": "Indirect free-kick", "position": "1062235", "team": "not applicable", "visibility": "visible"}, {"gameTime": "1 - 18:04", "label": "Ball out of play", "position": "1084905", "team": "home", "visibility": "visible"}, {"gameTime": "1 - 18:06", "label": "Throw-in", "position": "1086692", "team": "away", "visibility": "visible"}, {"gameTime": "1 - 18:41", "label": "Foul", "position": "1121448", "team": "home", "visibility": "visible"}, {"gameTime": "1 - 18:47", "label": "Direct free-kick", "position": "1127712", "team": "not applicable", "visibility": "visible"}, {"gameTime": "1 - 19:03", "label": "Ball out of play", "position": "1143187", "team": "home", "visibility": "visible"}, {"gameTime": "1 - 19:44", "label": "Throw-in", "position": "1184447", "team": "not applicable", "visibility": "visible"}, {"gameTime": "1 - 19:50", "label": "Ball out of play", "position": "1190701", "team": "home", "visibility": "not shown"}, {"gameTime": "1 - 19:54", "label": "Throw-in", "position": "1194402", "team": "not applicable", "visibility": "visible"}, {"gameTime": "1 - 19:59", "label": "Ball out of play", "position": "1199706", "team": "home", "visibility": "visible"}, {"gameTime": "1 - 20:26", "label": "Throw-in", "position": "1226671", "team": "not applicable", "visibility": "visible"}, {"gameTime": "1 - 20:42", "label": "Ball out of play", "position": "1242392", "team": "away", "visibility": "not shown"}, {"gameTime": "1 - 21:18", "label": "Throw-in", "position": "1278786", "team": "away", "visibility": "visible"}, {"gameTime": "1 - 21:37", "label": "Shots on target", "position": "1297327", "team": "away", "visibility": "visible"}, {"gameTime": "1 - 22:38", "label": "Shots on target", "position": "1358059", "team": "not applicable", "visibility": "visible"}, {"gameTime": "1 - 22:40", "label": "Ball out of play", "position": "1360809", "team": "home", "visibility": "not shown"}, {"gameTime": "1 - 22:47", "label": "Throw-in", "position": "1367368", "team": "not applicable", "visibility": "visible"}, {"gameTime": "1 - 23:04", "label": "Ball out of play", "position": "1384379", "team": "away", "visibility": "not shown"}, {"gameTime": "1 - 23:36", "label": "Clearance", "position": "1416565", "team": "home", "visibility": "visible"}, {"gameTime": "1 - 23:55", "label": "Shots on target", "position": "1435610", "team": "home", "visibility": "visible"}, {"gameTime": "1 - 24:24", "label": "Foul", "position": "1464007", "team": "away", "visibility": "visible"}, {"gameTime": "1 - 24:50", "label": "Indirect free-kick", "position": "1490840", "team": "not applicable", "visibility": "visible"}, {"gameTime": "1 - 24:57", "label": "Ball out of play", "position": "1497570", "team": "away", "visibility": "visible"}, {"gameTime": "1 - 25:05", "label": "Throw-in", "position": "1505616", "team": "not applicable", "visibility": "visible"}, {"gameTime": "1 - 25:21", "label": "Ball out of play", "position": "1521300", "team": "away", "visibility": "visible"}, {"gameTime": "1 - 25:36", "label": "Throw-in", "position": "1536743", "team": "away", "visibility": "visible"}, {"gameTime": "1 - 25:37", "label": "Shots off target", "position": "1537876", "team": "not applicable", "visibility": "visible"}, {"gameTime": "1 - 26:00", "label": "Ball out of play", "position": "1560608", "team": "home", "visibility": "not shown"}, {"gameTime": "1 - 26:45", "label": "Clearance", "position": "1605056", "team": "home", "visibility": "visible"}, {"gameTime": "1 - 26:50", "label": "Foul", "position": "1610720", "team": "home", "visibility": "visible"}, {"gameTime": "1 - 27:07", "label": "Yellow card", "position": "1627803", "team": "away", "visibility": "not shown"}, {"gameTime": "1 - 27:27", "label": "Indirect free-kick", "position": "1647306", "team": "not applicable", "visibility": "visible"}, {"gameTime": "1 - 27:55", "label": "Ball out of play", "position": "1675695", "team": "away", "visibility": "visible"}, {"gameTime": "1 - 28:06", "label": "Corner", "position": "1686758", "team": "not applicable", "visibility": "visible"}, {"gameTime": "1 - 28:32", "label": "Ball out of play", "position": "1712583", "team": "home", "visibility": "not shown"}, {"gameTime": "1 - 29:04", "label": "Clearance", "position": "1744082", "team": "away", "visibility": "visible"}, {"gameTime": "1 - 29:34", "label": "Shots on target", "position": "1774898", "team": "not applicable", "visibility": "visible"}, {"gameTime": "1 - 29:58", "label": "Ball out of play", "position": "1798780", "team": "home", "visibility": "not shown"}, {"gameTime": "1 - 31:25", "label": "Clearance", "position": "1885334", "team": "away", "visibility": "visible"}, {"gameTime": "1 - 31:44", "label": "Foul", "position": "1904778", "team": "home", "visibility": "visible"}, {"gameTime": "1 - 32:44", "label": "Indirect free-kick", "position": "1964986", "team": "not applicable", "visibility": "visible"}, {"gameTime": "1 - 33:05", "label": "Ball out of play", "position": "1985631", "team": "away", "visibility": "visible"}, {"gameTime": "1 - 33:28", "label": "Throw-in", "position": "2008975", "team": "home", "visibility": "visible"}, {"gameTime": "1 - 33:39", "label": "Foul", "position": "2019372", "team": "away", "visibility": "not shown"}, {"gameTime": "1 - 34:43", "label": "Indirect free-kick", "position": "2083204", "team": "not applicable", "visibility": "visible"}, {"gameTime": "1 - 34:46", "label": "Ball out of play", "position": "2086765", "team": "away", "visibility": "visible"}, {"gameTime": "1 - 35:03", "label": "Throw-in", "position": "2103440", "team": "away", "visibility": "visible"}, {"gameTime": "1 - 36:05", "label": "Goal", "position": "2165993", "team": "home", "visibility": "not shown"}, {"gameTime": "1 - 36:52", "label": "Kick-off", "position": "2212563", "team": "not applicable", "visibility": "visible"}, {"gameTime": "1 - 37:03", "label": "Ball out of play", "position": "2223420", "team": "home", "visibility": "not shown"}, {"gameTime": "1 - 37:10", "label": "Clearance", "position": "2230886", "team": "away", "visibility": "visible"}, {"gameTime": "1 - 37:15", "label": "Foul", "position": "2235857", "team": "away", "visibility": "visible"}, {"gameTime": "1 - 38:15", "label": "Yellow card", "position": "2295996", "team": "home", "visibility": "visible"}, {"gameTime": "1 - 38:16", "label": "Shots on target", "position": "2296025", "team": "home", "visibility": "visible"}, {"gameTime": "1 - 38:24", "label": "Direct free-kick", "position": "2304155", "team": "away", "visibility": "visible"}, {"gameTime": "1 - 38:47", "label": "Foul", "position": "2327293", "team": "home", "visibility": "visible"}, {"gameTime": "1 - 38:49", "label": "Direct free-kick", "position": "2329618", "team": "home", "visibility": "visible"}, {"gameTime": "1 - 39:04", "label": "Offside", "position": "2344418", "team": "away", "visibility": "not shown"}, {"gameTime": "1 - 39:31", "label": "Indirect free-kick", "position": "2371629", "team": "home", "visibility": "visible"}, {"gameTime": "1 - 39:57", "label": "Foul", "position": "2397534", "team": "away", "visibility": "visible"}, {"gameTime": "1 - 40:55", "label": "Indirect free-kick", "position": "2455737", "team": "not applicable", "visibility": "visible"}, {"gameTime": "1 - 41:18", "label": "Ball out of play", "position": "2478152", "team": "home", "visibility": "visible"}, {"gameTime": "1 - 41:57", "label": "Throw-in", "position": "2517997", "team": "not applicable", "visibility": "not shown"}, {"gameTime": "1 - 42:34", "label": "Ball out of play", "position": "2554069", "team": "away", "visibility": "visible"}, {"gameTime": "1 - 42:37", "label": "Throw-in", "position": "2557539", "team": "not applicable", "visibility": "visible"}, {"gameTime": "1 - 42:47", "label": "Ball out of play", "position": "2567566", "team": "home", "visibility": "visible"}, {"gameTime": "1 - 43:05", "label": "Clearance", "position": "2585225", "team": "not applicable", "visibility": "visible"}, {"gameTime": "1 - 43:15", "label": "Ball out of play", "position": "2595117", "team": "away", "visibility": "visible"}, {"gameTime": "1 - 44:11", "label": "Throw-in", "position": "2651736", "team": "away", "visibility": "visible"}, {"gameTime": "1 - 44:31", "label": "Foul", "position": "2671450", "team": "home", "visibility": "visible"}, {"gameTime": "1 - 44:45", "label": "Indirect free-kick", "position": "2685453", "team": "not applicable", "visibility": "visible"}, {"gameTime": "2 - 01:01", "label": "Kick-off", "position": "61243", "team": "not applicable", "visibility": "visible"}, {"gameTime": "2 - 01:20", "label": "Ball out of play", "position": "80180", "team": "away", "visibility": "visible"}, {"gameTime": "2 - 02:09", "label": "Throw-in", "position": "129514", "team": "away", "visibility": "visible"}, {"gameTime": "2 - 02:12", "label": "Shots on target", "position": "132054", "team": "not applicable", "visibility": "visible"}, {"gameTime": "2 - 02:41", "label": "Ball out of play", "position": "161121", "team": "away", "visibility": "visible"}, {"gameTime": "2 - 02:46", "label": "Corner", "position": "166394", "team": "not applicable", "visibility": "visible"}, {"gameTime": "2 - 03:09", "label": "Ball out of play", "position": "189232", "team": "away", "visibility": "not shown"}, {"gameTime": "2 - 03:41", "label": "Corner", "position": "221691", "team": "not applicable", "visibility": "visible"}, {"gameTime": "2 - 03:43", "label": "Ball out of play", "position": "223218", "team": "away", "visibility": "visible"}, {"gameTime": "2 - 04:34", "label": "Yellow card", "position": "274084", "team": "away", "visibility": "not shown"}, {"gameTime": "2 - 04:51", "label": "Throw-in", "position": "291420", "team": "not applicable", "visibility": "visible"}, {"gameTime": "2 - 05:11", "label": "Ball out of play", "position": "311520", "team": "away", "visibility": "visible"}, {"gameTime": "2 - 05:45", "label": "Corner", "position": "345973", "team": "not applicable", "visibility": "visible"}, {"gameTime": "2 - 06:02", "label": "Ball out of play", "position": "362409", "team": "away", "visibility": "visible"}, {"gameTime": "2 - 06:23", "label": "Clearance", "position": "383986", "team": "not applicable", "visibility": "visible"}, {"gameTime": "2 - 06:40", "label": "Ball out of play", "position": "400786", "team": "home", "visibility": "visible"}, {"gameTime": "2 - 06:43", "label": "Throw-in", "position": "403533", "team": "away", "visibility": "visible"}, {"gameTime": "2 - 06:56", "label": "Foul", "position": "416169", "team": "home", "visibility": "visible"}, {"gameTime": "2 - 07:19", "label": "Indirect free-kick", "position": "439322", "team": "home", "visibility": "visible"}, {"gameTime": "2 - 07:40", "label": "Foul", "position": "460230", "team": "away", "visibility": "visible"}, {"gameTime": "2 - 07:49", "label": "Indirect free-kick", "position": "469767", "team": "away", "visibility": "visible"}, {"gameTime": "2 - 08:06", "label": "Foul", "position": "486120", "team": "home", "visibility": "visible"}, {"gameTime": "2 - 09:06", "label": "Indirect free-kick", "position": "546428", "team": "not applicable", "visibility": "visible"}, {"gameTime": "2 - 09:14", "label": "Ball out of play", "position": "554456", "team": "away", "visibility": "not shown"}, {"gameTime": "2 - 09:50", "label": "Throw-in", "position": "590944", "team": "home", "visibility": "visible"}, {"gameTime": "2 - 09:52", "label": "Shots off target", "position": "592603", "team": "not applicable", "visibility": "visible"}, {"gameTime": "2 - 10:13", "label": "Ball out of play", "position": "613103", "team": "away", "visibility": "visible"}, {"gameTime": "2 - 11:28", "label": "Clearance", "position": "688832", "team": "not applicable", "visibility": "visible"}, {"gameTime": "2 - 11:55", "label": "Ball out of play", "position": "715311", "team": "home", "visibility": "not shown"}, {"gameTime": "2 - 12:06", "label": "Clearance", "position": "726239", "team": "away", "visibility": "visible"}, {"gameTime": "2 - 12:42", "label": "Shots off target", "position": "762042", "team": "away", "visibility": "visible"}, {"gameTime": "2 - 13:18", "label": "Foul", "position": "798031", "team": "home", "visibility": "visible"}, {"gameTime": "2 - 13:41", "label": "Indirect free-kick", "position": "821017", "team": "home", "visibility": "visible"}, {"gameTime": "2 - 14:36", "label": "Foul", "position": "876310", "team": "away", "visibility": "visible"}, {"gameTime": "2 - 14:58", "label": "Indirect free-kick", "position": "898642", "team": "away", "visibility": "visible"}, {"gameTime": "2 - 15:03", "label": "Shots off target", "position": "903150", "team": "home", "visibility": "visible"}, {"gameTime": "2 - 16:20", "label": "Foul", "position": "980033", "team": "away", "visibility": "not shown"}, {"gameTime": "2 - 16:25", "label": "Indirect free-kick", "position": "985030", "team": "not applicable", "visibility": "visible"}, {"gameTime": "2 - 16:44", "label": "Ball out of play", "position": "1004492", "team": "home", "visibility": "visible"}, {"gameTime": "2 - 16:54", "label": "Substitution", "position": "1014857", "team": "home", "visibility": "not shown"}, {"gameTime": "2 - 17:40", "label": "Clearance", "position": "1060849", "team": "away", "visibility": "visible"}, {"gameTime": "2 - 17:41", "label": "Shots on target", "position": "1061047", "team": "not applicable", "visibility": "visible"}, {"gameTime": "2 - 18:12", "label": "Ball out of play", "position": "1092825", "team": "away", "visibility": "visible"}, {"gameTime": "2 - 18:16", "label": "Corner", "position": "1096630", "team": "not applicable", "visibility": "visible"}, {"gameTime": "2 - 18:37", "label": "Ball out of play", "position": "1117108", "team": "home", "visibility": "not shown"}, {"gameTime": "2 - 19:00", "label": "Clearance", "position": "1140932", "team": "home", "visibility": "visible"}, {"gameTime": "2 - 19:22", "label": "Offside", "position": "1162987", "team": "away", "visibility": "not shown"}, {"gameTime": "2 - 19:59", "label": "Indirect free-kick", "position": "1199577", "team": "away", "visibility": "visible"}, {"gameTime": "2 - 20:03", "label": "Foul", "position": "1203000", "team": "away", "visibility": "visible"}, {"gameTime": "2 - 20:20", "label": "Yellow card", "position": "1220834", "team": "home", "visibility": "visible"}, {"gameTime": "2 - 22:11", "label": "Indirect free-kick", "position": "1331043", "team": "not applicable", "visibility": "visible"}, {"gameTime": "2 - 22:17", "label": "Ball out of play", "position": "1337541", "team": "home", "visibility": "visible"}, {"gameTime": "2 - 24:00", "label": "Clearance", "position": "1440389", "team": "away", "visibility": "visible"}, {"gameTime": "2 - 24:00", "label": "Shots off target", "position": "1440941", "team": "not applicable", "visibility": "visible"}, {"gameTime": "2 - 24:24", "label": "Ball out of play", "position": "1464080", "team": "home", "visibility": "not shown"}, {"gameTime": "2 - 24:38", "label": "Clearance", "position": "1478321", "team": "away", "visibility": "visible"}, {"gameTime": "2 - 24:59", "label": "Foul", "position": "1499822", "team": "home", "visibility": "visible"}, {"gameTime": "2 - 26:16", "label": "Indirect free-kick", "position": "1576574", "team": "not applicable", "visibility": "visible"}, {"gameTime": "2 - 26:52", "label": "Ball out of play", "position": "1612192", "team": "away", "visibility": "visible"}, {"gameTime": "2 - 27:10", "label": "Corner", "position": "1630502", "team": "not applicable", "visibility": "visible"}, {"gameTime": "2 - 27:25", "label": "Ball out of play", "position": "1645364", "team": "home", "visibility": "visible"}, {"gameTime": "2 - 28:00", "label": "Throw-in", "position": "1680667", "team": "not applicable", "visibility": "visible"}, {"gameTime": "2 - 28:26", "label": "Ball out of play", "position": "1706261", "team": "away", "visibility": "not shown"}, {"gameTime": "2 - 29:10", "label": "Clearance", "position": "1750731", "team": "not applicable", "visibility": "visible"}, {"gameTime": "2 - 29:34", "label": "Ball out of play", "position": "1774884", "team": "away", "visibility": "visible"}, {"gameTime": "2 - 30:02", "label": "Throw-in", "position": "1802744", "team": "not applicable", "visibility": "visible"}, {"gameTime": "2 - 30:19", "label": "Ball out of play", "position": "1819353", "team": "away", "visibility": "not shown"}, {"gameTime": "2 - 30:41", "label": "Clearance", "position": "1841589", "team": "not applicable", "visibility": "visible"}, {"gameTime": "2 - 30:48", "label": "Ball out of play", "position": "1848867", "team": "home", "visibility": "visible"}, {"gameTime": "2 - 31:35", "label": "Throw-in", "position": "1895021", "team": "not applicable", "visibility": "visible"}, {"gameTime": "2 - 31:57", "label": "Ball out of play", "position": "1917562", "team": "home", "visibility": "visible"}, {"gameTime": "2 - 32:36", "label": "Substitution", "position": "1956734", "team": "away", "visibility": "visible"}, {"gameTime": "2 - 32:50", "label": "Substitution", "position": "1970576", "team": "away", "visibility": "visible"}, {"gameTime": "2 - 33:13", "label": "Clearance", "position": "1993431", "team": "away", "visibility": "visible"}, {"gameTime": "2 - 33:55", "label": "Foul", "position": "2035944", "team": "home", "visibility": "visible"}, {"gameTime": "2 - 33:55", "label": "Shots off target", "position": "2035944", "team": "home", "visibility": "visible"}, {"gameTime": "2 - 33:57", "label": "Direct free-kick", "position": "2037193", "team": "not applicable", "visibility": "visible"}, {"gameTime": "2 - 34:18", "label": "Ball out of play", "position": "2058943", "team": "away", "visibility": "not shown"}, {"gameTime": "2 - 35:06", "label": "Clearance", "position": "2106893", "team": "home", "visibility": "visible"}, {"gameTime": "2 - 35:11", "label": "Foul", "position": "2111284", "team": "home", "visibility": "visible"}, {"gameTime": "2 - 35:51", "label": "Yellow card", "position": "2151154", "team": "away", "visibility": "visible"}, {"gameTime": "2 - 37:45", "label": "Indirect free-kick", "position": "2265034", "team": "home", "visibility": "visible"}, {"gameTime": "2 - 38:07", "label": "Offside", "position": "2287203", "team": "home", "visibility": "visible"}, {"gameTime": "2 - 38:16", "label": "Yellow card", "position": "2296942", "team": "away", "visibility": "visible"}, {"gameTime": "2 - 38:33", "label": "Indirect free-kick", "position": "2313676", "team": "away", "visibility": "visible"}, {"gameTime": "2 - 38:39", "label": "Foul", "position": "2319724", "team": "away", "visibility": "visible"}, {"gameTime": "2 - 39:40", "label": "Yellow card", "position": "2380582", "team": "away", "visibility": "visible"}, {"gameTime": "2 - 39:53", "label": "Substitution", "position": "2393022", "team": "home", "visibility": "visible"}, {"gameTime": "2 - 39:53", "label": "Direct free-kick", "position": "2393022", "team": "home", "visibility": "visible"}, {"gameTime": "2 - 40:11", "label": "Shots on target", "position": "2411868", "team": "not applicable", "visibility": "not shown"}, {"gameTime": "2 - 40:25", "label": "Ball out of play", "position": "2425418", "team": "away", "visibility": "visible"}, {"gameTime": "2 - 40:41", "label": "Throw-in", "position": "2441050", "team": "not applicable", "visibility": "not shown"}, {"gameTime": "2 - 40:46", "label": "Ball out of play", "position": "2446779", "team": "home", "visibility": "not shown"}, {"gameTime": "2 - 41:16", "label": "Throw-in", "position": "2476678", "team": "home", "visibility": "visible"}, {"gameTime": "2 - 41:17", "label": "Shots off target", "position": "2477210", "team": "not applicable", "visibility": "not shown"}, {"gameTime": "2 - 41:43", "label": "Ball out of play", "position": "2503539", "team": "away", "visibility": "not shown"}, {"gameTime": "2 - 41:58", "label": "Clearance", "position": "2518420", "team": "home", "visibility": "visible"}, {"gameTime": "2 - 42:45", "label": "Foul", "position": "2565251", "team": "away", "visibility": "visible"}, {"gameTime": "2 - 42:48", "label": "Substitution", "position": "2568439", "team": "away", "visibility": "not shown"}, {"gameTime": "2 - 43:27", "label": "Indirect free-kick", "position": "2607082", "team": "not applicable", "visibility": "visible"}, {"gameTime": "2 - 43:38", "label": "Ball out of play", "position": "2618604", "team": "away", "visibility": "visible"}, {"gameTime": "2 - 44:24", "label": "Throw-in", "position": "2664577", "team": "away", "visibility": "visible"}, {"gameTime": "2 - 44:25", "label": "Shots off target", "position": "2665947", "team": "not applicable", "visibility": "visible"}, {"gameTime": "2 - 44:33", "label": "Ball out of play", "position": "2673240", "team": "home", "visibility": "not shown"}], "gameAwayTeam": "AS Roma", "gameDate": "08/01/2017 - 17:00", "gameHomeTeam": "Genoa", "gameScore": "0 - 1"}