{"UrlLocal": "spain_laliga/2014-2015/2015-05-09 - 19-00 Barcelona 2 - 0 Real Sociedad/", "UrlYoutube": "", "annotations": [{"gameTime": "1 - 00:00", "label": "Ball out of play", "position": "36", "team": "home", "visibility": "not shown"}, {"gameTime": "1 - 02:53", "label": "Throw-in", "position": "173728", "team": "not applicable", "visibility": "visible"}, {"gameTime": "1 - 03:08", "label": "Ball out of play", "position": "188588", "team": "away", "visibility": "visible"}, {"gameTime": "1 - 03:14", "label": "Corner", "position": "194966", "team": "not applicable", "visibility": "visible"}, {"gameTime": "1 - 03:42", "label": "Shots off target", "position": "222576", "team": "away", "visibility": "visible"}, {"gameTime": "1 - 03:43", "label": "Ball out of play", "position": "223673", "team": "away", "visibility": "visible"}, {"gameTime": "1 - 03:44", "label": "Clearance", "position": "224127", "team": "not applicable", "visibility": "visible"}, {"gameTime": "1 - 04:05", "label": "Ball out of play", "position": "245820", "team": "home", "visibility": "visible"}, {"gameTime": "1 - 04:10", "label": "Throw-in", "position": "250476", "team": "not applicable", "visibility": "visible"}, {"gameTime": "1 - 04:22", "label": "Ball out of play", "position": "262484", "team": "away", "visibility": "visible"}, {"gameTime": "1 - 04:30", "label": "Throw-in", "position": "270550", "team": "not applicable", "visibility": "visible"}, {"gameTime": "1 - 04:35", "label": "Ball out of play", "position": "275692", "team": "home", "visibility": "visible"}, {"gameTime": "1 - 05:22", "label": "Throw-in", "position": "322168", "team": "not applicable", "visibility": "visible"}, {"gameTime": "1 - 05:35", "label": "Foul", "position": "335284", "team": "away", "visibility": "visible"}, {"gameTime": "1 - 06:12", "label": "Indirect free-kick", "position": "372594", "team": "away", "visibility": "visible"}, {"gameTime": "1 - 06:30", "label": "Shots on target", "position": "390510", "team": "home", "visibility": "visible"}, {"gameTime": "1 - 07:02", "label": "Ball out of play", "position": "422202", "team": "home", "visibility": "visible"}, {"gameTime": "1 - 07:03", "label": "Corner", "position": "423390", "team": "not applicable", "visibility": "visible"}, {"gameTime": "1 - 07:26", "label": "Ball out of play", "position": "446573", "team": "home", "visibility": "visible"}, {"gameTime": "1 - 07:31", "label": "Corner", "position": "451893", "team": "not applicable", "visibility": "visible"}, {"gameTime": "1 - 07:47", "label": "Ball out of play", "position": "467349", "team": "home", "visibility": "visible"}, {"gameTime": "1 - 07:52", "label": "Throw-in", "position": "472650", "team": "not applicable", "visibility": "visible"}, {"gameTime": "1 - 07:57", "label": "Shots off target", "position": "477531", "team": "home", "visibility": "visible"}, {"gameTime": "1 - 08:38", "label": "Ball out of play", "position": "518815", "team": "home", "visibility": "visible"}, {"gameTime": "1 - 08:39", "label": "Clearance", "position": "519651", "team": "not applicable", "visibility": "visible"}, {"gameTime": "1 - 09:04", "label": "Ball out of play", "position": "544819", "team": "away", "visibility": "not shown"}, {"gameTime": "1 - 09:18", "label": "Throw-in", "position": "558856", "team": "not applicable", "visibility": "visible"}, {"gameTime": "1 - 09:28", "label": "Ball out of play", "position": "568595", "team": "away", "visibility": "visible"}, {"gameTime": "1 - 09:49", "label": "Throw-in", "position": "589173", "team": "not applicable", "visibility": "visible"}, {"gameTime": "1 - 09:56", "label": "Ball out of play", "position": "596831", "team": "away", "visibility": "visible"}, {"gameTime": "1 - 10:07", "label": "Throw-in", "position": "607493", "team": "not applicable", "visibility": "visible"}, {"gameTime": "1 - 10:19", "label": "Ball out of play", "position": "619591", "team": "home", "visibility": "visible"}, {"gameTime": "1 - 10:52", "label": "Throw-in", "position": "652675", "team": "not applicable", "visibility": "visible"}, {"gameTime": "1 - 11:04", "label": "Shots on target", "position": "664869", "team": "away", "visibility": "visible"}, {"gameTime": "1 - 11:59", "label": "Ball out of play", "position": "719969", "team": "home", "visibility": "visible"}, {"gameTime": "1 - 14:00", "label": "Throw-in", "position": "840520", "team": "not applicable", "visibility": "visible"}, {"gameTime": "1 - 14:13", "label": "Offside", "position": "853139", "team": "away", "visibility": "not shown"}, {"gameTime": "1 - 16:32", "label": "Indirect free-kick", "position": "992995", "team": "away", "visibility": "visible"}, {"gameTime": "1 - 16:49", "label": "Ball out of play", "position": "1009817", "team": "home", "visibility": "visible"}, {"gameTime": "1 - 17:59", "label": "Throw-in", "position": "1079449", "team": "not applicable", "visibility": "visible"}, {"gameTime": "1 - 18:16", "label": "Ball out of play", "position": "1096105", "team": "home", "visibility": "visible"}, {"gameTime": "1 - 19:09", "label": "Clearance", "position": "1149665", "team": "not applicable", "visibility": "visible"}, {"gameTime": "1 - 19:36", "label": "Foul", "position": "1176967", "team": "away", "visibility": "not shown"}, {"gameTime": "1 - 19:38", "label": "Indirect free-kick", "position": "1178969", "team": "home", "visibility": "not shown"}, {"gameTime": "1 - 20:01", "label": "Ball out of play", "position": "1201653", "team": "away", "visibility": "visible"}, {"gameTime": "1 - 20:23", "label": "Throw-in", "position": "1223957", "team": "not applicable", "visibility": "visible"}, {"gameTime": "1 - 20:37", "label": "Foul", "position": "1237995", "team": "home", "visibility": "not shown"}, {"gameTime": "1 - 21:05", "label": "Indirect free-kick", "position": "1265019", "team": "home", "visibility": "visible"}, {"gameTime": "1 - 21:31", "label": "Ball out of play", "position": "1291945", "team": "away", "visibility": "not shown"}, {"gameTime": "1 - 21:35", "label": "Throw-in", "position": "1295843", "team": "not applicable", "visibility": "visible"}, {"gameTime": "1 - 21:45", "label": "Ball out of play", "position": "1305779", "team": "home", "visibility": "visible"}, {"gameTime": "1 - 21:54", "label": "Throw-in", "position": "1314085", "team": "not applicable", "visibility": "visible"}, {"gameTime": "1 - 22:05", "label": "Offside", "position": "1325713", "team": "away", "visibility": "visible"}, {"gameTime": "1 - 22:15", "label": "Indirect free-kick", "position": "1335313", "team": "away", "visibility": "visible"}, {"gameTime": "1 - 22:30", "label": "Ball out of play", "position": "1350807", "team": "home", "visibility": "visible"}, {"gameTime": "1 - 23:23", "label": "Clearance", "position": "1403579", "team": "not applicable", "visibility": "visible"}, {"gameTime": "1 - 23:47", "label": "Offside", "position": "1427285", "team": "away", "visibility": "not shown"}, {"gameTime": "1 - 24:42", "label": "Indirect free-kick", "position": "1482487", "team": "home", "visibility": "visible"}, {"gameTime": "1 - 25:06", "label": "Offside", "position": "1506389", "team": "away", "visibility": "visible"}, {"gameTime": "1 - 25:10", "label": "Indirect free-kick", "position": "1510555", "team": "away", "visibility": "visible"}, {"gameTime": "1 - 25:17", "label": "Foul", "position": "1517105", "team": "home", "visibility": "visible"}, {"gameTime": "1 - 25:23", "label": "Yellow card", "position": "1523915", "team": "away", "visibility": "visible"}, {"gameTime": "1 - 25:29", "label": "Indirect free-kick", "position": "1529410", "team": "away", "visibility": "visible"}, {"gameTime": "1 - 25:57", "label": "Foul", "position": "1557463", "team": "home", "visibility": "not shown"}, {"gameTime": "1 - 26:16", "label": "Yellow card", "position": "1576009", "team": "away", "visibility": "visible"}, {"gameTime": "1 - 26:22", "label": "Indirect free-kick", "position": "1582000", "team": "away", "visibility": "visible"}, {"gameTime": "1 - 26:51", "label": "Ball out of play", "position": "1611409", "team": "home", "visibility": "visible"}, {"gameTime": "1 - 27:13", "label": "Corner", "position": "1633219", "team": "not applicable", "visibility": "visible"}, {"gameTime": "1 - 27:31", "label": "Shots on target", "position": "1651241", "team": "home", "visibility": "visible"}, {"gameTime": "1 - 27:44", "label": "Shots off target", "position": "1664891", "team": "home", "visibility": "visible"}, {"gameTime": "1 - 27:46", "label": "Ball out of play", "position": "1666955", "team": "home", "visibility": "visible"}, {"gameTime": "1 - 27:47", "label": "Clearance", "position": "1667763", "team": "not applicable", "visibility": "visible"}, {"gameTime": "1 - 28:18", "label": "Foul", "position": "1698555", "team": "away", "visibility": "not shown"}, {"gameTime": "1 - 28:30", "label": "Yellow card", "position": "1710171", "team": "away", "visibility": "visible"}, {"gameTime": "1 - 28:39", "label": "Indirect free-kick", "position": "1719080", "team": "away", "visibility": "visible"}, {"gameTime": "1 - 29:01", "label": "Foul", "position": "1741201", "team": "home", "visibility": "visible"}, {"gameTime": "1 - 30:15", "label": "Direct free-kick", "position": "1815673", "team": "away", "visibility": "visible"}, {"gameTime": "1 - 31:32", "label": "Foul", "position": "1892051", "team": "home", "visibility": "visible"}, {"gameTime": "1 - 31:34", "label": "Indirect free-kick", "position": "1894205", "team": "home", "visibility": "visible"}, {"gameTime": "1 - 32:23", "label": "Shots off target", "position": "1943661", "team": "away", "visibility": "visible"}, {"gameTime": "1 - 32:55", "label": "Ball out of play", "position": "1975975", "team": "home", "visibility": "visible"}, {"gameTime": "1 - 32:57", "label": "Clearance", "position": "1977123", "team": "not applicable", "visibility": "visible"}, {"gameTime": "1 - 33:26", "label": "Foul", "position": "2006503", "team": "away", "visibility": "visible"}, {"gameTime": "1 - 33:34", "label": "Indirect free-kick", "position": "2014681", "team": "home", "visibility": "visible"}, {"gameTime": "1 - 34:04", "label": "Shots off target", "position": "2044119", "team": "away", "visibility": "visible"}, {"gameTime": "1 - 34:18", "label": "Ball out of play", "position": "2058602", "team": "away", "visibility": "visible"}, {"gameTime": "1 - 34:19", "label": "Corner", "position": "2059647", "team": "not applicable", "visibility": "visible"}, {"gameTime": "1 - 35:07", "label": "Ball out of play", "position": "2107973", "team": "away", "visibility": "visible"}, {"gameTime": "1 - 35:15", "label": "Clearance", "position": "2115481", "team": "not applicable", "visibility": "visible"}, {"gameTime": "1 - 35:26", "label": "Ball out of play", "position": "2126590", "team": "home", "visibility": "not shown"}, {"gameTime": "1 - 35:31", "label": "Throw-in", "position": "2131063", "team": "not applicable", "visibility": "visible"}, {"gameTime": "1 - 35:43", "label": "Ball out of play", "position": "2143861", "team": "away", "visibility": "visible"}, {"gameTime": "1 - 36:10", "label": "Throw-in", "position": "2170869", "team": "not applicable", "visibility": "visible"}, {"gameTime": "1 - 36:26", "label": "Foul", "position": "2186357", "team": "away", "visibility": "visible"}, {"gameTime": "1 - 36:40", "label": "Indirect free-kick", "position": "2200841", "team": "away", "visibility": "visible"}, {"gameTime": "1 - 36:49", "label": "Ball out of play", "position": "2209581", "team": "home", "visibility": "not shown"}, {"gameTime": "1 - 37:06", "label": "Clearance", "position": "2226921", "team": "not applicable", "visibility": "visible"}, {"gameTime": "1 - 37:22", "label": "Foul", "position": "2242907", "team": "away", "visibility": "visible"}, {"gameTime": "1 - 37:34", "label": "Indirect free-kick", "position": "2254091", "team": "away", "visibility": "visible"}, {"gameTime": "1 - 37:39", "label": "Foul", "position": "2259441", "team": "home", "visibility": "visible"}, {"gameTime": "1 - 38:09", "label": "Direct free-kick", "position": "2289353", "team": "away", "visibility": "visible"}, {"gameTime": "1 - 38:59", "label": "Shots on target", "position": "2339925", "team": "home", "visibility": "visible"}, {"gameTime": "1 - 39:02", "label": "Ball out of play", "position": "2342629", "team": "home", "visibility": "visible"}, {"gameTime": "1 - 39:08", "label": "Throw-in", "position": "2348205", "team": "not applicable", "visibility": "visible"}, {"gameTime": "1 - 39:12", "label": "Ball out of play", "position": "2352663", "team": "home", "visibility": "visible"}, {"gameTime": "1 - 39:29", "label": "Corner", "position": "2369479", "team": "not applicable", "visibility": "visible"}, {"gameTime": "1 - 39:46", "label": "Offside", "position": "2386371", "team": "home", "visibility": "visible"}, {"gameTime": "1 - 40:31", "label": "Indirect free-kick", "position": "2431143", "team": "home", "visibility": "visible"}, {"gameTime": "1 - 40:52", "label": "Foul", "position": "2452555", "team": "away", "visibility": "not shown"}, {"gameTime": "1 - 41:00", "label": "Indirect free-kick", "position": "2460377", "team": "away", "visibility": "visible"}, {"gameTime": "1 - 41:05", "label": "Ball out of play", "position": "2465969", "team": "home", "visibility": "visible"}, {"gameTime": "1 - 41:42", "label": "Clearance", "position": "2502811", "team": "not applicable", "visibility": "visible"}, {"gameTime": "1 - 42:06", "label": "Ball out of play", "position": "2526763", "team": "away", "visibility": "not shown"}, {"gameTime": "1 - 42:35", "label": "Throw-in", "position": "2555355", "team": "not applicable", "visibility": "visible"}, {"gameTime": "1 - 42:50", "label": "Foul", "position": "2570479", "team": "away", "visibility": "not shown"}, {"gameTime": "1 - 43:08", "label": "Indirect free-kick", "position": "2588669", "team": "away", "visibility": "visible"}, {"gameTime": "1 - 43:21", "label": "Shots off target", "position": "2601331", "team": "home", "visibility": "not shown"}, {"gameTime": "1 - 44:22", "label": "Ball out of play", "position": "2662025", "team": "home", "visibility": "visible"}, {"gameTime": "1 - 44:23", "label": "Clearance", "position": "2663165", "team": "not applicable", "visibility": "visible"}, {"gameTime": "1 - 44:48", "label": "Clearance", "position": "2688815", "team": "away", "visibility": "visible"}, {"gameTime": "2 - 00:00", "label": "Ball out of play", "position": "0", "team": "away", "visibility": "not shown"}, {"gameTime": "2 - 01:03", "label": "Corner", "position": "63318", "team": "not applicable", "visibility": "visible"}, {"gameTime": "2 - 01:22", "label": "Shots on target", "position": "82792", "team": "home", "visibility": "visible"}, {"gameTime": "2 - 01:24", "label": "Ball out of play", "position": "84070", "team": "home", "visibility": "visible"}, {"gameTime": "2 - 01:24", "label": "Corner", "position": "84420", "team": "not applicable", "visibility": "visible"}, {"gameTime": "2 - 01:50", "label": "Ball out of play", "position": "110118", "team": "home", "visibility": "visible"}, {"gameTime": "2 - 01:52", "label": "Corner", "position": "112600", "team": "not applicable", "visibility": "visible"}, {"gameTime": "2 - 02:05", "label": "Ball out of play", "position": "125199", "team": "home", "visibility": "visible"}, {"gameTime": "2 - 02:12", "label": "Corner", "position": "132253", "team": "not applicable", "visibility": "visible"}, {"gameTime": "2 - 02:27", "label": "Shots off target", "position": "147625", "team": "home", "visibility": "visible"}, {"gameTime": "2 - 02:32", "label": "Ball out of play", "position": "152067", "team": "home", "visibility": "visible"}, {"gameTime": "2 - 02:33", "label": "Clearance", "position": "153079", "team": "not applicable", "visibility": "visible"}, {"gameTime": "2 - 02:51", "label": "Ball out of play", "position": "171783", "team": "away", "visibility": "not shown"}, {"gameTime": "2 - 03:44", "label": "Throw-in", "position": "224053", "team": "not applicable", "visibility": "visible"}, {"gameTime": "2 - 03:57", "label": "Ball out of play", "position": "237277", "team": "home", "visibility": "visible"}, {"gameTime": "2 - 04:08", "label": "Corner", "position": "248931", "team": "not applicable", "visibility": "visible"}, {"gameTime": "2 - 04:35", "label": "Shots on target", "position": "275523", "team": "home", "visibility": "visible"}, {"gameTime": "2 - 05:04", "label": "Goal", "position": "304737", "team": "home", "visibility": "visible"}, {"gameTime": "2 - 05:05", "label": "Kick-off", "position": "305182", "team": "home", "visibility": "visible"}, {"gameTime": "2 - 06:01", "label": "Foul", "position": "361055", "team": "away", "visibility": "not shown"}, {"gameTime": "2 - 06:24", "label": "Indirect free-kick", "position": "384658", "team": "home", "visibility": "visible"}, {"gameTime": "2 - 06:58", "label": "Offside", "position": "418907", "team": "home", "visibility": "visible"}, {"gameTime": "2 - 07:38", "label": "Indirect free-kick", "position": "458767", "team": "home", "visibility": "visible"}, {"gameTime": "2 - 08:06", "label": "Foul", "position": "486549", "team": "away", "visibility": "not shown"}, {"gameTime": "2 - 08:24", "label": "Indirect free-kick", "position": "504593", "team": "home", "visibility": "visible"}, {"gameTime": "2 - 08:40", "label": "Ball out of play", "position": "520817", "team": "away", "visibility": "not shown"}, {"gameTime": "2 - 09:37", "label": "Throw-in", "position": "577299", "team": "not applicable", "visibility": "visible"}, {"gameTime": "2 - 11:07", "label": "Ball out of play", "position": "667023", "team": "away", "visibility": "visible"}, {"gameTime": "2 - 11:15", "label": "Throw-in", "position": "675945", "team": "not applicable", "visibility": "visible"}, {"gameTime": "2 - 11:27", "label": "Throw-in", "position": "687071", "team": "home", "visibility": "not shown"}, {"gameTime": "2 - 11:30", "label": "Foul", "position": "690049", "team": "home", "visibility": "not shown"}, {"gameTime": "2 - 12:00", "label": "Indirect free-kick", "position": "720331", "team": "home", "visibility": "visible"}, {"gameTime": "2 - 12:12", "label": "Foul", "position": "732507", "team": "away", "visibility": "not shown"}, {"gameTime": "2 - 14:24", "label": "Indirect free-kick", "position": "864343", "team": "home", "visibility": "visible"}, {"gameTime": "2 - 14:57", "label": "Offside", "position": "897891", "team": "away", "visibility": "visible"}, {"gameTime": "2 - 14:59", "label": "Substitution", "position": "899709", "team": "away", "visibility": "visible"}, {"gameTime": "2 - 15:50", "label": "Indirect free-kick", "position": "950080", "team": "home", "visibility": "visible"}, {"gameTime": "2 - 16:00", "label": "Ball out of play", "position": "960488", "team": "away", "visibility": "visible"}, {"gameTime": "2 - 16:14", "label": "Yellow card", "position": "974002", "team": "not applicable", "visibility": "visible"}, {"gameTime": "2 - 16:24", "label": "Corner", "position": "984000", "team": "away", "visibility": "visible"}, {"gameTime": "2 - 16:56", "label": "Shots on target", "position": "1016130", "team": "home", "visibility": "visible"}, {"gameTime": "2 - 17:12", "label": "Foul", "position": "1032798", "team": "home", "visibility": "visible"}, {"gameTime": "2 - 17:29", "label": "Indirect free-kick", "position": "1049566", "team": "home", "visibility": "not shown"}, {"gameTime": "2 - 18:18", "label": "Foul", "position": "1098648", "team": "away", "visibility": "visible"}, {"gameTime": "2 - 19:06", "label": "Indirect free-kick", "position": "1146744", "team": "away", "visibility": "visible"}, {"gameTime": "2 - 19:18", "label": "Shots on target", "position": "1158430", "team": "home", "visibility": "visible"}, {"gameTime": "2 - 19:57", "label": "Ball out of play", "position": "1197678", "team": "home", "visibility": "visible"}, {"gameTime": "2 - 21:41", "label": "Throw-in", "position": "1301700", "team": "not applicable", "visibility": "visible"}, {"gameTime": "2 - 21:56", "label": "Ball out of play", "position": "1316744", "team": "away", "visibility": "not shown"}, {"gameTime": "2 - 21:58", "label": "Throw-in", "position": "1318824", "team": "not applicable", "visibility": "visible"}, {"gameTime": "2 - 22:16", "label": "Ball out of play", "position": "1336242", "team": "home", "visibility": "not shown"}, {"gameTime": "2 - 22:19", "label": "Throw-in", "position": "1339130", "team": "not applicable", "visibility": "visible"}, {"gameTime": "2 - 22:28", "label": "Ball out of play", "position": "1348854", "team": "home", "visibility": "visible"}, {"gameTime": "2 - 22:35", "label": "Throw-in", "position": "1355138", "team": "not applicable", "visibility": "visible"}, {"gameTime": "2 - 22:50", "label": "Offside", "position": "1370242", "team": "home", "visibility": "not shown"}, {"gameTime": "2 - 23:31", "label": "Indirect free-kick", "position": "1411386", "team": "away", "visibility": "visible"}, {"gameTime": "2 - 23:42", "label": "Ball out of play", "position": "1422702", "team": "home", "visibility": "not shown"}, {"gameTime": "2 - 24:09", "label": "Throw-in", "position": "1449638", "team": "not applicable", "visibility": "visible"}, {"gameTime": "2 - 24:12", "label": "Shots on target", "position": "1452892", "team": "home", "visibility": "visible"}, {"gameTime": "2 - 24:36", "label": "Ball out of play", "position": "1476038", "team": "home", "visibility": "visible"}, {"gameTime": "2 - 25:03", "label": "Throw-in", "position": "1503614", "team": "not applicable", "visibility": "visible"}, {"gameTime": "2 - 25:21", "label": "Offside", "position": "1521926", "team": "away", "visibility": "not shown"}, {"gameTime": "2 - 27:14", "label": "Substitution", "position": "1634782", "team": "home", "visibility": "visible"}, {"gameTime": "2 - 27:36", "label": "Indirect free-kick", "position": "1656640", "team": "away", "visibility": "visible"}, {"gameTime": "2 - 27:54", "label": "Foul", "position": "1674034", "team": "away", "visibility": "not shown"}, {"gameTime": "2 - 27:57", "label": "Substitution", "position": "1677298", "team": "home", "visibility": "visible"}, {"gameTime": "2 - 28:37", "label": "Indirect free-kick", "position": "1717000", "team": "home", "visibility": "not shown"}, {"gameTime": "2 - 28:45", "label": "Ball out of play", "position": "1725086", "team": "away", "visibility": "visible"}, {"gameTime": "2 - 28:49", "label": "Clearance", "position": "1729928", "team": "not applicable", "visibility": "visible"}, {"gameTime": "2 - 29:08", "label": "Ball out of play", "position": "1748222", "team": "home", "visibility": "not shown"}, {"gameTime": "2 - 29:14", "label": "Throw-in", "position": "1754410", "team": "not applicable", "visibility": "visible"}, {"gameTime": "2 - 29:20", "label": "Ball out of play", "position": "1760550", "team": "away", "visibility": "not shown"}, {"gameTime": "2 - 29:29", "label": "Throw-in", "position": "1769896", "team": "not applicable", "visibility": "visible"}, {"gameTime": "2 - 29:40", "label": "Foul", "position": "1780896", "team": "away", "visibility": "visible"}, {"gameTime": "2 - 29:56", "label": "Yellow card", "position": "1796156", "team": "away", "visibility": "visible"}, {"gameTime": "2 - 30:02", "label": "Indirect free-kick", "position": "1802000", "team": "away", "visibility": "visible"}, {"gameTime": "2 - 30:23", "label": "Ball out of play", "position": "1823272", "team": "home", "visibility": "not shown"}, {"gameTime": "2 - 30:49", "label": "Substitution", "position": "1849140", "team": "not applicable", "visibility": "visible"}, {"gameTime": "2 - 31:23", "label": "Throw-in", "position": "1883480", "team": "away", "visibility": "visible"}, {"gameTime": "2 - 31:33", "label": "Offside", "position": "1893118", "team": "home", "visibility": "visible"}, {"gameTime": "2 - 33:14", "label": "Indirect free-kick", "position": "1994720", "team": "home", "visibility": "visible"}, {"gameTime": "2 - 33:27", "label": "Ball out of play", "position": "2007868", "team": "away", "visibility": "not shown"}, {"gameTime": "2 - 33:39", "label": "Throw-in", "position": "2019920", "team": "not applicable", "visibility": "visible"}, {"gameTime": "2 - 33:51", "label": "Ball out of play", "position": "2031480", "team": "away", "visibility": "visible"}, {"gameTime": "2 - 33:55", "label": "Throw-in", "position": "2035128", "team": "not applicable", "visibility": "visible"}, {"gameTime": "2 - 33:56", "label": "Shots off target", "position": "2036718", "team": "away", "visibility": "visible"}, {"gameTime": "2 - 34:27", "label": "Ball out of play", "position": "2067684", "team": "away", "visibility": "visible"}, {"gameTime": "2 - 35:11", "label": "Substitution", "position": "2111956", "team": "not applicable", "visibility": "visible"}, {"gameTime": "2 - 36:06", "label": "Throw-in", "position": "2166240", "team": "home", "visibility": "visible"}, {"gameTime": "2 - 36:14", "label": "Ball out of play", "position": "2174814", "team": "home", "visibility": "not shown"}, {"gameTime": "2 - 36:27", "label": "Throw-in", "position": "2187806", "team": "not applicable", "visibility": "visible"}, {"gameTime": "2 - 36:38", "label": "Ball out of play", "position": "2198964", "team": "home", "visibility": "visible"}, {"gameTime": "2 - 36:50", "label": "Throw-in", "position": "2210984", "team": "not applicable", "visibility": "visible"}, {"gameTime": "2 - 36:56", "label": "Foul", "position": "2216304", "team": "away", "visibility": "visible"}, {"gameTime": "2 - 37:06", "label": "Indirect free-kick", "position": "2226420", "team": "home", "visibility": "visible"}, {"gameTime": "2 - 37:28", "label": "Ball out of play", "position": "2248554", "team": "away", "visibility": "visible"}, {"gameTime": "2 - 37:43", "label": "Throw-in", "position": "2263566", "team": "not applicable", "visibility": "visible"}, {"gameTime": "2 - 37:54", "label": "Shots on target", "position": "2274448", "team": "away", "visibility": "visible"}, {"gameTime": "2 - 39:00", "label": "Shots on target", "position": "2340594", "team": "home", "visibility": "visible"}, {"gameTime": "2 - 39:32", "label": "Goal", "position": "2372364", "team": "home", "visibility": "visible"}, {"gameTime": "2 - 39:32", "label": "Kick-off", "position": "2372880", "team": "home", "visibility": "visible"}, {"gameTime": "2 - 40:45", "label": "Ball out of play", "position": "2445112", "team": "away", "visibility": "not shown"}, {"gameTime": "2 - 40:55", "label": "Throw-in", "position": "2455484", "team": "not applicable", "visibility": "visible"}, {"gameTime": "2 - 41:15", "label": "Shots off target", "position": "2475006", "team": "home", "visibility": "visible"}, {"gameTime": "2 - 41:43", "label": "Ball out of play", "position": "2503518", "team": "home", "visibility": "visible"}, {"gameTime": "2 - 41:44", "label": "Clearance", "position": "2504332", "team": "not applicable", "visibility": "visible"}, {"gameTime": "2 - 42:09", "label": "Offside", "position": "2529424", "team": "away", "visibility": "not shown"}, {"gameTime": "2 - 42:44", "label": "Indirect free-kick", "position": "2564552", "team": "away", "visibility": "visible"}, {"gameTime": "2 - 42:59", "label": "Shots on target", "position": "2579676", "team": "home", "visibility": "not shown"}, {"gameTime": "2 - 46:18", "label": "Ball out of play", "position": "2778630", "team": "away", "visibility": "visible"}, {"gameTime": "2 - 46:49", "label": "Throw-in", "position": "2809610", "team": "not applicable", "visibility": "visible"}, {"gameTime": "2 - 47:13", "label": "Ball out of play", "position": "2833942", "team": "away", "visibility": "not shown"}, {"gameTime": "2 - 47:19", "label": "Corner", "position": "2839934", "team": "not applicable", "visibility": "not shown"}, {"gameTime": "2 - 47:34", "label": "Shots off target", "position": "2854714", "team": "away", "visibility": "visible"}, {"gameTime": "2 - 47:35", "label": "Ball out of play", "position": "2855862", "team": "away", "visibility": "visible"}, {"gameTime": "2 - 47:36", "label": "Ball out of play", "position": "2856446", "team": "not applicable", "visibility": "visible"}], "gameAwayTeam": "Real Sociedad", "gameDate": "09/05/2015 - 19:00", "gameHomeTeam": "Barcelona", "gameScore": "2 - 0"}