{"UrlLocal": "england_epl/2015-2016/2015-11-21 - 20-30 Manchester City 1 - 4 Liverpool/", "UrlYoutube": "", "annotations": [{"gameTime": "1 - 00:46", "label": "Kick-off", "position": "46815", "team": "not applicable", "visibility": "visible"}, {"gameTime": "1 - 01:01", "label": "Ball out of play", "position": "61081", "team": "away", "visibility": "visible"}, {"gameTime": "1 - 02:43", "label": "Throw-in", "position": "163019", "team": "not applicable", "visibility": "visible"}, {"gameTime": "1 - 03:03", "label": "Ball out of play", "position": "183237", "team": "home", "visibility": "not shown"}, {"gameTime": "1 - 03:10", "label": "Throw-in", "position": "190443", "team": "not applicable", "visibility": "visible"}, {"gameTime": "1 - 03:30", "label": "Ball out of play", "position": "210579", "team": "home", "visibility": "visible"}, {"gameTime": "1 - 03:50", "label": "Corner", "position": "230964", "team": "home", "visibility": "visible"}, {"gameTime": "1 - 03:56", "label": "Shots on target", "position": "236095", "team": "home", "visibility": "visible"}, {"gameTime": "1 - 04:17", "label": "Offside", "position": "257817", "team": "away", "visibility": "visible"}, {"gameTime": "1 - 04:33", "label": "Indirect free-kick", "position": "273795", "team": "not applicable", "visibility": "visible"}, {"gameTime": "1 - 04:38", "label": "Ball out of play", "position": "278047", "team": "away", "visibility": "visible"}, {"gameTime": "1 - 04:55", "label": "Throw-in", "position": "295528", "team": "not applicable", "visibility": "visible"}, {"gameTime": "1 - 04:59", "label": "Ball out of play", "position": "299443", "team": "away", "visibility": "not shown"}, {"gameTime": "1 - 05:51", "label": "Throw-in", "position": "351860", "team": "away", "visibility": "visible"}, {"gameTime": "1 - 06:18", "label": "Offside", "position": "378380", "team": "home", "visibility": "not shown"}, {"gameTime": "1 - 06:55", "label": "Indirect free-kick", "position": "415559", "team": "away", "visibility": "visible"}, {"gameTime": "1 - 07:58", "label": "Goal", "position": "478882", "team": "home", "visibility": "visible"}, {"gameTime": "1 - 08:41", "label": "Kick-off", "position": "521539", "team": "away", "visibility": "visible"}, {"gameTime": "1 - 08:53", "label": "Offside", "position": "533484", "team": "home", "visibility": "visible"}, {"gameTime": "1 - 09:08", "label": "Indirect free-kick", "position": "548003", "team": "not applicable", "visibility": "visible"}, {"gameTime": "1 - 09:27", "label": "Ball out of play", "position": "567962", "team": "home", "visibility": "visible"}, {"gameTime": "1 - 09:37", "label": "Corner", "position": "577852", "team": "not applicable", "visibility": "visible"}, {"gameTime": "1 - 09:40", "label": "Ball out of play", "position": "580694", "team": "home", "visibility": "not shown"}, {"gameTime": "1 - 10:27", "label": "Throw-in", "position": "627842", "team": "not applicable", "visibility": "visible"}, {"gameTime": "1 - 10:36", "label": "Ball out of play", "position": "636847", "team": "home", "visibility": "not shown"}, {"gameTime": "1 - 11:00", "label": "Throw-in", "position": "660126", "team": "not applicable", "visibility": "visible"}, {"gameTime": "1 - 11:05", "label": "Ball out of play", "position": "665793", "team": "home", "visibility": "visible"}, {"gameTime": "1 - 12:36", "label": "Throw-in", "position": "756844", "team": "not applicable", "visibility": "visible"}, {"gameTime": "1 - 12:50", "label": "Ball out of play", "position": "770676", "team": "away", "visibility": "visible"}, {"gameTime": "1 - 13:55", "label": "Throw-in", "position": "835025", "team": "away", "visibility": "visible"}, {"gameTime": "1 - 14:41", "label": "Offside", "position": "881441", "team": "home", "visibility": "not shown"}, {"gameTime": "1 - 14:55", "label": "Indirect free-kick", "position": "895293", "team": "not applicable", "visibility": "visible"}, {"gameTime": "1 - 15:19", "label": "Ball out of play", "position": "919756", "team": "home", "visibility": "visible"}, {"gameTime": "1 - 15:26", "label": "Clearance", "position": "926417", "team": "not applicable", "visibility": "visible"}, {"gameTime": "1 - 15:38", "label": "Ball out of play", "position": "938517", "team": "home", "visibility": "visible"}, {"gameTime": "1 - 15:57", "label": "Throw-in", "position": "957785", "team": "not applicable", "visibility": "visible"}, {"gameTime": "1 - 16:04", "label": "Ball out of play", "position": "964223", "team": "home", "visibility": "not shown"}, {"gameTime": "1 - 16:50", "label": "Throw-in", "position": "1010119", "team": "away", "visibility": "visible"}, {"gameTime": "1 - 17:14", "label": "Offside", "position": "1034224", "team": "home", "visibility": "visible"}, {"gameTime": "1 - 18:30", "label": "Indirect free-kick", "position": "1110966", "team": "away", "visibility": "visible"}, {"gameTime": "1 - 18:31", "label": "Shots off target", "position": "1111926", "team": "not applicable", "visibility": "visible"}, {"gameTime": "1 - 18:59", "label": "Ball out of play", "position": "1139557", "team": "home", "visibility": "not shown"}, {"gameTime": "1 - 19:20", "label": "Clearance", "position": "1160279", "team": "away", "visibility": "visible"}, {"gameTime": "1 - 19:49", "label": "Foul", "position": "1189473", "team": "home", "visibility": "not shown"}, {"gameTime": "1 - 21:00", "label": "Indirect free-kick", "position": "1260138", "team": "not applicable", "visibility": "visible"}, {"gameTime": "1 - 21:04", "label": "Ball out of play", "position": "1264631", "team": "home", "visibility": "visible"}, {"gameTime": "1 - 21:44", "label": "Throw-in", "position": "1304031", "team": "not applicable", "visibility": "visible"}, {"gameTime": "1 - 22:13", "label": "Ball out of play", "position": "1333781", "team": "away", "visibility": "visible"}, {"gameTime": "1 - 22:31", "label": "Throw-in", "position": "1351033", "team": "away", "visibility": "visible"}, {"gameTime": "1 - 22:31", "label": "Shots on target", "position": "1351600", "team": "away", "visibility": "visible"}, {"gameTime": "1 - 23:35", "label": "Goal", "position": "1415877", "team": "home", "visibility": "not shown"}, {"gameTime": "1 - 24:09", "label": "Kick-off", "position": "1449821", "team": "not applicable", "visibility": "visible"}, {"gameTime": "1 - 24:15", "label": "Ball out of play", "position": "1455828", "team": "home", "visibility": "visible"}, {"gameTime": "1 - 24:19", "label": "Throw-in", "position": "1459038", "team": "not applicable", "visibility": "visible"}, {"gameTime": "1 - 24:25", "label": "Ball out of play", "position": "1465439", "team": "home", "visibility": "not shown"}, {"gameTime": "1 - 24:34", "label": "Throw-in", "position": "1474978", "team": "not applicable", "visibility": "visible"}, {"gameTime": "1 - 24:48", "label": "Ball out of play", "position": "1488317", "team": "away", "visibility": "not shown"}, {"gameTime": "1 - 24:57", "label": "Throw-in", "position": "1497781", "team": "not applicable", "visibility": "visible"}, {"gameTime": "1 - 25:29", "label": "Ball out of play", "position": "1529145", "team": "away", "visibility": "not shown"}, {"gameTime": "1 - 26:26", "label": "Corner", "position": "1586188", "team": "not applicable", "visibility": "visible"}, {"gameTime": "1 - 26:36", "label": "Ball out of play", "position": "1596482", "team": "home", "visibility": "visible"}, {"gameTime": "1 - 28:29", "label": "Throw-in", "position": "1709512", "team": "not applicable", "visibility": "visible"}, {"gameTime": "1 - 28:47", "label": "Ball out of play", "position": "1727605", "team": "home", "visibility": "not shown"}, {"gameTime": "1 - 29:18", "label": "Corner", "position": "1758473", "team": "not applicable", "visibility": "visible"}, {"gameTime": "1 - 29:27", "label": "Ball out of play", "position": "1767280", "team": "home", "visibility": "not shown"}, {"gameTime": "1 - 29:37", "label": "Throw-in", "position": "1777895", "team": "away", "visibility": "visible"}, {"gameTime": "1 - 29:56", "label": "Foul", "position": "1796453", "team": "home", "visibility": "visible"}, {"gameTime": "1 - 30:42", "label": "Indirect free-kick", "position": "1842890", "team": "away", "visibility": "visible"}, {"gameTime": "1 - 30:47", "label": "Foul", "position": "1847934", "team": "home", "visibility": "visible"}, {"gameTime": "1 - 31:25", "label": "Indirect free-kick", "position": "1885669", "team": "away", "visibility": "visible"}, {"gameTime": "1 - 31:39", "label": "Shots on target", "position": "1899351", "team": "away", "visibility": "visible"}, {"gameTime": "1 - 31:39", "label": "Shots on target", "position": "1899960", "team": "away", "visibility": "visible"}, {"gameTime": "1 - 32:50", "label": "Goal", "position": "1970829", "team": "home", "visibility": "not shown"}, {"gameTime": "1 - 34:28", "label": "Kick-off", "position": "2068346", "team": "away", "visibility": "visible"}, {"gameTime": "1 - 34:35", "label": "Shots on target", "position": "2075129", "team": "not applicable", "visibility": "visible"}, {"gameTime": "1 - 35:00", "label": "Ball out of play", "position": "2100791", "team": "home", "visibility": "not shown"}, {"gameTime": "1 - 35:22", "label": "Clearance", "position": "2122083", "team": "away", "visibility": "visible"}, {"gameTime": "1 - 35:23", "label": "Shots off target", "position": "2123195", "team": "not applicable", "visibility": "visible"}, {"gameTime": "1 - 35:51", "label": "Ball out of play", "position": "2151556", "team": "home", "visibility": "not shown"}, {"gameTime": "1 - 35:57", "label": "Clearance", "position": "2157938", "team": "not applicable", "visibility": "visible"}, {"gameTime": "1 - 36:09", "label": "Ball out of play", "position": "2169644", "team": "away", "visibility": "not shown"}, {"gameTime": "1 - 36:37", "label": "Throw-in", "position": "2197716", "team": "away", "visibility": "visible"}, {"gameTime": "1 - 36:48", "label": "Foul", "position": "2208578", "team": "home", "visibility": "visible"}, {"gameTime": "1 - 37:41", "label": "Indirect free-kick", "position": "2261209", "team": "away", "visibility": "visible"}, {"gameTime": "1 - 37:47", "label": "Foul", "position": "2267501", "team": "away", "visibility": "visible"}, {"gameTime": "1 - 38:23", "label": "Yellow card", "position": "2303660", "team": "home", "visibility": "visible"}, {"gameTime": "1 - 39:32", "label": "Indirect free-kick", "position": "2372401", "team": "not applicable", "visibility": "visible"}, {"gameTime": "1 - 39:49", "label": "Ball out of play", "position": "2389098", "team": "home", "visibility": "not shown"}, {"gameTime": "1 - 40:18", "label": "Corner", "position": "2418923", "team": "not applicable", "visibility": "visible"}, {"gameTime": "1 - 40:37", "label": "Ball out of play", "position": "2437197", "team": "away", "visibility": "visible"}, {"gameTime": "1 - 40:40", "label": "Throw-in", "position": "2440192", "team": "not applicable", "visibility": "visible"}, {"gameTime": "1 - 40:51", "label": "Ball out of play", "position": "2451269", "team": "away", "visibility": "not shown"}, {"gameTime": "1 - 40:59", "label": "Throw-in", "position": "2459328", "team": "not applicable", "visibility": "not shown"}, {"gameTime": "1 - 41:09", "label": "Ball out of play", "position": "2469291", "team": "away", "visibility": "visible"}, {"gameTime": "1 - 42:07", "label": "Throw-in", "position": "2527584", "team": "not applicable", "visibility": "visible"}, {"gameTime": "1 - 42:35", "label": "Ball out of play", "position": "2555594", "team": "home", "visibility": "not shown"}, {"gameTime": "1 - 43:08", "label": "Clearance", "position": "2588465", "team": "home", "visibility": "visible"}, {"gameTime": "1 - 43:09", "label": "Shots on target", "position": "2589400", "team": "home", "visibility": "visible"}, {"gameTime": "1 - 43:42", "label": "Goal", "position": "2622713", "team": "away", "visibility": "not shown"}, {"gameTime": "1 - 44:57", "label": "Kick-off", "position": "2697818", "team": "not applicable", "visibility": "not shown"}, {"gameTime": "2 - 00:00", "label": "Kick-off", "position": "8", "team": "home", "visibility": "not shown"}, {"gameTime": "2 - 00:00", "label": "Substitution", "position": "8", "team": "home", "visibility": "not shown"}, {"gameTime": "2 - 01:18", "label": "Substitution", "position": "78935", "team": "away", "visibility": "visible"}, {"gameTime": "2 - 01:34", "label": "Foul", "position": "94588", "team": "away", "visibility": "visible"}, {"gameTime": "2 - 01:57", "label": "Yellow card", "position": "117192", "team": "home", "visibility": "visible"}, {"gameTime": "2 - 02:11", "label": "Indirect free-kick", "position": "131540", "team": "not applicable", "visibility": "visible"}, {"gameTime": "2 - 02:23", "label": "Ball out of play", "position": "143040", "team": "home", "visibility": "not shown"}, {"gameTime": "2 - 02:55", "label": "Throw-in", "position": "175569", "team": "away", "visibility": "visible"}, {"gameTime": "2 - 03:10", "label": "Foul", "position": "190475", "team": "home", "visibility": "not shown"}, {"gameTime": "2 - 03:31", "label": "Indirect free-kick", "position": "211560", "team": "not applicable", "visibility": "visible"}, {"gameTime": "2 - 03:40", "label": "Ball out of play", "position": "220020", "team": "home", "visibility": "visible"}, {"gameTime": "2 - 03:56", "label": "Throw-in", "position": "236559", "team": "not applicable", "visibility": "visible"}, {"gameTime": "2 - 04:05", "label": "Ball out of play", "position": "245735", "team": "home", "visibility": "visible"}, {"gameTime": "2 - 04:19", "label": "Throw-in", "position": "259455", "team": "not applicable", "visibility": "visible"}, {"gameTime": "2 - 04:24", "label": "Ball out of play", "position": "264746", "team": "home", "visibility": "visible"}, {"gameTime": "2 - 04:51", "label": "Throw-in", "position": "291087", "team": "not applicable", "visibility": "visible"}, {"gameTime": "2 - 05:05", "label": "Ball out of play", "position": "305463", "team": "away", "visibility": "visible"}, {"gameTime": "2 - 05:08", "label": "Throw-in", "position": "308764", "team": "away", "visibility": "visible"}, {"gameTime": "2 - 05:10", "label": "Shots on target", "position": "310213", "team": "not applicable", "visibility": "visible"}, {"gameTime": "2 - 05:18", "label": "Ball out of play", "position": "318638", "team": "away", "visibility": "not shown"}, {"gameTime": "2 - 05:25", "label": "Corner", "position": "325747", "team": "away", "visibility": "visible"}, {"gameTime": "2 - 05:36", "label": "Shots on target", "position": "336032", "team": "home", "visibility": "visible"}, {"gameTime": "2 - 06:32", "label": "Foul", "position": "392322", "team": "away", "visibility": "visible"}, {"gameTime": "2 - 06:42", "label": "Direct free-kick", "position": "402555", "team": "not applicable", "visibility": "visible"}, {"gameTime": "2 - 07:00", "label": "Ball out of play", "position": "420444", "team": "home", "visibility": "visible"}, {"gameTime": "2 - 07:27", "label": "Throw-in", "position": "447891", "team": "not applicable", "visibility": "visible"}, {"gameTime": "2 - 07:44", "label": "Ball out of play", "position": "464404", "team": "away", "visibility": "visible"}, {"gameTime": "2 - 07:49", "label": "Throw-in", "position": "469270", "team": "not applicable", "visibility": "visible"}, {"gameTime": "2 - 08:07", "label": "Ball out of play", "position": "487896", "team": "home", "visibility": "not shown"}, {"gameTime": "2 - 08:16", "label": "Clearance", "position": "496194", "team": "not applicable", "visibility": "visible"}, {"gameTime": "2 - 08:23", "label": "Ball out of play", "position": "503725", "team": "home", "visibility": "visible"}, {"gameTime": "2 - 08:51", "label": "Throw-in", "position": "531080", "team": "not applicable", "visibility": "visible"}, {"gameTime": "2 - 09:10", "label": "Ball out of play", "position": "550426", "team": "home", "visibility": "visible"}, {"gameTime": "2 - 09:21", "label": "Corner", "position": "561132", "team": "home", "visibility": "visible"}, {"gameTime": "2 - 09:22", "label": "Shots off target", "position": "562732", "team": "not applicable", "visibility": "visible"}, {"gameTime": "2 - 09:54", "label": "Ball out of play", "position": "594386", "team": "away", "visibility": "visible"}, {"gameTime": "2 - 10:46", "label": "Clearance", "position": "646069", "team": "not applicable", "visibility": "visible"}, {"gameTime": "2 - 10:50", "label": "Ball out of play", "position": "650177", "team": "away", "visibility": "not shown"}, {"gameTime": "2 - 11:31", "label": "Throw-in", "position": "691361", "team": "not applicable", "visibility": "not shown"}, {"gameTime": "2 - 11:39", "label": "Ball out of play", "position": "699502", "team": "home", "visibility": "not shown"}, {"gameTime": "2 - 12:31", "label": "Throw-in", "position": "751917", "team": "not applicable", "visibility": "visible"}, {"gameTime": "2 - 12:34", "label": "Ball out of play", "position": "754098", "team": "home", "visibility": "visible"}, {"gameTime": "2 - 12:59", "label": "Throw-in", "position": "779336", "team": "not applicable", "visibility": "visible"}, {"gameTime": "2 - 13:12", "label": "Ball out of play", "position": "792307", "team": "home", "visibility": "visible"}, {"gameTime": "2 - 13:20", "label": "Throw-in", "position": "800111", "team": "home", "visibility": "visible"}, {"gameTime": "2 - 14:01", "label": "Shots on target", "position": "841815", "team": "not applicable", "visibility": "visible"}, {"gameTime": "2 - 14:19", "label": "Ball out of play", "position": "859885", "team": "home", "visibility": "not shown"}, {"gameTime": "2 - 14:33", "label": "Clearance", "position": "873658", "team": "away", "visibility": "visible"}, {"gameTime": "2 - 14:34", "label": "Shots on target", "position": "874718", "team": "not applicable", "visibility": "visible"}, {"gameTime": "2 - 15:26", "label": "Ball out of play", "position": "926662", "team": "away", "visibility": "not shown"}, {"gameTime": "2 - 15:28", "label": "Corner", "position": "928676", "team": "away", "visibility": "visible"}, {"gameTime": "2 - 15:52", "label": "Shots on target", "position": "952642", "team": "not applicable", "visibility": "visible"}, {"gameTime": "2 - 15:56", "label": "Ball out of play", "position": "956752", "team": "home", "visibility": "not shown"}, {"gameTime": "2 - 17:00", "label": "Throw-in", "position": "1020137", "team": "away", "visibility": "visible"}, {"gameTime": "2 - 17:14", "label": "Offside", "position": "1034484", "team": "home", "visibility": "not shown"}, {"gameTime": "2 - 17:22", "label": "Indirect free-kick", "position": "1042204", "team": "not applicable", "visibility": "visible"}, {"gameTime": "2 - 17:34", "label": "Ball out of play", "position": "1054840", "team": "home", "visibility": "visible"}, {"gameTime": "2 - 17:41", "label": "Throw-in", "position": "1061061", "team": "home", "visibility": "visible"}, {"gameTime": "2 - 18:06", "label": "Foul", "position": "1086480", "team": "away", "visibility": "visible"}, {"gameTime": "2 - 18:30", "label": "Indirect free-kick", "position": "1110983", "team": "home", "visibility": "visible"}, {"gameTime": "2 - 18:51", "label": "Shots on target", "position": "1131723", "team": "not applicable", "visibility": "visible"}, {"gameTime": "2 - 18:57", "label": "Ball out of play", "position": "1137242", "team": "home", "visibility": "visible"}, {"gameTime": "2 - 19:01", "label": "Throw-in", "position": "1141217", "team": "away", "visibility": "visible"}, {"gameTime": "2 - 19:39", "label": "Foul", "position": "1179943", "team": "home", "visibility": "visible"}, {"gameTime": "2 - 19:41", "label": "Direct free-kick", "position": "1181462", "team": "home", "visibility": "visible"}, {"gameTime": "2 - 19:42", "label": "Shots off target", "position": "1182262", "team": "not applicable", "visibility": "visible"}, {"gameTime": "2 - 20:06", "label": "Ball out of play", "position": "1206753", "team": "home", "visibility": "visible"}, {"gameTime": "2 - 20:30", "label": "Substitution", "position": "1230342", "team": "away", "visibility": "not shown"}, {"gameTime": "2 - 20:49", "label": "Clearance", "position": "1249066", "team": "not applicable", "visibility": "visible"}, {"gameTime": "2 - 20:55", "label": "Ball out of play", "position": "1255268", "team": "home", "visibility": "not shown"}, {"gameTime": "2 - 20:57", "label": "Corner", "position": "1257896", "team": "home", "visibility": "visible"}, {"gameTime": "2 - 20:58", "label": "Shots off target", "position": "1258896", "team": "not applicable", "visibility": "visible"}, {"gameTime": "2 - 22:50", "label": "Ball out of play", "position": "1370120", "team": "away", "visibility": "visible"}, {"gameTime": "2 - 23:06", "label": "Substitution", "position": "1386109", "team": "away", "visibility": "visible"}, {"gameTime": "2 - 24:24", "label": "Clearance", "position": "1464114", "team": "not applicable", "visibility": "visible"}, {"gameTime": "2 - 24:38", "label": "Ball out of play", "position": "1478915", "team": "away", "visibility": "visible"}, {"gameTime": "2 - 24:43", "label": "Throw-in", "position": "1483363", "team": "not applicable", "visibility": "visible"}, {"gameTime": "2 - 24:52", "label": "Ball out of play", "position": "1492617", "team": "away", "visibility": "not shown"}, {"gameTime": "2 - 25:08", "label": "Throw-in", "position": "1508016", "team": "not applicable", "visibility": "visible"}, {"gameTime": "2 - 25:36", "label": "Ball out of play", "position": "1536117", "team": "away", "visibility": "visible"}, {"gameTime": "2 - 25:43", "label": "Corner", "position": "1543623", "team": "away", "visibility": "visible"}, {"gameTime": "2 - 26:22", "label": "Shots on target", "position": "1582244", "team": "home", "visibility": "visible"}, {"gameTime": "2 - 27:06", "label": "Foul", "position": "1626128", "team": "away", "visibility": "visible"}, {"gameTime": "2 - 28:04", "label": "Direct free-kick", "position": "1684939", "team": "away", "visibility": "visible"}, {"gameTime": "2 - 28:15", "label": "Foul", "position": "1695837", "team": "home", "visibility": "not shown"}, {"gameTime": "2 - 28:50", "label": "Indirect free-kick", "position": "1730478", "team": "not applicable", "visibility": "visible"}, {"gameTime": "2 - 29:02", "label": "Ball out of play", "position": "1742030", "team": "home", "visibility": "visible"}, {"gameTime": "2 - 29:13", "label": "Throw-in", "position": "1753875", "team": "not applicable", "visibility": "visible"}, {"gameTime": "2 - 29:46", "label": "Ball out of play", "position": "1786877", "team": "home", "visibility": "visible"}, {"gameTime": "2 - 29:50", "label": "Corner", "position": "1790754", "team": "home", "visibility": "visible"}, {"gameTime": "2 - 30:30", "label": "Shots on target", "position": "1830818", "team": "not applicable", "visibility": "visible"}, {"gameTime": "2 - 31:17", "label": "Ball out of play", "position": "1877360", "team": "away", "visibility": "visible"}, {"gameTime": "2 - 31:27", "label": "Substitution", "position": "1887808", "team": "away", "visibility": "not shown"}, {"gameTime": "2 - 31:53", "label": "Throw-in", "position": "1913386", "team": "home", "visibility": "visible"}, {"gameTime": "2 - 31:54", "label": "Shots off target", "position": "1914786", "team": "not applicable", "visibility": "visible"}, {"gameTime": "2 - 32:29", "label": "Ball out of play", "position": "1949889", "team": "away", "visibility": "visible"}, {"gameTime": "2 - 33:06", "label": "Clearance", "position": "1986703", "team": "not applicable", "visibility": "visible"}, {"gameTime": "2 - 33:16", "label": "Ball out of play", "position": "1996026", "team": "home", "visibility": "not shown"}, {"gameTime": "2 - 33:47", "label": "Throw-in", "position": "2027480", "team": "away", "visibility": "visible"}, {"gameTime": "2 - 34:00", "label": "Foul", "position": "2040319", "team": "home", "visibility": "visible"}, {"gameTime": "2 - 34:21", "label": "Indirect free-kick", "position": "2061789", "team": "not applicable", "visibility": "visible"}, {"gameTime": "2 - 34:33", "label": "Ball out of play", "position": "2073789", "team": "home", "visibility": "visible"}, {"gameTime": "2 - 34:37", "label": "Corner", "position": "2077807", "team": "not applicable", "visibility": "visible"}, {"gameTime": "2 - 34:41", "label": "Ball out of play", "position": "2081430", "team": "home", "visibility": "not shown"}, {"gameTime": "2 - 34:53", "label": "Throw-in", "position": "2093982", "team": "away", "visibility": "visible"}, {"gameTime": "2 - 34:55", "label": "Shots on target", "position": "2095979", "team": "not applicable", "visibility": "visible"}, {"gameTime": "2 - 35:35", "label": "Ball out of play", "position": "2135945", "team": "away", "visibility": "visible"}, {"gameTime": "2 - 35:39", "label": "Corner", "position": "2139723", "team": "away", "visibility": "visible"}, {"gameTime": "2 - 35:40", "label": "Shots on target", "position": "2140400", "team": "away", "visibility": "visible"}, {"gameTime": "2 - 36:45", "label": "Goal", "position": "2205186", "team": "home", "visibility": "not shown"}, {"gameTime": "2 - 36:50", "label": "Kick-off", "position": "2210882", "team": "not applicable", "visibility": "not shown"}, {"gameTime": "2 - 36:58", "label": "Ball out of play", "position": "2218061", "team": "home", "visibility": "not shown"}, {"gameTime": "2 - 37:07", "label": "Throw-in", "position": "2227982", "team": "not applicable", "visibility": "visible"}, {"gameTime": "2 - 37:24", "label": "Ball out of play", "position": "2244777", "team": "home", "visibility": "visible"}, {"gameTime": "2 - 37:33", "label": "Throw-in", "position": "2253985", "team": "not applicable", "visibility": "visible"}, {"gameTime": "2 - 37:46", "label": "Ball out of play", "position": "2266267", "team": "home", "visibility": "visible"}, {"gameTime": "2 - 37:50", "label": "Throw-in", "position": "2270484", "team": "not applicable", "visibility": "visible"}, {"gameTime": "2 - 37:55", "label": "Ball out of play", "position": "2275938", "team": "home", "visibility": "not shown"}, {"gameTime": "2 - 38:17", "label": "Throw-in", "position": "2297067", "team": "home", "visibility": "visible"}, {"gameTime": "2 - 39:01", "label": "Foul", "position": "2341211", "team": "away", "visibility": "not shown"}, {"gameTime": "2 - 39:27", "label": "Indirect free-kick", "position": "2367415", "team": "not applicable", "visibility": "visible"}, {"gameTime": "2 - 39:37", "label": "Ball out of play", "position": "2377974", "team": "away", "visibility": "not shown"}, {"gameTime": "2 - 39:45", "label": "Yellow card", "position": "2385428", "team": "home", "visibility": "visible"}, {"gameTime": "2 - 39:52", "label": "Throw-in", "position": "2392227", "team": "home", "visibility": "visible"}, {"gameTime": "2 - 39:57", "label": "Shots on target", "position": "2397654", "team": "not applicable", "visibility": "visible"}, {"gameTime": "2 - 40:25", "label": "Ball out of play", "position": "2425962", "team": "home", "visibility": "visible"}, {"gameTime": "2 - 40:43", "label": "Corner", "position": "2443716", "team": "not applicable", "visibility": "not shown"}, {"gameTime": "2 - 40:54", "label": "Ball out of play", "position": "2454169", "team": "home", "visibility": "visible"}, {"gameTime": "2 - 41:20", "label": "Throw-in", "position": "2480191", "team": "not applicable", "visibility": "visible"}, {"gameTime": "2 - 41:27", "label": "Ball out of play", "position": "2487550", "team": "home", "visibility": "not shown"}, {"gameTime": "2 - 41:36", "label": "Throw-in", "position": "2496642", "team": "away", "visibility": "visible"}, {"gameTime": "2 - 41:46", "label": "Foul", "position": "2506070", "team": "home", "visibility": "visible"}, {"gameTime": "2 - 41:52", "label": "Indirect free-kick", "position": "2512714", "team": "away", "visibility": "visible"}, {"gameTime": "2 - 42:12", "label": "Foul", "position": "2532825", "team": "home", "visibility": "visible"}, {"gameTime": "2 - 42:44", "label": "Indirect free-kick", "position": "2564781", "team": "not applicable", "visibility": "visible"}, {"gameTime": "2 - 43:01", "label": "Ball out of play", "position": "2581080", "team": "home", "visibility": "visible"}, {"gameTime": "2 - 43:38", "label": "Throw-in", "position": "2618790", "team": "home", "visibility": "visible"}, {"gameTime": "2 - 43:39", "label": "Shots off target", "position": "2619470", "team": "not applicable", "visibility": "visible"}, {"gameTime": "2 - 44:33", "label": "Ball out of play", "position": "2673840", "team": "away", "visibility": "visible"}, {"gameTime": "2 - 44:50", "label": "Substitution", "position": "2690311", "team": "away", "visibility": "visible"}, {"gameTime": "2 - 45:00", "label": "Clearance", "position": "2700274", "team": "not applicable", "visibility": "visible"}, {"gameTime": "2 - 45:06", "label": "Ball out of play", "position": "2706335", "team": "home", "visibility": "visible"}], "gameAwayTeam": "Liverpool", "gameDate": "21/11/2015 - 20:30", "gameHomeTeam": "Manchester City", "gameScore": "1 - 4"}