{"UrlLocal": "france_ligue-1/2016-2017/2017-04-18 - 19-30 Metz 2 - 3 Paris SG/", "UrlYoutube": "", "annotations": [{"gameTime": "1 - 01:43", "label": "Kick-off", "position": "103414", "team": "not applicable", "visibility": "visible"}, {"gameTime": "1 - 01:55", "label": "Ball out of play", "position": "115954", "team": "away", "visibility": "visible"}, {"gameTime": "1 - 02:19", "label": "Throw-in", "position": "139359", "team": "not applicable", "visibility": "visible"}, {"gameTime": "1 - 02:30", "label": "Ball out of play", "position": "150870", "team": "home", "visibility": "not shown"}, {"gameTime": "1 - 04:23", "label": "Throw-in", "position": "263663", "team": "away", "visibility": "visible"}, {"gameTime": "1 - 04:55", "label": "Foul", "position": "295913", "team": "home", "visibility": "not shown"}, {"gameTime": "1 - 04:57", "label": "Indirect free-kick", "position": "297879", "team": "not applicable", "visibility": "visible"}, {"gameTime": "1 - 05:07", "label": "Ball out of play", "position": "307277", "team": "home", "visibility": "visible"}, {"gameTime": "1 - 08:23", "label": "Throw-in", "position": "503035", "team": "not applicable", "visibility": "visible"}, {"gameTime": "1 - 08:50", "label": "Ball out of play", "position": "530712", "team": "away", "visibility": "visible"}, {"gameTime": "1 - 09:08", "label": "Corner", "position": "548348", "team": "not applicable", "visibility": "visible"}, {"gameTime": "1 - 09:33", "label": "Ball out of play", "position": "573828", "team": "home", "visibility": "not shown"}, {"gameTime": "1 - 11:18", "label": "Clearance", "position": "678316", "team": "not applicable", "visibility": "visible"}, {"gameTime": "1 - 11:47", "label": "Ball out of play", "position": "707658", "team": "home", "visibility": "not shown"}, {"gameTime": "1 - 12:19", "label": "Clearance", "position": "739406", "team": "not applicable", "visibility": "visible"}, {"gameTime": "1 - 12:25", "label": "Ball out of play", "position": "745935", "team": "away", "visibility": "visible"}, {"gameTime": "1 - 13:08", "label": "Throw-in", "position": "788702", "team": "not applicable", "visibility": "visible"}, {"gameTime": "1 - 13:44", "label": "Ball out of play", "position": "824385", "team": "away", "visibility": "visible"}, {"gameTime": "1 - 13:46", "label": "Corner", "position": "826397", "team": "away", "visibility": "visible"}, {"gameTime": "1 - 13:47", "label": "Shots off target", "position": "827088", "team": "not applicable", "visibility": "visible"}, {"gameTime": "1 - 14:21", "label": "Ball out of play", "position": "861228", "team": "home", "visibility": "visible"}, {"gameTime": "1 - 15:11", "label": "Clearance", "position": "911893", "team": "not applicable", "visibility": "visible"}, {"gameTime": "1 - 15:32", "label": "Ball out of play", "position": "932433", "team": "away", "visibility": "visible"}, {"gameTime": "1 - 15:37", "label": "Corner", "position": "937560", "team": "not applicable", "visibility": "visible"}, {"gameTime": "1 - 15:45", "label": "Ball out of play", "position": "945717", "team": "away", "visibility": "visible"}, {"gameTime": "1 - 15:50", "label": "Throw-in", "position": "950149", "team": "away", "visibility": "visible"}, {"gameTime": "1 - 16:11", "label": "Shots on target", "position": "971862", "team": "away", "visibility": "visible"}, {"gameTime": "1 - 17:08", "label": "Foul", "position": "1028490", "team": "home", "visibility": "visible"}, {"gameTime": "1 - 17:53", "label": "Indirect free-kick", "position": "1073111", "team": "not applicable", "visibility": "visible"}, {"gameTime": "1 - 18:16", "label": "Ball out of play", "position": "1096624", "team": "away", "visibility": "visible"}, {"gameTime": "1 - 19:59", "label": "Corner", "position": "1199486", "team": "not applicable", "visibility": "visible"}, {"gameTime": "1 - 20:08", "label": "Ball out of play", "position": "1208880", "team": "away", "visibility": "not shown"}, {"gameTime": "1 - 20:22", "label": "Throw-in", "position": "1222970", "team": "not applicable", "visibility": "visible"}, {"gameTime": "1 - 20:38", "label": "Ball out of play", "position": "1238255", "team": "home", "visibility": "not shown"}, {"gameTime": "1 - 21:37", "label": "Throw-in", "position": "1297918", "team": "away", "visibility": "visible"}, {"gameTime": "1 - 21:45", "label": "Foul", "position": "1305647", "team": "home", "visibility": "not shown"}, {"gameTime": "1 - 22:07", "label": "Indirect free-kick", "position": "1327419", "team": "not applicable", "visibility": "visible"}, {"gameTime": "1 - 22:31", "label": "Ball out of play", "position": "1351781", "team": "away", "visibility": "visible"}, {"gameTime": "1 - 23:15", "label": "Throw-in", "position": "1395184", "team": "not applicable", "visibility": "visible"}, {"gameTime": "1 - 23:42", "label": "Ball out of play", "position": "1422957", "team": "away", "visibility": "visible"}, {"gameTime": "1 - 23:44", "label": "Corner", "position": "1424612", "team": "away", "visibility": "visible"}, {"gameTime": "1 - 23:45", "label": "Shots off target", "position": "1425343", "team": "not applicable", "visibility": "visible"}, {"gameTime": "1 - 24:13", "label": "Ball out of play", "position": "1453775", "team": "home", "visibility": "not shown"}, {"gameTime": "1 - 24:19", "label": "Clearance", "position": "1459650", "team": "home", "visibility": "visible"}, {"gameTime": "1 - 24:32", "label": "Offside", "position": "1472111", "team": "away", "visibility": "not shown"}, {"gameTime": "1 - 24:40", "label": "Indirect free-kick", "position": "1480666", "team": "not applicable", "visibility": "visible"}, {"gameTime": "1 - 24:51", "label": "Ball out of play", "position": "1491054", "team": "home", "visibility": "visible"}, {"gameTime": "1 - 25:55", "label": "Throw-in", "position": "1555267", "team": "home", "visibility": "visible"}, {"gameTime": "1 - 26:58", "label": "Foul", "position": "1618751", "team": "away", "visibility": "visible"}, {"gameTime": "1 - 27:01", "label": "Direct free-kick", "position": "1621421", "team": "away", "visibility": "visible"}, {"gameTime": "1 - 27:19", "label": "Shots on target", "position": "1639647", "team": "away", "visibility": "visible"}, {"gameTime": "1 - 27:52", "label": "Foul", "position": "1672360", "team": "home", "visibility": "visible"}, {"gameTime": "1 - 27:58", "label": "Indirect free-kick", "position": "1678331", "team": "not applicable", "visibility": "visible"}, {"gameTime": "1 - 28:09", "label": "Ball out of play", "position": "1689164", "team": "home", "visibility": "visible"}, {"gameTime": "1 - 28:28", "label": "Throw-in", "position": "1708666", "team": "not applicable", "visibility": "not shown"}, {"gameTime": "1 - 28:35", "label": "Ball out of play", "position": "1715271", "team": "away", "visibility": "visible"}, {"gameTime": "1 - 28:37", "label": "Throw-in", "position": "1717181", "team": "not applicable", "visibility": "visible"}, {"gameTime": "1 - 28:45", "label": "Ball out of play", "position": "1725390", "team": "away", "visibility": "visible"}, {"gameTime": "1 - 29:10", "label": "Throw-in", "position": "1750249", "team": "not applicable", "visibility": "visible"}, {"gameTime": "1 - 29:36", "label": "Ball out of play", "position": "1776320", "team": "away", "visibility": "visible"}, {"gameTime": "1 - 31:15", "label": "Corner", "position": "1875635", "team": "not applicable", "visibility": "visible"}, {"gameTime": "1 - 31:42", "label": "Ball out of play", "position": "1902928", "team": "home", "visibility": "not shown"}, {"gameTime": "1 - 32:19", "label": "Clearance", "position": "1939926", "team": "away", "visibility": "visible"}, {"gameTime": "1 - 32:20", "label": "Shots on target", "position": "1940326", "team": "away", "visibility": "visible"}, {"gameTime": "1 - 33:13", "label": "Goal", "position": "1993789", "team": "home", "visibility": "visible"}, {"gameTime": "1 - 33:20", "label": "Kick-off", "position": "2000794", "team": "not applicable", "visibility": "visible"}, {"gameTime": "1 - 33:31", "label": "Ball out of play", "position": "2011841", "team": "away", "visibility": "visible"}, {"gameTime": "1 - 34:09", "label": "Throw-in", "position": "2049824", "team": "not applicable", "visibility": "visible"}, {"gameTime": "1 - 34:24", "label": "Ball out of play", "position": "2064973", "team": "home", "visibility": "visible"}, {"gameTime": "1 - 35:46", "label": "Throw-in", "position": "2146832", "team": "away", "visibility": "visible"}, {"gameTime": "1 - 35:47", "label": "Shots on target", "position": "2147392", "team": "away", "visibility": "visible"}, {"gameTime": "1 - 36:43", "label": "Goal", "position": "2203043", "team": "home", "visibility": "visible"}, {"gameTime": "1 - 36:54", "label": "Kick-off", "position": "2214803", "team": "not applicable", "visibility": "visible"}, {"gameTime": "1 - 36:59", "label": "Ball out of play", "position": "2219171", "team": "home", "visibility": "visible"}, {"gameTime": "1 - 37:01", "label": "Throw-in", "position": "2221584", "team": "not applicable", "visibility": "visible"}, {"gameTime": "1 - 37:09", "label": "Ball out of play", "position": "2229531", "team": "home", "visibility": "visible"}, {"gameTime": "1 - 38:19", "label": "Throw-in", "position": "2299735", "team": "not applicable", "visibility": "visible"}, {"gameTime": "1 - 40:30", "label": "Ball out of play", "position": "2430863", "team": "not applicable", "visibility": "visible"}, {"gameTime": "1 - 40:37", "label": "Ball out of play", "position": "2437111", "team": "away", "visibility": "visible"}, {"gameTime": "1 - 40:54", "label": "Throw-in", "position": "2454111", "team": "home", "visibility": "visible"}, {"gameTime": "1 - 41:43", "label": "Foul", "position": "2503000", "team": "home", "visibility": "visible"}, {"gameTime": "1 - 42:04", "label": "Yellow card", "position": "2524464", "team": "away", "visibility": "visible"}, {"gameTime": "1 - 42:38", "label": "Indirect free-kick", "position": "2558497", "team": "not applicable", "visibility": "visible"}, {"gameTime": "1 - 42:47", "label": "Ball out of play", "position": "2567551", "team": "home", "visibility": "not shown"}, {"gameTime": "1 - 42:51", "label": "Throw-in", "position": "2571694", "team": "not applicable", "visibility": "visible"}, {"gameTime": "1 - 43:01", "label": "Ball out of play", "position": "2581871", "team": "home", "visibility": "visible"}, {"gameTime": "1 - 44:03", "label": "Throw-in", "position": "2643920", "team": "not applicable", "visibility": "visible"}, {"gameTime": "1 - 44:22", "label": "Ball out of play", "position": "2662908", "team": "home", "visibility": "not shown"}, {"gameTime": "1 - 44:54", "label": "Clearance", "position": "2694898", "team": "home", "visibility": "visible"}, {"gameTime": "1 - 44:55", "label": "Shots off target", "position": "2695725", "team": "not applicable", "visibility": "visible"}, {"gameTime": "2 - 00:41", "label": "Kick-off", "position": "41281", "team": "away", "visibility": "visible"}, {"gameTime": "2 - 01:23", "label": "Foul", "position": "83283", "team": "home", "visibility": "visible"}, {"gameTime": "2 - 01:30", "label": "Indirect free-kick", "position": "90276", "team": "home", "visibility": "visible"}, {"gameTime": "2 - 01:31", "label": "Shots off target", "position": "91364", "team": "not applicable", "visibility": "visible"}, {"gameTime": "2 - 02:00", "label": "Ball out of play", "position": "120067", "team": "away", "visibility": "not shown"}, {"gameTime": "2 - 02:23", "label": "Clearance", "position": "143242", "team": "home", "visibility": "visible"}, {"gameTime": "2 - 04:19", "label": "Foul", "position": "259021", "team": "away", "visibility": "not shown"}, {"gameTime": "2 - 05:11", "label": "Indirect free-kick", "position": "311784", "team": "not applicable", "visibility": "visible"}, {"gameTime": "2 - 05:16", "label": "Ball out of play", "position": "316095", "team": "away", "visibility": "visible"}, {"gameTime": "2 - 08:13", "label": "Throw-in", "position": "493120", "team": "home", "visibility": "visible"}, {"gameTime": "2 - 08:28", "label": "Foul", "position": "508334", "team": "away", "visibility": "not shown"}, {"gameTime": "2 - 08:38", "label": "Indirect free-kick", "position": "518887", "team": "not applicable", "visibility": "visible"}, {"gameTime": "2 - 09:10", "label": "Ball out of play", "position": "550689", "team": "home", "visibility": "not shown"}, {"gameTime": "2 - 09:15", "label": "Clearance", "position": "555452", "team": "not applicable", "visibility": "not shown"}, {"gameTime": "2 - 09:31", "label": "Ball out of play", "position": "571830", "team": "home", "visibility": "visible"}, {"gameTime": "2 - 09:34", "label": "Throw-in", "position": "574366", "team": "not applicable", "visibility": "visible"}, {"gameTime": "2 - 09:50", "label": "Ball out of play", "position": "590396", "team": "home", "visibility": "visible"}, {"gameTime": "2 - 09:53", "label": "Throw-in", "position": "593550", "team": "not applicable", "visibility": "visible"}, {"gameTime": "2 - 10:05", "label": "Ball out of play", "position": "605791", "team": "home", "visibility": "visible"}, {"gameTime": "2 - 10:08", "label": "Throw-in", "position": "608622", "team": "home", "visibility": "visible"}, {"gameTime": "2 - 10:22", "label": "Foul", "position": "622007", "team": "away", "visibility": "not shown"}, {"gameTime": "2 - 12:29", "label": "Indirect free-kick", "position": "749775", "team": "not applicable", "visibility": "visible"}, {"gameTime": "2 - 12:58", "label": "Ball out of play", "position": "778282", "team": "home", "visibility": "not shown"}, {"gameTime": "2 - 13:05", "label": "Clearance", "position": "785952", "team": "not applicable", "visibility": "visible"}, {"gameTime": "2 - 13:14", "label": "Ball out of play", "position": "794653", "team": "home", "visibility": "visible"}, {"gameTime": "2 - 13:22", "label": "Throw-in", "position": "802302", "team": "not applicable", "visibility": "visible"}, {"gameTime": "2 - 13:41", "label": "Ball out of play", "position": "821927", "team": "home", "visibility": "visible"}, {"gameTime": "2 - 13:49", "label": "Throw-in", "position": "829680", "team": "not applicable", "visibility": "visible"}, {"gameTime": "2 - 14:02", "label": "Ball out of play", "position": "842113", "team": "away", "visibility": "not shown"}, {"gameTime": "2 - 14:15", "label": "Throw-in", "position": "855913", "team": "not applicable", "visibility": "visible"}, {"gameTime": "2 - 14:30", "label": "Ball out of play", "position": "870324", "team": "home", "visibility": "visible"}, {"gameTime": "2 - 15:20", "label": "Throw-in", "position": "920839", "team": "not applicable", "visibility": "visible"}, {"gameTime": "2 - 15:42", "label": "Ball out of play", "position": "942127", "team": "away", "visibility": "visible"}, {"gameTime": "2 - 15:53", "label": "Substitution", "position": "953318", "team": "away", "visibility": "not shown"}, {"gameTime": "2 - 16:19", "label": "Throw-in", "position": "979017", "team": "not applicable", "visibility": "visible"}, {"gameTime": "2 - 17:06", "label": "Ball out of play", "position": "1026805", "team": "home", "visibility": "visible"}, {"gameTime": "2 - 17:22", "label": "Substitution", "position": "1042553", "team": "home", "visibility": "visible"}, {"gameTime": "2 - 18:10", "label": "Clearance", "position": "1090932", "team": "not applicable", "visibility": "visible"}, {"gameTime": "2 - 20:44", "label": "Ball out of play", "position": "1244517", "team": "not applicable", "visibility": "visible"}, {"gameTime": "2 - 20:51", "label": "Ball out of play", "position": "1251630", "team": "home", "visibility": "visible"}, {"gameTime": "2 - 21:02", "label": "Throw-in", "position": "1262682", "team": "not applicable", "visibility": "visible"}, {"gameTime": "2 - 21:13", "label": "Ball out of play", "position": "1273867", "team": "away", "visibility": "not shown"}, {"gameTime": "2 - 22:22", "label": "Throw-in", "position": "1342346", "team": "not applicable", "visibility": "visible"}, {"gameTime": "2 - 22:35", "label": "Ball out of play", "position": "1355425", "team": "away", "visibility": "visible"}, {"gameTime": "2 - 23:21", "label": "Throw-in", "position": "1401394", "team": "not applicable", "visibility": "visible"}, {"gameTime": "2 - 23:26", "label": "Ball out of play", "position": "1406183", "team": "home", "visibility": "visible"}, {"gameTime": "2 - 25:39", "label": "Throw-in", "position": "1539824", "team": "away", "visibility": "visible"}, {"gameTime": "2 - 26:08", "label": "Foul", "position": "1568984", "team": "home", "visibility": "visible"}, {"gameTime": "2 - 26:15", "label": "Substitution", "position": "1575672", "team": "home", "visibility": "visible"}, {"gameTime": "2 - 27:36", "label": "Indirect free-kick", "position": "1656589", "team": "home", "visibility": "visible"}, {"gameTime": "2 - 27:37", "label": "Shots off target", "position": "1657873", "team": "not applicable", "visibility": "visible"}, {"gameTime": "2 - 28:06", "label": "Ball out of play", "position": "1686969", "team": "away", "visibility": "not shown"}, {"gameTime": "2 - 28:46", "label": "Clearance", "position": "1726927", "team": "home", "visibility": "visible"}, {"gameTime": "2 - 28:53", "label": "Offside", "position": "1733517", "team": "away", "visibility": "not shown"}, {"gameTime": "2 - 29:30", "label": "Indirect free-kick", "position": "1770361", "team": "not applicable", "visibility": "visible"}, {"gameTime": "2 - 30:05", "label": "Ball out of play", "position": "1805396", "team": "away", "visibility": "visible"}, {"gameTime": "2 - 30:23", "label": "Substitution", "position": "1823170", "team": "home", "visibility": "visible"}, {"gameTime": "2 - 30:34", "label": "Substitution", "position": "1834318", "team": "away", "visibility": "visible"}, {"gameTime": "2 - 31:08", "label": "Throw-in", "position": "1868467", "team": "away", "visibility": "visible"}, {"gameTime": "2 - 31:31", "label": "Foul", "position": "1891326", "team": "home", "visibility": "not shown"}, {"gameTime": "2 - 31:42", "label": "Indirect free-kick", "position": "1902921", "team": "away", "visibility": "visible"}, {"gameTime": "2 - 32:57", "label": "Foul", "position": "1977644", "team": "home", "visibility": "visible"}, {"gameTime": "2 - 32:57", "label": "Shots on target", "position": "1977644", "team": "home", "visibility": "visible"}, {"gameTime": "2 - 32:58", "label": "Direct free-kick", "position": "1978787", "team": "home", "visibility": "visible"}, {"gameTime": "2 - 33:50", "label": "Goal", "position": "2030843", "team": "not applicable", "visibility": "visible"}, {"gameTime": "2 - 34:23", "label": "Ball out of play", "position": "2063493", "team": "away", "visibility": "not shown"}, {"gameTime": "2 - 34:25", "label": "Corner", "position": "2065185", "team": "away", "visibility": "visible"}, {"gameTime": "2 - 34:46", "label": "Foul", "position": "2086012", "team": "home", "visibility": "visible"}, {"gameTime": "2 - 34:50", "label": "Indirect free-kick", "position": "2090622", "team": "away", "visibility": "visible"}, {"gameTime": "2 - 35:39", "label": "Foul", "position": "2139097", "team": "home", "visibility": "visible"}, {"gameTime": "2 - 35:41", "label": "Direct free-kick", "position": "2141622", "team": "not applicable", "visibility": "visible"}, {"gameTime": "2 - 36:05", "label": "Ball out of play", "position": "2165045", "team": "home", "visibility": "visible"}, {"gameTime": "2 - 36:11", "label": "Corner", "position": "2171835", "team": "home", "visibility": "visible"}, {"gameTime": "2 - 36:22", "label": "Foul", "position": "2182742", "team": "away", "visibility": "not shown"}, {"gameTime": "2 - 36:33", "label": "Indirect free-kick", "position": "2193256", "team": "away", "visibility": "visible"}, {"gameTime": "2 - 36:34", "label": "Shots off target", "position": "2194810", "team": "not applicable", "visibility": "visible"}, {"gameTime": "2 - 37:06", "label": "Ball out of play", "position": "2226649", "team": "home", "visibility": "not shown"}, {"gameTime": "2 - 37:07", "label": "Clearance", "position": "2227830", "team": "home", "visibility": "visible"}, {"gameTime": "2 - 37:15", "label": "Foul", "position": "2235001", "team": "away", "visibility": "not shown"}, {"gameTime": "2 - 37:25", "label": "Indirect free-kick", "position": "2245279", "team": "home", "visibility": "visible"}, {"gameTime": "2 - 39:10", "label": "Foul", "position": "2350213", "team": "away", "visibility": "visible"}, {"gameTime": "2 - 39:10", "label": "Shots off target", "position": "2350227", "team": "away", "visibility": "visible"}, {"gameTime": "2 - 39:11", "label": "Direct free-kick", "position": "2351264", "team": "not applicable", "visibility": "visible"}, {"gameTime": "2 - 39:39", "label": "Ball out of play", "position": "2379902", "team": "home", "visibility": "not shown"}, {"gameTime": "2 - 40:47", "label": "Clearance", "position": "2447417", "team": "home", "visibility": "visible"}, {"gameTime": "2 - 40:56", "label": "Clearance", "position": "2456026", "team": "home", "visibility": "visible"}, {"gameTime": "2 - 41:02", "label": "Foul", "position": "2462240", "team": "away", "visibility": "visible"}, {"gameTime": "2 - 41:22", "label": "Indirect free-kick", "position": "2482591", "team": "away", "visibility": "visible"}, {"gameTime": "2 - 42:10", "label": "Shots on target", "position": "2530360", "team": "away", "visibility": "visible"}, {"gameTime": "2 - 42:29", "label": "Shots on target", "position": "2549288", "team": "home", "visibility": "visible"}, {"gameTime": "2 - 42:30", "label": "Shots on target", "position": "2550048", "team": "home", "visibility": "visible"}, {"gameTime": "2 - 43:32", "label": "Goal", "position": "2612586", "team": "away", "visibility": "not shown"}, {"gameTime": "2 - 44:17", "label": "Kick-off", "position": "2657442", "team": "away", "visibility": "visible"}, {"gameTime": "2 - 44:27", "label": "Foul", "position": "2667369", "team": "away", "visibility": "visible"}, {"gameTime": "2 - 45:29", "label": "Yellow card", "position": "2729519", "team": "home", "visibility": "visible"}, {"gameTime": "2 - 45:29", "label": "Direct free-kick", "position": "2729519", "team": "home", "visibility": "visible"}, {"gameTime": "2 - 45:34", "label": "Shots off target", "position": "2734124", "team": "home", "visibility": "visible"}, {"gameTime": "2 - 45:53", "label": "Foul", "position": "2753081", "team": "away", "visibility": "visible"}, {"gameTime": "2 - 46:16", "label": "Indirect free-kick", "position": "2776681", "team": "not applicable", "visibility": "visible"}, {"gameTime": "2 - 46:22", "label": "Ball out of play", "position": "2782078", "team": "away", "visibility": "not shown"}, {"gameTime": "2 - 46:29", "label": "Corner", "position": "2789590", "team": "not applicable", "visibility": "visible"}, {"gameTime": "2 - 46:35", "label": "Ball out of play", "position": "2795664", "team": "away", "visibility": "visible"}, {"gameTime": "2 - 47:18", "label": "Throw-in", "position": "2838204", "team": "away", "visibility": "visible"}, {"gameTime": "2 - 47:28", "label": "Shots off target", "position": "2848908", "team": "away", "visibility": "visible"}, {"gameTime": "2 - 47:29", "label": "Shots on target", "position": "2849845", "team": "away", "visibility": "visible"}, {"gameTime": "2 - 48:48", "label": "Goal", "position": "2928875", "team": "home", "visibility": "visible"}], "gameAwayTeam": "Paris SG", "gameDate": "18/04/2017 - 19:30", "gameHomeTeam": "Metz", "gameScore": "2 - 3"}