{"UrlLocal": "england_epl/2016-2017/2016-09-10 - 17-00 Arsenal 2 - 1 Southampton/", "UrlYoutube": "", "annotations": [{"gameTime": "1 - 00:00", "label": "Offside", "position": "0", "team": "home", "visibility": "not shown"}, {"gameTime": "1 - 02:02", "label": "Indirect free-kick", "position": "122507", "team": "away", "visibility": "visible"}, {"gameTime": "1 - 02:24", "label": "Ball out of play", "position": "144265", "team": "home", "visibility": "not shown"}, {"gameTime": "1 - 02:42", "label": "Throw-in", "position": "162449", "team": "not applicable", "visibility": "visible"}, {"gameTime": "1 - 02:59", "label": "Ball out of play", "position": "179734", "team": "away", "visibility": "visible"}, {"gameTime": "1 - 03:11", "label": "Throw-in", "position": "191109", "team": "not applicable", "visibility": "visible"}, {"gameTime": "1 - 03:23", "label": "Shots off target", "position": "203362", "team": "home", "visibility": "not shown"}, {"gameTime": "1 - 04:10", "label": "Ball out of play", "position": "250221", "team": "away", "visibility": "visible"}, {"gameTime": "1 - 04:11", "label": "Clearance", "position": "251061", "team": "not applicable", "visibility": "visible"}, {"gameTime": "1 - 04:32", "label": "Foul", "position": "272612", "team": "home", "visibility": "not shown"}, {"gameTime": "1 - 04:55", "label": "Indirect free-kick", "position": "295785", "team": "home", "visibility": "visible"}, {"gameTime": "1 - 05:05", "label": "Ball out of play", "position": "305537", "team": "away", "visibility": "not shown"}, {"gameTime": "1 - 05:27", "label": "Throw-in", "position": "327782", "team": "not applicable", "visibility": "visible"}, {"gameTime": "1 - 05:39", "label": "Ball out of play", "position": "339535", "team": "home", "visibility": "visible"}, {"gameTime": "1 - 05:42", "label": "Throw-in", "position": "342298", "team": "not applicable", "visibility": "visible"}, {"gameTime": "1 - 05:48", "label": "Ball out of play", "position": "348651", "team": "home", "visibility": "visible"}, {"gameTime": "1 - 06:03", "label": "Throw-in", "position": "363931", "team": "not applicable", "visibility": "visible"}, {"gameTime": "1 - 06:16", "label": "Foul", "position": "376435", "team": "home", "visibility": "not shown"}, {"gameTime": "1 - 06:28", "label": "Indirect free-kick", "position": "388530", "team": "away", "visibility": "visible"}, {"gameTime": "1 - 06:43", "label": "Ball out of play", "position": "403375", "team": "home", "visibility": "visible"}, {"gameTime": "1 - 07:51", "label": "Throw-in", "position": "471438", "team": "not applicable", "visibility": "visible"}, {"gameTime": "1 - 07:58", "label": "Shots off target", "position": "478986", "team": "home", "visibility": "not shown"}, {"gameTime": "1 - 08:42", "label": "Foul", "position": "522134", "team": "home", "visibility": "visible"}, {"gameTime": "1 - 09:24", "label": "Indirect free-kick", "position": "564094", "team": "home", "visibility": "visible"}, {"gameTime": "1 - 09:47", "label": "Ball out of play", "position": "587783", "team": "away", "visibility": "visible"}, {"gameTime": "1 - 11:24", "label": "Clearance", "position": "684349", "team": "not applicable", "visibility": "visible"}, {"gameTime": "1 - 11:49", "label": "Ball out of play", "position": "709222", "team": "home", "visibility": "visible"}, {"gameTime": "1 - 12:34", "label": "Throw-in", "position": "754878", "team": "not applicable", "visibility": "visible"}, {"gameTime": "1 - 12:51", "label": "Ball out of play", "position": "771676", "team": "away", "visibility": "visible"}, {"gameTime": "1 - 12:57", "label": "Clearance", "position": "777957", "team": "not applicable", "visibility": "visible"}, {"gameTime": "1 - 13:13", "label": "Ball out of play", "position": "793439", "team": "home", "visibility": "not shown"}, {"gameTime": "1 - 13:43", "label": "Throw-in", "position": "823134", "team": "not applicable", "visibility": "visible"}, {"gameTime": "1 - 13:46", "label": "Ball out of play", "position": "826566", "team": "home", "visibility": "not shown"}, {"gameTime": "1 - 14:51", "label": "Clearance", "position": "891288", "team": "not applicable", "visibility": "visible"}, {"gameTime": "1 - 15:27", "label": "Foul", "position": "927884", "team": "away", "visibility": "visible"}, {"gameTime": "1 - 15:36", "label": "Yellow card", "position": "936379", "team": "home", "visibility": "visible"}, {"gameTime": "1 - 15:43", "label": "Shots on target", "position": "943976", "team": "home", "visibility": "visible"}, {"gameTime": "1 - 17:12", "label": "Direct free-kick", "position": "1032080", "team": "away", "visibility": "visible"}, {"gameTime": "1 - 17:12", "label": "Goal", "position": "1032080", "team": "away", "visibility": "visible"}, {"gameTime": "1 - 17:13", "label": "Kick-off", "position": "1033640", "team": "away", "visibility": "visible"}, {"gameTime": "1 - 18:05", "label": "Ball out of play", "position": "1085621", "team": "home", "visibility": "not shown"}, {"gameTime": "1 - 20:54", "label": "Throw-in", "position": "1254268", "team": "not applicable", "visibility": "visible"}, {"gameTime": "1 - 21:08", "label": "Ball out of play", "position": "1268592", "team": "away", "visibility": "visible"}, {"gameTime": "1 - 21:51", "label": "Throw-in", "position": "1311424", "team": "not applicable", "visibility": "visible"}, {"gameTime": "1 - 21:58", "label": "Ball out of play", "position": "1318725", "team": "away", "visibility": "visible"}, {"gameTime": "1 - 22:43", "label": "Clearance", "position": "1363110", "team": "not applicable", "visibility": "visible"}, {"gameTime": "1 - 22:46", "label": "Foul", "position": "1366281", "team": "home", "visibility": "not shown"}, {"gameTime": "1 - 22:59", "label": "Direct free-kick", "position": "1379691", "team": "away", "visibility": "visible"}, {"gameTime": "1 - 23:55", "label": "Shots off target", "position": "1435361", "team": "home", "visibility": "visible"}, {"gameTime": "1 - 23:56", "label": "Ball out of play", "position": "1436547", "team": "home", "visibility": "visible"}, {"gameTime": "1 - 23:57", "label": "Clearance", "position": "1437387", "team": "not applicable", "visibility": "visible"}, {"gameTime": "1 - 24:29", "label": "Ball out of play", "position": "1469475", "team": "away", "visibility": "visible"}, {"gameTime": "1 - 24:34", "label": "Throw-in", "position": "1474524", "team": "not applicable", "visibility": "visible"}, {"gameTime": "1 - 24:50", "label": "Foul", "position": "1490129", "team": "home", "visibility": "visible"}, {"gameTime": "1 - 25:09", "label": "Yellow card", "position": "1509253", "team": "home", "visibility": "visible"}, {"gameTime": "1 - 25:14", "label": "Indirect free-kick", "position": "1514320", "team": "home", "visibility": "visible"}, {"gameTime": "1 - 25:49", "label": "Ball out of play", "position": "1549996", "team": "away", "visibility": "visible"}, {"gameTime": "1 - 25:57", "label": "Throw-in", "position": "1557602", "team": "not applicable", "visibility": "visible"}, {"gameTime": "1 - 26:01", "label": "Ball out of play", "position": "1561006", "team": "away", "visibility": "visible"}, {"gameTime": "1 - 26:19", "label": "Throw-in", "position": "1579265", "team": "not applicable", "visibility": "visible"}, {"gameTime": "1 - 26:34", "label": "Shots on target", "position": "1594232", "team": "home", "visibility": "visible"}, {"gameTime": "1 - 26:44", "label": "Shots off target", "position": "1604465", "team": "away", "visibility": "visible"}, {"gameTime": "1 - 27:00", "label": "Ball out of play", "position": "1620452", "team": "away", "visibility": "visible"}, {"gameTime": "1 - 27:50", "label": "Corner", "position": "1670444", "team": "not applicable", "visibility": "visible"}, {"gameTime": "1 - 28:24", "label": "Shots on target", "position": "1704579", "team": "home", "visibility": "visible"}, {"gameTime": "1 - 28:29", "label": "Goal", "position": "1709413", "team": "home", "visibility": "visible"}, {"gameTime": "1 - 28:29", "label": "Kick-off", "position": "1709960", "team": "home", "visibility": "visible"}, {"gameTime": "1 - 29:20", "label": "Ball out of play", "position": "1760070", "team": "away", "visibility": "not shown"}, {"gameTime": "1 - 31:19", "label": "Throw-in", "position": "1879228", "team": "not applicable", "visibility": "visible"}, {"gameTime": "1 - 31:24", "label": "Foul", "position": "1884634", "team": "home", "visibility": "not shown"}, {"gameTime": "1 - 32:05", "label": "Direct free-kick", "position": "1925794", "team": "away", "visibility": "visible"}, {"gameTime": "1 - 32:46", "label": "Ball out of play", "position": "1966915", "team": "home", "visibility": "visible"}, {"gameTime": "1 - 34:09", "label": "Throw-in", "position": "2049653", "team": "not applicable", "visibility": "visible"}, {"gameTime": "1 - 34:23", "label": "Ball out of play", "position": "2063057", "team": "away", "visibility": "visible"}, {"gameTime": "1 - 34:25", "label": "Throw-in", "position": "2065629", "team": "not applicable", "visibility": "visible"}, {"gameTime": "1 - 34:34", "label": "Shots on target", "position": "2074699", "team": "home", "visibility": "visible"}, {"gameTime": "1 - 35:20", "label": "Ball out of play", "position": "2120778", "team": "home", "visibility": "visible"}, {"gameTime": "1 - 35:41", "label": "Throw-in", "position": "2141115", "team": "not applicable", "visibility": "visible"}, {"gameTime": "1 - 35:59", "label": "Ball out of play", "position": "2159581", "team": "home", "visibility": "not shown"}, {"gameTime": "1 - 39:39", "label": "Throw-in", "position": "2379056", "team": "not applicable", "visibility": "visible"}, {"gameTime": "1 - 39:41", "label": "Foul", "position": "2381747", "team": "home", "visibility": "not shown"}, {"gameTime": "1 - 40:23", "label": "Indirect free-kick", "position": "2423702", "team": "home", "visibility": "visible"}, {"gameTime": "1 - 40:47", "label": "Shots on target", "position": "2447921", "team": "away", "visibility": "visible"}, {"gameTime": "1 - 41:40", "label": "Ball out of play", "position": "2500037", "team": "home", "visibility": "visible"}, {"gameTime": "1 - 41:40", "label": "Corner", "position": "2500953", "team": "not applicable", "visibility": "visible"}, {"gameTime": "1 - 42:14", "label": "Ball out of play", "position": "2534606", "team": "home", "visibility": "visible"}, {"gameTime": "1 - 42:28", "label": "Throw-in", "position": "2548972", "team": "not applicable", "visibility": "visible"}, {"gameTime": "1 - 42:37", "label": "Ball out of play", "position": "2557245", "team": "home", "visibility": "visible"}, {"gameTime": "1 - 43:29", "label": "Throw-in", "position": "2609838", "team": "not applicable", "visibility": "visible"}, {"gameTime": "1 - 43:37", "label": "Shots on target", "position": "2617084", "team": "home", "visibility": "visible"}, {"gameTime": "1 - 43:57", "label": "Ball out of play", "position": "2637759", "team": "home", "visibility": "visible"}, {"gameTime": "1 - 43:59", "label": "Clearance", "position": "2639359", "team": "not applicable", "visibility": "visible"}, {"gameTime": "1 - 44:27", "label": "Ball out of play", "position": "2667560", "team": "away", "visibility": "visible"}, {"gameTime": "1 - 44:38", "label": "Throw-in", "position": "2678576", "team": "not applicable", "visibility": "visible"}, {"gameTime": "1 - 44:45", "label": "Throw-in", "position": "2685128", "team": "away", "visibility": "visible"}, {"gameTime": "2 - 00:00", "label": "Kick-off", "position": "35", "team": "away", "visibility": "not shown"}, {"gameTime": "2 - 00:00", "label": "Ball out of play", "position": "35", "team": "away", "visibility": "not shown"}, {"gameTime": "2 - 01:30", "label": "Clearance", "position": "90775", "team": "not applicable", "visibility": "visible"}, {"gameTime": "2 - 01:57", "label": "Ball out of play", "position": "117201", "team": "home", "visibility": "visible"}, {"gameTime": "2 - 02:15", "label": "Throw-in", "position": "135155", "team": "not applicable", "visibility": "visible"}, {"gameTime": "2 - 02:35", "label": "Ball out of play", "position": "155829", "team": "away", "visibility": "visible"}, {"gameTime": "2 - 02:39", "label": "Throw-in", "position": "159983", "team": "not applicable", "visibility": "visible"}, {"gameTime": "2 - 02:53", "label": "Ball out of play", "position": "173280", "team": "home", "visibility": "not shown"}, {"gameTime": "2 - 02:57", "label": "Throw-in", "position": "177766", "team": "not applicable", "visibility": "visible"}, {"gameTime": "2 - 03:08", "label": "Foul", "position": "188274", "team": "home", "visibility": "not shown"}, {"gameTime": "2 - 03:19", "label": "Indirect free-kick", "position": "199395", "team": "away", "visibility": "visible"}, {"gameTime": "2 - 03:23", "label": "Ball out of play", "position": "203397", "team": "home", "visibility": "not shown"}, {"gameTime": "2 - 04:43", "label": "Throw-in", "position": "283949", "team": "not applicable", "visibility": "visible"}, {"gameTime": "2 - 04:50", "label": "Ball out of play", "position": "290293", "team": "home", "visibility": "visible"}, {"gameTime": "2 - 05:35", "label": "Throw-in", "position": "335998", "team": "not applicable", "visibility": "visible"}, {"gameTime": "2 - 06:00", "label": "Ball out of play", "position": "360847", "team": "away", "visibility": "visible"}, {"gameTime": "2 - 06:18", "label": "Throw-in", "position": "378990", "team": "not applicable", "visibility": "visible"}, {"gameTime": "2 - 06:20", "label": "Ball out of play", "position": "380677", "team": "home", "visibility": "visible"}, {"gameTime": "2 - 07:27", "label": "Corner", "position": "447982", "team": "not applicable", "visibility": "visible"}, {"gameTime": "2 - 07:49", "label": "Shots off target", "position": "469806", "team": "home", "visibility": "visible"}, {"gameTime": "2 - 07:51", "label": "Ball out of play", "position": "471170", "team": "home", "visibility": "visible"}, {"gameTime": "2 - 07:51", "label": "Foul", "position": "471570", "team": "not applicable", "visibility": "visible"}, {"gameTime": "2 - 08:20", "label": "Yellow card", "position": "500297", "team": "away", "visibility": "visible"}, {"gameTime": "2 - 08:26", "label": "Clearance", "position": "506280", "team": "away", "visibility": "visible"}, {"gameTime": "2 - 09:00", "label": "Shots on target", "position": "540667", "team": "away", "visibility": "visible"}, {"gameTime": "2 - 10:07", "label": "Ball out of play", "position": "607842", "team": "away", "visibility": "visible"}, {"gameTime": "2 - 10:20", "label": "Throw-in", "position": "620470", "team": "not applicable", "visibility": "visible"}, {"gameTime": "2 - 10:36", "label": "Shots on target", "position": "636208", "team": "home", "visibility": "not shown"}, {"gameTime": "2 - 11:06", "label": "Ball out of play", "position": "666403", "team": "home", "visibility": "visible"}, {"gameTime": "2 - 11:38", "label": "Throw-in", "position": "698770", "team": "not applicable", "visibility": "visible"}, {"gameTime": "2 - 11:52", "label": "Ball out of play", "position": "712284", "team": "away", "visibility": "visible"}, {"gameTime": "2 - 12:51", "label": "Throw-in", "position": "771484", "team": "not applicable", "visibility": "visible"}, {"gameTime": "2 - 13:00", "label": "Ball out of play", "position": "780244", "team": "home", "visibility": "visible"}, {"gameTime": "2 - 13:52", "label": "Throw-in", "position": "832818", "team": "not applicable", "visibility": "visible"}, {"gameTime": "2 - 14:05", "label": "Shots off target", "position": "845389", "team": "away", "visibility": "visible"}, {"gameTime": "2 - 15:20", "label": "Ball out of play", "position": "920441", "team": "home", "visibility": "visible"}, {"gameTime": "2 - 15:21", "label": "Substitution", "position": "921561", "team": "not applicable", "visibility": "visible"}, {"gameTime": "2 - 16:13", "label": "Substitution", "position": "973840", "team": "home", "visibility": "visible"}, {"gameTime": "2 - 16:39", "label": "Clearance", "position": "999320", "team": "home", "visibility": "visible"}, {"gameTime": "2 - 17:16", "label": "Ball out of play", "position": "1036022", "team": "away", "visibility": "not shown"}, {"gameTime": "2 - 17:49", "label": "Corner", "position": "1069232", "team": "not applicable", "visibility": "visible"}, {"gameTime": "2 - 18:12", "label": "Shots off target", "position": "1092762", "team": "home", "visibility": "visible"}, {"gameTime": "2 - 18:16", "label": "Ball out of play", "position": "1096641", "team": "home", "visibility": "visible"}, {"gameTime": "2 - 18:39", "label": "Substitution", "position": "1119561", "team": "not applicable", "visibility": "visible"}, {"gameTime": "2 - 18:50", "label": "Throw-in", "position": "1130120", "team": "away", "visibility": "visible"}, {"gameTime": "2 - 18:56", "label": "Shots off target", "position": "1136238", "team": "home", "visibility": "not shown"}, {"gameTime": "2 - 20:58", "label": "Ball out of play", "position": "1258225", "team": "away", "visibility": "visible"}, {"gameTime": "2 - 21:00", "label": "Clearance", "position": "1260745", "team": "not applicable", "visibility": "visible"}, {"gameTime": "2 - 21:24", "label": "Foul", "position": "1284188", "team": "home", "visibility": "not shown"}, {"gameTime": "2 - 21:54", "label": "Indirect free-kick", "position": "1314665", "team": "home", "visibility": "visible"}, {"gameTime": "2 - 22:17", "label": "Shots off target", "position": "1337423", "team": "away", "visibility": "not shown"}, {"gameTime": "2 - 22:40", "label": "Ball out of play", "position": "1360512", "team": "home", "visibility": "visible"}, {"gameTime": "2 - 22:41", "label": "Clearance", "position": "1361432", "team": "not applicable", "visibility": "visible"}, {"gameTime": "2 - 23:05", "label": "Offside", "position": "1385863", "team": "away", "visibility": "not shown"}, {"gameTime": "2 - 23:13", "label": "Indirect free-kick", "position": "1393849", "team": "away", "visibility": "visible"}, {"gameTime": "2 - 23:18", "label": "Ball out of play", "position": "1398774", "team": "home", "visibility": "not shown"}, {"gameTime": "2 - 24:52", "label": "Throw-in", "position": "1492848", "team": "not applicable", "visibility": "visible"}, {"gameTime": "2 - 24:56", "label": "Shots off target", "position": "1496959", "team": "home", "visibility": "not shown"}, {"gameTime": "2 - 25:10", "label": "Shots off target", "position": "1510877", "team": "home", "visibility": "visible"}, {"gameTime": "2 - 26:11", "label": "Ball out of play", "position": "1571886", "team": "away", "visibility": "visible"}, {"gameTime": "2 - 26:13", "label": "Clearance", "position": "1573206", "team": "not applicable", "visibility": "visible"}, {"gameTime": "2 - 26:37", "label": "Foul", "position": "1597425", "team": "home", "visibility": "not shown"}, {"gameTime": "2 - 26:41", "label": "Indirect free-kick", "position": "1601751", "team": "home", "visibility": "visible"}, {"gameTime": "2 - 27:22", "label": "Foul", "position": "1642381", "team": "away", "visibility": "visible"}, {"gameTime": "2 - 27:47", "label": "Indirect free-kick", "position": "1667797", "team": "home", "visibility": "visible"}, {"gameTime": "2 - 28:33", "label": "Shots off target", "position": "1713434", "team": "away", "visibility": "visible"}, {"gameTime": "2 - 28:43", "label": "Ball out of play", "position": "1723814", "team": "away", "visibility": "visible"}, {"gameTime": "2 - 28:44", "label": "Substitution", "position": "1724734", "team": "not applicable", "visibility": "visible"}, {"gameTime": "2 - 29:23", "label": "Clearance", "position": "1763120", "team": "home", "visibility": "visible"}, {"gameTime": "2 - 29:33", "label": "Foul", "position": "1773541", "team": "home", "visibility": "not shown"}, {"gameTime": "2 - 29:36", "label": "Indirect free-kick", "position": "1776679", "team": "home", "visibility": "visible"}, {"gameTime": "2 - 29:44", "label": "Ball out of play", "position": "1784126", "team": "away", "visibility": "visible"}, {"gameTime": "2 - 29:54", "label": "Throw-in", "position": "1794844", "team": "not applicable", "visibility": "visible"}, {"gameTime": "2 - 30:10", "label": "Shots off target", "position": "1810467", "team": "away", "visibility": "visible"}, {"gameTime": "2 - 30:23", "label": "Ball out of play", "position": "1823192", "team": "home", "visibility": "visible"}, {"gameTime": "2 - 30:26", "label": "Clearance", "position": "1826232", "team": "not applicable", "visibility": "visible"}, {"gameTime": "2 - 30:58", "label": "Ball out of play", "position": "1858198", "team": "away", "visibility": "not shown"}, {"gameTime": "2 - 31:31", "label": "Throw-in", "position": "1891750", "team": "not applicable", "visibility": "visible"}, {"gameTime": "2 - 31:41", "label": "Ball out of play", "position": "1901173", "team": "home", "visibility": "not shown"}, {"gameTime": "2 - 32:26", "label": "Clearance", "position": "1946570", "team": "not applicable", "visibility": "visible"}, {"gameTime": "2 - 32:49", "label": "Shots off target", "position": "1969333", "team": "away", "visibility": "visible"}, {"gameTime": "2 - 33:17", "label": "Ball out of play", "position": "1997002", "team": "home", "visibility": "visible"}, {"gameTime": "2 - 33:17", "label": "Corner", "position": "1997962", "team": "not applicable", "visibility": "visible"}, {"gameTime": "2 - 33:40", "label": "Ball out of play", "position": "2020995", "team": "home", "visibility": "visible"}, {"gameTime": "2 - 33:44", "label": "Substitution", "position": "2024845", "team": "not applicable", "visibility": "visible"}, {"gameTime": "2 - 34:23", "label": "Clearance", "position": "2063000", "team": "away", "visibility": "visible"}, {"gameTime": "2 - 34:33", "label": "Foul", "position": "2073382", "team": "away", "visibility": "visible"}, {"gameTime": "2 - 35:13", "label": "Direct free-kick", "position": "2113118", "team": "away", "visibility": "visible"}, {"gameTime": "2 - 35:56", "label": "Ball out of play", "position": "2156190", "team": "home", "visibility": "visible"}, {"gameTime": "2 - 37:06", "label": "Throw-in", "position": "2226028", "team": "not applicable", "visibility": "visible"}, {"gameTime": "2 - 37:10", "label": "Shots on target", "position": "2230871", "team": "away", "visibility": "not shown"}, {"gameTime": "2 - 37:55", "label": "Shots on target", "position": "2275856", "team": "away", "visibility": "visible"}, {"gameTime": "2 - 37:58", "label": "Ball out of play", "position": "2278053", "team": "away", "visibility": "visible"}, {"gameTime": "2 - 37:59", "label": "Corner", "position": "2279333", "team": "not applicable", "visibility": "visible"}, {"gameTime": "2 - 38:33", "label": "Foul", "position": "2313917", "team": "away", "visibility": "visible"}, {"gameTime": "2 - 38:35", "label": "Indirect free-kick", "position": "2315691", "team": "away", "visibility": "visible"}, {"gameTime": "2 - 39:00", "label": "Shots off target", "position": "2340691", "team": "home", "visibility": "visible"}, {"gameTime": "2 - 39:48", "label": "Ball out of play", "position": "2388904", "team": "home", "visibility": "visible"}, {"gameTime": "2 - 39:49", "label": "Clearance", "position": "2389424", "team": "not applicable", "visibility": "visible"}, {"gameTime": "2 - 40:17", "label": "Foul", "position": "2417927", "team": "away", "visibility": "visible"}, {"gameTime": "2 - 40:38", "label": "Yellow card", "position": "2438523", "team": "away", "visibility": "visible"}, {"gameTime": "2 - 40:43", "label": "Indirect free-kick", "position": "2443680", "team": "away", "visibility": "visible"}, {"gameTime": "2 - 41:02", "label": "Foul", "position": "2462936", "team": "home", "visibility": "not shown"}, {"gameTime": "2 - 41:19", "label": "Indirect free-kick", "position": "2479396", "team": "home", "visibility": "visible"}, {"gameTime": "2 - 41:48", "label": "Ball out of play", "position": "2508870", "team": "away", "visibility": "not shown"}, {"gameTime": "2 - 42:11", "label": "Clearance", "position": "2531677", "team": "not applicable", "visibility": "visible"}, {"gameTime": "2 - 42:38", "label": "Clearance", "position": "2558299", "team": "away", "visibility": "visible"}, {"gameTime": "2 - 43:57", "label": "Ball out of play", "position": "2637512", "team": "away", "visibility": "visible"}, {"gameTime": "2 - 44:48", "label": "Corner", "position": "2688138", "team": "not applicable", "visibility": "visible"}, {"gameTime": "2 - 45:07", "label": "Shots off target", "position": "2707467", "team": "home", "visibility": "visible"}, {"gameTime": "2 - 45:08", "label": "Foul", "position": "2708859", "team": "home", "visibility": "visible"}, {"gameTime": "2 - 45:28", "label": "Yellow card", "position": "2728612", "team": "away", "visibility": "visible"}, {"gameTime": "2 - 45:34", "label": "Yellow card", "position": "2734880", "team": "away", "visibility": "visible"}, {"gameTime": "2 - 47:59", "label": "Yellow card", "position": "2879120", "team": "away", "visibility": "visible"}, {"gameTime": "2 - 48:18", "label": "Penalty", "position": "2898400", "team": "away", "visibility": "visible"}, {"gameTime": "2 - 48:42", "label": "Shots on target", "position": "2922960", "team": "home", "visibility": "visible"}, {"gameTime": "2 - 48:42", "label": "Goal", "position": "2922960", "team": "home", "visibility": "visible"}, {"gameTime": "2 - 48:43", "label": "Kick-off", "position": "2923360", "team": "home", "visibility": "visible"}, {"gameTime": "2 - 49:35", "label": "Kick-off", "position": "2975856", "team": "away", "visibility": "not shown"}], "gameAwayTeam": "Southampton", "gameDate": "10/09/2016 - 17:00", "gameHomeTeam": "Arsenal", "gameScore": "2 - 1"}