{"UrlLocal": "italy_serie-a/2015-2016/2015-11-07 - 22-45 AC Milan 0 - 0 Atalanta/", "UrlYoutube": "", "annotations": [{"gameTime": "1 - 00:01", "label": "Ball out of play", "position": "1028", "team": "home", "visibility": "not shown"}, {"gameTime": "1 - 00:23", "label": "Throw-in", "position": "23064", "team": "not applicable", "visibility": "visible"}, {"gameTime": "1 - 00:32", "label": "Foul", "position": "32177", "team": "away", "visibility": "visible"}, {"gameTime": "1 - 01:09", "label": "Direct free-kick", "position": "69983", "team": "away", "visibility": "visible"}, {"gameTime": "1 - 02:16", "label": "Foul", "position": "136057", "team": "home", "visibility": "visible"}, {"gameTime": "1 - 02:23", "label": "Indirect free-kick", "position": "143879", "team": "home", "visibility": "visible"}, {"gameTime": "1 - 02:46", "label": "Ball out of play", "position": "166289", "team": "away", "visibility": "visible"}, {"gameTime": "1 - 03:04", "label": "Throw-in", "position": "184517", "team": "not applicable", "visibility": "visible"}, {"gameTime": "1 - 03:18", "label": "Ball out of play", "position": "198107", "team": "away", "visibility": "visible"}, {"gameTime": "1 - 03:23", "label": "Throw-in", "position": "203219", "team": "not applicable", "visibility": "visible"}, {"gameTime": "1 - 03:37", "label": "Ball out of play", "position": "217704", "team": "away", "visibility": "visible"}, {"gameTime": "1 - 04:19", "label": "Throw-in", "position": "259656", "team": "not applicable", "visibility": "visible"}, {"gameTime": "1 - 04:25", "label": "Ball out of play", "position": "265875", "team": "away", "visibility": "visible"}, {"gameTime": "1 - 04:27", "label": "Throw-in", "position": "267772", "team": "not applicable", "visibility": "visible"}, {"gameTime": "1 - 04:36", "label": "Foul", "position": "276453", "team": "home", "visibility": "visible"}, {"gameTime": "1 - 04:48", "label": "Indirect free-kick", "position": "288866", "team": "home", "visibility": "visible"}, {"gameTime": "1 - 05:16", "label": "Ball out of play", "position": "316483", "team": "away", "visibility": "visible"}, {"gameTime": "1 - 05:31", "label": "Throw-in", "position": "331930", "team": "not applicable", "visibility": "visible"}, {"gameTime": "1 - 05:37", "label": "Ball out of play", "position": "337354", "team": "home", "visibility": "visible"}, {"gameTime": "1 - 05:55", "label": "Clearance", "position": "355784", "team": "not applicable", "visibility": "visible"}, {"gameTime": "1 - 06:23", "label": "Ball out of play", "position": "383446", "team": "home", "visibility": "visible"}, {"gameTime": "1 - 06:56", "label": "Throw-in", "position": "416879", "team": "not applicable", "visibility": "visible"}, {"gameTime": "1 - 07:12", "label": "Shots off target", "position": "432347", "team": "away", "visibility": "not shown"}, {"gameTime": "1 - 07:45", "label": "Ball out of play", "position": "465002", "team": "away", "visibility": "visible"}, {"gameTime": "1 - 07:46", "label": "Clearance", "position": "466343", "team": "not applicable", "visibility": "visible"}, {"gameTime": "1 - 08:02", "label": "Foul", "position": "482102", "team": "home", "visibility": "not shown"}, {"gameTime": "1 - 09:05", "label": "Indirect free-kick", "position": "545401", "team": "away", "visibility": "visible"}, {"gameTime": "1 - 09:09", "label": "Offside", "position": "549213", "team": "home", "visibility": "not shown"}, {"gameTime": "1 - 09:17", "label": "Indirect free-kick", "position": "557935", "team": "home", "visibility": "visible"}, {"gameTime": "1 - 09:42", "label": "Ball out of play", "position": "582157", "team": "away", "visibility": "visible"}, {"gameTime": "1 - 10:19", "label": "Throw-in", "position": "619208", "team": "not applicable", "visibility": "visible"}, {"gameTime": "1 - 10:39", "label": "Ball out of play", "position": "639344", "team": "home", "visibility": "visible"}, {"gameTime": "1 - 11:11", "label": "Throw-in", "position": "671203", "team": "not applicable", "visibility": "visible"}, {"gameTime": "1 - 11:17", "label": "Ball out of play", "position": "677149", "team": "home", "visibility": "not shown"}, {"gameTime": "1 - 11:31", "label": "Throw-in", "position": "691034", "team": "not applicable", "visibility": "visible"}, {"gameTime": "1 - 11:41", "label": "Foul", "position": "701729", "team": "home", "visibility": "not shown"}, {"gameTime": "1 - 11:45", "label": "Indirect free-kick", "position": "705105", "team": "away", "visibility": "visible"}, {"gameTime": "1 - 12:03", "label": "Ball out of play", "position": "723717", "team": "home", "visibility": "visible"}, {"gameTime": "1 - 12:17", "label": "Throw-in", "position": "737157", "team": "not applicable", "visibility": "visible"}, {"gameTime": "1 - 12:35", "label": "Ball out of play", "position": "755898", "team": "home", "visibility": "visible"}, {"gameTime": "1 - 12:42", "label": "Clearance", "position": "762361", "team": "not applicable", "visibility": "visible"}, {"gameTime": "1 - 13:08", "label": "Ball out of play", "position": "788610", "team": "away", "visibility": "visible"}, {"gameTime": "1 - 13:29", "label": "Throw-in", "position": "809142", "team": "not applicable", "visibility": "visible"}, {"gameTime": "1 - 13:35", "label": "Ball out of play", "position": "815106", "team": "home", "visibility": "visible"}, {"gameTime": "1 - 14:15", "label": "Throw-in", "position": "855776", "team": "not applicable", "visibility": "visible"}, {"gameTime": "1 - 14:22", "label": "Ball out of play", "position": "862573", "team": "home", "visibility": "visible"}, {"gameTime": "1 - 14:44", "label": "Throw-in", "position": "884098", "team": "not applicable", "visibility": "visible"}, {"gameTime": "1 - 14:53", "label": "Ball out of play", "position": "893739", "team": "home", "visibility": "visible"}, {"gameTime": "1 - 15:15", "label": "Throw-in", "position": "915346", "team": "not applicable", "visibility": "visible"}, {"gameTime": "1 - 15:34", "label": "Ball out of play", "position": "934436", "team": "away", "visibility": "visible"}, {"gameTime": "1 - 15:37", "label": "Throw-in", "position": "937862", "team": "not applicable", "visibility": "visible"}, {"gameTime": "1 - 15:53", "label": "Ball out of play", "position": "953010", "team": "home", "visibility": "visible"}, {"gameTime": "1 - 16:35", "label": "Corner", "position": "995073", "team": "not applicable", "visibility": "visible"}, {"gameTime": "1 - 16:57", "label": "Ball out of play", "position": "1017798", "team": "home", "visibility": "visible"}, {"gameTime": "1 - 16:59", "label": "Corner", "position": "1019100", "team": "not applicable", "visibility": "visible"}, {"gameTime": "1 - 17:13", "label": "Shots off target", "position": "1033839", "team": "home", "visibility": "visible"}, {"gameTime": "1 - 17:16", "label": "Ball out of play", "position": "1036259", "team": "home", "visibility": "visible"}, {"gameTime": "1 - 17:55", "label": "Throw-in", "position": "1075277", "team": "not applicable", "visibility": "visible"}, {"gameTime": "1 - 18:02", "label": "Substitution", "position": "1082195", "team": "home", "visibility": "visible"}, {"gameTime": "1 - 19:07", "label": "Ball out of play", "position": "1147718", "team": "away", "visibility": "visible"}, {"gameTime": "1 - 19:26", "label": "Throw-in", "position": "1166386", "team": "not applicable", "visibility": "visible"}, {"gameTime": "1 - 19:34", "label": "Ball out of play", "position": "1174604", "team": "home", "visibility": "visible"}, {"gameTime": "1 - 19:36", "label": "Ball out of play", "position": "1176294", "team": "not applicable", "visibility": "visible"}, {"gameTime": "1 - 19:54", "label": "Foul", "position": "1194377", "team": "not applicable", "visibility": "visible"}, {"gameTime": "1 - 20:13", "label": "Indirect free-kick", "position": "1213105", "team": "away", "visibility": "visible"}, {"gameTime": "1 - 20:36", "label": "Shots on target", "position": "1236522", "team": "home", "visibility": "visible"}, {"gameTime": "1 - 20:44", "label": "Ball out of play", "position": "1244939", "team": "home", "visibility": "visible"}, {"gameTime": "1 - 20:57", "label": "Clearance", "position": "1257500", "team": "not applicable", "visibility": "visible"}, {"gameTime": "1 - 21:11", "label": "Ball out of play", "position": "1271776", "team": "away", "visibility": "not shown"}, {"gameTime": "1 - 21:56", "label": "Throw-in", "position": "1316079", "team": "not applicable", "visibility": "visible"}, {"gameTime": "1 - 22:00", "label": "Ball out of play", "position": "1320389", "team": "home", "visibility": "visible"}, {"gameTime": "1 - 22:18", "label": "Throw-in", "position": "1338600", "team": "not applicable", "visibility": "visible"}, {"gameTime": "1 - 22:29", "label": "Foul", "position": "1349736", "team": "home", "visibility": "visible"}, {"gameTime": "1 - 22:47", "label": "Indirect free-kick", "position": "1367673", "team": "home", "visibility": "visible"}, {"gameTime": "1 - 23:15", "label": "Ball out of play", "position": "1395829", "team": "away", "visibility": "visible"}, {"gameTime": "1 - 23:27", "label": "Throw-in", "position": "1407682", "team": "not applicable", "visibility": "visible"}, {"gameTime": "1 - 23:34", "label": "Ball out of play", "position": "1414645", "team": "home", "visibility": "visible"}, {"gameTime": "1 - 23:39", "label": "Throw-in", "position": "1419680", "team": "not applicable", "visibility": "visible"}, {"gameTime": "1 - 23:46", "label": "Foul", "position": "1426726", "team": "home", "visibility": "visible"}, {"gameTime": "1 - 23:52", "label": "Yellow card", "position": "1432138", "team": "home", "visibility": "visible"}, {"gameTime": "1 - 24:00", "label": "Indirect free-kick", "position": "1440522", "team": "home", "visibility": "visible"}, {"gameTime": "1 - 24:29", "label": "Foul", "position": "1469727", "team": "away", "visibility": "not shown"}, {"gameTime": "1 - 25:38", "label": "Indirect free-kick", "position": "1538601", "team": "away", "visibility": "visible"}, {"gameTime": "1 - 26:12", "label": "Ball out of play", "position": "1572186", "team": "home", "visibility": "visible"}, {"gameTime": "1 - 27:26", "label": "Throw-in", "position": "1646459", "team": "not applicable", "visibility": "visible"}, {"gameTime": "1 - 27:38", "label": "Ball out of play", "position": "1658134", "team": "away", "visibility": "not shown"}, {"gameTime": "1 - 28:05", "label": "Throw-in", "position": "1685434", "team": "not applicable", "visibility": "visible"}, {"gameTime": "1 - 28:07", "label": "Ball out of play", "position": "1687889", "team": "home", "visibility": "not shown"}, {"gameTime": "1 - 28:35", "label": "Clearance", "position": "1715518", "team": "not applicable", "visibility": "visible"}, {"gameTime": "1 - 28:51", "label": "Ball out of play", "position": "1731295", "team": "away", "visibility": "not shown"}, {"gameTime": "1 - 29:19", "label": "Corner", "position": "1759533", "team": "not applicable", "visibility": "visible"}, {"gameTime": "1 - 29:41", "label": "Foul", "position": "1781396", "team": "home", "visibility": "visible"}, {"gameTime": "1 - 29:43", "label": "Indirect free-kick", "position": "1783378", "team": "home", "visibility": "visible"}, {"gameTime": "1 - 30:15", "label": "Foul", "position": "1815592", "team": "away", "visibility": "visible"}, {"gameTime": "1 - 30:29", "label": "Indirect free-kick", "position": "1829335", "team": "away", "visibility": "visible"}, {"gameTime": "1 - 30:32", "label": "Ball out of play", "position": "1832686", "team": "home", "visibility": "visible"}, {"gameTime": "1 - 31:10", "label": "Corner", "position": "1870199", "team": "not applicable", "visibility": "visible"}, {"gameTime": "1 - 31:55", "label": "Shots off target", "position": "1915788", "team": "away", "visibility": "visible"}, {"gameTime": "1 - 32:00", "label": "Shots off target", "position": "1920811", "team": "away", "visibility": "visible"}, {"gameTime": "1 - 32:00", "label": "Clearance", "position": "1920820", "team": "away", "visibility": "visible"}, {"gameTime": "1 - 32:31", "label": "Foul", "position": "1951582", "team": "home", "visibility": "visible"}, {"gameTime": "1 - 32:48", "label": "Direct free-kick", "position": "1968637", "team": "home", "visibility": "visible"}, {"gameTime": "1 - 34:11", "label": "Shots off target", "position": "2051723", "team": "away", "visibility": "visible"}, {"gameTime": "1 - 34:16", "label": "Throw-in", "position": "2056619", "team": "away", "visibility": "visible"}, {"gameTime": "1 - 35:05", "label": "Foul", "position": "2105089", "team": "away", "visibility": "visible"}, {"gameTime": "1 - 35:58", "label": "Indirect free-kick", "position": "2158054", "team": "home", "visibility": "visible"}, {"gameTime": "1 - 36:13", "label": "Ball out of play", "position": "2173094", "team": "away", "visibility": "not shown"}, {"gameTime": "1 - 36:51", "label": "Throw-in", "position": "2211111", "team": "not applicable", "visibility": "visible"}, {"gameTime": "1 - 36:59", "label": "Shots on target", "position": "2219855", "team": "away", "visibility": "visible"}, {"gameTime": "1 - 37:13", "label": "Shots off target", "position": "2233053", "team": "home", "visibility": "visible"}, {"gameTime": "1 - 37:21", "label": "Ball out of play", "position": "2241922", "team": "home", "visibility": "visible"}, {"gameTime": "1 - 37:24", "label": "Clearance", "position": "2244027", "team": "not applicable", "visibility": "visible"}, {"gameTime": "1 - 37:48", "label": "Ball out of play", "position": "2268649", "team": "away", "visibility": "visible"}, {"gameTime": "1 - 38:11", "label": "Throw-in", "position": "2291023", "team": "not applicable", "visibility": "visible"}, {"gameTime": "1 - 38:31", "label": "Shots off target", "position": "2311459", "team": "away", "visibility": "visible"}, {"gameTime": "1 - 38:35", "label": "Ball out of play", "position": "2315486", "team": "away", "visibility": "visible"}, {"gameTime": "1 - 38:54", "label": "Throw-in", "position": "2334382", "team": "not applicable", "visibility": "visible"}, {"gameTime": "1 - 39:07", "label": "Ball out of play", "position": "2347544", "team": "away", "visibility": "visible"}, {"gameTime": "1 - 39:10", "label": "Throw-in", "position": "2350061", "team": "not applicable", "visibility": "visible"}, {"gameTime": "1 - 39:18", "label": "Ball out of play", "position": "2358440", "team": "away", "visibility": "visible"}, {"gameTime": "1 - 39:22", "label": "Throw-in", "position": "2362249", "team": "not applicable", "visibility": "visible"}, {"gameTime": "1 - 39:38", "label": "Ball out of play", "position": "2378413", "team": "home", "visibility": "not shown"}, {"gameTime": "1 - 40:09", "label": "Throw-in", "position": "2409112", "team": "not applicable", "visibility": "visible"}, {"gameTime": "1 - 40:20", "label": "Ball out of play", "position": "2420952", "team": "away", "visibility": "visible"}, {"gameTime": "1 - 40:23", "label": "Throw-in", "position": "2423981", "team": "not applicable", "visibility": "visible"}, {"gameTime": "1 - 40:40", "label": "Foul", "position": "2440313", "team": "away", "visibility": "visible"}, {"gameTime": "1 - 41:17", "label": "Yellow card", "position": "2477059", "team": "away", "visibility": "visible"}, {"gameTime": "1 - 41:22", "label": "Indirect free-kick", "position": "2482880", "team": "away", "visibility": "visible"}, {"gameTime": "1 - 41:50", "label": "Ball out of play", "position": "2510094", "team": "home", "visibility": "visible"}, {"gameTime": "1 - 42:26", "label": "Throw-in", "position": "2546322", "team": "not applicable", "visibility": "visible"}, {"gameTime": "1 - 42:36", "label": "Ball out of play", "position": "2556378", "team": "home", "visibility": "visible"}, {"gameTime": "1 - 42:41", "label": "Throw-in", "position": "2561896", "team": "not applicable", "visibility": "visible"}, {"gameTime": "1 - 42:46", "label": "Foul", "position": "2566022", "team": "home", "visibility": "visible"}, {"gameTime": "1 - 43:04", "label": "Indirect free-kick", "position": "2584213", "team": "home", "visibility": "visible"}, {"gameTime": "1 - 43:53", "label": "Foul", "position": "2633262", "team": "away", "visibility": "visible"}, {"gameTime": "1 - 43:55", "label": "Indirect free-kick", "position": "2635911", "team": "away", "visibility": "visible"}, {"gameTime": "1 - 44:34", "label": "Indirect free-kick", "position": "2674327", "team": "home", "visibility": "visible"}, {"gameTime": "2 - 00:00", "label": "Kick-off", "position": "0", "team": "home", "visibility": "not shown"}, {"gameTime": "2 - 00:00", "label": "Offside", "position": "946", "team": "away", "visibility": "visible"}, {"gameTime": "2 - 00:42", "label": "Indirect free-kick", "position": "42781", "team": "home", "visibility": "visible"}, {"gameTime": "2 - 00:50", "label": "Ball out of play", "position": "50216", "team": "away", "visibility": "not shown"}, {"gameTime": "2 - 01:25", "label": "Throw-in", "position": "85948", "team": "not applicable", "visibility": "visible"}, {"gameTime": "2 - 01:33", "label": "Foul", "position": "93246", "team": "home", "visibility": "visible"}, {"gameTime": "2 - 01:43", "label": "Indirect free-kick", "position": "103694", "team": "away", "visibility": "visible"}, {"gameTime": "2 - 02:26", "label": "Foul", "position": "146321", "team": "home", "visibility": "visible"}, {"gameTime": "2 - 02:45", "label": "Yellow card", "position": "165614", "team": "away", "visibility": "visible"}, {"gameTime": "2 - 02:48", "label": "Direct free-kick", "position": "168974", "team": "away", "visibility": "not shown"}, {"gameTime": "2 - 04:00", "label": "Offside", "position": "240720", "team": "home", "visibility": "visible"}, {"gameTime": "2 - 04:03", "label": "Indirect free-kick", "position": "243381", "team": "home", "visibility": "visible"}, {"gameTime": "2 - 04:35", "label": "Ball out of play", "position": "275950", "team": "away", "visibility": "visible"}, {"gameTime": "2 - 04:55", "label": "Throw-in", "position": "295785", "team": "not applicable", "visibility": "visible"}, {"gameTime": "2 - 05:09", "label": "Shots on target", "position": "309993", "team": "home", "visibility": "visible"}, {"gameTime": "2 - 05:26", "label": "Foul", "position": "326151", "team": "home", "visibility": "visible"}, {"gameTime": "2 - 06:10", "label": "Indirect free-kick", "position": "370698", "team": "home", "visibility": "visible"}, {"gameTime": "2 - 07:00", "label": "Shots off target", "position": "420453", "team": "away", "visibility": "visible"}, {"gameTime": "2 - 07:06", "label": "Foul", "position": "426460", "team": "away", "visibility": "visible"}, {"gameTime": "2 - 07:08", "label": "Direct free-kick", "position": "428833", "team": "home", "visibility": "visible"}, {"gameTime": "2 - 07:51", "label": "Offside", "position": "471110", "team": "away", "visibility": "visible"}, {"gameTime": "2 - 07:53", "label": "Indirect free-kick", "position": "473903", "team": "away", "visibility": "visible"}, {"gameTime": "2 - 08:18", "label": "Shots off target", "position": "498033", "team": "home", "visibility": "not shown"}, {"gameTime": "2 - 08:36", "label": "Ball out of play", "position": "516109", "team": "away", "visibility": "visible"}, {"gameTime": "2 - 08:36", "label": "Clearance", "position": "516549", "team": "not applicable", "visibility": "visible"}, {"gameTime": "2 - 08:45", "label": "Shots off target", "position": "525180", "team": "home", "visibility": "not shown"}, {"gameTime": "2 - 09:23", "label": "Ball out of play", "position": "563250", "team": "away", "visibility": "visible"}, {"gameTime": "2 - 09:24", "label": "Clearance", "position": "564329", "team": "not applicable", "visibility": "visible"}, {"gameTime": "2 - 09:37", "label": "Ball out of play", "position": "577060", "team": "home", "visibility": "not shown"}, {"gameTime": "2 - 09:52", "label": "Throw-in", "position": "592429", "team": "not applicable", "visibility": "visible"}, {"gameTime": "2 - 10:06", "label": "Foul", "position": "606664", "team": "away", "visibility": "visible"}, {"gameTime": "2 - 10:30", "label": "Yellow card", "position": "630509", "team": "away", "visibility": "visible"}, {"gameTime": "2 - 10:37", "label": "Indirect free-kick", "position": "637383", "team": "away", "visibility": "visible"}, {"gameTime": "2 - 11:13", "label": "Ball out of play", "position": "673906", "team": "home", "visibility": "visible"}, {"gameTime": "2 - 11:34", "label": "Throw-in", "position": "694034", "team": "not applicable", "visibility": "visible"}, {"gameTime": "2 - 11:38", "label": "Ball out of play", "position": "698070", "team": "home", "visibility": "not shown"}, {"gameTime": "2 - 11:43", "label": "Throw-in", "position": "703099", "team": "not applicable", "visibility": "visible"}, {"gameTime": "2 - 11:47", "label": "Ball out of play", "position": "707799", "team": "away", "visibility": "visible"}, {"gameTime": "2 - 12:08", "label": "Clearance", "position": "728954", "team": "not applicable", "visibility": "visible"}, {"gameTime": "2 - 12:24", "label": "Ball out of play", "position": "744089", "team": "home", "visibility": "visible"}, {"gameTime": "2 - 12:54", "label": "Throw-in", "position": "774378", "team": "not applicable", "visibility": "visible"}, {"gameTime": "2 - 13:08", "label": "Shots on target", "position": "788710", "team": "away", "visibility": "visible"}, {"gameTime": "2 - 13:37", "label": "Ball out of play", "position": "817075", "team": "away", "visibility": "visible"}, {"gameTime": "2 - 13:39", "label": "Yellow card", "position": "819496", "team": "not applicable", "visibility": "visible"}, {"gameTime": "2 - 13:51", "label": "Corner", "position": "831822", "team": "home", "visibility": "visible"}, {"gameTime": "2 - 14:10", "label": "Ball out of play", "position": "850439", "team": "away", "visibility": "not shown"}, {"gameTime": "2 - 14:22", "label": "Throw-in", "position": "862566", "team": "not applicable", "visibility": "visible"}, {"gameTime": "2 - 14:41", "label": "Ball out of play", "position": "881114", "team": "home", "visibility": "visible"}, {"gameTime": "2 - 14:43", "label": "Throw-in", "position": "883578", "team": "not applicable", "visibility": "visible"}, {"gameTime": "2 - 14:54", "label": "Shots off target", "position": "894589", "team": "home", "visibility": "visible"}, {"gameTime": "2 - 15:19", "label": "Ball out of play", "position": "919772", "team": "away", "visibility": "visible"}, {"gameTime": "2 - 15:20", "label": "Clearance", "position": "920957", "team": "not applicable", "visibility": "visible"}, {"gameTime": "2 - 15:30", "label": "Ball out of play", "position": "930375", "team": "home", "visibility": "not shown"}, {"gameTime": "2 - 16:09", "label": "Clearance", "position": "969353", "team": "not applicable", "visibility": "visible"}, {"gameTime": "2 - 16:35", "label": "Ball out of play", "position": "995540", "team": "away", "visibility": "visible"}, {"gameTime": "2 - 16:51", "label": "Throw-in", "position": "1011870", "team": "not applicable", "visibility": "visible"}, {"gameTime": "2 - 17:10", "label": "Shots on target", "position": "1030535", "team": "home", "visibility": "visible"}, {"gameTime": "2 - 17:32", "label": "Shots off target", "position": "1052182", "team": "away", "visibility": "visible"}, {"gameTime": "2 - 17:33", "label": "Ball out of play", "position": "1053061", "team": "away", "visibility": "visible"}, {"gameTime": "2 - 17:33", "label": "Substitution", "position": "1053532", "team": "not applicable", "visibility": "visible"}, {"gameTime": "2 - 18:02", "label": "Clearance", "position": "1082440", "team": "home", "visibility": "visible"}, {"gameTime": "2 - 18:16", "label": "Shots off target", "position": "1096729", "team": "home", "visibility": "visible"}, {"gameTime": "2 - 18:38", "label": "Ball out of play", "position": "1118705", "team": "away", "visibility": "visible"}, {"gameTime": "2 - 18:39", "label": "Corner", "position": "1119167", "team": "not applicable", "visibility": "visible"}, {"gameTime": "2 - 18:57", "label": "Ball out of play", "position": "1137403", "team": "away", "visibility": "not shown"}, {"gameTime": "2 - 19:01", "label": "Corner", "position": "1141103", "team": "not applicable", "visibility": "visible"}, {"gameTime": "2 - 19:23", "label": "Shots off target", "position": "1163034", "team": "away", "visibility": "visible"}, {"gameTime": "2 - 19:29", "label": "Ball out of play", "position": "1169779", "team": "away", "visibility": "visible"}, {"gameTime": "2 - 19:30", "label": "Clearance", "position": "1170172", "team": "not applicable", "visibility": "visible"}, {"gameTime": "2 - 19:54", "label": "Offside", "position": "1194663", "team": "home", "visibility": "visible"}, {"gameTime": "2 - 20:24", "label": "Indirect free-kick", "position": "1224518", "team": "home", "visibility": "visible"}, {"gameTime": "2 - 20:30", "label": "Ball out of play", "position": "1230443", "team": "away", "visibility": "not shown"}, {"gameTime": "2 - 20:37", "label": "Throw-in", "position": "1237113", "team": "not applicable", "visibility": "not shown"}, {"gameTime": "2 - 20:44", "label": "Ball out of play", "position": "1244057", "team": "home", "visibility": "visible"}, {"gameTime": "2 - 21:17", "label": "Clearance", "position": "1277616", "team": "not applicable", "visibility": "visible"}, {"gameTime": "2 - 21:39", "label": "Foul", "position": "1299571", "team": "away", "visibility": "visible"}, {"gameTime": "2 - 21:45", "label": "Indirect free-kick", "position": "1305349", "team": "away", "visibility": "visible"}, {"gameTime": "2 - 21:51", "label": "Shots on target", "position": "1311125", "team": "home", "visibility": "visible"}, {"gameTime": "2 - 23:13", "label": "Foul", "position": "1393592", "team": "away", "visibility": "visible"}, {"gameTime": "2 - 23:17", "label": "Indirect free-kick", "position": "1397657", "team": "away", "visibility": "visible"}, {"gameTime": "2 - 23:49", "label": "Ball out of play", "position": "1429669", "team": "home", "visibility": "not shown"}, {"gameTime": "2 - 24:17", "label": "Clearance", "position": "1457450", "team": "not applicable", "visibility": "not shown"}, {"gameTime": "2 - 24:38", "label": "Foul", "position": "1478295", "team": "home", "visibility": "visible"}, {"gameTime": "2 - 25:38", "label": "Substitution", "position": "1538996", "team": "home", "visibility": "visible"}, {"gameTime": "2 - 26:13", "label": "Indirect free-kick", "position": "1573411", "team": "away", "visibility": "visible"}, {"gameTime": "2 - 26:17", "label": "Shots off target", "position": "1577114", "team": "away", "visibility": "not shown"}, {"gameTime": "2 - 26:33", "label": "Ball out of play", "position": "1593439", "team": "away", "visibility": "visible"}, {"gameTime": "2 - 26:35", "label": "Substitution", "position": "1595070", "team": "not applicable", "visibility": "visible"}, {"gameTime": "2 - 27:00", "label": "Clearance", "position": "1620978", "team": "home", "visibility": "visible"}, {"gameTime": "2 - 27:11", "label": "Shots off target", "position": "1631261", "team": "home", "visibility": "visible"}, {"gameTime": "2 - 27:29", "label": "Ball out of play", "position": "1649321", "team": "away", "visibility": "visible"}, {"gameTime": "2 - 28:35", "label": "Clearance", "position": "1715011", "team": "not applicable", "visibility": "visible"}, {"gameTime": "2 - 28:51", "label": "Ball out of play", "position": "1731949", "team": "home", "visibility": "visible"}, {"gameTime": "2 - 30:14", "label": "Throw-in", "position": "1814258", "team": "not applicable", "visibility": "visible"}, {"gameTime": "2 - 30:28", "label": "Ball out of play", "position": "1828136", "team": "away", "visibility": "visible"}, {"gameTime": "2 - 30:36", "label": "Clearance", "position": "1836406", "team": "not applicable", "visibility": "visible"}, {"gameTime": "2 - 31:07", "label": "Foul", "position": "1867106", "team": "home", "visibility": "visible"}, {"gameTime": "2 - 31:31", "label": "Yellow card", "position": "1891537", "team": "home", "visibility": "visible"}, {"gameTime": "2 - 31:54", "label": "Indirect free-kick", "position": "1914000", "team": "home", "visibility": "visible"}, {"gameTime": "2 - 32:12", "label": "Foul", "position": "1932953", "team": "away", "visibility": "visible"}, {"gameTime": "2 - 32:15", "label": "Indirect free-kick", "position": "1935857", "team": "away", "visibility": "visible"}, {"gameTime": "2 - 32:39", "label": "Shots off target", "position": "1959220", "team": "home", "visibility": "not shown"}, {"gameTime": "2 - 32:56", "label": "Ball out of play", "position": "1976279", "team": "away", "visibility": "visible"}, {"gameTime": "2 - 32:57", "label": "Clearance", "position": "1977390", "team": "not applicable", "visibility": "visible"}, {"gameTime": "2 - 33:13", "label": "Ball out of play", "position": "1993989", "team": "home", "visibility": "visible"}, {"gameTime": "2 - 33:33", "label": "Corner", "position": "2013238", "team": "not applicable", "visibility": "visible"}, {"gameTime": "2 - 33:49", "label": "Shots on target", "position": "2029279", "team": "home", "visibility": "visible"}, {"gameTime": "2 - 33:50", "label": "Foul", "position": "2030643", "team": "home", "visibility": "visible"}, {"gameTime": "2 - 35:01", "label": "Indirect free-kick", "position": "2101578", "team": "away", "visibility": "visible"}, {"gameTime": "2 - 35:32", "label": "Shots off target", "position": "2132618", "team": "home", "visibility": "visible"}, {"gameTime": "2 - 35:48", "label": "Ball out of play", "position": "2148744", "team": "home", "visibility": "visible"}, {"gameTime": "2 - 35:50", "label": "Clearance", "position": "2150523", "team": "not applicable", "visibility": "visible"}, {"gameTime": "2 - 36:10", "label": "Ball out of play", "position": "2170210", "team": "away", "visibility": "visible"}, {"gameTime": "2 - 36:35", "label": "Throw-in", "position": "2195734", "team": "not applicable", "visibility": "visible"}, {"gameTime": "2 - 36:41", "label": "Ball out of play", "position": "2201681", "team": "home", "visibility": "not shown"}, {"gameTime": "2 - 36:51", "label": "Throw-in", "position": "2211647", "team": "not applicable", "visibility": "visible"}, {"gameTime": "2 - 37:07", "label": "Foul", "position": "2227511", "team": "away", "visibility": "visible"}, {"gameTime": "2 - 37:50", "label": "Yellow card", "position": "2270822", "team": "home", "visibility": "visible"}, {"gameTime": "2 - 38:05", "label": "Indirect free-kick", "position": "2285243", "team": "home", "visibility": "not shown"}, {"gameTime": "2 - 38:14", "label": "Foul", "position": "2294555", "team": "away", "visibility": "not shown"}, {"gameTime": "2 - 39:06", "label": "Indirect free-kick", "position": "2346806", "team": "home", "visibility": "visible"}, {"gameTime": "2 - 39:46", "label": "Ball out of play", "position": "2386739", "team": "away", "visibility": "visible"}, {"gameTime": "2 - 39:49", "label": "Clearance", "position": "2389166", "team": "not applicable", "visibility": "visible"}, {"gameTime": "2 - 40:09", "label": "Ball out of play", "position": "2409658", "team": "home", "visibility": "visible"}, {"gameTime": "2 - 40:28", "label": "Corner", "position": "2428808", "team": "not applicable", "visibility": "visible"}, {"gameTime": "2 - 40:53", "label": "Foul", "position": "2453607", "team": "away", "visibility": "visible"}, {"gameTime": "2 - 41:27", "label": "Indirect free-kick", "position": "2487523", "team": "home", "visibility": "visible"}, {"gameTime": "2 - 41:31", "label": "Ball out of play", "position": "2491566", "team": "away", "visibility": "not shown"}, {"gameTime": "2 - 41:42", "label": "Throw-in", "position": "2502377", "team": "not applicable", "visibility": "visible"}, {"gameTime": "2 - 41:56", "label": "Offside", "position": "2516465", "team": "home", "visibility": "visible"}, {"gameTime": "2 - 43:22", "label": "Indirect free-kick", "position": "2602838", "team": "away", "visibility": "visible"}, {"gameTime": "2 - 43:23", "label": "Foul", "position": "2603631", "team": "home", "visibility": "visible"}, {"gameTime": "2 - 43:26", "label": "Yellow card", "position": "2606557", "team": "away", "visibility": "visible"}, {"gameTime": "2 - 43:32", "label": "Indirect free-kick", "position": "2612248", "team": "away", "visibility": "visible"}, {"gameTime": "2 - 43:50", "label": "Ball out of play", "position": "2630063", "team": "home", "visibility": "visible"}, {"gameTime": "2 - 43:55", "label": "Throw-in", "position": "2635829", "team": "not applicable", "visibility": "visible"}, {"gameTime": "2 - 43:59", "label": "Ball out of play", "position": "2639063", "team": "home", "visibility": "not shown"}, {"gameTime": "2 - 44:33", "label": "Substitution", "position": "2673959", "team": "not applicable", "visibility": "visible"}, {"gameTime": "2 - 45:08", "label": "Throw-in", "position": "2708258", "team": "away", "visibility": "visible"}, {"gameTime": "2 - 45:12", "label": "Foul", "position": "2712331", "team": "home", "visibility": "not shown"}, {"gameTime": "2 - 45:28", "label": "Indirect free-kick", "position": "2728376", "team": "away", "visibility": "visible"}, {"gameTime": "2 - 45:31", "label": "Foul", "position": "2731431", "team": "home", "visibility": "visible"}, {"gameTime": "2 - 45:36", "label": "Indirect free-kick", "position": "2736368", "team": "away", "visibility": "visible"}, {"gameTime": "2 - 46:05", "label": "Shots off target", "position": "2765469", "team": "home", "visibility": "visible"}, {"gameTime": "2 - 46:07", "label": "Ball out of play", "position": "2767195", "team": "home", "visibility": "visible"}, {"gameTime": "2 - 46:07", "label": "Ball out of play", "position": "2767864", "team": "not applicable", "visibility": "visible"}], "gameAwayTeam": "Atalanta", "gameDate": "07/11/2015 - 22:45", "gameHomeTeam": "AC Milan", "gameScore": "0 - 0"}