{"UrlLocal": "italy_serie-a/2016-2017/2016-09-24 - 21-45 Napoli 2 - 0 Chievo/", "UrlYoutube": "", "annotations": [{"gameTime": "1 - 00:45", "label": "Kick-off", "position": "45181", "team": "not applicable", "visibility": "visible"}, {"gameTime": "1 - 01:06", "label": "Ball out of play", "position": "66239", "team": "away", "visibility": "visible"}, {"gameTime": "1 - 01:16", "label": "Clearance", "position": "76544", "team": "home", "visibility": "visible"}, {"gameTime": "1 - 01:17", "label": "Shots off target", "position": "77843", "team": "not applicable", "visibility": "visible"}, {"gameTime": "1 - 01:42", "label": "Ball out of play", "position": "102933", "team": "away", "visibility": "visible"}, {"gameTime": "1 - 02:08", "label": "Clearance", "position": "128478", "team": "not applicable", "visibility": "visible"}, {"gameTime": "1 - 02:20", "label": "Ball out of play", "position": "140180", "team": "away", "visibility": "not shown"}, {"gameTime": "1 - 03:24", "label": "Throw-in", "position": "204565", "team": "away", "visibility": "visible"}, {"gameTime": "1 - 03:41", "label": "Foul", "position": "221540", "team": "home", "visibility": "visible"}, {"gameTime": "1 - 03:58", "label": "Indirect free-kick", "position": "238809", "team": "away", "visibility": "visible"}, {"gameTime": "1 - 04:11", "label": "Foul", "position": "251285", "team": "home", "visibility": "visible"}, {"gameTime": "1 - 04:23", "label": "Indirect free-kick", "position": "263390", "team": "home", "visibility": "visible"}, {"gameTime": "1 - 04:33", "label": "Foul", "position": "273830", "team": "away", "visibility": "visible"}, {"gameTime": "1 - 05:20", "label": "Indirect free-kick", "position": "320681", "team": "not applicable", "visibility": "visible"}, {"gameTime": "1 - 05:29", "label": "Ball out of play", "position": "329868", "team": "home", "visibility": "visible"}, {"gameTime": "1 - 05:49", "label": "Throw-in", "position": "349894", "team": "not applicable", "visibility": "visible"}, {"gameTime": "1 - 05:58", "label": "Ball out of play", "position": "358425", "team": "home", "visibility": "visible"}, {"gameTime": "1 - 08:06", "label": "Throw-in", "position": "486740", "team": "not applicable", "visibility": "visible"}, {"gameTime": "1 - 08:26", "label": "Ball out of play", "position": "506500", "team": "away", "visibility": "visible"}, {"gameTime": "1 - 09:32", "label": "Throw-in", "position": "572001", "team": "not applicable", "visibility": "visible"}, {"gameTime": "1 - 09:58", "label": "Ball out of play", "position": "598387", "team": "away", "visibility": "visible"}, {"gameTime": "1 - 10:09", "label": "Clearance", "position": "609184", "team": "away", "visibility": "visible"}, {"gameTime": "1 - 10:27", "label": "Foul", "position": "627377", "team": "away", "visibility": "not shown"}, {"gameTime": "1 - 10:44", "label": "Yellow card", "position": "644026", "team": "home", "visibility": "visible"}, {"gameTime": "1 - 11:17", "label": "Indirect free-kick", "position": "677467", "team": "home", "visibility": "visible"}, {"gameTime": "1 - 11:51", "label": "Shots on target", "position": "711681", "team": "not applicable", "visibility": "visible"}, {"gameTime": "1 - 12:20", "label": "Ball out of play", "position": "740549", "team": "away", "visibility": "visible"}, {"gameTime": "1 - 13:12", "label": "Throw-in", "position": "792911", "team": "home", "visibility": "visible"}, {"gameTime": "1 - 13:19", "label": "Foul", "position": "799000", "team": "home", "visibility": "visible"}, {"gameTime": "1 - 14:07", "label": "Yellow card", "position": "847305", "team": "away", "visibility": "visible"}, {"gameTime": "1 - 14:58", "label": "Indirect free-kick", "position": "898234", "team": "not applicable", "visibility": "visible"}, {"gameTime": "1 - 15:24", "label": "Ball out of play", "position": "924741", "team": "away", "visibility": "visible"}, {"gameTime": "1 - 15:27", "label": "Throw-in", "position": "927274", "team": "away", "visibility": "visible"}, {"gameTime": "1 - 15:40", "label": "Foul", "position": "940091", "team": "home", "visibility": "visible"}, {"gameTime": "1 - 16:00", "label": "Indirect free-kick", "position": "960965", "team": "home", "visibility": "visible"}, {"gameTime": "1 - 16:01", "label": "Shots on target", "position": "961753", "team": "not applicable", "visibility": "visible"}, {"gameTime": "1 - 16:28", "label": "Ball out of play", "position": "988845", "team": "home", "visibility": "visible"}, {"gameTime": "1 - 17:04", "label": "Corner", "position": "1024697", "team": "not applicable", "visibility": "visible"}, {"gameTime": "1 - 17:31", "label": "Ball out of play", "position": "1051515", "team": "away", "visibility": "visible"}, {"gameTime": "1 - 18:13", "label": "Clearance", "position": "1093842", "team": "home", "visibility": "visible"}, {"gameTime": "1 - 18:14", "label": "Shots off target", "position": "1094379", "team": "not applicable", "visibility": "visible"}, {"gameTime": "1 - 18:55", "label": "Ball out of play", "position": "1135849", "team": "home", "visibility": "visible"}, {"gameTime": "1 - 20:03", "label": "Corner", "position": "1203051", "team": "home", "visibility": "visible"}, {"gameTime": "1 - 20:03", "label": "Shots off target", "position": "1203543", "team": "not applicable", "visibility": "visible"}, {"gameTime": "1 - 20:31", "label": "Ball out of play", "position": "1231315", "team": "away", "visibility": "visible"}, {"gameTime": "1 - 20:40", "label": "Clearance", "position": "1240312", "team": "away", "visibility": "visible"}, {"gameTime": "1 - 20:51", "label": "Foul", "position": "1251805", "team": "home", "visibility": "visible"}, {"gameTime": "1 - 22:20", "label": "Indirect free-kick", "position": "1340287", "team": "not applicable", "visibility": "visible"}, {"gameTime": "1 - 22:26", "label": "Ball out of play", "position": "1346449", "team": "home", "visibility": "not shown"}, {"gameTime": "1 - 23:03", "label": "Throw-in", "position": "1383277", "team": "home", "visibility": "visible"}, {"gameTime": "1 - 23:04", "label": "Shots on target", "position": "1384114", "team": "home", "visibility": "visible"}, {"gameTime": "1 - 23:54", "label": "Goal", "position": "1434162", "team": "away", "visibility": "not shown"}, {"gameTime": "1 - 25:41", "label": "Kick-off", "position": "1541634", "team": "away", "visibility": "visible"}, {"gameTime": "1 - 28:00", "label": "Foul", "position": "1680435", "team": "away", "visibility": "visible"}, {"gameTime": "1 - 28:16", "label": "Foul", "position": "1696238", "team": "home", "visibility": "visible"}, {"gameTime": "1 - 28:43", "label": "Indirect free-kick", "position": "1723360", "team": "not applicable", "visibility": "visible"}, {"gameTime": "1 - 29:18", "label": "Ball out of play", "position": "1758070", "team": "home", "visibility": "visible"}, {"gameTime": "1 - 29:27", "label": "Corner", "position": "1767800", "team": "home", "visibility": "visible"}, {"gameTime": "1 - 29:55", "label": "Foul", "position": "1795381", "team": "away", "visibility": "not shown"}, {"gameTime": "1 - 29:58", "label": "Indirect free-kick", "position": "1798718", "team": "home", "visibility": "visible"}, {"gameTime": "1 - 30:31", "label": "Foul", "position": "1831462", "team": "away", "visibility": "visible"}, {"gameTime": "1 - 30:36", "label": "Indirect free-kick", "position": "1836137", "team": "not applicable", "visibility": "visible"}, {"gameTime": "1 - 31:00", "label": "Ball out of play", "position": "1860037", "team": "home", "visibility": "visible"}, {"gameTime": "1 - 31:28", "label": "Clearance", "position": "1888676", "team": "away", "visibility": "visible"}, {"gameTime": "1 - 31:29", "label": "Shots off target", "position": "1889141", "team": "not applicable", "visibility": "visible"}, {"gameTime": "1 - 32:00", "label": "Ball out of play", "position": "1920554", "team": "home", "visibility": "visible"}, {"gameTime": "1 - 32:05", "label": "Clearance", "position": "1925824", "team": "not applicable", "visibility": "visible"}, {"gameTime": "1 - 32:15", "label": "Ball out of play", "position": "1935332", "team": "away", "visibility": "visible"}, {"gameTime": "1 - 32:20", "label": "Throw-in", "position": "1940623", "team": "not applicable", "visibility": "visible"}, {"gameTime": "1 - 32:36", "label": "Ball out of play", "position": "1956200", "team": "away", "visibility": "visible"}, {"gameTime": "1 - 32:41", "label": "Throw-in", "position": "1961907", "team": "not applicable", "visibility": "visible"}, {"gameTime": "1 - 33:04", "label": "Ball out of play", "position": "1984709", "team": "away", "visibility": "visible"}, {"gameTime": "1 - 33:06", "label": "Corner", "position": "1986384", "team": "away", "visibility": "visible"}, {"gameTime": "1 - 34:26", "label": "Foul", "position": "2066663", "team": "home", "visibility": "visible"}, {"gameTime": "1 - 36:34", "label": "Indirect free-kick", "position": "2194576", "team": "home", "visibility": "visible"}, {"gameTime": "1 - 36:35", "label": "Shots off target", "position": "2195832", "team": "not applicable", "visibility": "visible"}, {"gameTime": "1 - 37:00", "label": "Ball out of play", "position": "2220947", "team": "away", "visibility": "visible"}, {"gameTime": "1 - 38:25", "label": "Clearance", "position": "2305803", "team": "home", "visibility": "visible"}, {"gameTime": "1 - 38:26", "label": "Shots on target", "position": "2306579", "team": "home", "visibility": "visible"}, {"gameTime": "1 - 39:18", "label": "Goal", "position": "2358782", "team": "away", "visibility": "visible"}, {"gameTime": "1 - 39:38", "label": "Kick-off", "position": "2378976", "team": "not applicable", "visibility": "visible"}, {"gameTime": "1 - 39:42", "label": "Ball out of play", "position": "2382664", "team": "away", "visibility": "visible"}, {"gameTime": "1 - 39:53", "label": "Throw-in", "position": "2393212", "team": "away", "visibility": "visible"}, {"gameTime": "1 - 40:18", "label": "Foul", "position": "2418192", "team": "home", "visibility": "visible"}, {"gameTime": "1 - 41:16", "label": "Indirect free-kick", "position": "2476097", "team": "away", "visibility": "visible"}, {"gameTime": "1 - 41:23", "label": "Foul", "position": "2483299", "team": "home", "visibility": "not shown"}, {"gameTime": "1 - 41:36", "label": "Indirect free-kick", "position": "2496223", "team": "home", "visibility": "visible"}, {"gameTime": "1 - 41:37", "label": "Shots off target", "position": "2497170", "team": "not applicable", "visibility": "visible"}, {"gameTime": "1 - 41:57", "label": "Ball out of play", "position": "2517830", "team": "away", "visibility": "visible"}, {"gameTime": "1 - 42:01", "label": "Clearance", "position": "2521006", "team": "home", "visibility": "visible"}, {"gameTime": "1 - 42:07", "label": "Foul", "position": "2527000", "team": "home", "visibility": "visible"}, {"gameTime": "1 - 42:25", "label": "Yellow card", "position": "2545619", "team": "away", "visibility": "visible"}, {"gameTime": "1 - 42:39", "label": "Indirect free-kick", "position": "2559195", "team": "not applicable", "visibility": "visible"}, {"gameTime": "1 - 42:44", "label": "Ball out of play", "position": "2564648", "team": "home", "visibility": "visible"}, {"gameTime": "1 - 42:51", "label": "Throw-in", "position": "2571614", "team": "not applicable", "visibility": "visible"}, {"gameTime": "1 - 42:55", "label": "Ball out of play", "position": "2575355", "team": "home", "visibility": "visible"}, {"gameTime": "1 - 43:13", "label": "Throw-in", "position": "2593515", "team": "away", "visibility": "visible"}, {"gameTime": "1 - 43:21", "label": "Foul", "position": "2601113", "team": "away", "visibility": "visible"}, {"gameTime": "1 - 44:47", "label": "Yellow card", "position": "2687854", "team": "home", "visibility": "visible"}, {"gameTime": "1 - 44:47", "label": "Direct free-kick", "position": "2687854", "team": "home", "visibility": "visible"}, {"gameTime": "1 - 44:48", "label": "Shots off target", "position": "2688915", "team": "not applicable", "visibility": "visible"}, {"gameTime": "2 - 00:53", "label": "Kick-off", "position": "53505", "team": "home", "visibility": "visible"}, {"gameTime": "2 - 01:10", "label": "Foul", "position": "70855", "team": "away", "visibility": "visible"}, {"gameTime": "2 - 01:47", "label": "Indirect free-kick", "position": "107810", "team": "not applicable", "visibility": "visible"}, {"gameTime": "2 - 01:54", "label": "Ball out of play", "position": "114292", "team": "home", "visibility": "visible"}, {"gameTime": "2 - 02:08", "label": "Throw-in", "position": "128897", "team": "not applicable", "visibility": "visible"}, {"gameTime": "2 - 02:15", "label": "Ball out of play", "position": "135857", "team": "away", "visibility": "not shown"}, {"gameTime": "2 - 02:20", "label": "Throw-in", "position": "140697", "team": "not applicable", "visibility": "visible"}, {"gameTime": "2 - 02:37", "label": "Ball out of play", "position": "157710", "team": "home", "visibility": "visible"}, {"gameTime": "2 - 03:00", "label": "Throw-in", "position": "180318", "team": "home", "visibility": "visible"}, {"gameTime": "2 - 04:37", "label": "Shots on target", "position": "277483", "team": "not applicable", "visibility": "visible"}, {"gameTime": "2 - 04:46", "label": "Ball out of play", "position": "286352", "team": "away", "visibility": "visible"}, {"gameTime": "2 - 06:59", "label": "Throw-in", "position": "419575", "team": "away", "visibility": "visible"}, {"gameTime": "2 - 07:17", "label": "Foul", "position": "437428", "team": "home", "visibility": "visible"}, {"gameTime": "2 - 07:27", "label": "Indirect free-kick", "position": "447178", "team": "not applicable", "visibility": "visible"}, {"gameTime": "2 - 07:41", "label": "Ball out of play", "position": "461388", "team": "home", "visibility": "visible"}, {"gameTime": "2 - 07:56", "label": "Throw-in", "position": "476038", "team": "not applicable", "visibility": "visible"}, {"gameTime": "2 - 08:00", "label": "Ball out of play", "position": "480305", "team": "away", "visibility": "not shown"}, {"gameTime": "2 - 08:34", "label": "Throw-in", "position": "514227", "team": "away", "visibility": "visible"}, {"gameTime": "2 - 08:42", "label": "Foul", "position": "522629", "team": "away", "visibility": "visible"}, {"gameTime": "2 - 09:07", "label": "Yellow card", "position": "547830", "team": "home", "visibility": "visible"}, {"gameTime": "2 - 11:02", "label": "Indirect free-kick", "position": "662256", "team": "not applicable", "visibility": "visible"}, {"gameTime": "2 - 11:39", "label": "Ball out of play", "position": "699632", "team": "home", "visibility": "visible"}, {"gameTime": "2 - 11:51", "label": "Corner", "position": "711900", "team": "not applicable", "visibility": "visible"}, {"gameTime": "2 - 12:19", "label": "Ball out of play", "position": "739822", "team": "home", "visibility": "visible"}, {"gameTime": "2 - 12:23", "label": "Throw-in", "position": "743526", "team": "home", "visibility": "visible"}, {"gameTime": "2 - 12:24", "label": "Shots off target", "position": "744363", "team": "not applicable", "visibility": "visible"}, {"gameTime": "2 - 12:46", "label": "Ball out of play", "position": "766000", "team": "away", "visibility": "visible"}, {"gameTime": "2 - 13:26", "label": "Substitution", "position": "806982", "team": "not applicable", "visibility": "visible"}, {"gameTime": "2 - 13:43", "label": "Ball out of play", "position": "823464", "team": "home", "visibility": "visible"}, {"gameTime": "2 - 14:09", "label": "Throw-in", "position": "849065", "team": "away", "visibility": "visible"}, {"gameTime": "2 - 17:01", "label": "Shots on target", "position": "1021206", "team": "not applicable", "visibility": "visible"}, {"gameTime": "2 - 17:23", "label": "Ball out of play", "position": "1043000", "team": "away", "visibility": "visible"}, {"gameTime": "2 - 18:08", "label": "Substitution", "position": "1088000", "team": "home", "visibility": "visible"}, {"gameTime": "2 - 18:08", "label": "Substitution", "position": "1088488", "team": "home", "visibility": "visible"}, {"gameTime": "2 - 18:15", "label": "Substitution", "position": "1095398", "team": "away", "visibility": "not shown"}, {"gameTime": "2 - 18:36", "label": "Throw-in", "position": "1116411", "team": "not applicable", "visibility": "visible"}, {"gameTime": "2 - 18:43", "label": "Ball out of play", "position": "1123672", "team": "away", "visibility": "visible"}, {"gameTime": "2 - 19:06", "label": "Throw-in", "position": "1146083", "team": "not applicable", "visibility": "visible"}, {"gameTime": "2 - 19:15", "label": "Ball out of play", "position": "1155648", "team": "away", "visibility": "not shown"}, {"gameTime": "2 - 19:20", "label": "Clearance", "position": "1160604", "team": "not applicable", "visibility": "visible"}, {"gameTime": "2 - 19:24", "label": "Ball out of play", "position": "1164561", "team": "home", "visibility": "visible"}, {"gameTime": "2 - 20:51", "label": "Throw-in", "position": "1251337", "team": "not applicable", "visibility": "visible"}, {"gameTime": "2 - 21:08", "label": "Ball out of play", "position": "1268680", "team": "away", "visibility": "visible"}, {"gameTime": "2 - 21:20", "label": "Throw-in", "position": "1280444", "team": "away", "visibility": "visible"}, {"gameTime": "2 - 22:09", "label": "Shots on target", "position": "1329219", "team": "home", "visibility": "visible"}, {"gameTime": "2 - 22:10", "label": "Shots off target", "position": "1330193", "team": "not applicable", "visibility": "visible"}, {"gameTime": "2 - 23:03", "label": "Ball out of play", "position": "1383000", "team": "home", "visibility": "visible"}, {"gameTime": "2 - 23:14", "label": "Substitution", "position": "1394892", "team": "home", "visibility": "visible"}, {"gameTime": "2 - 26:08", "label": "Clearance", "position": "1568943", "team": "home", "visibility": "visible"}, {"gameTime": "2 - 26:34", "label": "Throw-in", "position": "1594706", "team": "home", "visibility": "visible"}, {"gameTime": "2 - 26:42", "label": "Foul", "position": "1602459", "team": "away", "visibility": "visible"}, {"gameTime": "2 - 27:29", "label": "Indirect free-kick", "position": "1649477", "team": "home", "visibility": "visible"}, {"gameTime": "2 - 27:37", "label": "Foul", "position": "1657591", "team": "away", "visibility": "not shown"}, {"gameTime": "2 - 28:18", "label": "Indirect free-kick", "position": "1698586", "team": "away", "visibility": "visible"}, {"gameTime": "2 - 28:43", "label": "Foul", "position": "1723763", "team": "home", "visibility": "visible"}, {"gameTime": "2 - 29:01", "label": "Indirect free-kick", "position": "1741804", "team": "not applicable", "visibility": "visible"}, {"gameTime": "2 - 29:31", "label": "Ball out of play", "position": "1771148", "team": "away", "visibility": "visible"}, {"gameTime": "2 - 29:34", "label": "Corner", "position": "1774121", "team": "not applicable", "visibility": "visible"}, {"gameTime": "2 - 29:38", "label": "Ball out of play", "position": "1778034", "team": "away", "visibility": "visible"}, {"gameTime": "2 - 29:53", "label": "Throw-in", "position": "1793410", "team": "away", "visibility": "visible"}, {"gameTime": "2 - 30:00", "label": "Foul", "position": "1800000", "team": "away", "visibility": "visible"}, {"gameTime": "2 - 30:13", "label": "Yellow card", "position": "1813549", "team": "home", "visibility": "visible"}, {"gameTime": "2 - 31:07", "label": "Indirect free-kick", "position": "1867281", "team": "home", "visibility": "visible"}, {"gameTime": "2 - 31:36", "label": "Foul", "position": "1896744", "team": "away", "visibility": "visible"}, {"gameTime": "2 - 33:48", "label": "Indirect free-kick", "position": "2028609", "team": "home", "visibility": "visible"}, {"gameTime": "2 - 35:34", "label": "Shots on target", "position": "2134796", "team": "away", "visibility": "visible"}, {"gameTime": "2 - 35:55", "label": "Foul", "position": "2155000", "team": "home", "visibility": "visible"}, {"gameTime": "2 - 36:03", "label": "Substitution", "position": "2163528", "team": "home", "visibility": "visible"}, {"gameTime": "2 - 36:28", "label": "Indirect free-kick", "position": "2188306", "team": "not applicable", "visibility": "visible"}, {"gameTime": "2 - 36:36", "label": "Ball out of play", "position": "2196078", "team": "away", "visibility": "visible"}, {"gameTime": "2 - 37:03", "label": "Throw-in", "position": "2223368", "team": "not applicable", "visibility": "visible"}, {"gameTime": "2 - 37:16", "label": "Ball out of play", "position": "2236876", "team": "home", "visibility": "visible"}, {"gameTime": "2 - 37:32", "label": "Throw-in", "position": "2252388", "team": "not applicable", "visibility": "visible"}, {"gameTime": "2 - 37:39", "label": "Ball out of play", "position": "2259076", "team": "away", "visibility": "visible"}, {"gameTime": "2 - 38:04", "label": "Throw-in", "position": "2284746", "team": "not applicable", "visibility": "visible"}, {"gameTime": "2 - 38:11", "label": "Ball out of play", "position": "2291216", "team": "away", "visibility": "visible"}, {"gameTime": "2 - 38:13", "label": "Throw-in", "position": "2293531", "team": "not applicable", "visibility": "visible"}, {"gameTime": "2 - 38:25", "label": "Ball out of play", "position": "2305861", "team": "home", "visibility": "visible"}, {"gameTime": "2 - 38:43", "label": "Throw-in", "position": "2323640", "team": "not applicable", "visibility": "visible"}, {"gameTime": "2 - 38:50", "label": "Ball out of play", "position": "2330134", "team": "away", "visibility": "visible"}, {"gameTime": "2 - 39:13", "label": "Throw-in", "position": "2353065", "team": "home", "visibility": "visible"}, {"gameTime": "2 - 39:26", "label": "Foul", "position": "2366288", "team": "away", "visibility": "visible"}, {"gameTime": "2 - 40:18", "label": "Indirect free-kick", "position": "2418835", "team": "home", "visibility": "visible"}, {"gameTime": "2 - 40:27", "label": "Foul", "position": "2427855", "team": "away", "visibility": "not shown"}, {"gameTime": "2 - 40:48", "label": "Indirect free-kick", "position": "2448541", "team": "home", "visibility": "visible"}, {"gameTime": "2 - 41:31", "label": "Foul", "position": "2491427", "team": "away", "visibility": "visible"}, {"gameTime": "2 - 41:32", "label": "Indirect free-kick", "position": "2492284", "team": "away", "visibility": "visible"}, {"gameTime": "2 - 41:58", "label": "Foul", "position": "2518728", "team": "home", "visibility": "visible"}, {"gameTime": "2 - 44:21", "label": "Indirect free-kick", "position": "2661339", "team": "not applicable", "visibility": "visible"}, {"gameTime": "2 - 44:26", "label": "Ball out of play", "position": "2666442", "team": "away", "visibility": "visible"}], "gameAwayTeam": "Chievo", "gameDate": "24/09/2016 - 21:45", "gameHomeTeam": "Napoli", "gameScore": "2 - 0"}