{"UrlLocal": "italy_serie-a/2016-2017/2016-10-25 - 21-45 Genoa 3 - 0 AC Milan/", "UrlYoutube": "", "annotations": [{"gameTime": "1 - 00:51", "label": "Kick-off", "position": "51979", "team": "not applicable", "visibility": "visible"}, {"gameTime": "1 - 01:14", "label": "Ball out of play", "position": "74970", "team": "home", "visibility": "not shown"}, {"gameTime": "1 - 01:54", "label": "Clearance", "position": "114162", "team": "not applicable", "visibility": "visible"}, {"gameTime": "1 - 02:28", "label": "Ball out of play", "position": "148352", "team": "away", "visibility": "visible"}, {"gameTime": "1 - 03:56", "label": "Throw-in", "position": "236609", "team": "not applicable", "visibility": "visible"}, {"gameTime": "1 - 04:02", "label": "Ball out of play", "position": "242417", "team": "home", "visibility": "visible"}, {"gameTime": "1 - 04:47", "label": "Throw-in", "position": "287701", "team": "not applicable", "visibility": "visible"}, {"gameTime": "1 - 04:53", "label": "Ball out of play", "position": "293364", "team": "home", "visibility": "not shown"}, {"gameTime": "1 - 05:28", "label": "Throw-in", "position": "328815", "team": "not applicable", "visibility": "visible"}, {"gameTime": "1 - 05:39", "label": "Ball out of play", "position": "339789", "team": "away", "visibility": "visible"}, {"gameTime": "1 - 05:44", "label": "Throw-in", "position": "344999", "team": "not applicable", "visibility": "visible"}, {"gameTime": "1 - 05:54", "label": "Ball out of play", "position": "354722", "team": "away", "visibility": "not shown"}, {"gameTime": "1 - 06:04", "label": "Throw-in", "position": "364960", "team": "away", "visibility": "visible"}, {"gameTime": "1 - 06:30", "label": "Foul", "position": "390453", "team": "home", "visibility": "visible"}, {"gameTime": "1 - 07:25", "label": "Indirect free-kick", "position": "445875", "team": "not applicable", "visibility": "visible"}, {"gameTime": "1 - 07:40", "label": "Ball out of play", "position": "460110", "team": "away", "visibility": "not shown"}, {"gameTime": "1 - 09:00", "label": "Clearance", "position": "540901", "team": "not applicable", "visibility": "visible"}, {"gameTime": "1 - 09:29", "label": "Ball out of play", "position": "569778", "team": "home", "visibility": "not shown"}, {"gameTime": "1 - 09:37", "label": "Clearance", "position": "577853", "team": "not applicable", "visibility": "visible"}, {"gameTime": "1 - 09:48", "label": "Ball out of play", "position": "588346", "team": "home", "visibility": "visible"}, {"gameTime": "1 - 09:51", "label": "Throw-in", "position": "591838", "team": "not applicable", "visibility": "visible"}, {"gameTime": "1 - 10:08", "label": "Ball out of play", "position": "608625", "team": "home", "visibility": "visible"}, {"gameTime": "1 - 10:26", "label": "Throw-in", "position": "626642", "team": "home", "visibility": "visible"}, {"gameTime": "1 - 10:27", "label": "Shots on target", "position": "627163", "team": "home", "visibility": "visible"}, {"gameTime": "1 - 11:10", "label": "Goal", "position": "670477", "team": "away", "visibility": "visible"}, {"gameTime": "1 - 11:19", "label": "Kick-off", "position": "679432", "team": "not applicable", "visibility": "visible"}, {"gameTime": "1 - 11:31", "label": "Ball out of play", "position": "691185", "team": "away", "visibility": "visible"}, {"gameTime": "1 - 12:15", "label": "Throw-in", "position": "735307", "team": "not applicable", "visibility": "visible"}, {"gameTime": "1 - 12:43", "label": "Ball out of play", "position": "763720", "team": "home", "visibility": "not shown"}, {"gameTime": "1 - 12:59", "label": "Clearance", "position": "779526", "team": "away", "visibility": "visible"}, {"gameTime": "1 - 13:14", "label": "Foul", "position": "794117", "team": "home", "visibility": "visible"}, {"gameTime": "1 - 13:27", "label": "Indirect free-kick", "position": "807555", "team": "not applicable", "visibility": "visible"}, {"gameTime": "1 - 13:38", "label": "Ball out of play", "position": "818371", "team": "away", "visibility": "visible"}, {"gameTime": "1 - 13:54", "label": "Throw-in", "position": "834500", "team": "not applicable", "visibility": "visible"}, {"gameTime": "1 - 14:04", "label": "Ball out of play", "position": "844272", "team": "away", "visibility": "not shown"}, {"gameTime": "1 - 14:16", "label": "Throw-in", "position": "856625", "team": "not applicable", "visibility": "visible"}, {"gameTime": "1 - 14:38", "label": "Ball out of play", "position": "878024", "team": "away", "visibility": "visible"}, {"gameTime": "1 - 14:49", "label": "Corner", "position": "889410", "team": "not applicable", "visibility": "visible"}, {"gameTime": "1 - 14:59", "label": "Ball out of play", "position": "899575", "team": "away", "visibility": "not shown"}, {"gameTime": "1 - 15:37", "label": "Throw-in", "position": "937148", "team": "away", "visibility": "visible"}, {"gameTime": "1 - 15:52", "label": "Foul", "position": "952305", "team": "home", "visibility": "visible"}, {"gameTime": "1 - 16:09", "label": "Indirect free-kick", "position": "969065", "team": "home", "visibility": "visible"}, {"gameTime": "1 - 16:17", "label": "Foul", "position": "977466", "team": "away", "visibility": "not shown"}, {"gameTime": "1 - 17:54", "label": "Indirect free-kick", "position": "1074268", "team": "not applicable", "visibility": "visible"}, {"gameTime": "1 - 18:17", "label": "Ball out of play", "position": "1097662", "team": "away", "visibility": "visible"}, {"gameTime": "1 - 19:41", "label": "Clearance", "position": "1181104", "team": "home", "visibility": "visible"}, {"gameTime": "1 - 19:58", "label": "Offside", "position": "1198182", "team": "away", "visibility": "visible"}, {"gameTime": "1 - 20:24", "label": "Indirect free-kick", "position": "1224343", "team": "not applicable", "visibility": "visible"}, {"gameTime": "1 - 20:50", "label": "Ball out of play", "position": "1250674", "team": "home", "visibility": "visible"}, {"gameTime": "1 - 21:40", "label": "Clearance", "position": "1300198", "team": "away", "visibility": "visible"}, {"gameTime": "1 - 21:41", "label": "Shots off target", "position": "1301421", "team": "not applicable", "visibility": "visible"}, {"gameTime": "1 - 22:09", "label": "Ball out of play", "position": "1329454", "team": "home", "visibility": "not shown"}, {"gameTime": "1 - 22:21", "label": "Clearance", "position": "1341714", "team": "away", "visibility": "visible"}, {"gameTime": "1 - 22:46", "label": "Foul", "position": "1366907", "team": "home", "visibility": "not shown"}, {"gameTime": "1 - 23:00", "label": "Indirect free-kick", "position": "1380539", "team": "home", "visibility": "visible"}, {"gameTime": "1 - 23:13", "label": "Foul", "position": "1393647", "team": "away", "visibility": "visible"}, {"gameTime": "1 - 23:33", "label": "Indirect free-kick", "position": "1413280", "team": "home", "visibility": "visible"}, {"gameTime": "1 - 24:18", "label": "Foul", "position": "1458732", "team": "away", "visibility": "visible"}, {"gameTime": "1 - 24:49", "label": "Direct free-kick", "position": "1489698", "team": "away", "visibility": "visible"}, {"gameTime": "1 - 26:25", "label": "Shots on target", "position": "1585867", "team": "home", "visibility": "visible"}, {"gameTime": "1 - 27:35", "label": "Foul", "position": "1655953", "team": "away", "visibility": "visible"}, {"gameTime": "1 - 27:41", "label": "Indirect free-kick", "position": "1661385", "team": "not applicable", "visibility": "visible"}, {"gameTime": "1 - 27:45", "label": "Ball out of play", "position": "1665412", "team": "away", "visibility": "visible"}, {"gameTime": "1 - 27:55", "label": "Throw-in", "position": "1675785", "team": "not applicable", "visibility": "visible"}, {"gameTime": "1 - 28:13", "label": "Ball out of play", "position": "1693132", "team": "home", "visibility": "visible"}, {"gameTime": "1 - 28:49", "label": "Throw-in", "position": "1729918", "team": "home", "visibility": "visible"}, {"gameTime": "1 - 28:59", "label": "Foul", "position": "1739537", "team": "away", "visibility": "not shown"}, {"gameTime": "1 - 29:15", "label": "Indirect free-kick", "position": "1755644", "team": "not applicable", "visibility": "visible"}, {"gameTime": "1 - 29:19", "label": "Ball out of play", "position": "1759556", "team": "away", "visibility": "visible"}, {"gameTime": "1 - 30:38", "label": "Throw-in", "position": "1838647", "team": "not applicable", "visibility": "visible"}, {"gameTime": "1 - 30:53", "label": "Ball out of play", "position": "1853480", "team": "home", "visibility": "visible"}, {"gameTime": "1 - 31:45", "label": "Throw-in", "position": "1905935", "team": "not applicable", "visibility": "visible"}, {"gameTime": "1 - 31:57", "label": "Ball out of play", "position": "1917615", "team": "home", "visibility": "visible"}, {"gameTime": "1 - 32:19", "label": "Throw-in", "position": "1939287", "team": "away", "visibility": "visible"}, {"gameTime": "1 - 36:21", "label": "Shots on target", "position": "2181566", "team": "not applicable", "visibility": "visible"}, {"gameTime": "1 - 36:24", "label": "Ball out of play", "position": "2184342", "team": "away", "visibility": "not shown"}, {"gameTime": "1 - 37:49", "label": "Throw-in", "position": "2269473", "team": "away", "visibility": "visible"}, {"gameTime": "1 - 38:04", "label": "Foul", "position": "2284233", "team": "home", "visibility": "not shown"}, {"gameTime": "1 - 38:28", "label": "Indirect free-kick", "position": "2308841", "team": "home", "visibility": "visible"}, {"gameTime": "1 - 38:42", "label": "Foul", "position": "2322389", "team": "away", "visibility": "not shown"}, {"gameTime": "1 - 39:19", "label": "Indirect free-kick", "position": "2359626", "team": "home", "visibility": "visible"}, {"gameTime": "1 - 39:23", "label": "Foul", "position": "2363797", "team": "home", "visibility": "visible"}, {"gameTime": "1 - 40:16", "label": "Yellow card", "position": "2416461", "team": "away", "visibility": "visible"}, {"gameTime": "1 - 40:18", "label": "Direct free-kick", "position": "2418393", "team": "away", "visibility": "visible"}, {"gameTime": "1 - 40:51", "label": "Foul", "position": "2451705", "team": "home", "visibility": "visible"}, {"gameTime": "1 - 41:07", "label": "Indirect free-kick", "position": "2467184", "team": "away", "visibility": "visible"}, {"gameTime": "1 - 41:08", "label": "Shots off target", "position": "2468194", "team": "not applicable", "visibility": "visible"}, {"gameTime": "1 - 41:32", "label": "Ball out of play", "position": "2492287", "team": "home", "visibility": "not shown"}, {"gameTime": "1 - 42:19", "label": "Clearance", "position": "2539871", "team": "not applicable", "visibility": "visible"}, {"gameTime": "1 - 43:06", "label": "Ball out of play", "position": "2586922", "team": "home", "visibility": "visible"}, {"gameTime": "1 - 43:09", "label": "Corner", "position": "2589290", "team": "home", "visibility": "visible"}, {"gameTime": "1 - 43:19", "label": "Foul", "position": "2599854", "team": "away", "visibility": "not shown"}, {"gameTime": "1 - 43:52", "label": "Indirect free-kick", "position": "2632586", "team": "not applicable", "visibility": "visible"}, {"gameTime": "1 - 44:00", "label": "Ball out of play", "position": "2640098", "team": "away", "visibility": "not shown"}, {"gameTime": "1 - 44:07", "label": "Throw-in", "position": "2647269", "team": "home", "visibility": "visible"}, {"gameTime": "1 - 44:50", "label": "Foul", "position": "2690544", "team": "away", "visibility": "visible"}, {"gameTime": "2 - 01:09", "label": "Kick-off", "position": "69692", "team": "away", "visibility": "visible"}, {"gameTime": "2 - 01:11", "label": "Shots off target", "position": "71246", "team": "not applicable", "visibility": "visible"}, {"gameTime": "2 - 01:35", "label": "Ball out of play", "position": "95857", "team": "home", "visibility": "visible"}, {"gameTime": "2 - 02:05", "label": "Clearance", "position": "125574", "team": "not applicable", "visibility": "not shown"}, {"gameTime": "2 - 02:33", "label": "Ball out of play", "position": "153836", "team": "home", "visibility": "visible"}, {"gameTime": "2 - 03:06", "label": "Clearance", "position": "186065", "team": "home", "visibility": "visible"}, {"gameTime": "2 - 03:20", "label": "Offside", "position": "200333", "team": "away", "visibility": "not shown"}, {"gameTime": "2 - 05:06", "label": "Indirect free-kick", "position": "306080", "team": "away", "visibility": "visible"}, {"gameTime": "2 - 05:07", "label": "Shots off target", "position": "307826", "team": "not applicable", "visibility": "visible"}, {"gameTime": "2 - 05:43", "label": "Ball out of play", "position": "343449", "team": "away", "visibility": "visible"}, {"gameTime": "2 - 05:49", "label": "Corner", "position": "349500", "team": "away", "visibility": "visible"}, {"gameTime": "2 - 07:38", "label": "Shots on target", "position": "458109", "team": "not applicable", "visibility": "visible"}, {"gameTime": "2 - 08:40", "label": "Ball out of play", "position": "520511", "team": "home", "visibility": "visible"}, {"gameTime": "2 - 08:52", "label": "Substitution", "position": "532960", "team": "home", "visibility": "visible"}, {"gameTime": "2 - 09:39", "label": "Throw-in", "position": "579838", "team": "not applicable", "visibility": "visible"}, {"gameTime": "2 - 10:13", "label": "Ball out of play", "position": "613270", "team": "home", "visibility": "visible"}, {"gameTime": "2 - 10:39", "label": "Corner", "position": "639857", "team": "away", "visibility": "visible"}, {"gameTime": "2 - 10:46", "label": "Foul", "position": "646196", "team": "away", "visibility": "visible"}, {"gameTime": "2 - 12:15", "label": "Red card", "position": "735448", "team": "away", "visibility": "visible"}, {"gameTime": "2 - 12:45", "label": "Substitution", "position": "765425", "team": "home", "visibility": "visible"}, {"gameTime": "2 - 14:52", "label": "Direct free-kick", "position": "892038", "team": "not applicable", "visibility": "visible"}, {"gameTime": "2 - 15:21", "label": "Ball out of play", "position": "921780", "team": "home", "visibility": "visible"}, {"gameTime": "2 - 15:31", "label": "Corner", "position": "931036", "team": "home", "visibility": "visible"}, {"gameTime": "2 - 16:15", "label": "Shots on target", "position": "975546", "team": "away", "visibility": "not shown"}, {"gameTime": "2 - 17:22", "label": "Substitution", "position": "1042173", "team": "not applicable", "visibility": "visible"}, {"gameTime": "2 - 17:48", "label": "Ball out of play", "position": "1068720", "team": "home", "visibility": "visible"}, {"gameTime": "2 - 18:17", "label": "Throw-in", "position": "1097503", "team": "not applicable", "visibility": "visible"}, {"gameTime": "2 - 18:46", "label": "Ball out of play", "position": "1126259", "team": "home", "visibility": "not shown"}, {"gameTime": "2 - 19:16", "label": "Clearance", "position": "1156759", "team": "not applicable", "visibility": "visible"}, {"gameTime": "2 - 19:41", "label": "Ball out of play", "position": "1181586", "team": "away", "visibility": "visible"}, {"gameTime": "2 - 20:44", "label": "Corner", "position": "1244646", "team": "away", "visibility": "visible"}, {"gameTime": "2 - 21:21", "label": "Foul", "position": "1281482", "team": "home", "visibility": "visible"}, {"gameTime": "2 - 21:37", "label": "Substitution", "position": "1297871", "team": "home", "visibility": "visible"}, {"gameTime": "2 - 21:40", "label": "Indirect free-kick", "position": "1300507", "team": "not applicable", "visibility": "visible"}, {"gameTime": "2 - 21:49", "label": "Ball out of play", "position": "1309615", "team": "away", "visibility": "visible"}, {"gameTime": "2 - 22:30", "label": "Throw-in", "position": "1350042", "team": "home", "visibility": "visible"}, {"gameTime": "2 - 22:30", "label": "Shots off target", "position": "1350773", "team": "not applicable", "visibility": "visible"}, {"gameTime": "2 - 22:47", "label": "Ball out of play", "position": "1367125", "team": "away", "visibility": "not shown"}, {"gameTime": "2 - 23:01", "label": "Clearance", "position": "1381460", "team": "not applicable", "visibility": "visible"}, {"gameTime": "2 - 23:31", "label": "Ball out of play", "position": "1411142", "team": "home", "visibility": "visible"}, {"gameTime": "2 - 24:01", "label": "Corner", "position": "1441827", "team": "not applicable", "visibility": "visible"}, {"gameTime": "2 - 24:04", "label": "Ball out of play", "position": "1444504", "team": "away", "visibility": "not shown"}, {"gameTime": "2 - 24:20", "label": "Throw-in", "position": "1460902", "team": "not applicable", "visibility": "visible"}, {"gameTime": "2 - 24:40", "label": "Ball out of play", "position": "1480788", "team": "away", "visibility": "visible"}, {"gameTime": "2 - 24:53", "label": "Substitution", "position": "1493415", "team": "home", "visibility": "visible"}, {"gameTime": "2 - 24:58", "label": "Throw-in", "position": "1498160", "team": "not applicable", "visibility": "visible"}, {"gameTime": "2 - 25:10", "label": "Ball out of play", "position": "1510256", "team": "away", "visibility": "visible"}, {"gameTime": "2 - 26:04", "label": "Throw-in", "position": "1564196", "team": "not applicable", "visibility": "visible"}, {"gameTime": "2 - 26:15", "label": "Ball out of play", "position": "1575808", "team": "away", "visibility": "not shown"}, {"gameTime": "2 - 28:18", "label": "Clearance", "position": "1698041", "team": "away", "visibility": "visible"}, {"gameTime": "2 - 28:33", "label": "Shots on target", "position": "1713864", "team": "home", "visibility": "visible"}, {"gameTime": "2 - 28:37", "label": "Foul", "position": "1717488", "team": "home", "visibility": "visible"}, {"gameTime": "2 - 29:26", "label": "Yellow card", "position": "1766341", "team": "away", "visibility": "visible"}, {"gameTime": "2 - 29:34", "label": "Indirect free-kick", "position": "1774006", "team": "away", "visibility": "visible"}, {"gameTime": "2 - 29:34", "label": "Shots off target", "position": "1774441", "team": "not applicable", "visibility": "visible"}, {"gameTime": "2 - 29:56", "label": "Ball out of play", "position": "1796677", "team": "home", "visibility": "not shown"}, {"gameTime": "2 - 30:58", "label": "Clearance", "position": "1858028", "team": "away", "visibility": "visible"}, {"gameTime": "2 - 31:32", "label": "Shots on target", "position": "1892089", "team": "home", "visibility": "visible"}, {"gameTime": "2 - 32:14", "label": "Foul", "position": "1934965", "team": "home", "visibility": "visible"}, {"gameTime": "2 - 32:26", "label": "Substitution", "position": "1946240", "team": "away", "visibility": "visible"}, {"gameTime": "2 - 32:30", "label": "Indirect free-kick", "position": "1950623", "team": "not applicable", "visibility": "visible"}, {"gameTime": "2 - 32:52", "label": "Ball out of play", "position": "1972764", "team": "home", "visibility": "not shown"}, {"gameTime": "2 - 33:02", "label": "Clearance", "position": "1982785", "team": "not applicable", "visibility": "visible"}, {"gameTime": "2 - 33:04", "label": "Ball out of play", "position": "1984990", "team": "away", "visibility": "visible"}, {"gameTime": "2 - 33:39", "label": "Throw-in", "position": "2019462", "team": "not applicable", "visibility": "visible"}, {"gameTime": "2 - 33:48", "label": "Ball out of play", "position": "2028209", "team": "away", "visibility": "visible"}, {"gameTime": "2 - 34:08", "label": "Throw-in", "position": "2048490", "team": "home", "visibility": "visible"}, {"gameTime": "2 - 34:09", "label": "Shots off target", "position": "2049589", "team": "home", "visibility": "visible"}, {"gameTime": "2 - 35:02", "label": "Goal", "position": "2102607", "team": "away", "visibility": "not shown"}, {"gameTime": "2 - 36:32", "label": "Kick-off", "position": "2192254", "team": "home", "visibility": "visible"}, {"gameTime": "2 - 37:05", "label": "Shots on target", "position": "2225093", "team": "home", "visibility": "visible"}, {"gameTime": "2 - 38:10", "label": "Foul", "position": "2290224", "team": "away", "visibility": "visible"}, {"gameTime": "2 - 38:11", "label": "Direct free-kick", "position": "2291311", "team": "away", "visibility": "visible"}, {"gameTime": "2 - 38:12", "label": "Shots off target", "position": "2292465", "team": "not applicable", "visibility": "visible"}, {"gameTime": "2 - 38:35", "label": "Ball out of play", "position": "2315098", "team": "home", "visibility": "not shown"}, {"gameTime": "2 - 38:55", "label": "Clearance", "position": "2335422", "team": "home", "visibility": "visible"}, {"gameTime": "2 - 38:58", "label": "Foul", "position": "2338891", "team": "home", "visibility": "visible"}, {"gameTime": "2 - 39:38", "label": "Yellow card", "position": "2378711", "team": "away", "visibility": "visible"}, {"gameTime": "2 - 40:32", "label": "Direct free-kick", "position": "2432050", "team": "home", "visibility": "visible"}, {"gameTime": "2 - 40:32", "label": "Shots on target", "position": "2432740", "team": "home", "visibility": "visible"}, {"gameTime": "2 - 41:35", "label": "Goal", "position": "2495005", "team": "away", "visibility": "not shown"}, {"gameTime": "2 - 42:06", "label": "Kick-off", "position": "2526124", "team": "not applicable", "visibility": "visible"}, {"gameTime": "2 - 42:11", "label": "Ball out of play", "position": "2531469", "team": "away", "visibility": "not shown"}, {"gameTime": "2 - 43:42", "label": "Throw-in", "position": "2622514", "team": "home", "visibility": "visible"}, {"gameTime": "2 - 44:05", "label": "Offside", "position": "2645080", "team": "away", "visibility": "not shown"}, {"gameTime": "2 - 44:34", "label": "Indirect free-kick", "position": "2674863", "team": "not applicable", "visibility": "visible"}, {"gameTime": "2 - 44:52", "label": "Ball out of play", "position": "2692012", "team": "home", "visibility": "visible"}, {"gameTime": "2 - 44:57", "label": "Throw-in", "position": "2697419", "team": "not applicable", "visibility": "visible"}], "gameAwayTeam": "AC Milan", "gameDate": "25/10/2016 - 21:45", "gameHomeTeam": "Genoa", "gameScore": "3 - 0"}