{"UrlLocal": "spain_laliga/2015-2016/2015-09-19 - 17-00 Real Madrid 1 - 0 Granada CF/", "UrlYoutube": "", "annotations": [{"gameTime": "1 - 00:00", "label": "Ball out of play", "position": "20", "team": "home", "visibility": "not shown"}, {"gameTime": "1 - 01:12", "label": "Throw-in", "position": "72211", "team": "not applicable", "visibility": "visible"}, {"gameTime": "1 - 01:24", "label": "Ball out of play", "position": "84876", "team": "away", "visibility": "visible"}, {"gameTime": "1 - 01:38", "label": "Throw-in", "position": "98837", "team": "not applicable", "visibility": "visible"}, {"gameTime": "1 - 01:43", "label": "Ball out of play", "position": "103066", "team": "home", "visibility": "visible"}, {"gameTime": "1 - 02:09", "label": "Throw-in", "position": "129014", "team": "not applicable", "visibility": "visible"}, {"gameTime": "1 - 02:17", "label": "Ball out of play", "position": "137967", "team": "home", "visibility": "not shown"}, {"gameTime": "1 - 02:23", "label": "Throw-in", "position": "143192", "team": "not applicable", "visibility": "visible"}, {"gameTime": "1 - 02:38", "label": "Ball out of play", "position": "158513", "team": "away", "visibility": "visible"}, {"gameTime": "1 - 02:47", "label": "Throw-in", "position": "167959", "team": "not applicable", "visibility": "visible"}, {"gameTime": "1 - 03:05", "label": "Foul", "position": "185036", "team": "away", "visibility": "visible"}, {"gameTime": "1 - 03:32", "label": "Indirect free-kick", "position": "212080", "team": "away", "visibility": "visible"}, {"gameTime": "1 - 03:40", "label": "Ball out of play", "position": "220950", "team": "home", "visibility": "not shown"}, {"gameTime": "1 - 03:58", "label": "Throw-in", "position": "238340", "team": "not applicable", "visibility": "visible"}, {"gameTime": "1 - 04:14", "label": "Ball out of play", "position": "254346", "team": "home", "visibility": "visible"}, {"gameTime": "1 - 04:55", "label": "Throw-in", "position": "295382", "team": "not applicable", "visibility": "visible"}, {"gameTime": "1 - 05:07", "label": "Foul", "position": "307661", "team": "away", "visibility": "visible"}, {"gameTime": "1 - 05:13", "label": "Indirect free-kick", "position": "313095", "team": "away", "visibility": "visible"}, {"gameTime": "1 - 05:18", "label": "Offside", "position": "318195", "team": "home", "visibility": "not shown"}, {"gameTime": "1 - 06:01", "label": "Indirect free-kick", "position": "361372", "team": "home", "visibility": "visible"}, {"gameTime": "1 - 06:31", "label": "Ball out of play", "position": "391926", "team": "away", "visibility": "visible"}, {"gameTime": "1 - 06:43", "label": "Throw-in", "position": "403558", "team": "not applicable", "visibility": "visible"}, {"gameTime": "1 - 06:51", "label": "Ball out of play", "position": "411678", "team": "home", "visibility": "not shown"}, {"gameTime": "1 - 07:05", "label": "Throw-in", "position": "425906", "team": "not applicable", "visibility": "visible"}, {"gameTime": "1 - 07:14", "label": "Shots off target", "position": "434112", "team": "away", "visibility": "visible"}, {"gameTime": "1 - 07:35", "label": "Ball out of play", "position": "455175", "team": "away", "visibility": "visible"}, {"gameTime": "1 - 07:42", "label": "Throw-in", "position": "462891", "team": "not applicable", "visibility": "visible"}, {"gameTime": "1 - 08:03", "label": "Ball out of play", "position": "483391", "team": "away", "visibility": "visible"}, {"gameTime": "1 - 08:12", "label": "Throw-in", "position": "492023", "team": "not applicable", "visibility": "visible"}, {"gameTime": "1 - 08:22", "label": "Ball out of play", "position": "502626", "team": "home", "visibility": "visible"}, {"gameTime": "1 - 09:09", "label": "Corner", "position": "549180", "team": "not applicable", "visibility": "visible"}, {"gameTime": "1 - 09:15", "label": "Ball out of play", "position": "555237", "team": "home", "visibility": "visible"}, {"gameTime": "1 - 09:31", "label": "Throw-in", "position": "571781", "team": "not applicable", "visibility": "visible"}, {"gameTime": "1 - 09:44", "label": "Ball out of play", "position": "584236", "team": "home", "visibility": "visible"}, {"gameTime": "1 - 10:50", "label": "Corner", "position": "650453", "team": "not applicable", "visibility": "visible"}, {"gameTime": "1 - 11:02", "label": "Ball out of play", "position": "662470", "team": "home", "visibility": "visible"}, {"gameTime": "1 - 11:57", "label": "Throw-in", "position": "717860", "team": "not applicable", "visibility": "visible"}, {"gameTime": "1 - 12:06", "label": "Ball out of play", "position": "726446", "team": "home", "visibility": "not shown"}, {"gameTime": "1 - 12:32", "label": "Corner", "position": "752106", "team": "not applicable", "visibility": "visible"}, {"gameTime": "1 - 12:55", "label": "Shots on target", "position": "775203", "team": "home", "visibility": "visible"}, {"gameTime": "1 - 12:57", "label": "Shots on target", "position": "777284", "team": "home", "visibility": "visible"}, {"gameTime": "1 - 13:19", "label": "Foul", "position": "799719", "team": "home", "visibility": "visible"}, {"gameTime": "1 - 15:04", "label": "Indirect free-kick", "position": "904699", "team": "away", "visibility": "visible"}, {"gameTime": "1 - 15:21", "label": "Ball out of play", "position": "921052", "team": "home", "visibility": "visible"}, {"gameTime": "1 - 16:44", "label": "Clearance", "position": "1004056", "team": "not applicable", "visibility": "visible"}, {"gameTime": "1 - 16:52", "label": "Ball out of play", "position": "1012304", "team": "home", "visibility": "not shown"}, {"gameTime": "1 - 17:22", "label": "Clearance", "position": "1042352", "team": "not applicable", "visibility": "visible"}, {"gameTime": "1 - 17:50", "label": "Ball out of play", "position": "1070203", "team": "away", "visibility": "visible"}, {"gameTime": "1 - 18:25", "label": "Throw-in", "position": "1105501", "team": "not applicable", "visibility": "visible"}, {"gameTime": "1 - 18:37", "label": "Shots on target", "position": "1117033", "team": "away", "visibility": "not shown"}, {"gameTime": "1 - 18:45", "label": "Shots off target", "position": "1125730", "team": "home", "visibility": "visible"}, {"gameTime": "1 - 18:46", "label": "Ball out of play", "position": "1126785", "team": "home", "visibility": "visible"}, {"gameTime": "1 - 18:48", "label": "Clearance", "position": "1128105", "team": "not applicable", "visibility": "visible"}, {"gameTime": "1 - 19:18", "label": "Shots on target", "position": "1158829", "team": "away", "visibility": "visible"}, {"gameTime": "1 - 19:35", "label": "Offside", "position": "1175039", "team": "away", "visibility": "visible"}, {"gameTime": "1 - 19:35", "label": "Indirect free-kick", "position": "1175433", "team": "away", "visibility": "visible"}, {"gameTime": "1 - 19:55", "label": "Foul", "position": "1195220", "team": "home", "visibility": "not shown"}, {"gameTime": "1 - 20:30", "label": "Shots on target", "position": "1230757", "team": "away", "visibility": "visible"}, {"gameTime": "1 - 21:28", "label": "Direct free-kick", "position": "1288613", "team": "home", "visibility": "visible"}, {"gameTime": "1 - 21:28", "label": "Shots on target", "position": "1288613", "team": "home", "visibility": "visible"}, {"gameTime": "1 - 21:31", "label": "Ball out of play", "position": "1291995", "team": "home", "visibility": "visible"}, {"gameTime": "1 - 21:32", "label": "Corner", "position": "1292487", "team": "not applicable", "visibility": "visible"}, {"gameTime": "1 - 21:53", "label": "Ball out of play", "position": "1313445", "team": "home", "visibility": "visible"}, {"gameTime": "1 - 22:02", "label": "Throw-in", "position": "1322675", "team": "not applicable", "visibility": "visible"}, {"gameTime": "1 - 22:14", "label": "Ball out of play", "position": "1334249", "team": "home", "visibility": "not shown"}, {"gameTime": "1 - 22:28", "label": "Corner", "position": "1348574", "team": "not applicable", "visibility": "visible"}, {"gameTime": "1 - 22:56", "label": "Shots off target", "position": "1376132", "team": "home", "visibility": "visible"}, {"gameTime": "1 - 22:59", "label": "Ball out of play", "position": "1379517", "team": "home", "visibility": "visible"}, {"gameTime": "1 - 23:00", "label": "Clearance", "position": "1380628", "team": "not applicable", "visibility": "visible"}, {"gameTime": "1 - 23:23", "label": "Foul", "position": "1403960", "team": "away", "visibility": "visible"}, {"gameTime": "1 - 23:38", "label": "Direct free-kick", "position": "1418092", "team": "home", "visibility": "visible"}, {"gameTime": "1 - 24:11", "label": "Shots on target", "position": "1451303", "team": "away", "visibility": "visible"}, {"gameTime": "1 - 24:13", "label": "Ball out of play", "position": "1453094", "team": "away", "visibility": "visible"}, {"gameTime": "1 - 24:20", "label": "Throw-in", "position": "1460543", "team": "not applicable", "visibility": "visible"}, {"gameTime": "1 - 24:27", "label": "Ball out of play", "position": "1467591", "team": "home", "visibility": "not shown"}, {"gameTime": "1 - 26:33", "label": "Throw-in", "position": "1593899", "team": "not applicable", "visibility": "visible"}, {"gameTime": "1 - 26:38", "label": "Ball out of play", "position": "1598701", "team": "home", "visibility": "not shown"}, {"gameTime": "1 - 27:01", "label": "Throw-in", "position": "1621863", "team": "not applicable", "visibility": "visible"}, {"gameTime": "1 - 27:13", "label": "Ball out of play", "position": "1633359", "team": "home", "visibility": "not shown"}, {"gameTime": "1 - 27:47", "label": "Throw-in", "position": "1667322", "team": "not applicable", "visibility": "visible"}, {"gameTime": "1 - 27:48", "label": "Ball out of play", "position": "1668595", "team": "home", "visibility": "not shown"}, {"gameTime": "1 - 29:13", "label": "Throw-in", "position": "1753446", "team": "not applicable", "visibility": "visible"}, {"gameTime": "1 - 29:43", "label": "Ball out of play", "position": "1783563", "team": "home", "visibility": "visible"}, {"gameTime": "1 - 29:45", "label": "Throw-in", "position": "1785891", "team": "not applicable", "visibility": "visible"}, {"gameTime": "1 - 29:57", "label": "Shots on target", "position": "1797929", "team": "away", "visibility": "visible"}, {"gameTime": "1 - 30:23", "label": "Shots off target", "position": "1823126", "team": "home", "visibility": "visible"}, {"gameTime": "1 - 30:24", "label": "Ball out of play", "position": "1824257", "team": "home", "visibility": "visible"}, {"gameTime": "1 - 30:25", "label": "Clearance", "position": "1825971", "team": "not applicable", "visibility": "visible"}, {"gameTime": "1 - 30:52", "label": "Ball out of play", "position": "1852199", "team": "away", "visibility": "visible"}, {"gameTime": "1 - 30:55", "label": "Throw-in", "position": "1855263", "team": "not applicable", "visibility": "visible"}, {"gameTime": "1 - 31:01", "label": "Ball out of play", "position": "1861274", "team": "home", "visibility": "visible"}, {"gameTime": "1 - 31:36", "label": "Throw-in", "position": "1896528", "team": "not applicable", "visibility": "visible"}, {"gameTime": "1 - 31:42", "label": "Shots off target", "position": "1902099", "team": "home", "visibility": "visible"}, {"gameTime": "1 - 32:26", "label": "Ball out of play", "position": "1946556", "team": "away", "visibility": "visible"}, {"gameTime": "1 - 32:27", "label": "Clearance", "position": "1947842", "team": "not applicable", "visibility": "visible"}, {"gameTime": "1 - 32:53", "label": "Ball out of play", "position": "1973638", "team": "home", "visibility": "visible"}, {"gameTime": "1 - 33:10", "label": "Clearance", "position": "1990328", "team": "not applicable", "visibility": "visible"}, {"gameTime": "1 - 33:19", "label": "Foul", "position": "1999542", "team": "away", "visibility": "not shown"}, {"gameTime": "1 - 34:25", "label": "Yellow card", "position": "2065833", "team": "away", "visibility": "visible"}, {"gameTime": "1 - 34:31", "label": "Indirect free-kick", "position": "2071830", "team": "away", "visibility": "visible"}, {"gameTime": "1 - 34:44", "label": "Foul", "position": "2084608", "team": "home", "visibility": "not shown"}, {"gameTime": "1 - 35:11", "label": "Indirect free-kick", "position": "2111860", "team": "home", "visibility": "visible"}, {"gameTime": "1 - 35:51", "label": "Ball out of play", "position": "2151389", "team": "away", "visibility": "visible"}, {"gameTime": "1 - 36:01", "label": "Clearance", "position": "2161722", "team": "not applicable", "visibility": "visible"}, {"gameTime": "1 - 36:22", "label": "Offside", "position": "2182037", "team": "home", "visibility": "visible"}, {"gameTime": "1 - 36:50", "label": "Indirect free-kick", "position": "2210971", "team": "home", "visibility": "visible"}, {"gameTime": "1 - 37:16", "label": "Ball out of play", "position": "2236630", "team": "away", "visibility": "not shown"}, {"gameTime": "1 - 37:22", "label": "Throw-in", "position": "2242477", "team": "not applicable", "visibility": "visible"}, {"gameTime": "1 - 37:31", "label": "Ball out of play", "position": "2251348", "team": "away", "visibility": "visible"}, {"gameTime": "1 - 37:58", "label": "Clearance", "position": "2278964", "team": "not applicable", "visibility": "visible"}, {"gameTime": "1 - 38:02", "label": "Shots on target", "position": "2282159", "team": "home", "visibility": "visible"}, {"gameTime": "1 - 38:23", "label": "Ball out of play", "position": "2303336", "team": "away", "visibility": "visible"}, {"gameTime": "1 - 38:48", "label": "Throw-in", "position": "2328904", "team": "not applicable", "visibility": "visible"}, {"gameTime": "1 - 39:02", "label": "Ball out of play", "position": "2342665", "team": "away", "visibility": "visible"}, {"gameTime": "1 - 39:06", "label": "Throw-in", "position": "2346884", "team": "not applicable", "visibility": "visible"}, {"gameTime": "1 - 39:26", "label": "Foul", "position": "2366073", "team": "home", "visibility": "not shown"}, {"gameTime": "1 - 39:28", "label": "Indirect free-kick", "position": "2368377", "team": "away", "visibility": "not shown"}, {"gameTime": "1 - 39:44", "label": "Shots off target", "position": "2384772", "team": "home", "visibility": "not shown"}, {"gameTime": "1 - 40:52", "label": "Ball out of play", "position": "2452106", "team": "home", "visibility": "visible"}, {"gameTime": "1 - 40:52", "label": "Clearance", "position": "2452663", "team": "not applicable", "visibility": "visible"}, {"gameTime": "1 - 41:08", "label": "Foul", "position": "2468951", "team": "away", "visibility": "not shown"}, {"gameTime": "1 - 42:30", "label": "Yellow card", "position": "2550754", "team": "home", "visibility": "visible"}, {"gameTime": "1 - 42:37", "label": "Indirect free-kick", "position": "2557775", "team": "home", "visibility": "visible"}, {"gameTime": "1 - 42:55", "label": "Shots off target", "position": "2575477", "team": "away", "visibility": "not shown"}, {"gameTime": "1 - 43:25", "label": "Ball out of play", "position": "2605537", "team": "away", "visibility": "visible"}, {"gameTime": "1 - 43:26", "label": "Clearance", "position": "2606718", "team": "not applicable", "visibility": "visible"}, {"gameTime": "1 - 43:39", "label": "Shots off target", "position": "2619073", "team": "home", "visibility": "not shown"}, {"gameTime": "1 - 44:06", "label": "Ball out of play", "position": "2646877", "team": "home", "visibility": "visible"}, {"gameTime": "1 - 44:08", "label": "Clearance", "position": "2648077", "team": "not applicable", "visibility": "visible"}, {"gameTime": "1 - 44:32", "label": "Clearance", "position": "2672660", "team": "away", "visibility": "visible"}, {"gameTime": "2 - 00:00", "label": "Ball out of play", "position": "12", "team": "away", "visibility": "not shown"}, {"gameTime": "2 - 00:12", "label": "Throw-in", "position": "12025", "team": "not applicable", "visibility": "visible"}, {"gameTime": "2 - 00:24", "label": "Shots on target", "position": "24170", "team": "home", "visibility": "not shown"}, {"gameTime": "2 - 00:46", "label": "Shots off target", "position": "46570", "team": "home", "visibility": "visible"}, {"gameTime": "2 - 02:05", "label": "Ball out of play", "position": "125929", "team": "home", "visibility": "visible"}, {"gameTime": "2 - 02:11", "label": "Throw-in", "position": "131708", "team": "not applicable", "visibility": "not shown"}, {"gameTime": "2 - 02:25", "label": "Ball out of play", "position": "145343", "team": "home", "visibility": "visible"}, {"gameTime": "2 - 02:30", "label": "Throw-in", "position": "150039", "team": "not applicable", "visibility": "visible"}, {"gameTime": "2 - 02:59", "label": "Foul", "position": "179194", "team": "away", "visibility": "visible"}, {"gameTime": "2 - 03:01", "label": "Indirect free-kick", "position": "181090", "team": "home", "visibility": "visible"}, {"gameTime": "2 - 03:14", "label": "Ball out of play", "position": "194779", "team": "away", "visibility": "not shown"}, {"gameTime": "2 - 03:28", "label": "Throw-in", "position": "208581", "team": "not applicable", "visibility": "visible"}, {"gameTime": "2 - 03:44", "label": "Ball out of play", "position": "224807", "team": "away", "visibility": "visible"}, {"gameTime": "2 - 04:07", "label": "Throw-in", "position": "247446", "team": "not applicable", "visibility": "visible"}, {"gameTime": "2 - 04:12", "label": "Shots off target", "position": "252141", "team": "home", "visibility": "visible"}, {"gameTime": "2 - 05:18", "label": "Ball out of play", "position": "318492", "team": "home", "visibility": "visible"}, {"gameTime": "2 - 05:19", "label": "Clearance", "position": "319158", "team": "not applicable", "visibility": "visible"}, {"gameTime": "2 - 05:44", "label": "Shots off target", "position": "344105", "team": "away", "visibility": "visible"}, {"gameTime": "2 - 06:21", "label": "Ball out of play", "position": "381758", "team": "away", "visibility": "visible"}, {"gameTime": "2 - 06:22", "label": "Clearance", "position": "382829", "team": "not applicable", "visibility": "visible"}, {"gameTime": "2 - 06:29", "label": "Foul", "position": "389095", "team": "home", "visibility": "not shown"}, {"gameTime": "2 - 06:34", "label": "Indirect free-kick", "position": "394475", "team": "away", "visibility": "visible"}, {"gameTime": "2 - 06:40", "label": "Offside", "position": "400893", "team": "home", "visibility": "visible"}, {"gameTime": "2 - 06:49", "label": "Indirect free-kick", "position": "409285", "team": "home", "visibility": "visible"}, {"gameTime": "2 - 06:57", "label": "Foul", "position": "417470", "team": "away", "visibility": "not shown"}, {"gameTime": "2 - 07:08", "label": "Indirect free-kick", "position": "428226", "team": "away", "visibility": "visible"}, {"gameTime": "2 - 07:13", "label": "Ball out of play", "position": "433973", "team": "home", "visibility": "visible"}, {"gameTime": "2 - 07:24", "label": "Throw-in", "position": "444223", "team": "not applicable", "visibility": "visible"}, {"gameTime": "2 - 07:33", "label": "Ball out of play", "position": "453751", "team": "away", "visibility": "not shown"}, {"gameTime": "2 - 08:11", "label": "Throw-in", "position": "491764", "team": "not applicable", "visibility": "visible"}, {"gameTime": "2 - 08:23", "label": "Foul", "position": "503202", "team": "away", "visibility": "visible"}, {"gameTime": "2 - 08:57", "label": "Indirect free-kick", "position": "537058", "team": "away", "visibility": "visible"}, {"gameTime": "2 - 09:08", "label": "Shots on target", "position": "548808", "team": "home", "visibility": "not shown"}, {"gameTime": "2 - 09:15", "label": "Goal", "position": "555011", "team": "home", "visibility": "visible"}, {"gameTime": "2 - 09:15", "label": "Kick-off", "position": "555521", "team": "home", "visibility": "visible"}, {"gameTime": "2 - 10:02", "label": "Ball out of play", "position": "602236", "team": "away", "visibility": "not shown"}, {"gameTime": "2 - 10:21", "label": "Throw-in", "position": "621938", "team": "not applicable", "visibility": "visible"}, {"gameTime": "2 - 10:36", "label": "Ball out of play", "position": "636662", "team": "home", "visibility": "not shown"}, {"gameTime": "2 - 11:21", "label": "Throw-in", "position": "681701", "team": "not applicable", "visibility": "visible"}, {"gameTime": "2 - 11:36", "label": "Ball out of play", "position": "696361", "team": "home", "visibility": "visible"}, {"gameTime": "2 - 12:29", "label": "Corner", "position": "749330", "team": "not applicable", "visibility": "visible"}, {"gameTime": "2 - 12:59", "label": "Shots on target", "position": "779448", "team": "home", "visibility": "visible"}, {"gameTime": "2 - 13:01", "label": "Ball out of play", "position": "781216", "team": "home", "visibility": "visible"}, {"gameTime": "2 - 13:10", "label": "Throw-in", "position": "790162", "team": "not applicable", "visibility": "not shown"}, {"gameTime": "2 - 13:21", "label": "Shots on target", "position": "801103", "team": "away", "visibility": "not shown"}, {"gameTime": "2 - 13:58", "label": "Shots off target", "position": "838607", "team": "away", "visibility": "visible"}, {"gameTime": "2 - 14:19", "label": "Ball out of play", "position": "859067", "team": "away", "visibility": "visible"}, {"gameTime": "2 - 14:20", "label": "Substitution", "position": "860135", "team": "not applicable", "visibility": "visible"}, {"gameTime": "2 - 15:00", "label": "Substitution", "position": "900000", "team": "away", "visibility": "visible"}, {"gameTime": "2 - 16:26", "label": "Clearance", "position": "986000", "team": "home", "visibility": "visible"}, {"gameTime": "2 - 16:30", "label": "Shots off target", "position": "990701", "team": "home", "visibility": "not shown"}, {"gameTime": "2 - 16:52", "label": "Foul", "position": "1012703", "team": "away", "visibility": "visible"}, {"gameTime": "2 - 16:59", "label": "Indirect free-kick", "position": "1019346", "team": "away", "visibility": "visible"}, {"gameTime": "2 - 17:14", "label": "Ball out of play", "position": "1034440", "team": "home", "visibility": "not shown"}, {"gameTime": "2 - 18:21", "label": "Throw-in", "position": "1101957", "team": "not applicable", "visibility": "visible"}, {"gameTime": "2 - 18:25", "label": "Shots on target", "position": "1105809", "team": "home", "visibility": "visible"}, {"gameTime": "2 - 18:48", "label": "Ball out of play", "position": "1128420", "team": "home", "visibility": "visible"}, {"gameTime": "2 - 18:49", "label": "Corner", "position": "1129674", "team": "not applicable", "visibility": "visible"}, {"gameTime": "2 - 19:18", "label": "Shots off target", "position": "1158771", "team": "home", "visibility": "visible"}, {"gameTime": "2 - 19:20", "label": "Ball out of play", "position": "1160776", "team": "home", "visibility": "visible"}, {"gameTime": "2 - 19:21", "label": "Clearance", "position": "1161576", "team": "not applicable", "visibility": "visible"}, {"gameTime": "2 - 19:40", "label": "Shots off target", "position": "1180545", "team": "away", "visibility": "not shown"}, {"gameTime": "2 - 19:51", "label": "Ball out of play", "position": "1191833", "team": "home", "visibility": "visible"}, {"gameTime": "2 - 19:52", "label": "Clearance", "position": "1192764", "team": "not applicable", "visibility": "visible"}, {"gameTime": "2 - 20:16", "label": "Foul", "position": "1216185", "team": "away", "visibility": "not shown"}, {"gameTime": "2 - 20:55", "label": "Indirect free-kick", "position": "1255026", "team": "home", "visibility": "visible"}, {"gameTime": "2 - 21:05", "label": "Ball out of play", "position": "1265685", "team": "away", "visibility": "not shown"}, {"gameTime": "2 - 21:21", "label": "Substitution", "position": "1281379", "team": "not applicable", "visibility": "visible"}, {"gameTime": "2 - 21:53", "label": "Throw-in", "position": "1313000", "team": "away", "visibility": "visible"}, {"gameTime": "2 - 22:01", "label": "Ball out of play", "position": "1321103", "team": "home", "visibility": "visible"}, {"gameTime": "2 - 22:17", "label": "Corner", "position": "1337859", "team": "not applicable", "visibility": "visible"}, {"gameTime": "2 - 22:46", "label": "Ball out of play", "position": "1366870", "team": "home", "visibility": "visible"}, {"gameTime": "2 - 23:40", "label": "Corner", "position": "1420547", "team": "not applicable", "visibility": "visible"}, {"gameTime": "2 - 23:58", "label": "Ball out of play", "position": "1438348", "team": "home", "visibility": "visible"}, {"gameTime": "2 - 24:10", "label": "Throw-in", "position": "1450055", "team": "not applicable", "visibility": "visible"}, {"gameTime": "2 - 24:15", "label": "Foul", "position": "1455994", "team": "away", "visibility": "not shown"}, {"gameTime": "2 - 24:39", "label": "Yellow card", "position": "1479367", "team": "away", "visibility": "visible"}, {"gameTime": "2 - 24:48", "label": "Direct free-kick", "position": "1488000", "team": "away", "visibility": "visible"}, {"gameTime": "2 - 25:19", "label": "Foul", "position": "1519517", "team": "home", "visibility": "visible"}, {"gameTime": "2 - 26:08", "label": "Shots off target", "position": "1568545", "team": "away", "visibility": "visible"}, {"gameTime": "2 - 27:04", "label": "Direct free-kick", "position": "1624044", "team": "home", "visibility": "visible"}, {"gameTime": "2 - 27:04", "label": "Ball out of play", "position": "1624044", "team": "home", "visibility": "visible"}, {"gameTime": "2 - 27:08", "label": "Clearance", "position": "1628760", "team": "not applicable", "visibility": "visible"}, {"gameTime": "2 - 27:28", "label": "Ball out of play", "position": "1648370", "team": "away", "visibility": "not shown"}, {"gameTime": "2 - 28:02", "label": "Corner", "position": "1682541", "team": "not applicable", "visibility": "visible"}, {"gameTime": "2 - 28:27", "label": "Shots off target", "position": "1707966", "team": "away", "visibility": "visible"}, {"gameTime": "2 - 28:30", "label": "Ball out of play", "position": "1710083", "team": "away", "visibility": "visible"}, {"gameTime": "2 - 29:34", "label": "Throw-in", "position": "1774212", "team": "not applicable", "visibility": "visible"}, {"gameTime": "2 - 29:43", "label": "Ball out of play", "position": "1783309", "team": "home", "visibility": "not shown"}, {"gameTime": "2 - 30:03", "label": "Throw-in", "position": "1803274", "team": "not applicable", "visibility": "visible"}, {"gameTime": "2 - 30:26", "label": "Foul", "position": "1826434", "team": "away", "visibility": "visible"}, {"gameTime": "2 - 30:56", "label": "Substitution", "position": "1856504", "team": "away", "visibility": "visible"}, {"gameTime": "2 - 31:22", "label": "Substitution", "position": "1882000", "team": "away", "visibility": "visible"}, {"gameTime": "2 - 31:53", "label": "Indirect free-kick", "position": "1913032", "team": "home", "visibility": "visible"}, {"gameTime": "2 - 32:01", "label": "Ball out of play", "position": "1921202", "team": "home", "visibility": "not shown"}, {"gameTime": "2 - 32:24", "label": "Throw-in", "position": "1944025", "team": "not applicable", "visibility": "visible"}, {"gameTime": "2 - 32:37", "label": "Ball out of play", "position": "1957264", "team": "home", "visibility": "visible"}, {"gameTime": "2 - 32:38", "label": "Throw-in", "position": "1958869", "team": "not applicable", "visibility": "visible"}, {"gameTime": "2 - 32:48", "label": "Foul", "position": "1968324", "team": "home", "visibility": "visible"}, {"gameTime": "2 - 33:01", "label": "Indirect free-kick", "position": "1981143", "team": "home", "visibility": "visible"}, {"gameTime": "2 - 33:31", "label": "Ball out of play", "position": "2011950", "team": "away", "visibility": "visible"}, {"gameTime": "2 - 33:37", "label": "Throw-in", "position": "2017573", "team": "not applicable", "visibility": "visible"}, {"gameTime": "2 - 33:47", "label": "Foul", "position": "2027882", "team": "home", "visibility": "visible"}, {"gameTime": "2 - 34:08", "label": "Yellow card", "position": "2048315", "team": "away", "visibility": "visible"}, {"gameTime": "2 - 34:18", "label": "Indirect free-kick", "position": "2058000", "team": "away", "visibility": "visible"}, {"gameTime": "2 - 34:33", "label": "Ball out of play", "position": "2073135", "team": "home", "visibility": "not shown"}, {"gameTime": "2 - 35:28", "label": "Clearance", "position": "2128578", "team": "not applicable", "visibility": "visible"}, {"gameTime": "2 - 35:45", "label": "Ball out of play", "position": "2145058", "team": "away", "visibility": "not shown"}, {"gameTime": "2 - 36:11", "label": "Throw-in", "position": "2171288", "team": "not applicable", "visibility": "visible"}, {"gameTime": "2 - 36:33", "label": "Foul", "position": "2193555", "team": "home", "visibility": "visible"}, {"gameTime": "2 - 37:18", "label": "Indirect free-kick", "position": "2238304", "team": "away", "visibility": "visible"}, {"gameTime": "2 - 37:27", "label": "Ball out of play", "position": "2247249", "team": "home", "visibility": "not shown"}, {"gameTime": "2 - 38:05", "label": "Clearance", "position": "2285741", "team": "not applicable", "visibility": "not shown"}, {"gameTime": "2 - 38:13", "label": "Shots off target", "position": "2293208", "team": "away", "visibility": "not shown"}, {"gameTime": "2 - 38:33", "label": "Ball out of play", "position": "2313203", "team": "home", "visibility": "visible"}, {"gameTime": "2 - 38:33", "label": "Substitution", "position": "2313843", "team": "not applicable", "visibility": "visible"}, {"gameTime": "2 - 39:55", "label": "Clearance", "position": "2395360", "team": "home", "visibility": "visible"}, {"gameTime": "2 - 40:06", "label": "Foul", "position": "2406916", "team": "away", "visibility": "visible"}, {"gameTime": "2 - 40:14", "label": "Indirect free-kick", "position": "2414091", "team": "home", "visibility": "visible"}, {"gameTime": "2 - 40:19", "label": "Ball out of play", "position": "2419413", "team": "away", "visibility": "visible"}, {"gameTime": "2 - 40:49", "label": "Throw-in", "position": "2449292", "team": "not applicable", "visibility": "visible"}, {"gameTime": "2 - 40:58", "label": "Foul", "position": "2458797", "team": "home", "visibility": "visible"}, {"gameTime": "2 - 42:10", "label": "Indirect free-kick", "position": "2530222", "team": "home", "visibility": "visible"}, {"gameTime": "2 - 42:36", "label": "Foul", "position": "2556376", "team": "away", "visibility": "visible"}, {"gameTime": "2 - 42:53", "label": "Direct free-kick", "position": "2573519", "team": "home", "visibility": "visible"}, {"gameTime": "2 - 44:03", "label": "Shots on target", "position": "2643264", "team": "away", "visibility": "visible"}, {"gameTime": "2 - 44:03", "label": "Ball out of play", "position": "2643264", "team": "away", "visibility": "visible"}, {"gameTime": "2 - 44:17", "label": "Throw-in", "position": "2657375", "team": "not applicable", "visibility": "visible"}, {"gameTime": "2 - 44:39", "label": "Ball out of play", "position": "2679559", "team": "home", "visibility": "visible"}, {"gameTime": "2 - 44:57", "label": "Ball out of play", "position": "2697570", "team": "not applicable", "visibility": "visible"}], "gameAwayTeam": "Granada CF", "gameDate": "19/09/2015 - 17:00", "gameHomeTeam": "Real Madrid", "gameScore": "1 - 0"}