{"UrlLocal": "england_epl/2015-2016/2016-02-27 - 18-00 Southampton 1 - 2 Chelsea/", "UrlYoutube": "", "annotations": [{"gameTime": "1 - 00:00", "label": "Ball out of play", "position": "2", "team": "away", "visibility": "not shown"}, {"gameTime": "1 - 00:49", "label": "Throw-in", "position": "49612", "team": "not applicable", "visibility": "visible"}, {"gameTime": "1 - 01:01", "label": "Ball out of play", "position": "61657", "team": "away", "visibility": "visible"}, {"gameTime": "1 - 02:13", "label": "Throw-in", "position": "133780", "team": "not applicable", "visibility": "not shown"}, {"gameTime": "1 - 02:32", "label": "Ball out of play", "position": "152906", "team": "away", "visibility": "not shown"}, {"gameTime": "1 - 02:40", "label": "Throw-in", "position": "160098", "team": "not applicable", "visibility": "visible"}, {"gameTime": "1 - 02:49", "label": "Ball out of play", "position": "169765", "team": "home", "visibility": "visible"}, {"gameTime": "1 - 03:41", "label": "Throw-in", "position": "221086", "team": "not applicable", "visibility": "visible"}, {"gameTime": "1 - 03:52", "label": "Ball out of play", "position": "232453", "team": "home", "visibility": "not shown"}, {"gameTime": "1 - 05:08", "label": "Substitution", "position": "308088", "team": "not applicable", "visibility": "visible"}, {"gameTime": "1 - 06:20", "label": "Throw-in", "position": "380000", "team": "away", "visibility": "not shown"}, {"gameTime": "1 - 06:32", "label": "Ball out of play", "position": "392184", "team": "home", "visibility": "visible"}, {"gameTime": "1 - 06:53", "label": "Throw-in", "position": "413417", "team": "not applicable", "visibility": "visible"}, {"gameTime": "1 - 07:02", "label": "Ball out of play", "position": "422629", "team": "away", "visibility": "visible"}, {"gameTime": "1 - 07:06", "label": "Throw-in", "position": "426382", "team": "not applicable", "visibility": "visible"}, {"gameTime": "1 - 07:15", "label": "Ball out of play", "position": "435938", "team": "home", "visibility": "visible"}, {"gameTime": "1 - 08:01", "label": "Corner", "position": "481400", "team": "not applicable", "visibility": "visible"}, {"gameTime": "1 - 08:30", "label": "Ball out of play", "position": "510771", "team": "home", "visibility": "visible"}, {"gameTime": "1 - 08:34", "label": "Corner", "position": "514689", "team": "not applicable", "visibility": "visible"}, {"gameTime": "1 - 08:53", "label": "Shots off target", "position": "533017", "team": "home", "visibility": "visible"}, {"gameTime": "1 - 09:03", "label": "Ball out of play", "position": "543093", "team": "home", "visibility": "visible"}, {"gameTime": "1 - 09:05", "label": "Clearance", "position": "545249", "team": "not applicable", "visibility": "visible"}, {"gameTime": "1 - 09:32", "label": "Ball out of play", "position": "572055", "team": "home", "visibility": "not shown"}, {"gameTime": "1 - 10:14", "label": "Corner", "position": "614669", "team": "not applicable", "visibility": "visible"}, {"gameTime": "1 - 10:31", "label": "Ball out of play", "position": "631734", "team": "away", "visibility": "visible"}, {"gameTime": "1 - 10:34", "label": "Corner", "position": "634339", "team": "not applicable", "visibility": "visible"}, {"gameTime": "1 - 10:52", "label": "Ball out of play", "position": "652315", "team": "home", "visibility": "visible"}, {"gameTime": "1 - 10:57", "label": "Throw-in", "position": "657854", "team": "not applicable", "visibility": "visible"}, {"gameTime": "1 - 11:14", "label": "Ball out of play", "position": "674638", "team": "away", "visibility": "visible"}, {"gameTime": "1 - 13:03", "label": "Clearance", "position": "783868", "team": "not applicable", "visibility": "visible"}, {"gameTime": "1 - 13:30", "label": "Clearance", "position": "810677", "team": "away", "visibility": "visible"}, {"gameTime": "1 - 15:23", "label": "Foul", "position": "923887", "team": "home", "visibility": "not shown"}, {"gameTime": "1 - 15:30", "label": "Indirect free-kick", "position": "930129", "team": "away", "visibility": "visible"}, {"gameTime": "1 - 15:44", "label": "Ball out of play", "position": "944250", "team": "home", "visibility": "visible"}, {"gameTime": "1 - 15:50", "label": "Corner", "position": "950610", "team": "not applicable", "visibility": "visible"}, {"gameTime": "1 - 16:16", "label": "Ball out of play", "position": "976982", "team": "home", "visibility": "visible"}, {"gameTime": "1 - 16:27", "label": "Corner", "position": "987590", "team": "not applicable", "visibility": "visible"}, {"gameTime": "1 - 16:43", "label": "Ball out of play", "position": "1003737", "team": "home", "visibility": "visible"}, {"gameTime": "1 - 16:48", "label": "Throw-in", "position": "1008958", "team": "not applicable", "visibility": "visible"}, {"gameTime": "1 - 17:05", "label": "Ball out of play", "position": "1025491", "team": "home", "visibility": "visible"}, {"gameTime": "1 - 17:08", "label": "Throw-in", "position": "1028405", "team": "not applicable", "visibility": "visible"}, {"gameTime": "1 - 17:17", "label": "Foul", "position": "1037049", "team": "home", "visibility": "visible"}, {"gameTime": "1 - 18:12", "label": "Yellow card", "position": "1092752", "team": "home", "visibility": "visible"}, {"gameTime": "1 - 18:17", "label": "Ball out of play", "position": "1097000", "team": "home", "visibility": "visible"}, {"gameTime": "1 - 18:59", "label": "Throw-in", "position": "1139909", "team": "not applicable", "visibility": "visible"}, {"gameTime": "1 - 19:10", "label": "Ball out of play", "position": "1150251", "team": "away", "visibility": "not shown"}, {"gameTime": "1 - 20:06", "label": "Corner", "position": "1206713", "team": "not applicable", "visibility": "visible"}, {"gameTime": "1 - 20:32", "label": "Ball out of play", "position": "1232303", "team": "away", "visibility": "visible"}, {"gameTime": "1 - 21:48", "label": "Corner", "position": "1308786", "team": "not applicable", "visibility": "visible"}, {"gameTime": "1 - 22:29", "label": "Ball out of play", "position": "1349755", "team": "home", "visibility": "visible"}, {"gameTime": "1 - 22:50", "label": "Corner", "position": "1370566", "team": "not applicable", "visibility": "visible"}, {"gameTime": "1 - 23:19", "label": "Ball out of play", "position": "1399310", "team": "home", "visibility": "visible"}, {"gameTime": "1 - 23:26", "label": "Clearance", "position": "1406142", "team": "not applicable", "visibility": "visible"}, {"gameTime": "1 - 23:49", "label": "Foul", "position": "1429686", "team": "away", "visibility": "visible"}, {"gameTime": "1 - 24:17", "label": "Indirect free-kick", "position": "1457091", "team": "away", "visibility": "visible"}, {"gameTime": "1 - 24:41", "label": "Shots on target", "position": "1481643", "team": "home", "visibility": "not shown"}, {"gameTime": "1 - 26:47", "label": "Ball out of play", "position": "1607581", "team": "away", "visibility": "visible"}, {"gameTime": "1 - 28:30", "label": "Throw-in", "position": "1710428", "team": "not applicable", "visibility": "visible"}, {"gameTime": "1 - 28:38", "label": "Shots off target", "position": "1718664", "team": "home", "visibility": "not shown"}, {"gameTime": "1 - 29:29", "label": "Ball out of play", "position": "1769059", "team": "away", "visibility": "visible"}, {"gameTime": "1 - 29:30", "label": "Clearance", "position": "1770050", "team": "not applicable", "visibility": "visible"}, {"gameTime": "1 - 29:44", "label": "Shots off target", "position": "1784698", "team": "home", "visibility": "not shown"}, {"gameTime": "1 - 30:18", "label": "Ball out of play", "position": "1818021", "team": "home", "visibility": "visible"}, {"gameTime": "1 - 30:18", "label": "Clearance", "position": "1818832", "team": "not applicable", "visibility": "visible"}, {"gameTime": "1 - 30:29", "label": "Ball out of play", "position": "1829441", "team": "away", "visibility": "not shown"}, {"gameTime": "1 - 31:39", "label": "Throw-in", "position": "1899034", "team": "not applicable", "visibility": "not shown"}, {"gameTime": "1 - 31:51", "label": "Offside", "position": "1911985", "team": "home", "visibility": "visible"}, {"gameTime": "1 - 31:57", "label": "Ball out of play", "position": "1917741", "team": "home", "visibility": "visible"}, {"gameTime": "1 - 34:25", "label": "Throw-in", "position": "2065559", "team": "not applicable", "visibility": "visible"}, {"gameTime": "1 - 34:39", "label": "Foul", "position": "2079329", "team": "home", "visibility": "visible"}, {"gameTime": "1 - 34:52", "label": "Indirect free-kick", "position": "2092617", "team": "away", "visibility": "visible"}, {"gameTime": "1 - 35:06", "label": "Foul", "position": "2106913", "team": "home", "visibility": "visible"}, {"gameTime": "1 - 35:12", "label": "Direct free-kick", "position": "2112874", "team": "away", "visibility": "visible"}, {"gameTime": "1 - 36:15", "label": "Shots off target", "position": "2175029", "team": "home", "visibility": "visible"}, {"gameTime": "1 - 40:56", "label": "Ball out of play", "position": "2456479", "team": "away", "visibility": "visible"}, {"gameTime": "1 - 40:57", "label": "Clearance", "position": "2457521", "team": "not applicable", "visibility": "visible"}, {"gameTime": "1 - 41:37", "label": "Shots on target", "position": "2497657", "team": "home", "visibility": "visible"}, {"gameTime": "1 - 41:48", "label": "Goal", "position": "2508710", "team": "home", "visibility": "visible"}, {"gameTime": "1 - 41:49", "label": "Kick-off", "position": "2509960", "team": "home", "visibility": "visible"}, {"gameTime": "1 - 42:48", "label": "Ball out of play", "position": "2568735", "team": "away", "visibility": "not shown"}, {"gameTime": "1 - 43:20", "label": "Corner", "position": "2600033", "team": "not applicable", "visibility": "visible"}, {"gameTime": "1 - 43:41", "label": "Ball out of play", "position": "2621764", "team": "away", "visibility": "visible"}, {"gameTime": "1 - 43:47", "label": "Throw-in", "position": "2627118", "team": "not applicable", "visibility": "visible"}, {"gameTime": "1 - 44:02", "label": "Shots off target", "position": "2642346", "team": "away", "visibility": "visible"}, {"gameTime": "1 - 44:44", "label": "Ball out of play", "position": "2684685", "team": "away", "visibility": "visible"}, {"gameTime": "1 - 44:47", "label": "Ball out of play", "position": "2687254", "team": "not applicable", "visibility": "visible"}, {"gameTime": "2 - 00:00", "label": "Kick-off", "position": "0", "team": "away", "visibility": "not shown"}, {"gameTime": "2 - 00:17", "label": "Ball out of play", "position": "17147", "team": "away", "visibility": "visible"}, {"gameTime": "2 - 00:55", "label": "Throw-in", "position": "55818", "team": "not applicable", "visibility": "visible"}, {"gameTime": "2 - 01:13", "label": "Ball out of play", "position": "73527", "team": "home", "visibility": "visible"}, {"gameTime": "2 - 01:21", "label": "Clearance", "position": "81938", "team": "not applicable", "visibility": "visible"}, {"gameTime": "2 - 01:30", "label": "Ball out of play", "position": "90333", "team": "away", "visibility": "not shown"}, {"gameTime": "2 - 02:04", "label": "Clearance", "position": "124956", "team": "not applicable", "visibility": "visible"}, {"gameTime": "2 - 02:27", "label": "Offside", "position": "147580", "team": "away", "visibility": "visible"}, {"gameTime": "2 - 03:03", "label": "Ball out of play", "position": "183198", "team": "home", "visibility": "visible"}, {"gameTime": "2 - 03:56", "label": "Clearance", "position": "236120", "team": "not applicable", "visibility": "visible"}, {"gameTime": "2 - 04:27", "label": "Ball out of play", "position": "267665", "team": "home", "visibility": "not shown"}, {"gameTime": "2 - 05:11", "label": "Clearance", "position": "311095", "team": "not applicable", "visibility": "visible"}, {"gameTime": "2 - 05:39", "label": "Ball out of play", "position": "339739", "team": "home", "visibility": "not shown"}, {"gameTime": "2 - 06:27", "label": "Corner", "position": "387543", "team": "not applicable", "visibility": "visible"}, {"gameTime": "2 - 07:00", "label": "Shots off target", "position": "420478", "team": "away", "visibility": "not shown"}, {"gameTime": "2 - 07:04", "label": "Ball out of play", "position": "424785", "team": "away", "visibility": "visible"}, {"gameTime": "2 - 07:06", "label": "Clearance", "position": "426345", "team": "not applicable", "visibility": "visible"}, {"gameTime": "2 - 07:17", "label": "Ball out of play", "position": "437877", "team": "home", "visibility": "not shown"}, {"gameTime": "2 - 08:32", "label": "Clearance", "position": "512919", "team": "not applicable", "visibility": "visible"}, {"gameTime": "2 - 08:45", "label": "Foul", "position": "525913", "team": "home", "visibility": "not shown"}, {"gameTime": "2 - 10:12", "label": "Direct free-kick", "position": "612475", "team": "away", "visibility": "visible"}, {"gameTime": "2 - 11:02", "label": "Shots off target", "position": "662267", "team": "home", "visibility": "visible"}, {"gameTime": "2 - 12:33", "label": "Ball out of play", "position": "753323", "team": "away", "visibility": "visible"}, {"gameTime": "2 - 12:34", "label": "Clearance", "position": "754594", "team": "not applicable", "visibility": "visible"}, {"gameTime": "2 - 12:56", "label": "Shots off target", "position": "776464", "team": "home", "visibility": "not shown"}, {"gameTime": "2 - 13:28", "label": "Ball out of play", "position": "808692", "team": "away", "visibility": "visible"}, {"gameTime": "2 - 13:29", "label": "Clearance", "position": "809162", "team": "not applicable", "visibility": "visible"}, {"gameTime": "2 - 13:44", "label": "Foul", "position": "824320", "team": "home", "visibility": "not shown"}, {"gameTime": "2 - 14:44", "label": "Indirect free-kick", "position": "884151", "team": "away", "visibility": "visible"}, {"gameTime": "2 - 15:28", "label": "Ball out of play", "position": "928990", "team": "home", "visibility": "not shown"}, {"gameTime": "2 - 15:37", "label": "Clearance", "position": "937715", "team": "not applicable", "visibility": "visible"}, {"gameTime": "2 - 15:54", "label": "Foul", "position": "954937", "team": "home", "visibility": "not shown"}, {"gameTime": "2 - 17:15", "label": "Yellow card", "position": "1035334", "team": "away", "visibility": "visible"}, {"gameTime": "2 - 17:25", "label": "Indirect free-kick", "position": "1045949", "team": "away", "visibility": "visible"}, {"gameTime": "2 - 17:56", "label": "Foul", "position": "1076571", "team": "home", "visibility": "not shown"}, {"gameTime": "2 - 18:03", "label": "Yellow card", "position": "1083228", "team": "home", "visibility": "visible"}, {"gameTime": "2 - 18:15", "label": "Indirect free-kick", "position": "1095000", "team": "home", "visibility": "not shown"}, {"gameTime": "2 - 19:07", "label": "Foul", "position": "1147620", "team": "away", "visibility": "visible"}, {"gameTime": "2 - 19:16", "label": "Yellow card", "position": "1156421", "team": "home", "visibility": "visible"}, {"gameTime": "2 - 19:26", "label": "Direct free-kick", "position": "1166403", "team": "home", "visibility": "visible"}, {"gameTime": "2 - 20:04", "label": "Ball out of play", "position": "1204791", "team": "away", "visibility": "not shown"}, {"gameTime": "2 - 21:05", "label": "Corner", "position": "1265185", "team": "not applicable", "visibility": "visible"}, {"gameTime": "2 - 21:43", "label": "Shots off target", "position": "1303899", "team": "home", "visibility": "visible"}, {"gameTime": "2 - 21:46", "label": "Shots off target", "position": "1306275", "team": "home", "visibility": "visible"}, {"gameTime": "2 - 22:06", "label": "Ball out of play", "position": "1326183", "team": "home", "visibility": "visible"}, {"gameTime": "2 - 22:07", "label": "Substitution", "position": "1327245", "team": "not applicable", "visibility": "visible"}, {"gameTime": "2 - 23:33", "label": "Clearance", "position": "1413000", "team": "home", "visibility": "visible"}, {"gameTime": "2 - 23:43", "label": "Ball out of play", "position": "1423567", "team": "away", "visibility": "visible"}, {"gameTime": "2 - 24:22", "label": "Throw-in", "position": "1462655", "team": "not applicable", "visibility": "visible"}, {"gameTime": "2 - 24:54", "label": "Foul", "position": "1494661", "team": "home", "visibility": "not shown"}, {"gameTime": "2 - 28:15", "label": "Indirect free-kick", "position": "1695325", "team": "away", "visibility": "visible"}, {"gameTime": "2 - 28:49", "label": "Shots on target", "position": "1729619", "team": "home", "visibility": "visible"}, {"gameTime": "2 - 29:33", "label": "Goal", "position": "1773068", "team": "away", "visibility": "visible"}, {"gameTime": "2 - 29:33", "label": "Kick-off", "position": "1773320", "team": "away", "visibility": "visible"}, {"gameTime": "2 - 30:26", "label": "Ball out of play", "position": "1826222", "team": "home", "visibility": "not shown"}, {"gameTime": "2 - 30:47", "label": "Throw-in", "position": "1847355", "team": "not applicable", "visibility": "visible"}, {"gameTime": "2 - 30:58", "label": "Foul", "position": "1858415", "team": "away", "visibility": "visible"}, {"gameTime": "2 - 31:14", "label": "Indirect free-kick", "position": "1874466", "team": "away", "visibility": "visible"}, {"gameTime": "2 - 31:38", "label": "Ball out of play", "position": "1898524", "team": "home", "visibility": "visible"}, {"gameTime": "2 - 32:23", "label": "Corner", "position": "1943652", "team": "not applicable", "visibility": "visible"}, {"gameTime": "2 - 32:41", "label": "Shots off target", "position": "1961551", "team": "away", "visibility": "visible"}, {"gameTime": "2 - 32:48", "label": "Ball out of play", "position": "1968026", "team": "away", "visibility": "visible"}, {"gameTime": "2 - 32:49", "label": "Substitution", "position": "1969601", "team": "not applicable", "visibility": "visible"}, {"gameTime": "2 - 33:05", "label": "Clearance", "position": "1985000", "team": "home", "visibility": "visible"}, {"gameTime": "2 - 33:22", "label": "Foul", "position": "2002327", "team": "home", "visibility": "visible"}, {"gameTime": "2 - 34:01", "label": "Indirect free-kick", "position": "2041606", "team": "home", "visibility": "visible"}, {"gameTime": "2 - 34:06", "label": "Ball out of play", "position": "2046525", "team": "away", "visibility": "visible"}, {"gameTime": "2 - 35:02", "label": "Throw-in", "position": "2102324", "team": "not applicable", "visibility": "not shown"}, {"gameTime": "2 - 35:17", "label": "Shots off target", "position": "2117678", "team": "home", "visibility": "visible"}, {"gameTime": "2 - 36:21", "label": "Ball out of play", "position": "2181211", "team": "away", "visibility": "visible"}, {"gameTime": "2 - 36:22", "label": "Clearance", "position": "2182340", "team": "not applicable", "visibility": "visible"}, {"gameTime": "2 - 36:49", "label": "Offside", "position": "2209422", "team": "home", "visibility": "visible"}, {"gameTime": "2 - 37:12", "label": "Ball out of play", "position": "2232417", "team": "away", "visibility": "visible"}, {"gameTime": "2 - 40:58", "label": "Throw-in", "position": "2458825", "team": "not applicable", "visibility": "visible"}, {"gameTime": "2 - 41:14", "label": "Ball out of play", "position": "2474288", "team": "away", "visibility": "visible"}, {"gameTime": "2 - 42:37", "label": "Corner", "position": "2557874", "team": "not applicable", "visibility": "visible"}, {"gameTime": "2 - 42:56", "label": "Shots on target", "position": "2576758", "team": "away", "visibility": "visible"}, {"gameTime": "2 - 42:58", "label": "Goal", "position": "2578251", "team": "away", "visibility": "visible"}, {"gameTime": "2 - 42:58", "label": "Substitution", "position": "2578760", "team": "away", "visibility": "visible"}, {"gameTime": "2 - 44:00", "label": "Kick-off", "position": "2640000", "team": "home", "visibility": "visible"}, {"gameTime": "2 - 44:00", "label": "Ball out of play", "position": "2640821", "team": "home", "visibility": "not shown"}, {"gameTime": "2 - 44:20", "label": "Throw-in", "position": "2660299", "team": "not applicable", "visibility": "visible"}, {"gameTime": "2 - 44:25", "label": "Shots on target", "position": "2665032", "team": "home", "visibility": "visible"}, {"gameTime": "2 - 46:27", "label": "Ball out of play", "position": "2787674", "team": "home", "visibility": "not shown"}, {"gameTime": "2 - 46:27", "label": "Substitution", "position": "2787940", "team": "not applicable", "visibility": "visible"}, {"gameTime": "2 - 47:11", "label": "Clearance", "position": "2831000", "team": "away", "visibility": "not shown"}, {"gameTime": "2 - 47:23", "label": "Offside", "position": "2843427", "team": "away", "visibility": "visible"}, {"gameTime": "2 - 47:38", "label": "Offside", "position": "2858859", "team": "home", "visibility": "visible"}], "gameAwayTeam": "Chelsea", "gameDate": "27/02/2016 - 18:00", "gameHomeTeam": "Southampton", "gameScore": "1 - 2"}