{"UrlLocal": "france_ligue-1/2016-2017/2017-05-20 - 22-00 Paris SG 1 - 1 Caen/", "UrlYoutube": "", "annotations": [{"gameTime": "1 - 00:00", "label": "Ball out of play", "position": "0", "team": "away", "visibility": "not shown"}, {"gameTime": "1 - 00:23", "label": "Throw-in", "position": "23655", "team": "not applicable", "visibility": "visible"}, {"gameTime": "1 - 00:28", "label": "Ball out of play", "position": "28282", "team": "home", "visibility": "visible"}, {"gameTime": "1 - 00:30", "label": "Throw-in", "position": "30235", "team": "not applicable", "visibility": "visible"}, {"gameTime": "1 - 00:42", "label": "Ball out of play", "position": "42245", "team": "away", "visibility": "visible"}, {"gameTime": "1 - 01:13", "label": "Corner", "position": "73767", "team": "not applicable", "visibility": "visible"}, {"gameTime": "1 - 01:37", "label": "Ball out of play", "position": "97942", "team": "home", "visibility": "visible"}, {"gameTime": "1 - 01:44", "label": "Throw-in", "position": "104718", "team": "not applicable", "visibility": "visible"}, {"gameTime": "1 - 01:48", "label": "Shots off target", "position": "108120", "team": "home", "visibility": "visible"}, {"gameTime": "1 - 03:12", "label": "Clearance", "position": "192188", "team": "home", "visibility": "visible"}, {"gameTime": "1 - 04:04", "label": "Foul", "position": "244350", "team": "away", "visibility": "visible"}, {"gameTime": "1 - 05:35", "label": "Clearance", "position": "335574", "team": "home", "visibility": "visible"}, {"gameTime": "1 - 06:04", "label": "Ball out of play", "position": "364426", "team": "away", "visibility": "visible"}, {"gameTime": "1 - 06:15", "label": "Throw-in", "position": "375971", "team": "not applicable", "visibility": "visible"}, {"gameTime": "1 - 06:21", "label": "Ball out of play", "position": "381353", "team": "away", "visibility": "not shown"}, {"gameTime": "1 - 06:28", "label": "Corner", "position": "388670", "team": "not applicable", "visibility": "visible"}, {"gameTime": "1 - 07:00", "label": "Ball out of play", "position": "420854", "team": "away", "visibility": "visible"}, {"gameTime": "1 - 08:51", "label": "Corner", "position": "531029", "team": "not applicable", "visibility": "visible"}, {"gameTime": "1 - 09:18", "label": "Shots on target", "position": "558164", "team": "home", "visibility": "visible"}, {"gameTime": "1 - 10:08", "label": "Ball out of play", "position": "608256", "team": "away", "visibility": "visible"}, {"gameTime": "1 - 10:35", "label": "Corner", "position": "635557", "team": "not applicable", "visibility": "visible"}, {"gameTime": "1 - 10:40", "label": "Ball out of play", "position": "640113", "team": "away", "visibility": "visible"}, {"gameTime": "1 - 10:50", "label": "Throw-in", "position": "650764", "team": "not applicable", "visibility": "visible"}, {"gameTime": "1 - 11:01", "label": "Shots on target", "position": "661078", "team": "away", "visibility": "not shown"}, {"gameTime": "1 - 12:17", "label": "Goal", "position": "737520", "team": "home", "visibility": "visible"}, {"gameTime": "1 - 12:18", "label": "Kick-off", "position": "738955", "team": "home", "visibility": "visible"}, {"gameTime": "1 - 13:07", "label": "Ball out of play", "position": "787874", "team": "away", "visibility": "not shown"}, {"gameTime": "1 - 13:38", "label": "Throw-in", "position": "818769", "team": "not applicable", "visibility": "visible"}, {"gameTime": "1 - 13:45", "label": "Foul", "position": "825972", "team": "away", "visibility": "visible"}, {"gameTime": "1 - 16:00", "label": "Direct free-kick", "position": "960475", "team": "away", "visibility": "not shown"}, {"gameTime": "1 - 17:43", "label": "Shots on target", "position": "1063388", "team": "home", "visibility": "visible"}, {"gameTime": "1 - 18:59", "label": "Ball out of play", "position": "1139548", "team": "home", "visibility": "visible"}, {"gameTime": "1 - 19:20", "label": "Corner", "position": "1160056", "team": "not applicable", "visibility": "visible"}, {"gameTime": "1 - 19:30", "label": "Shots off target", "position": "1170871", "team": "home", "visibility": "visible"}, {"gameTime": "1 - 19:59", "label": "Ball out of play", "position": "1199526", "team": "away", "visibility": "visible"}, {"gameTime": "1 - 21:37", "label": "Throw-in", "position": "1297988", "team": "not applicable", "visibility": "visible"}, {"gameTime": "1 - 21:44", "label": "Foul", "position": "1304918", "team": "home", "visibility": "visible"}, {"gameTime": "1 - 24:05", "label": "Yellow card", "position": "1445737", "team": "away", "visibility": "visible"}, {"gameTime": "1 - 24:14", "label": "Direct free-kick", "position": "1454111", "team": "away", "visibility": "visible"}, {"gameTime": "1 - 25:09", "label": "Shots on target", "position": "1509186", "team": "home", "visibility": "visible"}, {"gameTime": "1 - 25:13", "label": "Ball out of play", "position": "1513484", "team": "home", "visibility": "visible"}, {"gameTime": "1 - 25:15", "label": "Corner", "position": "1515676", "team": "not applicable", "visibility": "visible"}, {"gameTime": "1 - 25:36", "label": "Foul", "position": "1536002", "team": "home", "visibility": "visible"}, {"gameTime": "1 - 26:39", "label": "Ball out of play", "position": "1599228", "team": "home", "visibility": "visible"}, {"gameTime": "1 - 28:11", "label": "Clearance", "position": "1691703", "team": "not applicable", "visibility": "visible"}, {"gameTime": "1 - 28:28", "label": "Ball out of play", "position": "1708123", "team": "home", "visibility": "not shown"}, {"gameTime": "1 - 29:51", "label": "Shots off target", "position": "1791182", "team": "not applicable", "visibility": "visible"}, {"gameTime": "1 - 31:01", "label": "Shots off target", "position": "1861100", "team": "away", "visibility": "visible"}, {"gameTime": "1 - 32:23", "label": "Foul", "position": "1943613", "team": "away", "visibility": "visible"}, {"gameTime": "1 - 33:21", "label": "Ball out of play", "position": "2001641", "team": "home", "visibility": "visible"}, {"gameTime": "1 - 36:09", "label": "Clearance", "position": "2169015", "team": "not applicable", "visibility": "visible"}, {"gameTime": "1 - 36:19", "label": "Ball out of play", "position": "2179532", "team": "home", "visibility": "not shown"}, {"gameTime": "1 - 37:05", "label": "Throw-in", "position": "2225483", "team": "not applicable", "visibility": "visible"}, {"gameTime": "1 - 37:19", "label": "Ball out of play", "position": "2239787", "team": "home", "visibility": "visible"}, {"gameTime": "1 - 38:31", "label": "Throw-in", "position": "2311867", "team": "not applicable", "visibility": "visible"}, {"gameTime": "1 - 38:40", "label": "Ball out of play", "position": "2320163", "team": "away", "visibility": "visible"}, {"gameTime": "1 - 40:53", "label": "Throw-in", "position": "2453063", "team": "not applicable", "visibility": "visible"}, {"gameTime": "1 - 41:03", "label": "Ball out of play", "position": "2463175", "team": "home", "visibility": "visible"}, {"gameTime": "1 - 41:13", "label": "Throw-in", "position": "2473604", "team": "not applicable", "visibility": "visible"}, {"gameTime": "1 - 41:16", "label": "Foul", "position": "2476834", "team": "home", "visibility": "visible"}, {"gameTime": "1 - 42:26", "label": "Direct free-kick", "position": "2546939", "team": "away", "visibility": "visible"}, {"gameTime": "1 - 43:15", "label": "Shots off target", "position": "2595317", "team": "home", "visibility": "visible"}, {"gameTime": "1 - 43:16", "label": "Clearance", "position": "2596788", "team": "home", "visibility": "visible"}, {"gameTime": "1 - 43:47", "label": "Ball out of play", "position": "2627025", "team": "away", "visibility": "visible"}, {"gameTime": "1 - 44:00", "label": "Throw-in", "position": "2640224", "team": "not applicable", "visibility": "visible"}, {"gameTime": "1 - 44:07", "label": "Ball out of play", "position": "2647519", "team": "away", "visibility": "visible"}, {"gameTime": "1 - 44:14", "label": "Clearance", "position": "2654923", "team": "not applicable", "visibility": "visible"}, {"gameTime": "1 - 44:22", "label": "Clearance", "position": "2662145", "team": "home", "visibility": "not shown"}, {"gameTime": "2 - 00:00", "label": "Ball out of play", "position": "37", "team": "home", "visibility": "not shown"}, {"gameTime": "2 - 00:44", "label": "Clearance", "position": "44489", "team": "not applicable", "visibility": "visible"}, {"gameTime": "2 - 01:14", "label": "Shots on target", "position": "74090", "team": "away", "visibility": "visible"}, {"gameTime": "2 - 03:29", "label": "Foul", "position": "209089", "team": "away", "visibility": "visible"}, {"gameTime": "2 - 03:59", "label": "Direct free-kick", "position": "239087", "team": "away", "visibility": "visible"}, {"gameTime": "2 - 04:50", "label": "Ball out of play", "position": "290779", "team": "home", "visibility": "visible"}, {"gameTime": "2 - 05:03", "label": "Throw-in", "position": "303759", "team": "not applicable", "visibility": "visible"}, {"gameTime": "2 - 05:10", "label": "Offside", "position": "310009", "team": "home", "visibility": "visible"}, {"gameTime": "2 - 05:34", "label": "Foul", "position": "334374", "team": "home", "visibility": "visible"}, {"gameTime": "2 - 06:39", "label": "Ball out of play", "position": "399211", "team": "away", "visibility": "visible"}, {"gameTime": "2 - 07:02", "label": "Throw-in", "position": "422648", "team": "not applicable", "visibility": "visible"}, {"gameTime": "2 - 07:08", "label": "Ball out of play", "position": "428343", "team": "home", "visibility": "visible"}, {"gameTime": "2 - 08:58", "label": "Throw-in", "position": "538773", "team": "not applicable", "visibility": "visible"}, {"gameTime": "2 - 09:01", "label": "Foul", "position": "541904", "team": "home", "visibility": "visible"}, {"gameTime": "2 - 09:17", "label": "Direct free-kick", "position": "557367", "team": "away", "visibility": "visible"}, {"gameTime": "2 - 10:13", "label": "Shots on target", "position": "613676", "team": "home", "visibility": "visible"}, {"gameTime": "2 - 11:14", "label": "Ball out of play", "position": "674945", "team": "home", "visibility": "visible"}, {"gameTime": "2 - 11:33", "label": "Foul", "position": "693763", "team": "not applicable", "visibility": "visible"}, {"gameTime": "2 - 12:06", "label": "Substitution", "position": "726980", "team": "home", "visibility": "visible"}, {"gameTime": "2 - 14:03", "label": "Ball out of play", "position": "843412", "team": "home", "visibility": "visible"}, {"gameTime": "2 - 15:31", "label": "Throw-in", "position": "931065", "team": "not applicable", "visibility": "visible"}, {"gameTime": "2 - 15:37", "label": "Foul", "position": "937590", "team": "home", "visibility": "visible"}, {"gameTime": "2 - 16:07", "label": "Ball out of play", "position": "967955", "team": "home", "visibility": "visible"}, {"gameTime": "2 - 16:47", "label": "Corner", "position": "1007170", "team": "not applicable", "visibility": "visible"}, {"gameTime": "2 - 17:09", "label": "Ball out of play", "position": "1029578", "team": "away", "visibility": "visible"}, {"gameTime": "2 - 17:28", "label": "Throw-in", "position": "1048640", "team": "not applicable", "visibility": "visible"}, {"gameTime": "2 - 17:31", "label": "Ball out of play", "position": "1051580", "team": "home", "visibility": "visible"}, {"gameTime": "2 - 17:54", "label": "Throw-in", "position": "1074488", "team": "not applicable", "visibility": "visible"}, {"gameTime": "2 - 18:08", "label": "Shots on target", "position": "1088239", "team": "home", "visibility": "not shown"}, {"gameTime": "2 - 18:53", "label": "Ball out of play", "position": "1133817", "team": "home", "visibility": "visible"}, {"gameTime": "2 - 18:54", "label": "Corner", "position": "1134569", "team": "not applicable", "visibility": "visible"}, {"gameTime": "2 - 19:20", "label": "Shots on target", "position": "1160217", "team": "home", "visibility": "visible"}, {"gameTime": "2 - 19:56", "label": "Foul", "position": "1196270", "team": "home", "visibility": "visible"}, {"gameTime": "2 - 20:03", "label": "Direct free-kick", "position": "1203600", "team": "away", "visibility": "visible"}, {"gameTime": "2 - 20:45", "label": "Ball out of play", "position": "1245017", "team": "home", "visibility": "visible"}, {"gameTime": "2 - 21:09", "label": "Ball out of play", "position": "1269216", "team": "not applicable", "visibility": "visible"}, {"gameTime": "2 - 22:44", "label": "Throw-in", "position": "1364488", "team": "not applicable", "visibility": "visible"}, {"gameTime": "2 - 22:52", "label": "Ball out of play", "position": "1372845", "team": "home", "visibility": "not shown"}, {"gameTime": "2 - 22:56", "label": "Throw-in", "position": "1376087", "team": "not applicable", "visibility": "visible"}, {"gameTime": "2 - 23:02", "label": "Ball out of play", "position": "1382299", "team": "away", "visibility": "visible"}, {"gameTime": "2 - 24:18", "label": "Throw-in", "position": "1458839", "team": "not applicable", "visibility": "visible"}, {"gameTime": "2 - 24:25", "label": "Foul", "position": "1465526", "team": "home", "visibility": "visible"}, {"gameTime": "2 - 24:47", "label": "Ball out of play", "position": "1487699", "team": "home", "visibility": "visible"}, {"gameTime": "2 - 25:48", "label": "Corner", "position": "1548093", "team": "not applicable", "visibility": "visible"}, {"gameTime": "2 - 26:13", "label": "Shots on target", "position": "1573150", "team": "home", "visibility": "visible"}, {"gameTime": "2 - 26:59", "label": "Ball out of play", "position": "1619652", "team": "away", "visibility": "visible"}, {"gameTime": "2 - 27:30", "label": "Substitution", "position": "1650927", "team": "not applicable", "visibility": "visible"}, {"gameTime": "2 - 28:01", "label": "Foul", "position": "1681020", "team": "home", "visibility": "visible"}, {"gameTime": "2 - 28:47", "label": "Penalty", "position": "1727112", "team": "home", "visibility": "visible"}, {"gameTime": "2 - 29:49", "label": "Shots on target", "position": "1789614", "team": "away", "visibility": "visible"}, {"gameTime": "2 - 29:49", "label": "Ball out of play", "position": "1789614", "team": "away", "visibility": "visible"}, {"gameTime": "2 - 29:51", "label": "Corner", "position": "1791471", "team": "not applicable", "visibility": "visible"}, {"gameTime": "2 - 30:26", "label": "Shots off target", "position": "1826821", "team": "away", "visibility": "visible"}, {"gameTime": "2 - 30:49", "label": "Clearance", "position": "1849557", "team": "away", "visibility": "visible"}, {"gameTime": "2 - 31:06", "label": "Ball out of play", "position": "1866589", "team": "away", "visibility": "not shown"}, {"gameTime": "2 - 31:49", "label": "Substitution", "position": "1909048", "team": "not applicable", "visibility": "visible"}, {"gameTime": "2 - 32:23", "label": "Substitution", "position": "1943603", "team": "away", "visibility": "visible"}, {"gameTime": "2 - 32:52", "label": "Clearance", "position": "1972700", "team": "home", "visibility": "visible"}, {"gameTime": "2 - 33:17", "label": "Shots off target", "position": "1997573", "team": "away", "visibility": "visible"}, {"gameTime": "2 - 34:03", "label": "Clearance", "position": "2043494", "team": "away", "visibility": "visible"}, {"gameTime": "2 - 34:12", "label": "Ball out of play", "position": "2052418", "team": "home", "visibility": "visible"}, {"gameTime": "2 - 34:44", "label": "Throw-in", "position": "2084288", "team": "not applicable", "visibility": "visible"}, {"gameTime": "2 - 34:53", "label": "Ball out of play", "position": "2093345", "team": "away", "visibility": "visible"}, {"gameTime": "2 - 35:01", "label": "Throw-in", "position": "2101134", "team": "not applicable", "visibility": "visible"}, {"gameTime": "2 - 35:03", "label": "Foul", "position": "2103407", "team": "home", "visibility": "visible"}, {"gameTime": "2 - 35:27", "label": "Ball out of play", "position": "2127237", "team": "home", "visibility": "visible"}, {"gameTime": "2 - 36:06", "label": "Clearance", "position": "2166127", "team": "not applicable", "visibility": "visible"}, {"gameTime": "2 - 36:58", "label": "Ball out of play", "position": "2218262", "team": "away", "visibility": "not shown"}, {"gameTime": "2 - 37:24", "label": "Throw-in", "position": "2244300", "team": "not applicable", "visibility": "visible"}, {"gameTime": "2 - 37:33", "label": "Ball out of play", "position": "2253604", "team": "home", "visibility": "not shown"}, {"gameTime": "2 - 38:54", "label": "Substitution", "position": "2334242", "team": "not applicable", "visibility": "visible"}, {"gameTime": "2 - 39:04", "label": "Substitution", "position": "2344547", "team": "away", "visibility": "visible"}, {"gameTime": "2 - 39:18", "label": "Ball out of play", "position": "2358629", "team": "away", "visibility": "visible"}, {"gameTime": "2 - 39:52", "label": "Corner", "position": "2392322", "team": "not applicable", "visibility": "visible"}, {"gameTime": "2 - 40:17", "label": "Offside", "position": "2417606", "team": "away", "visibility": "visible"}, {"gameTime": "2 - 41:08", "label": "Ball out of play", "position": "2468181", "team": "away", "visibility": "visible"}, {"gameTime": "2 - 42:37", "label": "Throw-in", "position": "2557562", "team": "not applicable", "visibility": "visible"}, {"gameTime": "2 - 42:49", "label": "Shots off target", "position": "2569497", "team": "home", "visibility": "not shown"}, {"gameTime": "2 - 43:13", "label": "Clearance", "position": "2593885", "team": "home", "visibility": "visible"}, {"gameTime": "2 - 43:26", "label": "Shots on target", "position": "2606352", "team": "away", "visibility": "visible"}, {"gameTime": "2 - 44:08", "label": "Shots off target", "position": "2648140", "team": "away", "visibility": "visible"}, {"gameTime": "2 - 44:35", "label": "Clearance", "position": "2675875", "team": "home", "visibility": "visible"}, {"gameTime": "2 - 44:47", "label": "Shots on target", "position": "2687916", "team": "away", "visibility": "not shown"}, {"gameTime": "2 - 45:15", "label": "Goal", "position": "2715570", "team": "away", "visibility": "visible"}, {"gameTime": "2 - 45:16", "label": "Goal", "position": "2716265", "team": "away", "visibility": "visible"}], "gameAwayTeam": "Caen", "gameDate": "20/05/2017 - 22:00", "gameHomeTeam": "Paris SG", "gameScore": "1 - 1"}