{"UrlLocal": "england_epl/2015-2016/2015-12-28 - 20-30 Manchester United 0 - 0 Chelsea/", "UrlYoutube": "", "annotations": [{"gameTime": "1 - 00:46", "label": "Kick-off", "position": "46219", "team": "not applicable", "visibility": "visible"}, {"gameTime": "1 - 00:54", "label": "Ball out of play", "position": "54542", "team": "home", "visibility": "not shown"}, {"gameTime": "1 - 00:59", "label": "Throw-in", "position": "59392", "team": "not applicable", "visibility": "visible"}, {"gameTime": "1 - 01:08", "label": "Ball out of play", "position": "68076", "team": "home", "visibility": "visible"}, {"gameTime": "1 - 01:45", "label": "Throw-in", "position": "105688", "team": "not applicable", "visibility": "visible"}, {"gameTime": "1 - 01:58", "label": "Ball out of play", "position": "118177", "team": "home", "visibility": "visible"}, {"gameTime": "1 - 02:01", "label": "Throw-in", "position": "121361", "team": "home", "visibility": "visible"}, {"gameTime": "1 - 02:28", "label": "Shots off target", "position": "148987", "team": "not applicable", "visibility": "visible"}, {"gameTime": "1 - 02:59", "label": "Ball out of play", "position": "179348", "team": "home", "visibility": "visible"}, {"gameTime": "1 - 03:11", "label": "Corner", "position": "191966", "team": "not applicable", "visibility": "visible"}, {"gameTime": "1 - 04:05", "label": "Ball out of play", "position": "245442", "team": "away", "visibility": "visible"}, {"gameTime": "1 - 04:06", "label": "Corner", "position": "246865", "team": "home", "visibility": "visible"}, {"gameTime": "1 - 04:07", "label": "Shots off target", "position": "247811", "team": "not applicable", "visibility": "visible"}, {"gameTime": "1 - 04:41", "label": "Ball out of play", "position": "281527", "team": "away", "visibility": "visible"}, {"gameTime": "1 - 04:47", "label": "Corner", "position": "287783", "team": "not applicable", "visibility": "visible"}, {"gameTime": "1 - 05:03", "label": "Ball out of play", "position": "303406", "team": "away", "visibility": "visible"}, {"gameTime": "1 - 05:29", "label": "Throw-in", "position": "329204", "team": "not applicable", "visibility": "visible"}, {"gameTime": "1 - 05:42", "label": "Ball out of play", "position": "342544", "team": "home", "visibility": "visible"}, {"gameTime": "1 - 06:27", "label": "Throw-in", "position": "387443", "team": "not applicable", "visibility": "visible"}, {"gameTime": "1 - 06:45", "label": "Ball out of play", "position": "405345", "team": "away", "visibility": "visible"}, {"gameTime": "1 - 07:31", "label": "Throw-in", "position": "451187", "team": "not applicable", "visibility": "visible"}, {"gameTime": "1 - 07:39", "label": "Ball out of play", "position": "459420", "team": "home", "visibility": "visible"}, {"gameTime": "1 - 07:43", "label": "Throw-in", "position": "463401", "team": "not applicable", "visibility": "visible"}, {"gameTime": "1 - 08:10", "label": "Ball out of play", "position": "490295", "team": "home", "visibility": "visible"}, {"gameTime": "1 - 08:25", "label": "Corner", "position": "505538", "team": "not applicable", "visibility": "visible"}, {"gameTime": "1 - 08:25", "label": "Ball out of play", "position": "505618", "team": "away", "visibility": "visible"}, {"gameTime": "1 - 08:38", "label": "Throw-in", "position": "518314", "team": "away", "visibility": "not shown"}, {"gameTime": "1 - 09:04", "label": "Throw-in", "position": "544910", "team": "home", "visibility": "visible"}, {"gameTime": "1 - 09:05", "label": "Shots off target", "position": "545857", "team": "not applicable", "visibility": "visible"}, {"gameTime": "1 - 09:33", "label": "Ball out of play", "position": "573648", "team": "away", "visibility": "visible"}, {"gameTime": "1 - 11:21", "label": "Clearance", "position": "681105", "team": "not applicable", "visibility": "visible"}, {"gameTime": "1 - 11:27", "label": "Ball out of play", "position": "687341", "team": "home", "visibility": "not shown"}, {"gameTime": "1 - 12:00", "label": "Throw-in", "position": "720558", "team": "not applicable", "visibility": "visible"}, {"gameTime": "1 - 12:33", "label": "Ball out of play", "position": "753295", "team": "away", "visibility": "visible"}, {"gameTime": "1 - 14:01", "label": "Clearance", "position": "841510", "team": "not applicable", "visibility": "visible"}, {"gameTime": "1 - 14:19", "label": "Ball out of play", "position": "859163", "team": "home", "visibility": "visible"}, {"gameTime": "1 - 14:19", "label": "Shots off target", "position": "859878", "team": "not applicable", "visibility": "visible"}, {"gameTime": "1 - 14:37", "label": "Ball out of play", "position": "877221", "team": "away", "visibility": "not shown"}, {"gameTime": "1 - 15:54", "label": "Clearance", "position": "954661", "team": "away", "visibility": "visible"}, {"gameTime": "1 - 15:57", "label": "Shots off target", "position": "957045", "team": "not applicable", "visibility": "visible"}, {"gameTime": "1 - 16:09", "label": "Ball out of play", "position": "969087", "team": "away", "visibility": "not shown"}, {"gameTime": "1 - 17:15", "label": "Clearance", "position": "1035539", "team": "not applicable", "visibility": "visible"}, {"gameTime": "1 - 17:42", "label": "Ball out of play", "position": "1062288", "team": "home", "visibility": "visible"}, {"gameTime": "1 - 19:00", "label": "Throw-in", "position": "1140976", "team": "not applicable", "visibility": "visible"}, {"gameTime": "1 - 19:08", "label": "Ball out of play", "position": "1148656", "team": "home", "visibility": "visible"}, {"gameTime": "1 - 19:25", "label": "Throw-in", "position": "1165086", "team": "not applicable", "visibility": "visible"}, {"gameTime": "1 - 20:02", "label": "Ball out of play", "position": "1202124", "team": "away", "visibility": "visible"}, {"gameTime": "1 - 20:07", "label": "Clearance", "position": "1207850", "team": "not applicable", "visibility": "visible"}, {"gameTime": "1 - 20:28", "label": "Ball out of play", "position": "1228832", "team": "away", "visibility": "visible"}, {"gameTime": "1 - 22:15", "label": "Throw-in", "position": "1335071", "team": "not applicable", "visibility": "visible"}, {"gameTime": "1 - 22:22", "label": "Ball out of play", "position": "1342648", "team": "away", "visibility": "not shown"}, {"gameTime": "1 - 22:41", "label": "Clearance", "position": "1361679", "team": "home", "visibility": "visible"}, {"gameTime": "1 - 22:56", "label": "Shots on target", "position": "1376999", "team": "not applicable", "visibility": "visible"}, {"gameTime": "1 - 23:36", "label": "Ball out of play", "position": "1416942", "team": "away", "visibility": "visible"}, {"gameTime": "1 - 24:46", "label": "Clearance", "position": "1486235", "team": "not applicable", "visibility": "visible"}, {"gameTime": "1 - 25:04", "label": "Ball out of play", "position": "1504629", "team": "away", "visibility": "visible"}, {"gameTime": "1 - 25:47", "label": "Throw-in", "position": "1547138", "team": "home", "visibility": "visible"}, {"gameTime": "1 - 26:33", "label": "Foul", "position": "1593920", "team": "away", "visibility": "visible"}, {"gameTime": "1 - 26:51", "label": "Indirect free-kick", "position": "1611125", "team": "away", "visibility": "visible"}, {"gameTime": "1 - 26:56", "label": "Foul", "position": "1616118", "team": "away", "visibility": "visible"}, {"gameTime": "1 - 27:59", "label": "Yellow card", "position": "1679244", "team": "home", "visibility": "visible"}, {"gameTime": "1 - 28:04", "label": "Direct free-kick", "position": "1684777", "team": "home", "visibility": "visible"}, {"gameTime": "1 - 28:05", "label": "Shots off target", "position": "1685737", "team": "not applicable", "visibility": "visible"}, {"gameTime": "1 - 28:33", "label": "Ball out of play", "position": "1713826", "team": "home", "visibility": "visible"}, {"gameTime": "1 - 29:10", "label": "Corner", "position": "1750613", "team": "home", "visibility": "visible"}, {"gameTime": "1 - 29:17", "label": "Foul", "position": "1757560", "team": "home", "visibility": "visible"}, {"gameTime": "1 - 31:27", "label": "Yellow card", "position": "1887967", "team": "not applicable", "visibility": "visible"}, {"gameTime": "1 - 31:59", "label": "Ball out of play", "position": "1919660", "team": "home", "visibility": "visible"}, {"gameTime": "1 - 33:07", "label": "Foul", "position": "1987066", "team": "home", "visibility": "visible"}, {"gameTime": "1 - 34:02", "label": "Foul", "position": "2042213", "team": "away", "visibility": "visible"}, {"gameTime": "1 - 34:02", "label": "Direct free-kick", "position": "2042277", "team": "away", "visibility": "visible"}, {"gameTime": "1 - 34:04", "label": "Shots on target", "position": "2044093", "team": "not applicable", "visibility": "visible"}, {"gameTime": "1 - 35:34", "label": "Ball out of play", "position": "2134839", "team": "home", "visibility": "visible"}, {"gameTime": "1 - 36:06", "label": "Offside", "position": "2166251", "team": "home", "visibility": "visible"}, {"gameTime": "1 - 38:45", "label": "Clearance", "position": "2325190", "team": "home", "visibility": "visible"}, {"gameTime": "1 - 38:46", "label": "Foul", "position": "2326409", "team": "not applicable", "visibility": "visible"}, {"gameTime": "1 - 38:57", "label": "Ball out of play", "position": "2337000", "team": "home", "visibility": "visible"}, {"gameTime": "1 - 39:27", "label": "Yellow card", "position": "2367650", "team": "away", "visibility": "visible"}, {"gameTime": "1 - 39:31", "label": "Direct free-kick", "position": "2371219", "team": "not applicable", "visibility": "visible"}, {"gameTime": "1 - 39:40", "label": "Ball out of play", "position": "2380443", "team": "home", "visibility": "not shown"}, {"gameTime": "1 - 42:10", "label": "Clearance", "position": "2530925", "team": "not applicable", "visibility": "visible"}, {"gameTime": "1 - 42:40", "label": "Ball out of play", "position": "2560349", "team": "away", "visibility": "visible"}, {"gameTime": "1 - 42:49", "label": "Clearance", "position": "2569917", "team": "not applicable", "visibility": "visible"}, {"gameTime": "1 - 43:04", "label": "Ball out of play", "position": "2584291", "team": "home", "visibility": "visible"}, {"gameTime": "1 - 43:43", "label": "Throw-in", "position": "2623546", "team": "home", "visibility": "visible"}, {"gameTime": "1 - 44:48", "label": "Foul", "position": "2688346", "team": "home", "visibility": "visible"}, {"gameTime": "2 - 00:38", "label": "Kick-off", "position": "38341", "team": "not applicable", "visibility": "visible"}, {"gameTime": "2 - 00:46", "label": "Ball out of play", "position": "46602", "team": "away", "visibility": "not shown"}, {"gameTime": "2 - 00:55", "label": "Throw-in", "position": "55526", "team": "home", "visibility": "visible"}, {"gameTime": "2 - 01:33", "label": "Foul", "position": "93116", "team": "away", "visibility": "visible"}, {"gameTime": "2 - 02:14", "label": "Direct free-kick", "position": "134028", "team": "away", "visibility": "visible"}, {"gameTime": "2 - 02:17", "label": "Shots on target", "position": "137058", "team": "not applicable", "visibility": "visible"}, {"gameTime": "2 - 02:48", "label": "Ball out of play", "position": "168664", "team": "away", "visibility": "visible"}, {"gameTime": "2 - 03:13", "label": "Corner", "position": "193207", "team": "not applicable", "visibility": "visible"}, {"gameTime": "2 - 03:39", "label": "Ball out of play", "position": "219793", "team": "home", "visibility": "visible"}, {"gameTime": "2 - 04:27", "label": "Clearance", "position": "267330", "team": "not applicable", "visibility": "visible"}, {"gameTime": "2 - 04:30", "label": "Ball out of play", "position": "270169", "team": "home", "visibility": "visible"}, {"gameTime": "2 - 06:19", "label": "Throw-in", "position": "379104", "team": "not applicable", "visibility": "visible"}, {"gameTime": "2 - 06:27", "label": "Ball out of play", "position": "387962", "team": "home", "visibility": "visible"}, {"gameTime": "2 - 07:13", "label": "Throw-in", "position": "433251", "team": "not applicable", "visibility": "visible"}, {"gameTime": "2 - 07:36", "label": "Ball out of play", "position": "456533", "team": "away", "visibility": "not shown"}, {"gameTime": "2 - 07:46", "label": "Clearance", "position": "466665", "team": "not applicable", "visibility": "visible"}, {"gameTime": "2 - 08:04", "label": "Ball out of play", "position": "484487", "team": "away", "visibility": "visible"}, {"gameTime": "2 - 08:35", "label": "Throw-in", "position": "515395", "team": "not applicable", "visibility": "visible"}, {"gameTime": "2 - 08:43", "label": "Ball out of play", "position": "523790", "team": "away", "visibility": "visible"}, {"gameTime": "2 - 09:46", "label": "Throw-in", "position": "586760", "team": "not applicable", "visibility": "visible"}, {"gameTime": "2 - 10:03", "label": "Ball out of play", "position": "603281", "team": "away", "visibility": "visible"}, {"gameTime": "2 - 10:22", "label": "Throw-in", "position": "622844", "team": "not applicable", "visibility": "visible"}, {"gameTime": "2 - 10:30", "label": "Ball out of play", "position": "630584", "team": "home", "visibility": "not shown"}, {"gameTime": "2 - 11:04", "label": "Corner", "position": "664927", "team": "away", "visibility": "not shown"}, {"gameTime": "2 - 11:16", "label": "Clearance", "position": "676766", "team": "not applicable", "visibility": "visible"}, {"gameTime": "2 - 11:35", "label": "Ball out of play", "position": "695418", "team": "home", "visibility": "not shown"}, {"gameTime": "2 - 12:00", "label": "Throw-in", "position": "720262", "team": "away", "visibility": "visible"}, {"gameTime": "2 - 12:11", "label": "Foul", "position": "731706", "team": "home", "visibility": "visible"}, {"gameTime": "2 - 13:50", "label": "Indirect free-kick", "position": "830444", "team": "not applicable", "visibility": "visible"}, {"gameTime": "2 - 14:22", "label": "Ball out of play", "position": "862043", "team": "away", "visibility": "visible"}, {"gameTime": "2 - 14:28", "label": "Clearance", "position": "868540", "team": "not applicable", "visibility": "visible"}, {"gameTime": "2 - 14:30", "label": "Ball out of play", "position": "870828", "team": "home", "visibility": "visible"}, {"gameTime": "2 - 15:34", "label": "Throw-in", "position": "934300", "team": "not applicable", "visibility": "visible"}, {"gameTime": "2 - 15:44", "label": "Ball out of play", "position": "944716", "team": "home", "visibility": "visible"}, {"gameTime": "2 - 15:46", "label": "Corner", "position": "946370", "team": "not applicable", "visibility": "visible"}, {"gameTime": "2 - 16:18", "label": "Ball out of play", "position": "978085", "team": "home", "visibility": "visible"}, {"gameTime": "2 - 16:32", "label": "Corner", "position": "992541", "team": "away", "visibility": "visible"}, {"gameTime": "2 - 16:33", "label": "Shots off target", "position": "993237", "team": "not applicable", "visibility": "visible"}, {"gameTime": "2 - 17:00", "label": "Ball out of play", "position": "1020364", "team": "home", "visibility": "not shown"}, {"gameTime": "2 - 17:38", "label": "Clearance", "position": "1058466", "team": "away", "visibility": "visible"}, {"gameTime": "2 - 17:39", "label": "Foul", "position": "1059427", "team": "not applicable", "visibility": "visible"}, {"gameTime": "2 - 18:07", "label": "Ball out of play", "position": "1087781", "team": "home", "visibility": "not shown"}, {"gameTime": "2 - 18:16", "label": "Direct free-kick", "position": "1096921", "team": "away", "visibility": "visible"}, {"gameTime": "2 - 18:42", "label": "Foul", "position": "1122834", "team": "away", "visibility": "visible"}, {"gameTime": "2 - 18:44", "label": "Shots off target", "position": "1124747", "team": "not applicable", "visibility": "visible"}, {"gameTime": "2 - 18:58", "label": "Ball out of play", "position": "1138295", "team": "home", "visibility": "visible"}, {"gameTime": "2 - 19:34", "label": "Clearance", "position": "1174775", "team": "home", "visibility": "visible"}, {"gameTime": "2 - 19:50", "label": "Foul", "position": "1190509", "team": "away", "visibility": "visible"}, {"gameTime": "2 - 21:19", "label": "Indirect free-kick", "position": "1279404", "team": "not applicable", "visibility": "visible"}, {"gameTime": "2 - 21:28", "label": "Ball out of play", "position": "1288308", "team": "home", "visibility": "visible"}, {"gameTime": "2 - 23:03", "label": "Throw-in", "position": "1383919", "team": "home", "visibility": "visible"}, {"gameTime": "2 - 23:13", "label": "Foul", "position": "1393458", "team": "away", "visibility": "visible"}, {"gameTime": "2 - 23:26", "label": "Indirect free-kick", "position": "1406005", "team": "not applicable", "visibility": "visible"}, {"gameTime": "2 - 24:04", "label": "Ball out of play", "position": "1444000", "team": "away", "visibility": "visible"}, {"gameTime": "2 - 24:35", "label": "Substitution", "position": "1475000", "team": "home", "visibility": "visible"}, {"gameTime": "2 - 24:45", "label": "Substitution", "position": "1485981", "team": "home", "visibility": "not shown"}, {"gameTime": "2 - 25:03", "label": "Throw-in", "position": "1503026", "team": "not applicable", "visibility": "visible"}, {"gameTime": "2 - 25:29", "label": "Ball out of play", "position": "1529298", "team": "away", "visibility": "visible"}, {"gameTime": "2 - 26:02", "label": "Clearance", "position": "1562490", "team": "not applicable", "visibility": "visible"}, {"gameTime": "2 - 26:17", "label": "Ball out of play", "position": "1577659", "team": "away", "visibility": "visible"}, {"gameTime": "2 - 26:28", "label": "Throw-in", "position": "1588754", "team": "away", "visibility": "visible"}, {"gameTime": "2 - 26:41", "label": "Foul", "position": "1601000", "team": "away", "visibility": "visible"}, {"gameTime": "2 - 27:21", "label": "Yellow card", "position": "1641976", "team": "home", "visibility": "visible"}, {"gameTime": "2 - 28:09", "label": "Clearance", "position": "1689548", "team": "not applicable", "visibility": "visible"}, {"gameTime": "2 - 28:17", "label": "Ball out of play", "position": "1697893", "team": "home", "visibility": "not shown"}, {"gameTime": "2 - 29:49", "label": "Throw-in", "position": "1789218", "team": "not applicable", "visibility": "visible"}, {"gameTime": "2 - 30:06", "label": "Ball out of play", "position": "1806683", "team": "away", "visibility": "visible"}, {"gameTime": "2 - 30:11", "label": "Throw-in", "position": "1811057", "team": "not applicable", "visibility": "visible"}, {"gameTime": "2 - 30:18", "label": "Ball out of play", "position": "1818894", "team": "away", "visibility": "visible"}, {"gameTime": "2 - 30:21", "label": "Foul", "position": "1821906", "team": "not applicable", "visibility": "visible"}, {"gameTime": "2 - 30:33", "label": "Ball out of play", "position": "1833613", "team": "away", "visibility": "visible"}, {"gameTime": "2 - 31:09", "label": "Throw-in", "position": "1869000", "team": "home", "visibility": "visible"}, {"gameTime": "2 - 35:04", "label": "Substitution", "position": "2104519", "team": "home", "visibility": "visible"}, {"gameTime": "2 - 35:13", "label": "Foul", "position": "2113000", "team": "home", "visibility": "visible"}, {"gameTime": "2 - 35:33", "label": "Yellow card", "position": "2133000", "team": "home", "visibility": "visible"}, {"gameTime": "2 - 35:51", "label": "Substitution", "position": "2151991", "team": "away", "visibility": "visible"}, {"gameTime": "2 - 36:27", "label": "Indirect free-kick", "position": "2187865", "team": "not applicable", "visibility": "visible"}, {"gameTime": "2 - 36:42", "label": "Ball out of play", "position": "2202452", "team": "away", "visibility": "not shown"}, {"gameTime": "2 - 37:37", "label": "Throw-in", "position": "2257058", "team": "not applicable", "visibility": "visible"}, {"gameTime": "2 - 38:02", "label": "Ball out of play", "position": "2282431", "team": "away", "visibility": "visible"}, {"gameTime": "2 - 38:55", "label": "Throw-in", "position": "2335673", "team": "home", "visibility": "visible"}, {"gameTime": "2 - 39:32", "label": "Foul", "position": "2372371", "team": "away", "visibility": "visible"}, {"gameTime": "2 - 39:36", "label": "Indirect free-kick", "position": "2376043", "team": "home", "visibility": "visible"}, {"gameTime": "2 - 40:05", "label": "Foul", "position": "2405127", "team": "away", "visibility": "visible"}, {"gameTime": "2 - 40:46", "label": "Direct free-kick", "position": "2446069", "team": "not applicable", "visibility": "visible"}, {"gameTime": "2 - 41:20", "label": "Ball out of play", "position": "2480319", "team": "away", "visibility": "not shown"}, {"gameTime": "2 - 43:28", "label": "Clearance", "position": "2608860", "team": "not applicable", "visibility": "visible"}, {"gameTime": "2 - 43:49", "label": "Ball out of play", "position": "2629298", "team": "home", "visibility": "visible"}, {"gameTime": "2 - 44:34", "label": "Throw-in", "position": "2674639", "team": "not applicable", "visibility": "visible"}, {"gameTime": "2 - 44:39", "label": "Ball out of play", "position": "2679948", "team": "away", "visibility": "not shown"}, {"gameTime": "2 - 45:19", "label": "Throw-in", "position": "2719382", "team": "home", "visibility": "visible"}, {"gameTime": "2 - 45:30", "label": "Foul", "position": "2730000", "team": "home", "visibility": "visible"}, {"gameTime": "2 - 46:09", "label": "Yellow card", "position": "2769917", "team": "away", "visibility": "not shown"}, {"gameTime": "2 - 46:40", "label": "Indirect free-kick", "position": "2800755", "team": "home", "visibility": "visible"}, {"gameTime": "2 - 47:09", "label": "Foul", "position": "2829919", "team": "away", "visibility": "visible"}, {"gameTime": "2 - 47:14", "label": "Indirect free-kick", "position": "2834601", "team": "not applicable", "visibility": "visible"}, {"gameTime": "2 - 47:41", "label": "Ball out of play", "position": "2861000", "team": "away", "visibility": "visible"}, {"gameTime": "2 - 47:52", "label": "Substitution", "position": "2872217", "team": "away", "visibility": "visible"}, {"gameTime": "2 - 48:02", "label": "Indirect free-kick", "position": "2882736", "team": "home", "visibility": "visible"}, {"gameTime": "2 - 48:33", "label": "Foul", "position": "2913175", "team": "away", "visibility": "visible"}], "gameAwayTeam": "Chelsea", "gameDate": "28/12/2015 - 20:30", "gameHomeTeam": "Manchester United", "gameScore": "0 - 0"}