{"UrlLocal": "france_ligue-1/2016-2017/2017-04-22 - 18-00 Paris SG 2 - 0 Montpellier/", "UrlYoutube": "", "annotations": [{"gameTime": "1 - 01:05", "label": "Kick-off", "position": "65786", "team": "not applicable", "visibility": "visible"}, {"gameTime": "1 - 01:15", "label": "Ball out of play", "position": "75537", "team": "home", "visibility": "visible"}, {"gameTime": "1 - 01:22", "label": "Throw-in", "position": "82064", "team": "not applicable", "visibility": "visible"}, {"gameTime": "1 - 01:30", "label": "Ball out of play", "position": "90218", "team": "home", "visibility": "visible"}, {"gameTime": "1 - 02:02", "label": "Throw-in", "position": "122230", "team": "not applicable", "visibility": "visible"}, {"gameTime": "1 - 02:18", "label": "Ball out of play", "position": "138426", "team": "away", "visibility": "not shown"}, {"gameTime": "1 - 02:58", "label": "Throw-in", "position": "178832", "team": "not applicable", "visibility": "visible"}, {"gameTime": "1 - 03:30", "label": "Ball out of play", "position": "210345", "team": "away", "visibility": "visible"}, {"gameTime": "1 - 04:38", "label": "Clearance", "position": "278418", "team": "not applicable", "visibility": "visible"}, {"gameTime": "1 - 04:49", "label": "Ball out of play", "position": "289503", "team": "home", "visibility": "visible"}, {"gameTime": "1 - 05:04", "label": "Throw-in", "position": "304334", "team": "not applicable", "visibility": "visible"}, {"gameTime": "1 - 05:12", "label": "Ball out of play", "position": "312338", "team": "home", "visibility": "visible"}, {"gameTime": "1 - 07:40", "label": "Throw-in", "position": "460172", "team": "away", "visibility": "not shown"}, {"gameTime": "1 - 07:45", "label": "Offside", "position": "465173", "team": "home", "visibility": "not shown"}, {"gameTime": "1 - 08:23", "label": "Indirect free-kick", "position": "503876", "team": "not applicable", "visibility": "visible"}, {"gameTime": "1 - 08:41", "label": "Ball out of play", "position": "521261", "team": "away", "visibility": "visible"}, {"gameTime": "1 - 09:17", "label": "Throw-in", "position": "557711", "team": "not applicable", "visibility": "visible"}, {"gameTime": "1 - 09:45", "label": "Ball out of play", "position": "585494", "team": "away", "visibility": "visible"}, {"gameTime": "1 - 09:48", "label": "Clearance", "position": "588571", "team": "not applicable", "visibility": "visible"}, {"gameTime": "1 - 10:00", "label": "Ball out of play", "position": "600781", "team": "home", "visibility": "not shown"}, {"gameTime": "1 - 10:30", "label": "Throw-in", "position": "630764", "team": "not applicable", "visibility": "visible"}, {"gameTime": "1 - 10:56", "label": "Ball out of play", "position": "656183", "team": "away", "visibility": "visible"}, {"gameTime": "1 - 11:06", "label": "Clearance", "position": "666461", "team": "not applicable", "visibility": "visible"}, {"gameTime": "1 - 11:13", "label": "Ball out of play", "position": "673872", "team": "home", "visibility": "not shown"}, {"gameTime": "1 - 11:45", "label": "Throw-in", "position": "705979", "team": "not applicable", "visibility": "visible"}, {"gameTime": "1 - 11:51", "label": "Ball out of play", "position": "711434", "team": "away", "visibility": "not shown"}, {"gameTime": "1 - 12:18", "label": "Throw-in", "position": "738218", "team": "not applicable", "visibility": "visible"}, {"gameTime": "1 - 12:41", "label": "Ball out of play", "position": "761655", "team": "home", "visibility": "not shown"}, {"gameTime": "1 - 12:51", "label": "Throw-in", "position": "771514", "team": "not applicable", "visibility": "visible"}, {"gameTime": "1 - 12:59", "label": "Ball out of play", "position": "779353", "team": "home", "visibility": "not shown"}, {"gameTime": "1 - 14:20", "label": "Throw-in", "position": "860994", "team": "not applicable", "visibility": "visible"}, {"gameTime": "1 - 14:26", "label": "Ball out of play", "position": "866489", "team": "away", "visibility": "not shown"}, {"gameTime": "1 - 14:29", "label": "Throw-in", "position": "869134", "team": "not applicable", "visibility": "visible"}, {"gameTime": "1 - 14:36", "label": "Ball out of play", "position": "876085", "team": "home", "visibility": "not shown"}, {"gameTime": "1 - 15:22", "label": "Throw-in", "position": "922462", "team": "home", "visibility": "visible"}, {"gameTime": "1 - 16:49", "label": "Shots on target", "position": "1009144", "team": "not applicable", "visibility": "visible"}, {"gameTime": "1 - 17:24", "label": "Ball out of play", "position": "1044882", "team": "away", "visibility": "visible"}, {"gameTime": "1 - 18:38", "label": "Corner", "position": "1118269", "team": "home", "visibility": "not shown"}, {"gameTime": "1 - 19:07", "label": "Offside", "position": "1147625", "team": "away", "visibility": "not shown"}, {"gameTime": "1 - 19:40", "label": "Indirect free-kick", "position": "1180871", "team": "home", "visibility": "visible"}, {"gameTime": "1 - 19:46", "label": "Shots off target", "position": "1186032", "team": "not applicable", "visibility": "visible"}, {"gameTime": "1 - 20:00", "label": "Ball out of play", "position": "1200117", "team": "away", "visibility": "visible"}, {"gameTime": "1 - 21:08", "label": "Throw-in", "position": "1268421", "team": "home", "visibility": "visible"}, {"gameTime": "1 - 21:17", "label": "Foul", "position": "1277403", "team": "away", "visibility": "visible"}, {"gameTime": "1 - 21:32", "label": "Indirect free-kick", "position": "1292220", "team": "not applicable", "visibility": "visible"}, {"gameTime": "1 - 22:00", "label": "Ball out of play", "position": "1320722", "team": "away", "visibility": "visible"}, {"gameTime": "1 - 22:16", "label": "Corner", "position": "1336796", "team": "home", "visibility": "visible"}, {"gameTime": "1 - 22:17", "label": "Shots on target", "position": "1337469", "team": "not applicable", "visibility": "visible"}, {"gameTime": "1 - 23:03", "label": "Ball out of play", "position": "1383672", "team": "home", "visibility": "visible"}, {"gameTime": "1 - 23:07", "label": "Corner", "position": "1387698", "team": "home", "visibility": "visible"}, {"gameTime": "1 - 23:08", "label": "Shots off target", "position": "1388059", "team": "not applicable", "visibility": "visible"}, {"gameTime": "1 - 23:26", "label": "Ball out of play", "position": "1406534", "team": "home", "visibility": "visible"}, {"gameTime": "1 - 23:39", "label": "Corner", "position": "1419007", "team": "home", "visibility": "visible"}, {"gameTime": "1 - 24:18", "label": "Foul", "position": "1458932", "team": "away", "visibility": "visible"}, {"gameTime": "1 - 24:43", "label": "Indirect free-kick", "position": "1483828", "team": "not applicable", "visibility": "visible"}, {"gameTime": "1 - 25:06", "label": "Ball out of play", "position": "1506649", "team": "home", "visibility": "visible"}, {"gameTime": "1 - 25:10", "label": "Corner", "position": "1510533", "team": "not applicable", "visibility": "visible"}, {"gameTime": "1 - 25:14", "label": "Ball out of play", "position": "1514367", "team": "home", "visibility": "visible"}, {"gameTime": "1 - 25:22", "label": "Throw-in", "position": "1522649", "team": "not applicable", "visibility": "visible"}, {"gameTime": "1 - 25:50", "label": "Ball out of play", "position": "1550634", "team": "away", "visibility": "visible"}, {"gameTime": "1 - 26:36", "label": "Clearance", "position": "1596149", "team": "not applicable", "visibility": "visible"}, {"gameTime": "1 - 27:09", "label": "Ball out of play", "position": "1629494", "team": "home", "visibility": "visible"}, {"gameTime": "1 - 27:24", "label": "Corner", "position": "1644495", "team": "not applicable", "visibility": "visible"}, {"gameTime": "1 - 27:33", "label": "Ball out of play", "position": "1653990", "team": "home", "visibility": "not shown"}, {"gameTime": "1 - 27:47", "label": "Throw-in", "position": "1667604", "team": "away", "visibility": "visible"}, {"gameTime": "1 - 27:55", "label": "Foul", "position": "1675369", "team": "home", "visibility": "not shown"}, {"gameTime": "1 - 28:10", "label": "Indirect free-kick", "position": "1690757", "team": "home", "visibility": "visible"}, {"gameTime": "1 - 28:11", "label": "Shots on target", "position": "1691237", "team": "home", "visibility": "visible"}, {"gameTime": "1 - 29:16", "label": "Goal", "position": "1756504", "team": "away", "visibility": "not shown"}, {"gameTime": "1 - 29:42", "label": "Kick-off", "position": "1782482", "team": "not applicable", "visibility": "visible"}, {"gameTime": "1 - 30:04", "label": "Ball out of play", "position": "1804833", "team": "away", "visibility": "visible"}, {"gameTime": "1 - 30:06", "label": "Corner", "position": "1806855", "team": "away", "visibility": "visible"}, {"gameTime": "1 - 30:09", "label": "Shots off target", "position": "1809067", "team": "away", "visibility": "visible"}, {"gameTime": "1 - 30:17", "label": "Shots on target", "position": "1817147", "team": "away", "visibility": "visible"}, {"gameTime": "1 - 30:19", "label": "Shots off target", "position": "1819613", "team": "not applicable", "visibility": "visible"}, {"gameTime": "1 - 30:39", "label": "Ball out of play", "position": "1839061", "team": "home", "visibility": "not shown"}, {"gameTime": "1 - 31:15", "label": "Clearance", "position": "1875108", "team": "not applicable", "visibility": "visible"}, {"gameTime": "1 - 31:23", "label": "Ball out of play", "position": "1883548", "team": "home", "visibility": "visible"}, {"gameTime": "1 - 32:15", "label": "Throw-in", "position": "1935992", "team": "not applicable", "visibility": "visible"}, {"gameTime": "1 - 32:20", "label": "Ball out of play", "position": "1940698", "team": "home", "visibility": "not shown"}, {"gameTime": "1 - 33:36", "label": "Throw-in", "position": "2016784", "team": "not applicable", "visibility": "visible"}, {"gameTime": "1 - 33:47", "label": "Ball out of play", "position": "2027340", "team": "away", "visibility": "visible"}, {"gameTime": "1 - 33:50", "label": "Throw-in", "position": "2030040", "team": "not applicable", "visibility": "visible"}, {"gameTime": "1 - 33:55", "label": "Ball out of play", "position": "2035754", "team": "home", "visibility": "visible"}, {"gameTime": "1 - 34:00", "label": "Throw-in", "position": "2040207", "team": "not applicable", "visibility": "visible"}, {"gameTime": "1 - 34:06", "label": "Ball out of play", "position": "2046517", "team": "home", "visibility": "visible"}, {"gameTime": "1 - 34:40", "label": "Throw-in", "position": "2080277", "team": "not applicable", "visibility": "visible"}, {"gameTime": "1 - 34:48", "label": "Ball out of play", "position": "2088167", "team": "home", "visibility": "not shown"}, {"gameTime": "1 - 35:58", "label": "Throw-in", "position": "2158718", "team": "home", "visibility": "visible"}, {"gameTime": "1 - 36:10", "label": "Foul", "position": "2170500", "team": "away", "visibility": "not shown"}, {"gameTime": "1 - 36:17", "label": "Indirect free-kick", "position": "2177099", "team": "not applicable", "visibility": "visible"}, {"gameTime": "1 - 36:35", "label": "Ball out of play", "position": "2195083", "team": "home", "visibility": "visible"}, {"gameTime": "1 - 39:17", "label": "Throw-in", "position": "2357865", "team": "not applicable", "visibility": "visible"}, {"gameTime": "1 - 39:55", "label": "Ball out of play", "position": "2395901", "team": "away", "visibility": "not shown"}, {"gameTime": "1 - 40:19", "label": "Clearance", "position": "2419834", "team": "not applicable", "visibility": "visible"}, {"gameTime": "1 - 40:29", "label": "Ball out of play", "position": "2429439", "team": "home", "visibility": "visible"}, {"gameTime": "1 - 41:44", "label": "Throw-in", "position": "2504190", "team": "away", "visibility": "visible"}, {"gameTime": "1 - 41:45", "label": "Shots off target", "position": "2505159", "team": "not applicable", "visibility": "visible"}, {"gameTime": "1 - 42:04", "label": "Ball out of play", "position": "2524006", "team": "home", "visibility": "not shown"}, {"gameTime": "1 - 43:06", "label": "Clearance", "position": "2586995", "team": "away", "visibility": "visible"}, {"gameTime": "1 - 43:07", "label": "Shots off target", "position": "2587779", "team": "not applicable", "visibility": "visible"}, {"gameTime": "1 - 43:36", "label": "Ball out of play", "position": "2616139", "team": "away", "visibility": "visible"}, {"gameTime": "1 - 44:30", "label": "Corner", "position": "2670933", "team": "home", "visibility": "visible"}, {"gameTime": "2 - 01:03", "label": "Kick-off", "position": "63779", "team": "not applicable", "visibility": "visible"}, {"gameTime": "2 - 01:12", "label": "Ball out of play", "position": "72786", "team": "away", "visibility": "not shown"}, {"gameTime": "2 - 01:42", "label": "Throw-in", "position": "102976", "team": "not applicable", "visibility": "visible"}, {"gameTime": "2 - 01:55", "label": "Ball out of play", "position": "115601", "team": "home", "visibility": "visible"}, {"gameTime": "2 - 01:57", "label": "Throw-in", "position": "117396", "team": "away", "visibility": "visible"}, {"gameTime": "2 - 02:16", "label": "Foul", "position": "136847", "team": "home", "visibility": "not shown"}, {"gameTime": "2 - 02:41", "label": "Indirect free-kick", "position": "161378", "team": "home", "visibility": "visible"}, {"gameTime": "2 - 02:42", "label": "Shots on target", "position": "162425", "team": "home", "visibility": "visible"}, {"gameTime": "2 - 03:35", "label": "Goal", "position": "215954", "team": "away", "visibility": "not shown"}, {"gameTime": "2 - 04:23", "label": "Kick-off", "position": "263758", "team": "away", "visibility": "visible"}, {"gameTime": "2 - 04:27", "label": "Shots on target", "position": "267151", "team": "not applicable", "visibility": "visible"}, {"gameTime": "2 - 04:49", "label": "Ball out of play", "position": "289083", "team": "away", "visibility": "not shown"}, {"gameTime": "2 - 06:46", "label": "Corner", "position": "406592", "team": "not applicable", "visibility": "visible"}, {"gameTime": "2 - 06:55", "label": "Ball out of play", "position": "415027", "team": "away", "visibility": "not shown"}, {"gameTime": "2 - 06:58", "label": "Throw-in", "position": "418268", "team": "home", "visibility": "visible"}, {"gameTime": "2 - 07:10", "label": "Foul", "position": "430230", "team": "away", "visibility": "visible"}, {"gameTime": "2 - 08:09", "label": "Indirect free-kick", "position": "489386", "team": "away", "visibility": "visible"}, {"gameTime": "2 - 08:33", "label": "Shots off target", "position": "513500", "team": "not applicable", "visibility": "not shown"}, {"gameTime": "2 - 08:42", "label": "Ball out of play", "position": "522356", "team": "home", "visibility": "not shown"}, {"gameTime": "2 - 09:44", "label": "Clearance", "position": "584358", "team": "home", "visibility": "visible"}, {"gameTime": "2 - 10:07", "label": "Foul", "position": "607598", "team": "away", "visibility": "visible"}, {"gameTime": "2 - 12:09", "label": "Indirect free-kick", "position": "729444", "team": "away", "visibility": "visible"}, {"gameTime": "2 - 13:05", "label": "Foul", "position": "785161", "team": "home", "visibility": "visible"}, {"gameTime": "2 - 13:15", "label": "Direct free-kick", "position": "795576", "team": "not applicable", "visibility": "visible"}, {"gameTime": "2 - 13:30", "label": "Ball out of play", "position": "810930", "team": "away", "visibility": "visible"}, {"gameTime": "2 - 13:50", "label": "Substitution", "position": "830050", "team": "away", "visibility": "visible"}, {"gameTime": "2 - 13:53", "label": "Substitution", "position": "833755", "team": "home", "visibility": "not shown"}, {"gameTime": "2 - 15:08", "label": "Throw-in", "position": "908990", "team": "home", "visibility": "visible"}, {"gameTime": "2 - 15:10", "label": "Shots off target", "position": "910138", "team": "not applicable", "visibility": "visible"}, {"gameTime": "2 - 15:38", "label": "Ball out of play", "position": "938595", "team": "away", "visibility": "visible"}, {"gameTime": "2 - 16:33", "label": "Clearance", "position": "993123", "team": "home", "visibility": "visible"}, {"gameTime": "2 - 16:36", "label": "Shots on target", "position": "996739", "team": "not applicable", "visibility": "not shown"}, {"gameTime": "2 - 16:45", "label": "Ball out of play", "position": "1005673", "team": "home", "visibility": "visible"}, {"gameTime": "2 - 16:47", "label": "Throw-in", "position": "1007718", "team": "not applicable", "visibility": "visible"}, {"gameTime": "2 - 16:55", "label": "Ball out of play", "position": "1015511", "team": "home", "visibility": "visible"}, {"gameTime": "2 - 17:26", "label": "Throw-in", "position": "1046090", "team": "not applicable", "visibility": "visible"}, {"gameTime": "2 - 17:49", "label": "Ball out of play", "position": "1069532", "team": "away", "visibility": "not shown"}, {"gameTime": "2 - 18:13", "label": "Throw-in", "position": "1093556", "team": "home", "visibility": "visible"}, {"gameTime": "2 - 19:06", "label": "Foul", "position": "1146292", "team": "away", "visibility": "visible"}, {"gameTime": "2 - 19:20", "label": "Direct free-kick", "position": "1160539", "team": "away", "visibility": "visible"}, {"gameTime": "2 - 19:21", "label": "Shots off target", "position": "1161521", "team": "not applicable", "visibility": "visible"}, {"gameTime": "2 - 19:38", "label": "Ball out of play", "position": "1178600", "team": "home", "visibility": "not shown"}, {"gameTime": "2 - 20:33", "label": "Clearance", "position": "1233319", "team": "home", "visibility": "visible"}, {"gameTime": "2 - 20:50", "label": "Shots on target", "position": "1250060", "team": "not applicable", "visibility": "visible"}, {"gameTime": "2 - 20:58", "label": "Ball out of play", "position": "1258214", "team": "home", "visibility": "not shown"}, {"gameTime": "2 - 21:09", "label": "Throw-in", "position": "1269425", "team": "home", "visibility": "not shown"}, {"gameTime": "2 - 21:38", "label": "Offside", "position": "1298721", "team": "away", "visibility": "visible"}, {"gameTime": "2 - 22:13", "label": "Indirect free-kick", "position": "1333852", "team": "home", "visibility": "visible"}, {"gameTime": "2 - 22:20", "label": "Foul", "position": "1340000", "team": "home", "visibility": "visible"}, {"gameTime": "2 - 23:13", "label": "Yellow card", "position": "1393190", "team": "away", "visibility": "visible"}, {"gameTime": "2 - 23:13", "label": "Shots off target", "position": "1393190", "team": "away", "visibility": "visible"}, {"gameTime": "2 - 23:14", "label": "Direct free-kick", "position": "1394421", "team": "not applicable", "visibility": "visible"}, {"gameTime": "2 - 23:28", "label": "Ball out of play", "position": "1408564", "team": "home", "visibility": "visible"}, {"gameTime": "2 - 23:37", "label": "Clearance", "position": "1417041", "team": "not applicable", "visibility": "visible"}, {"gameTime": "2 - 23:46", "label": "Ball out of play", "position": "1426421", "team": "away", "visibility": "visible"}, {"gameTime": "2 - 24:20", "label": "Throw-in", "position": "1460604", "team": "not applicable", "visibility": "visible"}, {"gameTime": "2 - 24:39", "label": "Ball out of play", "position": "1479664", "team": "home", "visibility": "not shown"}, {"gameTime": "2 - 25:09", "label": "Corner", "position": "1509785", "team": "home", "visibility": "visible"}, {"gameTime": "2 - 25:32", "label": "Shots on target", "position": "1532381", "team": "home", "visibility": "visible"}, {"gameTime": "2 - 25:33", "label": "Shots off target", "position": "1533213", "team": "not applicable", "visibility": "visible"}, {"gameTime": "2 - 25:53", "label": "Ball out of play", "position": "1553129", "team": "away", "visibility": "not shown"}, {"gameTime": "2 - 26:58", "label": "Clearance", "position": "1618439", "team": "not applicable", "visibility": "visible"}, {"gameTime": "2 - 27:02", "label": "Ball out of play", "position": "1622685", "team": "home", "visibility": "not shown"}, {"gameTime": "2 - 27:52", "label": "Throw-in", "position": "1672295", "team": "not applicable", "visibility": "visible"}, {"gameTime": "2 - 28:25", "label": "Ball out of play", "position": "1705486", "team": "away", "visibility": "not shown"}, {"gameTime": "2 - 30:00", "label": "Throw-in", "position": "1800208", "team": "not applicable", "visibility": "visible"}, {"gameTime": "2 - 30:33", "label": "Ball out of play", "position": "1833422", "team": "home", "visibility": "visible"}, {"gameTime": "2 - 30:34", "label": "Corner", "position": "1834725", "team": "home", "visibility": "visible"}, {"gameTime": "2 - 30:35", "label": "Shots off target", "position": "1835201", "team": "not applicable", "visibility": "visible"}, {"gameTime": "2 - 31:22", "label": "Ball out of play", "position": "1882213", "team": "away", "visibility": "visible"}, {"gameTime": "2 - 33:01", "label": "Clearance", "position": "1981894", "team": "away", "visibility": "visible"}, {"gameTime": "2 - 35:18", "label": "Shots on target", "position": "2118018", "team": "home", "visibility": "visible"}, {"gameTime": "2 - 35:40", "label": "Foul", "position": "2140781", "team": "away", "visibility": "visible"}, {"gameTime": "2 - 35:47", "label": "Substitution", "position": "2147606", "team": "home", "visibility": "visible"}, {"gameTime": "2 - 36:06", "label": "Substitution", "position": "2166870", "team": "away", "visibility": "not shown"}, {"gameTime": "2 - 36:10", "label": "Indirect free-kick", "position": "2170843", "team": "away", "visibility": "not shown"}, {"gameTime": "2 - 36:15", "label": "Foul", "position": "2175966", "team": "away", "visibility": "not shown"}, {"gameTime": "2 - 37:12", "label": "Indirect free-kick", "position": "2232313", "team": "not applicable", "visibility": "visible"}, {"gameTime": "2 - 37:21", "label": "Ball out of play", "position": "2241050", "team": "home", "visibility": "visible"}, {"gameTime": "2 - 38:03", "label": "Throw-in", "position": "2283935", "team": "not applicable", "visibility": "visible"}, {"gameTime": "2 - 38:29", "label": "Ball out of play", "position": "2309522", "team": "home", "visibility": "visible"}, {"gameTime": "2 - 38:52", "label": "Substitution", "position": "2332726", "team": "home", "visibility": "not shown"}, {"gameTime": "2 - 39:28", "label": "Throw-in", "position": "2368683", "team": "not applicable", "visibility": "visible"}, {"gameTime": "2 - 39:33", "label": "Ball out of play", "position": "2373315", "team": "away", "visibility": "not shown"}, {"gameTime": "2 - 39:44", "label": "Throw-in", "position": "2384163", "team": "not applicable", "visibility": "visible"}, {"gameTime": "2 - 39:52", "label": "Ball out of play", "position": "2392035", "team": "home", "visibility": "visible"}, {"gameTime": "2 - 41:26", "label": "Clearance", "position": "2486441", "team": "away", "visibility": "visible"}, {"gameTime": "2 - 41:28", "label": "Shots on target", "position": "2488382", "team": "not applicable", "visibility": "visible"}, {"gameTime": "2 - 41:45", "label": "Ball out of play", "position": "2505403", "team": "away", "visibility": "not shown"}, {"gameTime": "2 - 41:49", "label": "Corner", "position": "2509187", "team": "away", "visibility": "visible"}, {"gameTime": "2 - 42:25", "label": "Foul", "position": "2545883", "team": "home", "visibility": "visible"}, {"gameTime": "2 - 42:45", "label": "Indirect free-kick", "position": "2565414", "team": "away", "visibility": "visible"}, {"gameTime": "2 - 43:36", "label": "Foul", "position": "2616968", "team": "home", "visibility": "visible"}, {"gameTime": "2 - 43:40", "label": "Direct free-kick", "position": "2620400", "team": "not applicable", "visibility": "visible"}, {"gameTime": "2 - 44:03", "label": "Ball out of play", "position": "2643363", "team": "away", "visibility": "visible"}, {"gameTime": "2 - 44:07", "label": "Throw-in", "position": "2647589", "team": "not applicable", "visibility": "visible"}, {"gameTime": "2 - 44:08", "label": "Ball out of play", "position": "2648732", "team": "home", "visibility": "visible"}, {"gameTime": "2 - 44:39", "label": "Throw-in", "position": "2679849", "team": "home", "visibility": "visible"}, {"gameTime": "2 - 45:01", "label": "Foul", "position": "2701225", "team": "home", "visibility": "visible"}, {"gameTime": "2 - 45:18", "label": "Substitution", "position": "2718828", "team": "away", "visibility": "not shown"}], "gameAwayTeam": "Montpellier", "gameDate": "22/04/2017 - 18:00", "gameHomeTeam": "Paris SG", "gameScore": "2 - 0"}