{"UrlLocal": "italy_serie-a/2016-2017/2017-05-14 - 16-00 Torino 0 - 5 Napoli/", "UrlYoutube": "", "annotations": [{"gameTime": "1 - 00:04", "label": "Kick-off", "position": "4775", "team": "not applicable", "visibility": "visible"}, {"gameTime": "1 - 00:10", "label": "Ball out of play", "position": "10787", "team": "home", "visibility": "visible"}, {"gameTime": "1 - 01:14", "label": "Throw-in", "position": "74578", "team": "not applicable", "visibility": "visible"}, {"gameTime": "1 - 01:29", "label": "Ball out of play", "position": "89999", "team": "home", "visibility": "visible"}, {"gameTime": "1 - 01:35", "label": "Throw-in", "position": "95700", "team": "not applicable", "visibility": "visible"}, {"gameTime": "1 - 02:03", "label": "Ball out of play", "position": "123615", "team": "away", "visibility": "visible"}, {"gameTime": "1 - 02:35", "label": "Corner", "position": "155345", "team": "not applicable", "visibility": "visible"}, {"gameTime": "1 - 03:40", "label": "Ball out of play", "position": "220188", "team": "home", "visibility": "visible"}, {"gameTime": "1 - 04:21", "label": "Throw-in", "position": "261014", "team": "not applicable", "visibility": "visible"}, {"gameTime": "1 - 04:50", "label": "Ball out of play", "position": "290553", "team": "away", "visibility": "visible"}, {"gameTime": "1 - 06:12", "label": "Corner", "position": "372804", "team": "away", "visibility": "visible"}, {"gameTime": "1 - 06:13", "label": "Shots on target", "position": "373524", "team": "away", "visibility": "visible"}, {"gameTime": "1 - 06:54", "label": "Goal", "position": "414565", "team": "home", "visibility": "not shown"}, {"gameTime": "1 - 07:14", "label": "Kick-off", "position": "434616", "team": "home", "visibility": "visible"}, {"gameTime": "1 - 07:18", "label": "Foul", "position": "438711", "team": "home", "visibility": "visible"}, {"gameTime": "1 - 07:43", "label": "Yellow card", "position": "463607", "team": "away", "visibility": "not shown"}, {"gameTime": "1 - 08:26", "label": "Indirect free-kick", "position": "506930", "team": "not applicable", "visibility": "visible"}, {"gameTime": "1 - 08:34", "label": "Ball out of play", "position": "514016", "team": "away", "visibility": "not shown"}, {"gameTime": "1 - 09:07", "label": "Throw-in", "position": "547452", "team": "away", "visibility": "visible"}, {"gameTime": "1 - 09:19", "label": "Offside", "position": "559053", "team": "home", "visibility": "visible"}, {"gameTime": "1 - 10:15", "label": "Indirect free-kick", "position": "615142", "team": "not applicable", "visibility": "visible"}, {"gameTime": "1 - 10:40", "label": "Ball out of play", "position": "640704", "team": "away", "visibility": "visible"}, {"gameTime": "1 - 12:00", "label": "Corner", "position": "720890", "team": "not applicable", "visibility": "visible"}, {"gameTime": "1 - 12:37", "label": "Ball out of play", "position": "757377", "team": "away", "visibility": "visible"}, {"gameTime": "1 - 12:39", "label": "Corner", "position": "759125", "team": "away", "visibility": "visible"}, {"gameTime": "1 - 12:39", "label": "Shots off target", "position": "759788", "team": "not applicable", "visibility": "visible"}, {"gameTime": "1 - 12:52", "label": "Ball out of play", "position": "772368", "team": "home", "visibility": "visible"}, {"gameTime": "1 - 13:48", "label": "Clearance", "position": "828103", "team": "not applicable", "visibility": "visible"}, {"gameTime": "1 - 13:53", "label": "Ball out of play", "position": "833233", "team": "away", "visibility": "not shown"}, {"gameTime": "1 - 14:25", "label": "Throw-in", "position": "865865", "team": "not applicable", "visibility": "visible"}, {"gameTime": "1 - 14:35", "label": "Ball out of play", "position": "875915", "team": "home", "visibility": "visible"}, {"gameTime": "1 - 15:16", "label": "Throw-in", "position": "916495", "team": "not applicable", "visibility": "visible"}, {"gameTime": "1 - 15:26", "label": "Ball out of play", "position": "926117", "team": "home", "visibility": "visible"}, {"gameTime": "1 - 15:37", "label": "Throw-in", "position": "937116", "team": "away", "visibility": "visible"}, {"gameTime": "1 - 15:45", "label": "Foul", "position": "945199", "team": "home", "visibility": "not shown"}, {"gameTime": "1 - 17:09", "label": "Indirect free-kick", "position": "1029958", "team": "home", "visibility": "visible"}, {"gameTime": "1 - 17:29", "label": "Foul", "position": "1049605", "team": "away", "visibility": "not shown"}, {"gameTime": "1 - 18:04", "label": "Indirect free-kick", "position": "1084771", "team": "away", "visibility": "visible"}, {"gameTime": "1 - 18:05", "label": "Shots off target", "position": "1085549", "team": "not applicable", "visibility": "visible"}, {"gameTime": "1 - 18:28", "label": "Ball out of play", "position": "1108982", "team": "home", "visibility": "visible"}, {"gameTime": "1 - 18:39", "label": "Clearance", "position": "1119749", "team": "not applicable", "visibility": "visible"}, {"gameTime": "1 - 18:44", "label": "Ball out of play", "position": "1124166", "team": "home", "visibility": "visible"}, {"gameTime": "1 - 18:55", "label": "Throw-in", "position": "1135402", "team": "not applicable", "visibility": "visible"}, {"gameTime": "1 - 19:03", "label": "Ball out of play", "position": "1143170", "team": "away", "visibility": "visible"}, {"gameTime": "1 - 19:06", "label": "Throw-in", "position": "1146086", "team": "away", "visibility": "visible"}, {"gameTime": "1 - 19:07", "label": "Shots off target", "position": "1147683", "team": "not applicable", "visibility": "visible"}, {"gameTime": "1 - 19:10", "label": "Ball out of play", "position": "1150898", "team": "home", "visibility": "not shown"}, {"gameTime": "1 - 19:49", "label": "Clearance", "position": "1189564", "team": "not applicable", "visibility": "visible"}, {"gameTime": "1 - 20:08", "label": "Ball out of play", "position": "1208506", "team": "away", "visibility": "not shown"}, {"gameTime": "1 - 20:20", "label": "Clearance", "position": "1220918", "team": "not applicable", "visibility": "visible"}, {"gameTime": "1 - 20:26", "label": "Ball out of play", "position": "1226457", "team": "away", "visibility": "not shown"}, {"gameTime": "1 - 21:04", "label": "Throw-in", "position": "1264230", "team": "away", "visibility": "visible"}, {"gameTime": "1 - 21:08", "label": "Foul", "position": "1268248", "team": "home", "visibility": "not shown"}, {"gameTime": "1 - 22:30", "label": "Indirect free-kick", "position": "1350439", "team": "home", "visibility": "visible"}, {"gameTime": "1 - 22:31", "label": "Shots off target", "position": "1351210", "team": "not applicable", "visibility": "visible"}, {"gameTime": "1 - 22:56", "label": "Ball out of play", "position": "1376691", "team": "away", "visibility": "visible"}, {"gameTime": "1 - 23:57", "label": "Clearance", "position": "1437419", "team": "away", "visibility": "visible"}, {"gameTime": "1 - 25:51", "label": "Shots off target", "position": "1551392", "team": "home", "visibility": "visible"}, {"gameTime": "1 - 28:04", "label": "Shots on target", "position": "1684263", "team": "away", "visibility": "visible"}, {"gameTime": "1 - 28:05", "label": "Shots on target", "position": "1685571", "team": "not applicable", "visibility": "visible"}, {"gameTime": "1 - 28:33", "label": "Ball out of play", "position": "1713401", "team": "away", "visibility": "visible"}, {"gameTime": "1 - 28:34", "label": "Corner", "position": "1714788", "team": "away", "visibility": "visible"}, {"gameTime": "1 - 29:09", "label": "Foul", "position": "1749713", "team": "home", "visibility": "visible"}, {"gameTime": "1 - 29:58", "label": "Indirect free-kick", "position": "1798392", "team": "home", "visibility": "visible"}, {"gameTime": "1 - 30:14", "label": "Offside", "position": "1814123", "team": "away", "visibility": "not shown"}, {"gameTime": "1 - 30:30", "label": "Indirect free-kick", "position": "1830786", "team": "away", "visibility": "visible"}, {"gameTime": "1 - 30:32", "label": "Shots off target", "position": "1832118", "team": "not applicable", "visibility": "visible"}, {"gameTime": "1 - 30:39", "label": "Ball out of play", "position": "1839830", "team": "home", "visibility": "not shown"}, {"gameTime": "1 - 31:41", "label": "Clearance", "position": "1901484", "team": "away", "visibility": "visible"}, {"gameTime": "1 - 31:41", "label": "Shots off target", "position": "1901996", "team": "not applicable", "visibility": "visible"}, {"gameTime": "1 - 31:48", "label": "Ball out of play", "position": "1908861", "team": "home", "visibility": "not shown"}, {"gameTime": "1 - 32:19", "label": "Clearance", "position": "1939350", "team": "not applicable", "visibility": "visible"}, {"gameTime": "1 - 32:41", "label": "Ball out of play", "position": "1961675", "team": "away", "visibility": "visible"}, {"gameTime": "1 - 34:02", "label": "Throw-in", "position": "2042075", "team": "not applicable", "visibility": "visible"}, {"gameTime": "1 - 34:32", "label": "Ball out of play", "position": "2072204", "team": "away", "visibility": "visible"}, {"gameTime": "1 - 37:26", "label": "Clearance", "position": "2246196", "team": "away", "visibility": "visible"}, {"gameTime": "1 - 37:38", "label": "Offside", "position": "2258082", "team": "home", "visibility": "visible"}, {"gameTime": "1 - 38:46", "label": "Indirect free-kick", "position": "2326289", "team": "home", "visibility": "visible"}, {"gameTime": "1 - 38:52", "label": "Shots off target", "position": "2332824", "team": "home", "visibility": "visible"}, {"gameTime": "1 - 38:53", "label": "Shots off target", "position": "2333963", "team": "not applicable", "visibility": "visible"}, {"gameTime": "1 - 39:25", "label": "Ball out of play", "position": "2365551", "team": "away", "visibility": "visible"}, {"gameTime": "1 - 39:35", "label": "Clearance", "position": "2375188", "team": "not applicable", "visibility": "visible"}, {"gameTime": "1 - 39:39", "label": "Ball out of play", "position": "2379519", "team": "home", "visibility": "not shown"}, {"gameTime": "1 - 40:26", "label": "Throw-in", "position": "2426837", "team": "home", "visibility": "visible"}, {"gameTime": "1 - 40:27", "label": "Shots off target", "position": "2427722", "team": "not applicable", "visibility": "visible"}, {"gameTime": "1 - 40:58", "label": "Ball out of play", "position": "2458432", "team": "away", "visibility": "not shown"}, {"gameTime": "1 - 41:09", "label": "Clearance", "position": "2469290", "team": "home", "visibility": "visible"}, {"gameTime": "1 - 41:26", "label": "Foul", "position": "2486273", "team": "away", "visibility": "visible"}, {"gameTime": "1 - 42:13", "label": "Indirect free-kick", "position": "2533176", "team": "away", "visibility": "not shown"}, {"gameTime": "1 - 42:23", "label": "Offside", "position": "2543623", "team": "home", "visibility": "not shown"}, {"gameTime": "1 - 43:04", "label": "Indirect free-kick", "position": "2584797", "team": "away", "visibility": "visible"}, {"gameTime": "1 - 43:22", "label": "Offside", "position": "2602305", "team": "home", "visibility": "not shown"}, {"gameTime": "1 - 43:53", "label": "Indirect free-kick", "position": "2633733", "team": "not applicable", "visibility": "visible"}, {"gameTime": "1 - 44:14", "label": "Ball out of play", "position": "2654322", "team": "away", "visibility": "visible"}, {"gameTime": "1 - 44:28", "label": "Throw-in", "position": "2668708", "team": "not applicable", "visibility": "visible"}, {"gameTime": "1 - 44:38", "label": "Ball out of play", "position": "2678100", "team": "home", "visibility": "visible"}, {"gameTime": "2 - 00:08", "label": "Kick-off", "position": "8925", "team": "home", "visibility": "visible"}, {"gameTime": "2 - 00:26", "label": "Foul", "position": "26833", "team": "away", "visibility": "visible"}, {"gameTime": "2 - 01:01", "label": "Indirect free-kick", "position": "61883", "team": "not applicable", "visibility": "visible"}, {"gameTime": "2 - 01:04", "label": "Ball out of play", "position": "64283", "team": "home", "visibility": "not shown"}, {"gameTime": "2 - 02:32", "label": "Throw-in", "position": "152112", "team": "home", "visibility": "visible"}, {"gameTime": "2 - 04:30", "label": "Shots on target", "position": "270262", "team": "not applicable", "visibility": "visible"}, {"gameTime": "2 - 04:39", "label": "Ball out of play", "position": "279229", "team": "away", "visibility": "visible"}, {"gameTime": "2 - 04:59", "label": "Throw-in", "position": "299549", "team": "not applicable", "visibility": "visible"}, {"gameTime": "2 - 05:05", "label": "Ball out of play", "position": "305404", "team": "home", "visibility": "not shown"}, {"gameTime": "2 - 05:55", "label": "Clearance", "position": "355274", "team": "not applicable", "visibility": "visible"}, {"gameTime": "2 - 06:14", "label": "Ball out of play", "position": "374917", "team": "home", "visibility": "visible"}, {"gameTime": "2 - 06:24", "label": "Substitution", "position": "384624", "team": "home", "visibility": "not shown"}, {"gameTime": "2 - 07:05", "label": "Clearance", "position": "425551", "team": "home", "visibility": "visible"}, {"gameTime": "2 - 07:10", "label": "Foul", "position": "430235", "team": "home", "visibility": "not shown"}, {"gameTime": "2 - 07:35", "label": "Yellow card", "position": "455285", "team": "away", "visibility": "not shown"}, {"gameTime": "2 - 08:30", "label": "Indirect free-kick", "position": "510107", "team": "away", "visibility": "visible"}, {"gameTime": "2 - 08:36", "label": "Offside", "position": "516221", "team": "home", "visibility": "not shown"}, {"gameTime": "2 - 08:47", "label": "Indirect free-kick", "position": "527742", "team": "away", "visibility": "visible"}, {"gameTime": "2 - 08:52", "label": "Foul", "position": "532680", "team": "home", "visibility": "not shown"}, {"gameTime": "2 - 09:28", "label": "Indirect free-kick", "position": "568003", "team": "not applicable", "visibility": "visible"}, {"gameTime": "2 - 09:34", "label": "Ball out of play", "position": "574465", "team": "home", "visibility": "visible"}, {"gameTime": "2 - 10:22", "label": "Throw-in", "position": "622245", "team": "home", "visibility": "visible"}, {"gameTime": "2 - 10:23", "label": "Shots off target", "position": "623124", "team": "not applicable", "visibility": "visible"}, {"gameTime": "2 - 10:31", "label": "Ball out of play", "position": "631072", "team": "away", "visibility": "visible"}, {"gameTime": "2 - 11:21", "label": "Yellow card", "position": "681856", "team": "away", "visibility": "not shown"}, {"gameTime": "2 - 11:34", "label": "Clearance", "position": "694863", "team": "not applicable", "visibility": "visible"}, {"gameTime": "2 - 11:40", "label": "Ball out of play", "position": "700729", "team": "home", "visibility": "not shown"}, {"gameTime": "2 - 12:09", "label": "Clearance", "position": "729093", "team": "not applicable", "visibility": "visible"}, {"gameTime": "2 - 12:46", "label": "Ball out of play", "position": "766017", "team": "away", "visibility": "visible"}, {"gameTime": "2 - 12:47", "label": "Corner", "position": "767739", "team": "away", "visibility": "visible"}, {"gameTime": "2 - 12:48", "label": "Shots off target", "position": "768734", "team": "not applicable", "visibility": "visible"}, {"gameTime": "2 - 13:07", "label": "Ball out of play", "position": "787068", "team": "home", "visibility": "visible"}, {"gameTime": "2 - 13:14", "label": "Substitution", "position": "794393", "team": "home", "visibility": "not shown"}, {"gameTime": "2 - 14:04", "label": "Clearance", "position": "844108", "team": "away", "visibility": "visible"}, {"gameTime": "2 - 14:04", "label": "Shots on target", "position": "844675", "team": "away", "visibility": "visible"}, {"gameTime": "2 - 15:05", "label": "Goal", "position": "905751", "team": "home", "visibility": "visible"}, {"gameTime": "2 - 15:24", "label": "Kick-off", "position": "924329", "team": "not applicable", "visibility": "visible"}, {"gameTime": "2 - 15:31", "label": "Ball out of play", "position": "931897", "team": "away", "visibility": "visible"}, {"gameTime": "2 - 15:50", "label": "Throw-in", "position": "950092", "team": "home", "visibility": "visible"}, {"gameTime": "2 - 16:29", "label": "Foul", "position": "989214", "team": "away", "visibility": "not shown"}, {"gameTime": "2 - 16:44", "label": "Indirect free-kick", "position": "1004327", "team": "away", "visibility": "visible"}, {"gameTime": "2 - 17:39", "label": "Shots on target", "position": "1059567", "team": "not applicable", "visibility": "visible"}, {"gameTime": "2 - 18:19", "label": "Ball out of play", "position": "1099416", "team": "away", "visibility": "visible"}, {"gameTime": "2 - 18:29", "label": "Substitution", "position": "1109305", "team": "home", "visibility": "visible"}, {"gameTime": "2 - 18:51", "label": "Throw-in", "position": "1131383", "team": "home", "visibility": "visible"}, {"gameTime": "2 - 19:19", "label": "Foul", "position": "1159443", "team": "away", "visibility": "visible"}, {"gameTime": "2 - 20:00", "label": "Indirect free-kick", "position": "1200141", "team": "not applicable", "visibility": "visible"}, {"gameTime": "2 - 20:40", "label": "Ball out of play", "position": "1240971", "team": "away", "visibility": "visible"}, {"gameTime": "2 - 20:47", "label": "Substitution", "position": "1247977", "team": "away", "visibility": "visible"}, {"gameTime": "2 - 21:18", "label": "Throw-in", "position": "1278137", "team": "home", "visibility": "visible"}, {"gameTime": "2 - 21:24", "label": "Foul", "position": "1284970", "team": "away", "visibility": "not shown"}, {"gameTime": "2 - 22:38", "label": "Indirect free-kick", "position": "1358282", "team": "home", "visibility": "visible"}, {"gameTime": "2 - 22:59", "label": "Foul", "position": "1379874", "team": "away", "visibility": "not shown"}, {"gameTime": "2 - 25:38", "label": "Indirect free-kick", "position": "1538868", "team": "away", "visibility": "visible"}, {"gameTime": "2 - 25:45", "label": "Foul", "position": "1545867", "team": "home", "visibility": "not shown"}, {"gameTime": "2 - 26:26", "label": "Indirect free-kick", "position": "1586999", "team": "away", "visibility": "visible"}, {"gameTime": "2 - 26:27", "label": "Shots on target", "position": "1587639", "team": "away", "visibility": "visible"}, {"gameTime": "2 - 27:14", "label": "Goal", "position": "1634582", "team": "home", "visibility": "not shown"}, {"gameTime": "2 - 27:25", "label": "Kick-off", "position": "1645554", "team": "away", "visibility": "visible"}, {"gameTime": "2 - 27:34", "label": "Foul", "position": "1654243", "team": "home", "visibility": "not shown"}, {"gameTime": "2 - 28:07", "label": "Indirect free-kick", "position": "1687313", "team": "not applicable", "visibility": "visible"}, {"gameTime": "2 - 28:09", "label": "Ball out of play", "position": "1689386", "team": "home", "visibility": "visible"}, {"gameTime": "2 - 29:00", "label": "Throw-in", "position": "1740535", "team": "away", "visibility": "visible"}, {"gameTime": "2 - 29:01", "label": "Shots off target", "position": "1741156", "team": "not applicable", "visibility": "visible"}, {"gameTime": "2 - 29:29", "label": "Ball out of play", "position": "1769763", "team": "away", "visibility": "visible"}, {"gameTime": "2 - 29:37", "label": "Corner", "position": "1777467", "team": "not applicable", "visibility": "not shown"}, {"gameTime": "2 - 29:50", "label": "Ball out of play", "position": "1790131", "team": "home", "visibility": "visible"}, {"gameTime": "2 - 29:59", "label": "Substitution", "position": "1799914", "team": "away", "visibility": "not shown"}, {"gameTime": "2 - 30:41", "label": "Throw-in", "position": "1841155", "team": "away", "visibility": "visible"}, {"gameTime": "2 - 30:41", "label": "Shots on target", "position": "1841516", "team": "away", "visibility": "visible"}, {"gameTime": "2 - 31:30", "label": "Goal", "position": "1890117", "team": "home", "visibility": "not shown"}, {"gameTime": "2 - 31:57", "label": "Kick-off", "position": "1917521", "team": "away", "visibility": "visible"}, {"gameTime": "2 - 32:07", "label": "Foul", "position": "1927405", "team": "home", "visibility": "not shown"}, {"gameTime": "2 - 32:11", "label": "Indirect free-kick", "position": "1931810", "team": "not applicable", "visibility": "visible"}, {"gameTime": "2 - 32:16", "label": "Ball out of play", "position": "1936849", "team": "away", "visibility": "not shown"}, {"gameTime": "2 - 32:43", "label": "Throw-in", "position": "1963541", "team": "away", "visibility": "visible"}, {"gameTime": "2 - 32:44", "label": "Shots on target", "position": "1964175", "team": "away", "visibility": "visible"}, {"gameTime": "2 - 33:30", "label": "Goal", "position": "2010466", "team": "home", "visibility": "not shown"}, {"gameTime": "2 - 33:43", "label": "Kick-off", "position": "2023884", "team": "home", "visibility": "visible"}, {"gameTime": "2 - 34:05", "label": "Offside", "position": "2045307", "team": "away", "visibility": "visible"}, {"gameTime": "2 - 35:29", "label": "Indirect free-kick", "position": "2129067", "team": "home", "visibility": "visible"}, {"gameTime": "2 - 35:29", "label": "Shots on target", "position": "2129864", "team": "not applicable", "visibility": "visible"}, {"gameTime": "2 - 36:12", "label": "Ball out of play", "position": "2172061", "team": "away", "visibility": "not shown"}, {"gameTime": "2 - 36:26", "label": "Substitution", "position": "2186622", "team": "home", "visibility": "visible"}, {"gameTime": "2 - 36:42", "label": "Corner", "position": "2202358", "team": "home", "visibility": "visible"}, {"gameTime": "2 - 36:43", "label": "Shots off target", "position": "2203483", "team": "not applicable", "visibility": "visible"}, {"gameTime": "2 - 36:56", "label": "Ball out of play", "position": "2216932", "team": "away", "visibility": "not shown"}, {"gameTime": "2 - 38:27", "label": "Clearance", "position": "2307757", "team": "home", "visibility": "visible"}, {"gameTime": "2 - 38:44", "label": "Foul", "position": "2324852", "team": "away", "visibility": "not shown"}, {"gameTime": "2 - 39:01", "label": "Indirect free-kick", "position": "2341175", "team": "not applicable", "visibility": "visible"}, {"gameTime": "2 - 39:12", "label": "Ball out of play", "position": "2352268", "team": "home", "visibility": "not shown"}, {"gameTime": "2 - 40:23", "label": "Throw-in", "position": "2423338", "team": "not applicable", "visibility": "visible"}, {"gameTime": "2 - 40:47", "label": "Ball out of play", "position": "2447841", "team": "home", "visibility": "not shown"}, {"gameTime": "2 - 42:21", "label": "Clearance", "position": "2541477", "team": "not applicable", "visibility": "visible"}, {"gameTime": "2 - 42:45", "label": "Ball out of play", "position": "2565060", "team": "home", "visibility": "visible"}, {"gameTime": "2 - 43:14", "label": "Corner", "position": "2594003", "team": "away", "visibility": "visible"}, {"gameTime": "2 - 43:24", "label": "Foul", "position": "2604772", "team": "home", "visibility": "not shown"}], "gameAwayTeam": "Napoli", "gameDate": "14/05/2017 - 16:00", "gameHomeTeam": "Torino", "gameScore": "0 - 5"}