{"UrlLocal": "italy_serie-a/2016-2017/2016-10-15 - 16-00 Napoli 1 - 3 AS Roma/", "UrlYoutube": "", "annotations": [{"gameTime": "1 - 00:00", "label": "Ball out of play", "position": "173", "team": "away", "visibility": "not shown"}, {"gameTime": "1 - 00:43", "label": "Throw-in", "position": "43309", "team": "not applicable", "visibility": "visible"}, {"gameTime": "1 - 01:04", "label": "Ball out of play", "position": "64477", "team": "home", "visibility": "visible"}, {"gameTime": "1 - 01:08", "label": "Throw-in", "position": "68610", "team": "not applicable", "visibility": "not shown"}, {"gameTime": "1 - 01:13", "label": "Foul", "position": "73054", "team": "away", "visibility": "not shown"}, {"gameTime": "1 - 01:28", "label": "Direct free-kick", "position": "88563", "team": "away", "visibility": "visible"}, {"gameTime": "1 - 02:04", "label": "Foul", "position": "124826", "team": "home", "visibility": "visible"}, {"gameTime": "1 - 02:24", "label": "Indirect free-kick", "position": "144858", "team": "home", "visibility": "visible"}, {"gameTime": "1 - 02:51", "label": "Foul", "position": "171116", "team": "away", "visibility": "visible"}, {"gameTime": "1 - 03:18", "label": "Direct free-kick", "position": "198379", "team": "away", "visibility": "visible"}, {"gameTime": "1 - 04:23", "label": "Shots off target", "position": "263617", "team": "home", "visibility": "visible"}, {"gameTime": "1 - 04:23", "label": "Clearance", "position": "263617", "team": "home", "visibility": "visible"}, {"gameTime": "1 - 04:38", "label": "Shots off target", "position": "278565", "team": "away", "visibility": "not shown"}, {"gameTime": "1 - 04:57", "label": "Ball out of play", "position": "297202", "team": "away", "visibility": "visible"}, {"gameTime": "1 - 04:57", "label": "Clearance", "position": "297679", "team": "not applicable", "visibility": "visible"}, {"gameTime": "1 - 05:25", "label": "Ball out of play", "position": "325356", "team": "home", "visibility": "visible"}, {"gameTime": "1 - 06:00", "label": "Clearance", "position": "360458", "team": "not applicable", "visibility": "visible"}, {"gameTime": "1 - 06:17", "label": "Ball out of play", "position": "377355", "team": "away", "visibility": "not shown"}, {"gameTime": "1 - 07:44", "label": "Clearance", "position": "464150", "team": "not applicable", "visibility": "visible"}, {"gameTime": "1 - 08:08", "label": "Foul", "position": "488243", "team": "away", "visibility": "visible"}, {"gameTime": "1 - 09:07", "label": "Indirect free-kick", "position": "547933", "team": "away", "visibility": "visible"}, {"gameTime": "1 - 09:14", "label": "Foul", "position": "554114", "team": "home", "visibility": "not shown"}, {"gameTime": "1 - 09:24", "label": "Direct free-kick", "position": "564146", "team": "away", "visibility": "visible"}, {"gameTime": "1 - 10:27", "label": "Shots off target", "position": "627440", "team": "home", "visibility": "visible"}, {"gameTime": "1 - 10:28", "label": "Ball out of play", "position": "628722", "team": "home", "visibility": "visible"}, {"gameTime": "1 - 10:32", "label": "Clearance", "position": "632305", "team": "not applicable", "visibility": "visible"}, {"gameTime": "1 - 10:45", "label": "Shots off target", "position": "645001", "team": "away", "visibility": "visible"}, {"gameTime": "1 - 13:36", "label": "Ball out of play", "position": "816413", "team": "home", "visibility": "visible"}, {"gameTime": "1 - 13:37", "label": "Clearance", "position": "817943", "team": "not applicable", "visibility": "visible"}, {"gameTime": "1 - 13:50", "label": "Ball out of play", "position": "830113", "team": "away", "visibility": "not shown"}, {"gameTime": "1 - 14:00", "label": "Throw-in", "position": "840877", "team": "not applicable", "visibility": "visible"}, {"gameTime": "1 - 14:06", "label": "Ball out of play", "position": "846135", "team": "home", "visibility": "visible"}, {"gameTime": "1 - 14:22", "label": "Corner", "position": "862074", "team": "not applicable", "visibility": "visible"}, {"gameTime": "1 - 14:59", "label": "Ball out of play", "position": "899763", "team": "away", "visibility": "visible"}, {"gameTime": "1 - 15:12", "label": "Throw-in", "position": "912542", "team": "not applicable", "visibility": "visible"}, {"gameTime": "1 - 15:16", "label": "Ball out of play", "position": "916010", "team": "home", "visibility": "visible"}, {"gameTime": "1 - 15:44", "label": "Throw-in", "position": "944573", "team": "not applicable", "visibility": "visible"}, {"gameTime": "1 - 15:50", "label": "Shots off target", "position": "950190", "team": "home", "visibility": "not shown"}, {"gameTime": "1 - 16:21", "label": "Ball out of play", "position": "981543", "team": "home", "visibility": "visible"}, {"gameTime": "1 - 16:21", "label": "Clearance", "position": "981978", "team": "not applicable", "visibility": "visible"}, {"gameTime": "1 - 16:36", "label": "Ball out of play", "position": "996257", "team": "away", "visibility": "visible"}, {"gameTime": "1 - 17:51", "label": "Throw-in", "position": "1071511", "team": "not applicable", "visibility": "not shown"}, {"gameTime": "1 - 17:57", "label": "Shots off target", "position": "1077115", "team": "away", "visibility": "visible"}, {"gameTime": "1 - 20:12", "label": "Ball out of play", "position": "1212093", "team": "away", "visibility": "visible"}, {"gameTime": "1 - 20:13", "label": "Clearance", "position": "1213092", "team": "not applicable", "visibility": "visible"}, {"gameTime": "1 - 20:35", "label": "Shots off target", "position": "1235054", "team": "home", "visibility": "not shown"}, {"gameTime": "1 - 20:55", "label": "Ball out of play", "position": "1255094", "team": "away", "visibility": "visible"}, {"gameTime": "1 - 20:56", "label": "Clearance", "position": "1256129", "team": "not applicable", "visibility": "visible"}, {"gameTime": "1 - 21:27", "label": "Shots on target", "position": "1287498", "team": "home", "visibility": "visible"}, {"gameTime": "1 - 21:39", "label": "Foul", "position": "1299819", "team": "away", "visibility": "visible"}, {"gameTime": "1 - 21:58", "label": "Indirect free-kick", "position": "1318303", "team": "away", "visibility": "visible"}, {"gameTime": "1 - 22:02", "label": "Ball out of play", "position": "1322489", "team": "home", "visibility": "not shown"}, {"gameTime": "1 - 22:20", "label": "Corner", "position": "1340838", "team": "not applicable", "visibility": "visible"}, {"gameTime": "1 - 22:49", "label": "Ball out of play", "position": "1369196", "team": "home", "visibility": "not shown"}, {"gameTime": "1 - 22:53", "label": "Corner", "position": "1373989", "team": "not applicable", "visibility": "visible"}, {"gameTime": "1 - 23:24", "label": "Shots on target", "position": "1404297", "team": "home", "visibility": "visible"}, {"gameTime": "1 - 24:13", "label": "Shots on target", "position": "1453613", "team": "home", "visibility": "visible"}, {"gameTime": "1 - 24:15", "label": "Shots on target", "position": "1455912", "team": "home", "visibility": "visible"}, {"gameTime": "1 - 24:18", "label": "Ball out of play", "position": "1458867", "team": "home", "visibility": "visible"}, {"gameTime": "1 - 25:43", "label": "Throw-in", "position": "1543639", "team": "not applicable", "visibility": "visible"}, {"gameTime": "1 - 25:52", "label": "Shots on target", "position": "1552572", "team": "home", "visibility": "not shown"}, {"gameTime": "1 - 26:35", "label": "Foul", "position": "1595909", "team": "away", "visibility": "visible"}, {"gameTime": "1 - 28:04", "label": "Indirect free-kick", "position": "1684089", "team": "away", "visibility": "visible"}, {"gameTime": "1 - 28:17", "label": "Offside", "position": "1697599", "team": "home", "visibility": "visible"}, {"gameTime": "1 - 28:47", "label": "Indirect free-kick", "position": "1727638", "team": "home", "visibility": "visible"}, {"gameTime": "1 - 29:09", "label": "Ball out of play", "position": "1749027", "team": "away", "visibility": "visible"}, {"gameTime": "1 - 29:26", "label": "Throw-in", "position": "1766706", "team": "not applicable", "visibility": "visible"}, {"gameTime": "1 - 29:31", "label": "Shots on target", "position": "1771945", "team": "away", "visibility": "visible"}, {"gameTime": "1 - 29:45", "label": "Ball out of play", "position": "1785883", "team": "home", "visibility": "visible"}, {"gameTime": "1 - 29:47", "label": "Corner", "position": "1787030", "team": "not applicable", "visibility": "visible"}, {"gameTime": "1 - 30:19", "label": "Shots off target", "position": "1819952", "team": "home", "visibility": "visible"}, {"gameTime": "1 - 30:23", "label": "Ball out of play", "position": "1823799", "team": "home", "visibility": "visible"}, {"gameTime": "1 - 30:24", "label": "Clearance", "position": "1824958", "team": "not applicable", "visibility": "not shown"}, {"gameTime": "1 - 30:40", "label": "Ball out of play", "position": "1840701", "team": "away", "visibility": "visible"}, {"gameTime": "1 - 33:03", "label": "Corner", "position": "1983749", "team": "not applicable", "visibility": "visible"}, {"gameTime": "1 - 33:37", "label": "Shots on target", "position": "2017909", "team": "home", "visibility": "visible"}, {"gameTime": "1 - 34:02", "label": "Ball out of play", "position": "2042543", "team": "home", "visibility": "visible"}, {"gameTime": "1 - 34:03", "label": "Corner", "position": "2043599", "team": "not applicable", "visibility": "visible"}, {"gameTime": "1 - 34:33", "label": "Ball out of play", "position": "2073091", "team": "home", "visibility": "visible"}, {"gameTime": "1 - 34:44", "label": "Throw-in", "position": "2084178", "team": "not applicable", "visibility": "visible"}, {"gameTime": "1 - 35:08", "label": "Offside", "position": "2108165", "team": "away", "visibility": "not shown"}, {"gameTime": "1 - 35:32", "label": "Indirect free-kick", "position": "2132156", "team": "home", "visibility": "not shown"}, {"gameTime": "1 - 35:45", "label": "Ball out of play", "position": "2145144", "team": "away", "visibility": "not shown"}, {"gameTime": "1 - 37:17", "label": "Clearance", "position": "2237408", "team": "not applicable", "visibility": "visible"}, {"gameTime": "1 - 37:35", "label": "Foul", "position": "2255476", "team": "away", "visibility": "not shown"}, {"gameTime": "1 - 38:33", "label": "Indirect free-kick", "position": "2313177", "team": "away", "visibility": "visible"}, {"gameTime": "1 - 38:45", "label": "Foul", "position": "2325348", "team": "home", "visibility": "not shown"}, {"gameTime": "1 - 39:38", "label": "Indirect free-kick", "position": "2378946", "team": "away", "visibility": "visible"}, {"gameTime": "1 - 39:54", "label": "Ball out of play", "position": "2394509", "team": "home", "visibility": "visible"}, {"gameTime": "1 - 40:23", "label": "Clearance", "position": "2423461", "team": "not applicable", "visibility": "visible"}, {"gameTime": "1 - 40:49", "label": "Ball out of play", "position": "2449905", "team": "away", "visibility": "visible"}, {"gameTime": "1 - 41:18", "label": "Throw-in", "position": "2478748", "team": "not applicable", "visibility": "visible"}, {"gameTime": "1 - 41:25", "label": "Shots on target", "position": "2485775", "team": "away", "visibility": "not shown"}, {"gameTime": "1 - 41:52", "label": "Shots on target", "position": "2512817", "team": "home", "visibility": "visible"}, {"gameTime": "1 - 42:31", "label": "Goal", "position": "2551175", "team": "away", "visibility": "visible"}, {"gameTime": "1 - 42:31", "label": "Kick-off", "position": "2551692", "team": "away", "visibility": "visible"}, {"gameTime": "1 - 43:34", "label": "Ball out of play", "position": "2614193", "team": "home", "visibility": "visible"}, {"gameTime": "1 - 44:15", "label": "Throw-in", "position": "2655214", "team": "not applicable", "visibility": "visible"}, {"gameTime": "1 - 44:31", "label": "Ball out of play", "position": "2671781", "team": "away", "visibility": "not shown"}, {"gameTime": "1 - 44:45", "label": "Clearance", "position": "2685542", "team": "not applicable", "visibility": "visible"}, {"gameTime": "1 - 44:53", "label": "Ball out of play", "position": "2693449", "team": "away", "visibility": "not shown"}, {"gameTime": "1 - 45:06", "label": "Throw-in", "position": "2706605", "team": "not applicable", "visibility": "visible"}, {"gameTime": "1 - 45:12", "label": "Ball out of play", "position": "2712940", "team": "home", "visibility": "visible"}, {"gameTime": "1 - 45:21", "label": "Throw-in", "position": "2721201", "team": "not applicable", "visibility": "visible"}, {"gameTime": "1 - 45:26", "label": "Shots on target", "position": "2726080", "team": "home", "visibility": "not shown"}, {"gameTime": "1 - 45:37", "label": "Foul", "position": "2737816", "team": "away", "visibility": "visible"}, {"gameTime": "1 - 45:40", "label": "Yellow card", "position": "2740702", "team": "away", "visibility": "visible"}, {"gameTime": "1 - 45:44", "label": "Indirect free-kick", "position": "2744424", "team": "away", "visibility": "visible"}, {"gameTime": "1 - 46:29", "label": "Indirect free-kick", "position": "2789133", "team": "home", "visibility": "visible"}, {"gameTime": "2 - 00:01", "label": "Shots on target", "position": "1241", "team": "home", "visibility": "visible"}, {"gameTime": "2 - 00:15", "label": "Foul", "position": "15945", "team": "away", "visibility": "visible"}, {"gameTime": "2 - 00:21", "label": "Indirect free-kick", "position": "21539", "team": "home", "visibility": "visible"}, {"gameTime": "2 - 00:34", "label": "Foul", "position": "34802", "team": "away", "visibility": "not shown"}, {"gameTime": "2 - 01:18", "label": "Indirect free-kick", "position": "78536", "team": "away", "visibility": "visible"}, {"gameTime": "2 - 01:35", "label": "Ball out of play", "position": "95511", "team": "home", "visibility": "not shown"}, {"gameTime": "2 - 03:01", "label": "Throw-in", "position": "181701", "team": "not applicable", "visibility": "visible"}, {"gameTime": "2 - 03:16", "label": "Ball out of play", "position": "196753", "team": "away", "visibility": "not shown"}, {"gameTime": "2 - 03:54", "label": "Clearance", "position": "234453", "team": "not applicable", "visibility": "visible"}, {"gameTime": "2 - 04:09", "label": "Foul", "position": "249480", "team": "home", "visibility": "visible"}, {"gameTime": "2 - 04:22", "label": "Yellow card", "position": "262292", "team": "away", "visibility": "visible"}, {"gameTime": "2 - 04:25", "label": "Indirect free-kick", "position": "265194", "team": "away", "visibility": "visible"}, {"gameTime": "2 - 04:48", "label": "Ball out of play", "position": "288370", "team": "home", "visibility": "not shown"}, {"gameTime": "2 - 06:00", "label": "Throw-in", "position": "360159", "team": "not applicable", "visibility": "visible"}, {"gameTime": "2 - 06:02", "label": "Shots on target", "position": "362465", "team": "home", "visibility": "visible"}, {"gameTime": "2 - 06:59", "label": "Foul", "position": "419850", "team": "home", "visibility": "visible"}, {"gameTime": "2 - 07:20", "label": "Yellow card", "position": "440900", "team": "home", "visibility": "visible"}, {"gameTime": "2 - 07:50", "label": "Direct free-kick", "position": "470000", "team": "home", "visibility": "not shown"}, {"gameTime": "2 - 08:23", "label": "Shots on target", "position": "503175", "team": "away", "visibility": "visible"}, {"gameTime": "2 - 08:24", "label": "Goal", "position": "504961", "team": "away", "visibility": "visible"}, {"gameTime": "2 - 08:25", "label": "Kick-off", "position": "505373", "team": "away", "visibility": "visible"}, {"gameTime": "2 - 09:31", "label": "Ball out of play", "position": "571228", "team": "home", "visibility": "not shown"}, {"gameTime": "2 - 09:53", "label": "Throw-in", "position": "593891", "team": "not applicable", "visibility": "visible"}, {"gameTime": "2 - 10:01", "label": "Ball out of play", "position": "601248", "team": "home", "visibility": "visible"}, {"gameTime": "2 - 10:38", "label": "Substitution", "position": "638136", "team": "not applicable", "visibility": "visible"}, {"gameTime": "2 - 10:45", "label": "Ball out of play", "position": "645644", "team": "home", "visibility": "not shown"}, {"gameTime": "2 - 11:21", "label": "Throw-in", "position": "681372", "team": "not applicable", "visibility": "visible"}, {"gameTime": "2 - 11:33", "label": "Ball out of play", "position": "693623", "team": "away", "visibility": "not shown"}, {"gameTime": "2 - 12:10", "label": "Corner", "position": "730540", "team": "not applicable", "visibility": "visible"}, {"gameTime": "2 - 12:43", "label": "Shots on target", "position": "763813", "team": "home", "visibility": "visible"}, {"gameTime": "2 - 12:45", "label": "Goal", "position": "765154", "team": "home", "visibility": "visible"}, {"gameTime": "2 - 12:45", "label": "Kick-off", "position": "765475", "team": "home", "visibility": "visible"}, {"gameTime": "2 - 13:31", "label": "Ball out of play", "position": "811106", "team": "away", "visibility": "visible"}, {"gameTime": "2 - 13:37", "label": "Throw-in", "position": "817236", "team": "not applicable", "visibility": "visible"}, {"gameTime": "2 - 13:41", "label": "Foul", "position": "821413", "team": "home", "visibility": "not shown"}, {"gameTime": "2 - 15:38", "label": "Indirect free-kick", "position": "938360", "team": "away", "visibility": "visible"}, {"gameTime": "2 - 16:16", "label": "Ball out of play", "position": "976848", "team": "home", "visibility": "not shown"}, {"gameTime": "2 - 16:39", "label": "Throw-in", "position": "999471", "team": "not applicable", "visibility": "visible"}, {"gameTime": "2 - 16:50", "label": "Shots off target", "position": "1010581", "team": "away", "visibility": "visible"}, {"gameTime": "2 - 17:10", "label": "Ball out of play", "position": "1030235", "team": "away", "visibility": "visible"}, {"gameTime": "2 - 17:10", "label": "Clearance", "position": "1030764", "team": "not applicable", "visibility": "visible"}, {"gameTime": "2 - 17:27", "label": "Ball out of play", "position": "1047937", "team": "home", "visibility": "visible"}, {"gameTime": "2 - 18:26", "label": "Clearance", "position": "1106623", "team": "not applicable", "visibility": "visible"}, {"gameTime": "2 - 18:41", "label": "Ball out of play", "position": "1121339", "team": "away", "visibility": "visible"}, {"gameTime": "2 - 18:58", "label": "Throw-in", "position": "1138233", "team": "not applicable", "visibility": "visible"}, {"gameTime": "2 - 19:19", "label": "Foul", "position": "1159833", "team": "away", "visibility": "visible"}, {"gameTime": "2 - 19:29", "label": "Indirect free-kick", "position": "1169665", "team": "home", "visibility": "visible"}, {"gameTime": "2 - 20:06", "label": "Ball out of play", "position": "1206199", "team": "away", "visibility": "visible"}, {"gameTime": "2 - 20:53", "label": "Throw-in", "position": "1253280", "team": "not applicable", "visibility": "visible"}, {"gameTime": "2 - 20:56", "label": "Shots on target", "position": "1256630", "team": "home", "visibility": "not shown"}, {"gameTime": "2 - 23:02", "label": "Shots on target", "position": "1382857", "team": "home", "visibility": "visible"}, {"gameTime": "2 - 23:32", "label": "Substitution", "position": "1412243", "team": "home", "visibility": "visible"}, {"gameTime": "2 - 24:48", "label": "Ball out of play", "position": "1488663", "team": "away", "visibility": "not shown"}, {"gameTime": "2 - 25:04", "label": "Throw-in", "position": "1504560", "team": "not applicable", "visibility": "visible"}, {"gameTime": "2 - 25:13", "label": "Ball out of play", "position": "1513691", "team": "away", "visibility": "not shown"}, {"gameTime": "2 - 26:59", "label": "Throw-in", "position": "1619197", "team": "not applicable", "visibility": "visible"}, {"gameTime": "2 - 27:15", "label": "Ball out of play", "position": "1635942", "team": "home", "visibility": "not shown"}, {"gameTime": "2 - 27:59", "label": "Throw-in", "position": "1679973", "team": "not applicable", "visibility": "visible"}, {"gameTime": "2 - 28:04", "label": "Ball out of play", "position": "1684178", "team": "home", "visibility": "not shown"}, {"gameTime": "2 - 29:52", "label": "Corner", "position": "1792434", "team": "not applicable", "visibility": "not shown"}, {"gameTime": "2 - 30:15", "label": "Ball out of play", "position": "1815002", "team": "home", "visibility": "visible"}, {"gameTime": "2 - 30:39", "label": "Substitution", "position": "1839805", "team": "not applicable", "visibility": "visible"}, {"gameTime": "2 - 30:57", "label": "Throw-in", "position": "1857028", "team": "home", "visibility": "visible"}, {"gameTime": "2 - 31:14", "label": "Ball out of play", "position": "1874562", "team": "home", "visibility": "visible"}, {"gameTime": "2 - 31:17", "label": "Clearance", "position": "1877734", "team": "not applicable", "visibility": "visible"}, {"gameTime": "2 - 31:40", "label": "Foul", "position": "1900824", "team": "away", "visibility": "not shown"}, {"gameTime": "2 - 33:10", "label": "Substitution", "position": "1990738", "team": "away", "visibility": "visible"}, {"gameTime": "2 - 33:56", "label": "Shots on target", "position": "2036976", "team": "away", "visibility": "visible"}, {"gameTime": "2 - 34:20", "label": "Direct free-kick", "position": "2060004", "team": "home", "visibility": "visible"}, {"gameTime": "2 - 34:20", "label": "Shots off target", "position": "2060004", "team": "home", "visibility": "visible"}, {"gameTime": "2 - 34:22", "label": "Ball out of play", "position": "2062284", "team": "home", "visibility": "visible"}, {"gameTime": "2 - 34:23", "label": "Clearance", "position": "2063794", "team": "not applicable", "visibility": "visible"}, {"gameTime": "2 - 34:39", "label": "Ball out of play", "position": "2079411", "team": "away", "visibility": "visible"}, {"gameTime": "2 - 35:00", "label": "Throw-in", "position": "2100020", "team": "not applicable", "visibility": "visible"}, {"gameTime": "2 - 35:09", "label": "Ball out of play", "position": "2109151", "team": "away", "visibility": "visible"}, {"gameTime": "2 - 35:33", "label": "Substitution", "position": "2133936", "team": "not applicable", "visibility": "visible"}, {"gameTime": "2 - 35:49", "label": "Throw-in", "position": "2149586", "team": "home", "visibility": "visible"}, {"gameTime": "2 - 36:01", "label": "Foul", "position": "2161209", "team": "away", "visibility": "not shown"}, {"gameTime": "2 - 36:34", "label": "Indirect free-kick", "position": "2194110", "team": "away", "visibility": "visible"}, {"gameTime": "2 - 36:40", "label": "Ball out of play", "position": "2200424", "team": "home", "visibility": "not shown"}, {"gameTime": "2 - 36:52", "label": "Clearance", "position": "2212679", "team": "not applicable", "visibility": "visible"}, {"gameTime": "2 - 37:11", "label": "Foul", "position": "2231507", "team": "away", "visibility": "visible"}, {"gameTime": "2 - 37:14", "label": "Yellow card", "position": "2234960", "team": "away", "visibility": "visible"}, {"gameTime": "2 - 37:29", "label": "Indirect free-kick", "position": "2249346", "team": "away", "visibility": "visible"}, {"gameTime": "2 - 38:25", "label": "Ball out of play", "position": "2305762", "team": "home", "visibility": "visible"}, {"gameTime": "2 - 38:47", "label": "Throw-in", "position": "2327008", "team": "not applicable", "visibility": "visible"}, {"gameTime": "2 - 38:50", "label": "Foul", "position": "2330913", "team": "home", "visibility": "not shown"}, {"gameTime": "2 - 39:06", "label": "Yellow card", "position": "2346102", "team": "home", "visibility": "visible"}, {"gameTime": "2 - 39:11", "label": "Indirect free-kick", "position": "2351970", "team": "home", "visibility": "visible"}, {"gameTime": "2 - 39:46", "label": "Shots on target", "position": "2386893", "team": "away", "visibility": "visible"}, {"gameTime": "2 - 39:57", "label": "Goal", "position": "2397466", "team": "away", "visibility": "visible"}, {"gameTime": "2 - 39:58", "label": "Kick-off", "position": "2398199", "team": "away", "visibility": "visible"}, {"gameTime": "2 - 40:58", "label": "Ball out of play", "position": "2458432", "team": "home", "visibility": "visible"}, {"gameTime": "2 - 41:14", "label": "Throw-in", "position": "2474625", "team": "not applicable", "visibility": "visible"}, {"gameTime": "2 - 41:19", "label": "Ball out of play", "position": "2479213", "team": "home", "visibility": "visible"}, {"gameTime": "2 - 42:07", "label": "Throw-in", "position": "2527878", "team": "not applicable", "visibility": "visible"}, {"gameTime": "2 - 42:10", "label": "Shots on target", "position": "2530795", "team": "home", "visibility": "not shown"}, {"gameTime": "2 - 42:48", "label": "Ball out of play", "position": "2568987", "team": "home", "visibility": "visible"}, {"gameTime": "2 - 42:55", "label": "Throw-in", "position": "2575608", "team": "not applicable", "visibility": "visible"}, {"gameTime": "2 - 43:06", "label": "Ball out of play", "position": "2586150", "team": "away", "visibility": "not shown"}, {"gameTime": "2 - 43:21", "label": "Corner", "position": "2601937", "team": "not applicable", "visibility": "visible"}, {"gameTime": "2 - 43:48", "label": "Ball out of play", "position": "2628131", "team": "home", "visibility": "visible"}, {"gameTime": "2 - 43:49", "label": "Corner", "position": "2629307", "team": "not applicable", "visibility": "visible"}, {"gameTime": "2 - 44:05", "label": "Shots on target", "position": "2645163", "team": "home", "visibility": "visible"}, {"gameTime": "2 - 44:19", "label": "Shots off target", "position": "2659703", "team": "away", "visibility": "visible"}, {"gameTime": "2 - 44:39", "label": "Ball out of play", "position": "2679037", "team": "home", "visibility": "visible"}, {"gameTime": "2 - 44:39", "label": "Substitution", "position": "2679752", "team": "not applicable", "visibility": "visible"}, {"gameTime": "2 - 45:26", "label": "Clearance", "position": "2726655", "team": "away", "visibility": "visible"}, {"gameTime": "2 - 45:35", "label": "Foul", "position": "2735277", "team": "away", "visibility": "visible"}, {"gameTime": "2 - 45:41", "label": "Indirect free-kick", "position": "2741952", "team": "away", "visibility": "visible"}, {"gameTime": "2 - 45:44", "label": "Ball out of play", "position": "2744528", "team": "home", "visibility": "visible"}, {"gameTime": "2 - 45:59", "label": "Throw-in", "position": "2759024", "team": "not applicable", "visibility": "visible"}, {"gameTime": "2 - 46:05", "label": "Shots off target", "position": "2765873", "team": "home", "visibility": "visible"}, {"gameTime": "2 - 46:17", "label": "Ball out of play", "position": "2777387", "team": "away", "visibility": "visible"}, {"gameTime": "2 - 46:18", "label": "Clearance", "position": "2778472", "team": "not applicable", "visibility": "visible"}, {"gameTime": "2 - 46:22", "label": "Clearance", "position": "2782073", "team": "home", "visibility": "not shown"}], "gameAwayTeam": "AS Roma", "gameDate": "15/10/2016 - 16:00", "gameHomeTeam": "Napoli", "gameScore": "1 - 3"}