{"UrlLocal": "france_ligue-1/2016-2017/2017-03-04 - 19-00 Paris SG 1 - 0 Nancy/", "UrlYoutube": "", "annotations": [{"gameTime": "1 - 00:00", "label": "Ball out of play", "position": "606", "team": "away", "visibility": "visible"}, {"gameTime": "1 - 01:36", "label": "Throw-in", "position": "96174", "team": "not applicable", "visibility": "visible"}, {"gameTime": "1 - 01:51", "label": "Foul", "position": "111501", "team": "away", "visibility": "visible"}, {"gameTime": "1 - 04:19", "label": "Direct free-kick", "position": "259109", "team": "home", "visibility": "visible"}, {"gameTime": "1 - 04:35", "label": "Ball out of play", "position": "275655", "team": "away", "visibility": "not shown"}, {"gameTime": "1 - 04:39", "label": "Throw-in", "position": "279403", "team": "not applicable", "visibility": "visible"}, {"gameTime": "1 - 04:46", "label": "Ball out of play", "position": "286063", "team": "home", "visibility": "not shown"}, {"gameTime": "1 - 06:03", "label": "Throw-in", "position": "363084", "team": "not applicable", "visibility": "visible"}, {"gameTime": "1 - 06:17", "label": "Ball out of play", "position": "377170", "team": "away", "visibility": "visible"}, {"gameTime": "1 - 06:17", "label": "Shots on target", "position": "377188", "team": "not applicable", "visibility": "visible"}, {"gameTime": "1 - 06:39", "label": "Ball out of play", "position": "399017", "team": "home", "visibility": "visible"}, {"gameTime": "1 - 06:43", "label": "Throw-in", "position": "403844", "team": "not applicable", "visibility": "visible"}, {"gameTime": "1 - 08:03", "label": "Ball out of play", "position": "483536", "team": "home", "visibility": "not shown"}, {"gameTime": "1 - 08:31", "label": "Throw-in", "position": "511198", "team": "not applicable", "visibility": "visible"}, {"gameTime": "1 - 08:35", "label": "Ball out of play", "position": "515308", "team": "home", "visibility": "not shown"}, {"gameTime": "1 - 09:31", "label": "Clearance", "position": "571976", "team": "not applicable", "visibility": "visible"}, {"gameTime": "1 - 09:49", "label": "Foul", "position": "589236", "team": "home", "visibility": "visible"}, {"gameTime": "1 - 10:54", "label": "Direct free-kick", "position": "654623", "team": "home", "visibility": "visible"}, {"gameTime": "1 - 11:19", "label": "Ball out of play", "position": "679547", "team": "away", "visibility": "not shown"}, {"gameTime": "1 - 11:38", "label": "Throw-in", "position": "698869", "team": "not applicable", "visibility": "visible"}, {"gameTime": "1 - 11:47", "label": "Ball out of play", "position": "707981", "team": "home", "visibility": "not shown"}, {"gameTime": "1 - 12:08", "label": "Throw-in", "position": "728685", "team": "not applicable", "visibility": "visible"}, {"gameTime": "1 - 12:32", "label": "Throw-in", "position": "752633", "team": "away", "visibility": "visible"}, {"gameTime": "1 - 12:44", "label": "Foul", "position": "764635", "team": "away", "visibility": "visible"}, {"gameTime": "1 - 12:46", "label": "Direct free-kick", "position": "766013", "team": "away", "visibility": "visible"}, {"gameTime": "1 - 12:51", "label": "Ball out of play", "position": "771749", "team": "home", "visibility": "visible"}, {"gameTime": "1 - 13:43", "label": "Throw-in", "position": "823917", "team": "not applicable", "visibility": "visible"}, {"gameTime": "1 - 14:01", "label": "Shots on target", "position": "841539", "team": "away", "visibility": "visible"}, {"gameTime": "1 - 14:09", "label": "Ball out of play", "position": "849359", "team": "away", "visibility": "visible"}, {"gameTime": "1 - 14:10", "label": "Corner", "position": "850879", "team": "not applicable", "visibility": "visible"}, {"gameTime": "1 - 14:39", "label": "Ball out of play", "position": "879913", "team": "away", "visibility": "visible"}, {"gameTime": "1 - 14:47", "label": "Clearance", "position": "887136", "team": "not applicable", "visibility": "visible"}, {"gameTime": "1 - 14:53", "label": "Ball out of play", "position": "893373", "team": "home", "visibility": "visible"}, {"gameTime": "1 - 15:47", "label": "Corner", "position": "947083", "team": "not applicable", "visibility": "visible"}, {"gameTime": "1 - 16:18", "label": "Ball out of play", "position": "978263", "team": "home", "visibility": "visible"}, {"gameTime": "1 - 16:44", "label": "Throw-in", "position": "1004235", "team": "not applicable", "visibility": "visible"}, {"gameTime": "1 - 16:58", "label": "Foul", "position": "1018350", "team": "away", "visibility": "visible"}, {"gameTime": "1 - 17:25", "label": "Direct free-kick", "position": "1045518", "team": "home", "visibility": "visible"}, {"gameTime": "1 - 18:02", "label": "Foul", "position": "1082175", "team": "away", "visibility": "visible"}, {"gameTime": "1 - 18:12", "label": "Direct free-kick", "position": "1092724", "team": "away", "visibility": "visible"}, {"gameTime": "1 - 18:32", "label": "Ball out of play", "position": "1112125", "team": "home", "visibility": "visible"}, {"gameTime": "1 - 20:34", "label": "Foul", "position": "1234522", "team": "not applicable", "visibility": "visible"}, {"gameTime": "1 - 20:53", "label": "Direct free-kick", "position": "1253555", "team": "home", "visibility": "visible"}, {"gameTime": "1 - 21:09", "label": "Offside", "position": "1269977", "team": "away", "visibility": "not shown"}, {"gameTime": "1 - 21:21", "label": "Indirect free-kick", "position": "1281347", "team": "away", "visibility": "visible"}, {"gameTime": "1 - 21:25", "label": "Shots off target", "position": "1285185", "team": "home", "visibility": "visible"}, {"gameTime": "1 - 22:42", "label": "Ball out of play", "position": "1362926", "team": "away", "visibility": "visible"}, {"gameTime": "1 - 22:44", "label": "Corner", "position": "1364966", "team": "not applicable", "visibility": "visible"}, {"gameTime": "1 - 23:22", "label": "Shots off target", "position": "1402766", "team": "away", "visibility": "visible"}, {"gameTime": "1 - 23:23", "label": "Ball out of play", "position": "1403844", "team": "away", "visibility": "visible"}, {"gameTime": "1 - 23:25", "label": "Clearance", "position": "1405684", "team": "not applicable", "visibility": "visible"}, {"gameTime": "1 - 23:35", "label": "Foul", "position": "1415742", "team": "home", "visibility": "not shown"}, {"gameTime": "1 - 24:47", "label": "Direct free-kick", "position": "1487866", "team": "home", "visibility": "visible"}, {"gameTime": "1 - 25:07", "label": "Foul", "position": "1507447", "team": "away", "visibility": "visible"}, {"gameTime": "1 - 25:45", "label": "Direct free-kick", "position": "1545383", "team": "home", "visibility": "visible"}, {"gameTime": "1 - 26:19", "label": "Ball out of play", "position": "1579768", "team": "away", "visibility": "visible"}, {"gameTime": "1 - 26:46", "label": "Throw-in", "position": "1606140", "team": "not applicable", "visibility": "visible"}, {"gameTime": "1 - 26:55", "label": "Shots on target", "position": "1615458", "team": "home", "visibility": "not shown"}, {"gameTime": "1 - 27:23", "label": "Foul", "position": "1643867", "team": "home", "visibility": "visible"}, {"gameTime": "1 - 27:30", "label": "Direct free-kick", "position": "1650238", "team": "home", "visibility": "visible"}, {"gameTime": "1 - 27:56", "label": "Ball out of play", "position": "1676948", "team": "away", "visibility": "visible"}, {"gameTime": "1 - 28:21", "label": "Throw-in", "position": "1701021", "team": "not applicable", "visibility": "visible"}, {"gameTime": "1 - 28:28", "label": "Offside", "position": "1708792", "team": "away", "visibility": "visible"}, {"gameTime": "1 - 29:03", "label": "Indirect free-kick", "position": "1743766", "team": "home", "visibility": "visible"}, {"gameTime": "1 - 29:38", "label": "Ball out of play", "position": "1778865", "team": "away", "visibility": "not shown"}, {"gameTime": "1 - 29:51", "label": "Throw-in", "position": "1791148", "team": "not applicable", "visibility": "visible"}, {"gameTime": "1 - 30:01", "label": "Foul", "position": "1801025", "team": "home", "visibility": "visible"}, {"gameTime": "1 - 30:07", "label": "Direct free-kick", "position": "1807409", "team": "away", "visibility": "visible"}, {"gameTime": "1 - 30:17", "label": "Ball out of play", "position": "1817313", "team": "home", "visibility": "visible"}, {"gameTime": "1 - 30:49", "label": "Throw-in", "position": "1849280", "team": "not applicable", "visibility": "visible"}, {"gameTime": "1 - 30:54", "label": "Foul", "position": "1854943", "team": "home", "visibility": "visible"}, {"gameTime": "1 - 30:57", "label": "Direct free-kick", "position": "1857608", "team": "away", "visibility": "visible"}, {"gameTime": "1 - 31:13", "label": "Shots off target", "position": "1873067", "team": "home", "visibility": "not shown"}, {"gameTime": "1 - 31:17", "label": "Ball out of play", "position": "1877474", "team": "home", "visibility": "visible"}, {"gameTime": "1 - 31:18", "label": "Clearance", "position": "1878434", "team": "not applicable", "visibility": "visible"}, {"gameTime": "1 - 31:39", "label": "Ball out of play", "position": "1899361", "team": "away", "visibility": "visible"}, {"gameTime": "1 - 31:52", "label": "Clearance", "position": "1912080", "team": "not applicable", "visibility": "visible"}, {"gameTime": "1 - 31:59", "label": "Ball out of play", "position": "1919029", "team": "home", "visibility": "visible"}, {"gameTime": "1 - 32:16", "label": "Corner", "position": "1936011", "team": "not applicable", "visibility": "visible"}, {"gameTime": "1 - 32:42", "label": "Ball out of play", "position": "1962157", "team": "home", "visibility": "visible"}, {"gameTime": "1 - 34:03", "label": "Throw-in", "position": "2043491", "team": "not applicable", "visibility": "visible"}, {"gameTime": "1 - 34:06", "label": "Foul", "position": "2046935", "team": "away", "visibility": "not shown"}, {"gameTime": "1 - 34:14", "label": "Direct free-kick", "position": "2054162", "team": "away", "visibility": "visible"}, {"gameTime": "1 - 35:16", "label": "Ball out of play", "position": "2116319", "team": "home", "visibility": "visible"}, {"gameTime": "1 - 35:36", "label": "Corner", "position": "2136631", "team": "not applicable", "visibility": "visible"}, {"gameTime": "1 - 36:00", "label": "Foul", "position": "2160168", "team": "home", "visibility": "visible"}, {"gameTime": "1 - 36:27", "label": "Yellow card", "position": "2187180", "team": "away", "visibility": "visible"}, {"gameTime": "1 - 36:39", "label": "Direct free-kick", "position": "2199622", "team": "away", "visibility": "visible"}, {"gameTime": "1 - 37:08", "label": "Offside", "position": "2228831", "team": "home", "visibility": "visible"}, {"gameTime": "1 - 37:10", "label": "Indirect free-kick", "position": "2230468", "team": "home", "visibility": "visible"}, {"gameTime": "1 - 37:41", "label": "Foul", "position": "2261015", "team": "away", "visibility": "visible"}, {"gameTime": "1 - 38:12", "label": "Direct free-kick", "position": "2292646", "team": "home", "visibility": "visible"}, {"gameTime": "1 - 38:45", "label": "Ball out of play", "position": "2325429", "team": "away", "visibility": "not shown"}, {"gameTime": "1 - 38:50", "label": "Shots off target", "position": "2330117", "team": "not applicable", "visibility": "visible"}, {"gameTime": "1 - 39:22", "label": "Ball out of play", "position": "2362565", "team": "home", "visibility": "visible"}, {"gameTime": "1 - 39:22", "label": "Clearance", "position": "2362645", "team": "not applicable", "visibility": "visible"}, {"gameTime": "1 - 39:53", "label": "Ball out of play", "position": "2393787", "team": "away", "visibility": "not shown"}, {"gameTime": "1 - 40:20", "label": "Throw-in", "position": "2420378", "team": "not applicable", "visibility": "visible"}, {"gameTime": "1 - 40:30", "label": "Ball out of play", "position": "2430055", "team": "home", "visibility": "not shown"}, {"gameTime": "1 - 40:42", "label": "Corner", "position": "2442518", "team": "not applicable", "visibility": "visible"}, {"gameTime": "1 - 41:09", "label": "Ball out of play", "position": "2469367", "team": "home", "visibility": "visible"}, {"gameTime": "1 - 41:18", "label": "Clearance", "position": "2478872", "team": "not applicable", "visibility": "visible"}, {"gameTime": "1 - 41:44", "label": "Ball out of play", "position": "2504816", "team": "away", "visibility": "visible"}, {"gameTime": "1 - 41:50", "label": "Throw-in", "position": "2510058", "team": "not applicable", "visibility": "visible"}, {"gameTime": "1 - 41:57", "label": "Foul", "position": "2517832", "team": "away", "visibility": "not shown"}, {"gameTime": "1 - 42:29", "label": "Direct free-kick", "position": "2549896", "team": "away", "visibility": "visible"}, {"gameTime": "1 - 42:34", "label": "Ball out of play", "position": "2554271", "team": "home", "visibility": "visible"}, {"gameTime": "1 - 42:41", "label": "Corner", "position": "2561691", "team": "not applicable", "visibility": "visible"}, {"gameTime": "1 - 43:04", "label": "Foul", "position": "2584522", "team": "home", "visibility": "visible"}, {"gameTime": "1 - 43:05", "label": "Direct free-kick", "position": "2585549", "team": "home", "visibility": "visible"}, {"gameTime": "1 - 43:41", "label": "Ball out of play", "position": "2621930", "team": "away", "visibility": "not shown"}, {"gameTime": "1 - 43:54", "label": "Clearance", "position": "2634683", "team": "not applicable", "visibility": "visible"}, {"gameTime": "1 - 44:09", "label": "Ball out of play", "position": "2649702", "team": "home", "visibility": "not shown"}, {"gameTime": "1 - 44:54", "label": "Throw-in", "position": "2694344", "team": "not applicable", "visibility": "visible"}, {"gameTime": "1 - 44:58", "label": "Offside", "position": "2698377", "team": "home", "visibility": "visible"}, {"gameTime": "1 - 45:19", "label": "Indirect free-kick", "position": "2719341", "team": "away", "visibility": "visible"}, {"gameTime": "1 - 46:22", "label": "Foul", "position": "2782220", "team": "home", "visibility": "not shown"}, {"gameTime": "1 - 46:45", "label": "Yellow card", "position": "2805481", "team": "away", "visibility": "visible"}, {"gameTime": "1 - 46:53", "label": "Direct free-kick", "position": "2813627", "team": "away", "visibility": "not shown"}, {"gameTime": "1 - 47:17", "label": "Direct free-kick", "position": "2837503", "team": "home", "visibility": "visible"}, {"gameTime": "2 - 00:00", "label": "Shots on target", "position": "0", "team": "home", "visibility": "not shown"}, {"gameTime": "2 - 00:14", "label": "Ball out of play", "position": "14124", "team": "away", "visibility": "visible"}, {"gameTime": "2 - 00:26", "label": "Foul", "position": "26880", "team": "not applicable", "visibility": "not shown"}, {"gameTime": "2 - 00:27", "label": "Yellow card", "position": "27240", "team": "home", "visibility": "not shown"}, {"gameTime": "2 - 00:32", "label": "Throw-in", "position": "32800", "team": "home", "visibility": "visible"}, {"gameTime": "2 - 00:52", "label": "Ball out of play", "position": "52771", "team": "away", "visibility": "visible"}, {"gameTime": "2 - 02:20", "label": "Corner", "position": "140024", "team": "not applicable", "visibility": "visible"}, {"gameTime": "2 - 02:44", "label": "Offside", "position": "164195", "team": "home", "visibility": "visible"}, {"gameTime": "2 - 04:00", "label": "Indirect free-kick", "position": "240949", "team": "home", "visibility": "visible"}, {"gameTime": "2 - 04:27", "label": "Shots on target", "position": "267961", "team": "away", "visibility": "not shown"}, {"gameTime": "2 - 04:50", "label": "Ball out of play", "position": "290455", "team": "home", "visibility": "visible"}, {"gameTime": "2 - 05:28", "label": "Corner", "position": "328707", "team": "not applicable", "visibility": "visible"}, {"gameTime": "2 - 05:52", "label": "Ball out of play", "position": "352126", "team": "home", "visibility": "visible"}, {"gameTime": "2 - 06:17", "label": "Throw-in", "position": "377745", "team": "not applicable", "visibility": "not shown"}, {"gameTime": "2 - 06:24", "label": "Ball out of play", "position": "384334", "team": "home", "visibility": "visible"}, {"gameTime": "2 - 06:34", "label": "Corner", "position": "394898", "team": "not applicable", "visibility": "visible"}, {"gameTime": "2 - 06:56", "label": "Shots off target", "position": "416504", "team": "home", "visibility": "visible"}, {"gameTime": "2 - 07:05", "label": "Ball out of play", "position": "425745", "team": "home", "visibility": "visible"}, {"gameTime": "2 - 07:06", "label": "Clearance", "position": "426025", "team": "not applicable", "visibility": "visible"}, {"gameTime": "2 - 07:32", "label": "Foul", "position": "452758", "team": "away", "visibility": "not shown"}, {"gameTime": "2 - 08:26", "label": "Direct free-kick", "position": "506229", "team": "home", "visibility": "visible"}, {"gameTime": "2 - 08:40", "label": "Foul", "position": "520247", "team": "away", "visibility": "visible"}, {"gameTime": "2 - 08:47", "label": "Direct free-kick", "position": "527636", "team": "away", "visibility": "visible"}, {"gameTime": "2 - 08:50", "label": "Foul", "position": "530897", "team": "home", "visibility": "visible"}, {"gameTime": "2 - 08:57", "label": "Direct free-kick", "position": "537463", "team": "away", "visibility": "visible"}, {"gameTime": "2 - 09:07", "label": "Foul", "position": "547311", "team": "home", "visibility": "not shown"}, {"gameTime": "2 - 09:33", "label": "Yellow card", "position": "573300", "team": "away", "visibility": "visible"}, {"gameTime": "2 - 09:41", "label": "Direct free-kick", "position": "581000", "team": "away", "visibility": "visible"}, {"gameTime": "2 - 10:15", "label": "Ball out of play", "position": "615147", "team": "home", "visibility": "visible"}, {"gameTime": "2 - 10:18", "label": "Clearance", "position": "618744", "team": "not applicable", "visibility": "visible"}, {"gameTime": "2 - 10:48", "label": "Shots on target", "position": "648913", "team": "away", "visibility": "visible"}, {"gameTime": "2 - 11:07", "label": "Ball out of play", "position": "667880", "team": "home", "visibility": "visible"}, {"gameTime": "2 - 11:09", "label": "Corner", "position": "669120", "team": "not applicable", "visibility": "visible"}, {"gameTime": "2 - 11:32", "label": "Ball out of play", "position": "692089", "team": "home", "visibility": "visible"}, {"gameTime": "2 - 11:39", "label": "Throw-in", "position": "699964", "team": "not applicable", "visibility": "visible"}, {"gameTime": "2 - 11:51", "label": "Shots off target", "position": "711504", "team": "home", "visibility": "visible"}, {"gameTime": "2 - 11:56", "label": "Ball out of play", "position": "716469", "team": "home", "visibility": "visible"}, {"gameTime": "2 - 11:56", "label": "Shots on target", "position": "716989", "team": "not applicable", "visibility": "visible"}, {"gameTime": "2 - 13:23", "label": "Foul", "position": "803800", "team": "home", "visibility": "visible"}, {"gameTime": "2 - 14:09", "label": "Direct free-kick", "position": "849522", "team": "home", "visibility": "visible"}, {"gameTime": "2 - 14:32", "label": "Ball out of play", "position": "872208", "team": "away", "visibility": "visible"}, {"gameTime": "2 - 14:36", "label": "Clearance", "position": "876925", "team": "not applicable", "visibility": "visible"}, {"gameTime": "2 - 14:45", "label": "Offside", "position": "885330", "team": "home", "visibility": "not shown"}, {"gameTime": "2 - 15:19", "label": "Foul", "position": "919618", "team": "away", "visibility": "visible"}, {"gameTime": "2 - 15:39", "label": "Yellow card", "position": "939656", "team": "home", "visibility": "visible"}, {"gameTime": "2 - 15:47", "label": "Direct free-kick", "position": "947000", "team": "home", "visibility": "visible"}, {"gameTime": "2 - 16:05", "label": "Offside", "position": "965577", "team": "away", "visibility": "not shown"}, {"gameTime": "2 - 16:12", "label": "Indirect free-kick", "position": "972738", "team": "away", "visibility": "visible"}, {"gameTime": "2 - 16:23", "label": "Shots on target", "position": "983806", "team": "home", "visibility": "not shown"}, {"gameTime": "2 - 16:48", "label": "Ball out of play", "position": "1008340", "team": "home", "visibility": "visible"}, {"gameTime": "2 - 17:26", "label": "Throw-in", "position": "1046520", "team": "not applicable", "visibility": "visible"}, {"gameTime": "2 - 17:30", "label": "Foul", "position": "1050672", "team": "home", "visibility": "visible"}, {"gameTime": "2 - 17:34", "label": "Direct free-kick", "position": "1054998", "team": "home", "visibility": "visible"}, {"gameTime": "2 - 18:03", "label": "Ball out of play", "position": "1083214", "team": "away", "visibility": "not shown"}, {"gameTime": "2 - 18:19", "label": "Substitution", "position": "1099790", "team": "not applicable", "visibility": "visible"}, {"gameTime": "2 - 18:39", "label": "Clearance", "position": "1119560", "team": "home", "visibility": "visible"}, {"gameTime": "2 - 18:52", "label": "Foul", "position": "1132307", "team": "home", "visibility": "not shown"}, {"gameTime": "2 - 19:21", "label": "Direct free-kick", "position": "1161766", "team": "away", "visibility": "visible"}, {"gameTime": "2 - 19:28", "label": "Ball out of play", "position": "1168137", "team": "home", "visibility": "not shown"}, {"gameTime": "2 - 19:58", "label": "Throw-in", "position": "1198855", "team": "not applicable", "visibility": "visible"}, {"gameTime": "2 - 20:11", "label": "Shots off target", "position": "1211875", "team": "home", "visibility": "not shown"}, {"gameTime": "2 - 21:07", "label": "Ball out of play", "position": "1267546", "team": "home", "visibility": "visible"}, {"gameTime": "2 - 21:08", "label": "Clearance", "position": "1268986", "team": "not applicable", "visibility": "visible"}, {"gameTime": "2 - 21:28", "label": "Ball out of play", "position": "1288792", "team": "away", "visibility": "visible"}, {"gameTime": "2 - 21:34", "label": "Throw-in", "position": "1294372", "team": "not applicable", "visibility": "visible"}, {"gameTime": "2 - 21:40", "label": "Foul", "position": "1300095", "team": "home", "visibility": "visible"}, {"gameTime": "2 - 21:42", "label": "Direct free-kick", "position": "1302885", "team": "away", "visibility": "visible"}, {"gameTime": "2 - 22:24", "label": "Shots off target", "position": "1344232", "team": "home", "visibility": "visible"}, {"gameTime": "2 - 22:25", "label": "Ball out of play", "position": "1345752", "team": "home", "visibility": "visible"}, {"gameTime": "2 - 22:26", "label": "Substitution", "position": "1346552", "team": "not applicable", "visibility": "visible"}, {"gameTime": "2 - 23:08", "label": "Clearance", "position": "1388000", "team": "away", "visibility": "visible"}, {"gameTime": "2 - 23:15", "label": "Ball out of play", "position": "1395542", "team": "away", "visibility": "visible"}, {"gameTime": "2 - 23:28", "label": "Throw-in", "position": "1408914", "team": "not applicable", "visibility": "visible"}, {"gameTime": "2 - 23:54", "label": "Ball out of play", "position": "1434663", "team": "away", "visibility": "visible"}, {"gameTime": "2 - 24:06", "label": "Throw-in", "position": "1446608", "team": "not applicable", "visibility": "visible"}, {"gameTime": "2 - 24:12", "label": "Ball out of play", "position": "1452887", "team": "home", "visibility": "visible"}, {"gameTime": "2 - 25:20", "label": "Clearance", "position": "1520537", "team": "not applicable", "visibility": "visible"}, {"gameTime": "2 - 25:39", "label": "Ball out of play", "position": "1539677", "team": "away", "visibility": "visible"}, {"gameTime": "2 - 25:56", "label": "Corner", "position": "1556282", "team": "not applicable", "visibility": "visible"}, {"gameTime": "2 - 26:18", "label": "Ball out of play", "position": "1578240", "team": "home", "visibility": "visible"}, {"gameTime": "2 - 26:18", "label": "Clearance", "position": "1578983", "team": "not applicable", "visibility": "visible"}, {"gameTime": "2 - 26:45", "label": "Ball out of play", "position": "1605599", "team": "away", "visibility": "visible"}, {"gameTime": "2 - 27:31", "label": "Throw-in", "position": "1651895", "team": "not applicable", "visibility": "visible"}, {"gameTime": "2 - 27:42", "label": "Foul", "position": "1662336", "team": "away", "visibility": "not shown"}, {"gameTime": "2 - 28:02", "label": "Direct free-kick", "position": "1682052", "team": "away", "visibility": "visible"}, {"gameTime": "2 - 28:43", "label": "Ball out of play", "position": "1723979", "team": "home", "visibility": "visible"}, {"gameTime": "2 - 28:46", "label": "Corner", "position": "1726580", "team": "not applicable", "visibility": "visible"}, {"gameTime": "2 - 29:10", "label": "Shots on target", "position": "1750323", "team": "home", "visibility": "visible"}, {"gameTime": "2 - 29:26", "label": "Ball out of play", "position": "1766731", "team": "away", "visibility": "visible"}, {"gameTime": "2 - 29:50", "label": "Throw-in", "position": "1790499", "team": "not applicable", "visibility": "visible"}, {"gameTime": "2 - 29:52", "label": "Shots on target", "position": "1792874", "team": "home", "visibility": "visible"}, {"gameTime": "2 - 30:03", "label": "Shots off target", "position": "1803385", "team": "home", "visibility": "visible"}, {"gameTime": "2 - 30:34", "label": "Substitution", "position": "1834360", "team": "away", "visibility": "visible"}, {"gameTime": "2 - 31:53", "label": "Substitution", "position": "1913600", "team": "home", "visibility": "not shown"}, {"gameTime": "2 - 31:56", "label": "Ball out of play", "position": "1916000", "team": "home", "visibility": "visible"}, {"gameTime": "2 - 32:32", "label": "Corner", "position": "1952493", "team": "not applicable", "visibility": "visible"}, {"gameTime": "2 - 32:44", "label": "Foul", "position": "1964946", "team": "home", "visibility": "visible"}, {"gameTime": "2 - 33:40", "label": "Penalty", "position": "2020720", "team": "away", "visibility": "visible"}, {"gameTime": "2 - 34:43", "label": "Shots on target", "position": "2083520", "team": "home", "visibility": "visible"}, {"gameTime": "2 - 34:43", "label": "Goal", "position": "2083520", "team": "home", "visibility": "visible"}, {"gameTime": "2 - 34:43", "label": "Kick-off", "position": "2083880", "team": "home", "visibility": "visible"}, {"gameTime": "2 - 35:40", "label": "Ball out of play", "position": "2140505", "team": "away", "visibility": "visible"}, {"gameTime": "2 - 36:10", "label": "Substitution", "position": "2170112", "team": "not applicable", "visibility": "visible"}, {"gameTime": "2 - 36:38", "label": "Corner", "position": "2198320", "team": "away", "visibility": "visible"}, {"gameTime": "2 - 36:49", "label": "Shots on target", "position": "2209972", "team": "home", "visibility": "visible"}, {"gameTime": "2 - 36:50", "label": "Foul", "position": "2210944", "team": "home", "visibility": "visible"}, {"gameTime": "2 - 37:13", "label": "Direct free-kick", "position": "2233534", "team": "away", "visibility": "visible"}, {"gameTime": "2 - 37:58", "label": "Shots on target", "position": "2278865", "team": "home", "visibility": "visible"}, {"gameTime": "2 - 41:02", "label": "Shots off target", "position": "2462073", "team": "home", "visibility": "visible"}, {"gameTime": "2 - 41:56", "label": "Ball out of play", "position": "2516041", "team": "home", "visibility": "visible"}, {"gameTime": "2 - 41:57", "label": "Substitution", "position": "2517001", "team": "not applicable", "visibility": "visible"}, {"gameTime": "2 - 42:21", "label": "Clearance", "position": "2541520", "team": "away", "visibility": "not shown"}, {"gameTime": "2 - 42:28", "label": "Shots off target", "position": "2548670", "team": "away", "visibility": "not shown"}, {"gameTime": "2 - 42:41", "label": "Ball out of play", "position": "2561025", "team": "away", "visibility": "visible"}, {"gameTime": "2 - 42:42", "label": "Clearance", "position": "2562065", "team": "not applicable", "visibility": "visible"}, {"gameTime": "2 - 43:15", "label": "Foul", "position": "2595958", "team": "home", "visibility": "visible"}, {"gameTime": "2 - 44:23", "label": "Direct free-kick", "position": "2663039", "team": "away", "visibility": "not shown"}, {"gameTime": "2 - 44:38", "label": "Direct free-kick", "position": "2678332", "team": "home", "visibility": "visible"}], "gameAwayTeam": "Nancy", "gameDate": "04/03/2017 - 19:00", "gameHomeTeam": "Paris SG", "gameScore": "1 - 0"}