{"UrlLocal": "spain_laliga/2014-2015/2015-04-25 - 17-00 Espanyol 0 - 2 Barcelona/", "UrlYoutube": "", "annotations": [{"gameTime": "1 - 00:00", "label": "Shots on target", "position": "18", "team": "away", "visibility": "not shown"}, {"gameTime": "1 - 02:02", "label": "Ball out of play", "position": "122271", "team": "away", "visibility": "visible"}, {"gameTime": "1 - 02:06", "label": "Throw-in", "position": "126759", "team": "not applicable", "visibility": "visible"}, {"gameTime": "1 - 02:09", "label": "Shots on target", "position": "129890", "team": "away", "visibility": "visible"}, {"gameTime": "1 - 05:03", "label": "Ball out of play", "position": "303500", "team": "away", "visibility": "visible"}, {"gameTime": "1 - 05:08", "label": "Corner", "position": "308958", "team": "not applicable", "visibility": "visible"}, {"gameTime": "1 - 05:32", "label": "Ball out of play", "position": "332720", "team": "away", "visibility": "visible"}, {"gameTime": "1 - 05:48", "label": "Clearance", "position": "348674", "team": "not applicable", "visibility": "visible"}, {"gameTime": "1 - 06:19", "label": "Foul", "position": "379904", "team": "home", "visibility": "not shown"}, {"gameTime": "1 - 07:03", "label": "Indirect free-kick", "position": "423034", "team": "home", "visibility": "visible"}, {"gameTime": "1 - 07:05", "label": "Ball out of play", "position": "425818", "team": "away", "visibility": "visible"}, {"gameTime": "1 - 07:14", "label": "Clearance", "position": "434484", "team": "not applicable", "visibility": "visible"}, {"gameTime": "1 - 07:39", "label": "Ball out of play", "position": "459614", "team": "home", "visibility": "not shown"}, {"gameTime": "1 - 07:45", "label": "Throw-in", "position": "465282", "team": "not applicable", "visibility": "visible"}, {"gameTime": "1 - 07:53", "label": "Ball out of play", "position": "473528", "team": "away", "visibility": "visible"}, {"gameTime": "1 - 08:18", "label": "Throw-in", "position": "498928", "team": "not applicable", "visibility": "visible"}, {"gameTime": "1 - 08:23", "label": "Ball out of play", "position": "503116", "team": "home", "visibility": "not shown"}, {"gameTime": "1 - 08:25", "label": "Throw-in", "position": "505024", "team": "not applicable", "visibility": "visible"}, {"gameTime": "1 - 08:32", "label": "Ball out of play", "position": "512530", "team": "home", "visibility": "visible"}, {"gameTime": "1 - 10:03", "label": "Throw-in", "position": "603210", "team": "not applicable", "visibility": "visible"}, {"gameTime": "1 - 10:21", "label": "Shots off target", "position": "621696", "team": "away", "visibility": "visible"}, {"gameTime": "1 - 10:37", "label": "Ball out of play", "position": "637219", "team": "away", "visibility": "visible"}, {"gameTime": "1 - 10:37", "label": "Clearance", "position": "637831", "team": "not applicable", "visibility": "visible"}, {"gameTime": "1 - 11:01", "label": "Ball out of play", "position": "661210", "team": "home", "visibility": "not shown"}, {"gameTime": "1 - 11:15", "label": "Throw-in", "position": "675468", "team": "not applicable", "visibility": "visible"}, {"gameTime": "1 - 11:18", "label": "Offside", "position": "678848", "team": "away", "visibility": "visible"}, {"gameTime": "1 - 12:33", "label": "Indirect free-kick", "position": "753436", "team": "away", "visibility": "visible"}, {"gameTime": "1 - 12:51", "label": "Foul", "position": "771918", "team": "home", "visibility": "not shown"}, {"gameTime": "1 - 13:22", "label": "Indirect free-kick", "position": "802887", "team": "away", "visibility": "visible"}, {"gameTime": "1 - 13:53", "label": "Ball out of play", "position": "833923", "team": "home", "visibility": "visible"}, {"gameTime": "1 - 13:58", "label": "Clearance", "position": "838025", "team": "not applicable", "visibility": "visible"}, {"gameTime": "1 - 14:04", "label": "Foul", "position": "844045", "team": "away", "visibility": "visible"}, {"gameTime": "1 - 15:03", "label": "Indirect free-kick", "position": "903497", "team": "home", "visibility": "visible"}, {"gameTime": "1 - 15:06", "label": "Shots on target", "position": "906687", "team": "away", "visibility": "visible"}, {"gameTime": "1 - 16:30", "label": "Goal", "position": "990647", "team": "away", "visibility": "visible"}, {"gameTime": "1 - 16:30", "label": "Kick-off", "position": "990960", "team": "away", "visibility": "visible"}, {"gameTime": "1 - 17:46", "label": "Foul", "position": "1066231", "team": "home", "visibility": "not shown"}, {"gameTime": "1 - 17:52", "label": "Indirect free-kick", "position": "1072819", "team": "away", "visibility": "not shown"}, {"gameTime": "1 - 18:10", "label": "Offside", "position": "1090793", "team": "home", "visibility": "visible"}, {"gameTime": "1 - 18:13", "label": "Indirect free-kick", "position": "1093545", "team": "home", "visibility": "visible"}, {"gameTime": "1 - 18:41", "label": "Ball out of play", "position": "1121675", "team": "away", "visibility": "visible"}, {"gameTime": "1 - 18:44", "label": "Throw-in", "position": "1124311", "team": "not applicable", "visibility": "visible"}, {"gameTime": "1 - 19:00", "label": "Ball out of play", "position": "1140219", "team": "home", "visibility": "visible"}, {"gameTime": "1 - 19:36", "label": "Clearance", "position": "1176933", "team": "not applicable", "visibility": "visible"}, {"gameTime": "1 - 19:55", "label": "Foul", "position": "1195717", "team": "home", "visibility": "not shown"}, {"gameTime": "1 - 20:03", "label": "Indirect free-kick", "position": "1203093", "team": "home", "visibility": "visible"}, {"gameTime": "1 - 20:18", "label": "Foul", "position": "1218055", "team": "away", "visibility": "visible"}, {"gameTime": "1 - 21:41", "label": "Yellow card", "position": "1301365", "team": "home", "visibility": "visible"}, {"gameTime": "1 - 21:58", "label": "Indirect free-kick", "position": "1318240", "team": "home", "visibility": "not shown"}, {"gameTime": "1 - 22:20", "label": "Ball out of play", "position": "1340641", "team": "away", "visibility": "visible"}, {"gameTime": "1 - 22:37", "label": "Throw-in", "position": "1357095", "team": "not applicable", "visibility": "visible"}, {"gameTime": "1 - 22:48", "label": "Ball out of play", "position": "1368887", "team": "away", "visibility": "visible"}, {"gameTime": "1 - 22:57", "label": "Throw-in", "position": "1377795", "team": "not applicable", "visibility": "visible"}, {"gameTime": "1 - 23:12", "label": "Ball out of play", "position": "1392071", "team": "away", "visibility": "visible"}, {"gameTime": "1 - 23:32", "label": "Substitution", "position": "1412627", "team": "not applicable", "visibility": "visible"}, {"gameTime": "1 - 23:46", "label": "Shots on target", "position": "1426995", "team": "home", "visibility": "not shown"}, {"gameTime": "1 - 24:37", "label": "Goal", "position": "1477124", "team": "away", "visibility": "visible"}, {"gameTime": "1 - 24:37", "label": "Kick-off", "position": "1477932", "team": "away", "visibility": "visible"}, {"gameTime": "1 - 25:55", "label": "Foul", "position": "1555834", "team": "home", "visibility": "not shown"}, {"gameTime": "1 - 26:00", "label": "Indirect free-kick", "position": "1560870", "team": "away", "visibility": "not shown"}, {"gameTime": "1 - 26:06", "label": "Foul", "position": "1566666", "team": "home", "visibility": "visible"}, {"gameTime": "1 - 26:13", "label": "Indirect free-kick", "position": "1573690", "team": "away", "visibility": "visible"}, {"gameTime": "1 - 26:39", "label": "Ball out of play", "position": "1599448", "team": "home", "visibility": "visible"}, {"gameTime": "1 - 26:48", "label": "Throw-in", "position": "1608066", "team": "not applicable", "visibility": "visible"}, {"gameTime": "1 - 27:04", "label": "Ball out of play", "position": "1624038", "team": "home", "visibility": "visible"}, {"gameTime": "1 - 27:06", "label": "Throw-in", "position": "1626600", "team": "not applicable", "visibility": "visible"}, {"gameTime": "1 - 27:19", "label": "Shots off target", "position": "1639858", "team": "home", "visibility": "visible"}, {"gameTime": "1 - 27:27", "label": "Ball out of play", "position": "1647046", "team": "home", "visibility": "visible"}, {"gameTime": "1 - 27:27", "label": "Clearance", "position": "1647962", "team": "not applicable", "visibility": "visible"}, {"gameTime": "1 - 27:37", "label": "Foul", "position": "1657394", "team": "away", "visibility": "not shown"}, {"gameTime": "1 - 29:03", "label": "Indirect free-kick", "position": "1743100", "team": "away", "visibility": "visible"}, {"gameTime": "1 - 29:28", "label": "Foul", "position": "1768912", "team": "home", "visibility": "visible"}, {"gameTime": "1 - 29:32", "label": "Indirect free-kick", "position": "1772082", "team": "home", "visibility": "visible"}, {"gameTime": "1 - 29:38", "label": "Offside", "position": "1778666", "team": "away", "visibility": "not shown"}, {"gameTime": "1 - 30:46", "label": "Indirect free-kick", "position": "1846582", "team": "away", "visibility": "visible"}, {"gameTime": "1 - 31:05", "label": "Ball out of play", "position": "1865160", "team": "home", "visibility": "visible"}, {"gameTime": "1 - 31:18", "label": "Throw-in", "position": "1878946", "team": "not applicable", "visibility": "visible"}, {"gameTime": "1 - 31:30", "label": "Ball out of play", "position": "1890834", "team": "away", "visibility": "visible"}, {"gameTime": "1 - 31:35", "label": "Throw-in", "position": "1895656", "team": "not applicable", "visibility": "visible"}, {"gameTime": "1 - 31:45", "label": "Foul", "position": "1905268", "team": "away", "visibility": "visible"}, {"gameTime": "1 - 32:08", "label": "Indirect free-kick", "position": "1928778", "team": "away", "visibility": "visible"}, {"gameTime": "1 - 32:39", "label": "Ball out of play", "position": "1959768", "team": "home", "visibility": "not shown"}, {"gameTime": "1 - 34:26", "label": "Throw-in", "position": "2066398", "team": "not applicable", "visibility": "visible"}, {"gameTime": "1 - 34:37", "label": "Ball out of play", "position": "2077882", "team": "home", "visibility": "visible"}, {"gameTime": "1 - 36:49", "label": "Throw-in", "position": "2209974", "team": "not applicable", "visibility": "visible"}, {"gameTime": "1 - 37:10", "label": "Shots on target", "position": "2230225", "team": "away", "visibility": "not shown"}, {"gameTime": "1 - 39:56", "label": "Ball out of play", "position": "2396801", "team": "away", "visibility": "visible"}, {"gameTime": "1 - 39:58", "label": "Corner", "position": "2398937", "team": "not applicable", "visibility": "visible"}, {"gameTime": "1 - 41:10", "label": "Ball out of play", "position": "2470783", "team": "away", "visibility": "visible"}, {"gameTime": "1 - 41:28", "label": "Throw-in", "position": "2488089", "team": "not applicable", "visibility": "visible"}, {"gameTime": "1 - 41:36", "label": "Ball out of play", "position": "2496825", "team": "away", "visibility": "visible"}, {"gameTime": "1 - 41:38", "label": "Throw-in", "position": "2498527", "team": "not applicable", "visibility": "visible"}, {"gameTime": "1 - 41:50", "label": "Ball out of play", "position": "2510177", "team": "home", "visibility": "visible"}, {"gameTime": "1 - 43:35", "label": "Throw-in", "position": "2615968", "team": "not applicable", "visibility": "visible"}, {"gameTime": "1 - 43:50", "label": "Shots off target", "position": "2630322", "team": "away", "visibility": "visible"}, {"gameTime": "1 - 44:16", "label": "Ball out of play", "position": "2656192", "team": "away", "visibility": "visible"}, {"gameTime": "1 - 44:17", "label": "Clearance", "position": "2657246", "team": "not applicable", "visibility": "visible"}, {"gameTime": "1 - 44:35", "label": "Clearance", "position": "2675764", "team": "home", "visibility": "visible"}, {"gameTime": "2 - 00:00", "label": "Foul", "position": "186", "team": "home", "visibility": "visible"}, {"gameTime": "2 - 01:06", "label": "Indirect free-kick", "position": "66200", "team": "home", "visibility": "visible"}, {"gameTime": "2 - 01:15", "label": "Ball out of play", "position": "75626", "team": "away", "visibility": "not shown"}, {"gameTime": "2 - 01:32", "label": "Throw-in", "position": "92010", "team": "not applicable", "visibility": "visible"}, {"gameTime": "2 - 01:39", "label": "Ball out of play", "position": "99912", "team": "home", "visibility": "not shown"}, {"gameTime": "2 - 01:55", "label": "Corner", "position": "115180", "team": "not applicable", "visibility": "visible"}, {"gameTime": "2 - 02:22", "label": "Ball out of play", "position": "142808", "team": "home", "visibility": "visible"}, {"gameTime": "2 - 02:29", "label": "Corner", "position": "149444", "team": "not applicable", "visibility": "visible"}, {"gameTime": "2 - 02:54", "label": "Offside", "position": "174518", "team": "home", "visibility": "not shown"}, {"gameTime": "2 - 03:04", "label": "Indirect free-kick", "position": "184903", "team": "home", "visibility": "visible"}, {"gameTime": "2 - 03:30", "label": "Offside", "position": "210379", "team": "away", "visibility": "not shown"}, {"gameTime": "2 - 04:12", "label": "Indirect free-kick", "position": "252623", "team": "home", "visibility": "visible"}, {"gameTime": "2 - 04:23", "label": "Shots on target", "position": "263546", "team": "away", "visibility": "not shown"}, {"gameTime": "2 - 05:07", "label": "Foul", "position": "307846", "team": "away", "visibility": "visible"}, {"gameTime": "2 - 05:27", "label": "Indirect free-kick", "position": "327728", "team": "away", "visibility": "visible"}, {"gameTime": "2 - 05:41", "label": "Foul", "position": "341208", "team": "home", "visibility": "not shown"}, {"gameTime": "2 - 06:04", "label": "Indirect free-kick", "position": "364414", "team": "home", "visibility": "visible"}, {"gameTime": "2 - 06:31", "label": "Ball out of play", "position": "391508", "team": "away", "visibility": "not shown"}, {"gameTime": "2 - 06:40", "label": "Throw-in", "position": "400430", "team": "not applicable", "visibility": "visible"}, {"gameTime": "2 - 06:56", "label": "Foul", "position": "416622", "team": "away", "visibility": "visible"}, {"gameTime": "2 - 07:02", "label": "Indirect free-kick", "position": "422770", "team": "home", "visibility": "visible"}, {"gameTime": "2 - 07:26", "label": "Ball out of play", "position": "446438", "team": "away", "visibility": "not shown"}, {"gameTime": "2 - 08:13", "label": "Yellow card", "position": "493874", "team": "not applicable", "visibility": "visible"}, {"gameTime": "2 - 08:19", "label": "Red card", "position": "499800", "team": "away", "visibility": "visible"}, {"gameTime": "2 - 09:10", "label": "Clearance", "position": "550614", "team": "away", "visibility": "visible"}, {"gameTime": "2 - 10:00", "label": "Foul", "position": "600949", "team": "home", "visibility": "visible"}, {"gameTime": "2 - 10:16", "label": "Indirect free-kick", "position": "616635", "team": "home", "visibility": "visible"}, {"gameTime": "2 - 10:30", "label": "Offside", "position": "630937", "team": "away", "visibility": "visible"}, {"gameTime": "2 - 10:36", "label": "Indirect free-kick", "position": "636540", "team": "away", "visibility": "visible"}, {"gameTime": "2 - 10:47", "label": "Shots on target", "position": "647832", "team": "away", "visibility": "not shown"}, {"gameTime": "2 - 11:09", "label": "Ball out of play", "position": "669061", "team": "away", "visibility": "visible"}, {"gameTime": "2 - 11:09", "label": "Corner", "position": "669858", "team": "not applicable", "visibility": "visible"}, {"gameTime": "2 - 11:55", "label": "Ball out of play", "position": "715921", "team": "away", "visibility": "visible"}, {"gameTime": "2 - 12:08", "label": "Throw-in", "position": "728406", "team": "not applicable", "visibility": "visible"}, {"gameTime": "2 - 12:25", "label": "Foul", "position": "745874", "team": "away", "visibility": "visible"}, {"gameTime": "2 - 12:46", "label": "Yellow card", "position": "766844", "team": "home", "visibility": "visible"}, {"gameTime": "2 - 12:50", "label": "Yellow card", "position": "770120", "team": "home", "visibility": "visible"}, {"gameTime": "2 - 13:26", "label": "Indirect free-kick", "position": "806000", "team": "away", "visibility": "not shown"}, {"gameTime": "2 - 13:51", "label": "Foul", "position": "831236", "team": "away", "visibility": "visible"}, {"gameTime": "2 - 14:44", "label": "Substitution", "position": "884618", "team": "home", "visibility": "visible"}, {"gameTime": "2 - 15:07", "label": "Indirect free-kick", "position": "907520", "team": "home", "visibility": "visible"}, {"gameTime": "2 - 15:16", "label": "Ball out of play", "position": "916506", "team": "away", "visibility": "not shown"}, {"gameTime": "2 - 15:54", "label": "Throw-in", "position": "954680", "team": "not applicable", "visibility": "visible"}, {"gameTime": "2 - 16:12", "label": "Foul", "position": "972354", "team": "away", "visibility": "visible"}, {"gameTime": "2 - 16:33", "label": "Yellow card", "position": "993702", "team": "home", "visibility": "visible"}, {"gameTime": "2 - 16:40", "label": "Indirect free-kick", "position": "1000360", "team": "home", "visibility": "visible"}, {"gameTime": "2 - 17:02", "label": "Shots off target", "position": "1022948", "team": "away", "visibility": "not shown"}, {"gameTime": "2 - 17:19", "label": "Ball out of play", "position": "1039058", "team": "away", "visibility": "visible"}, {"gameTime": "2 - 17:19", "label": "Clearance", "position": "1039678", "team": "not applicable", "visibility": "visible"}, {"gameTime": "2 - 17:40", "label": "Ball out of play", "position": "1060984", "team": "home", "visibility": "not shown"}, {"gameTime": "2 - 17:53", "label": "Throw-in", "position": "1073462", "team": "not applicable", "visibility": "visible"}, {"gameTime": "2 - 17:55", "label": "Ball out of play", "position": "1075278", "team": "home", "visibility": "visible"}, {"gameTime": "2 - 17:59", "label": "Corner", "position": "1079914", "team": "not applicable", "visibility": "visible"}, {"gameTime": "2 - 18:22", "label": "Shots off target", "position": "1102194", "team": "away", "visibility": "visible"}, {"gameTime": "2 - 18:25", "label": "Ball out of play", "position": "1105660", "team": "home", "visibility": "visible"}, {"gameTime": "2 - 18:26", "label": "Substitution", "position": "1106814", "team": "not applicable", "visibility": "visible"}, {"gameTime": "2 - 19:09", "label": "Clearance", "position": "1149880", "team": "away", "visibility": "visible"}, {"gameTime": "2 - 19:25", "label": "Shots on target", "position": "1165958", "team": "away", "visibility": "visible"}, {"gameTime": "2 - 19:42", "label": "Ball out of play", "position": "1182962", "team": "home", "visibility": "visible"}, {"gameTime": "2 - 19:43", "label": "Corner", "position": "1183536", "team": "not applicable", "visibility": "visible"}, {"gameTime": "2 - 20:15", "label": "Foul", "position": "1215458", "team": "home", "visibility": "visible"}, {"gameTime": "2 - 21:05", "label": "Direct free-kick", "position": "1265752", "team": "home", "visibility": "visible"}, {"gameTime": "2 - 22:36", "label": "Shots on target", "position": "1356496", "team": "away", "visibility": "visible"}, {"gameTime": "2 - 22:36", "label": "Ball out of play", "position": "1356496", "team": "away", "visibility": "visible"}, {"gameTime": "2 - 22:43", "label": "Throw-in", "position": "1363860", "team": "not applicable", "visibility": "visible"}, {"gameTime": "2 - 22:52", "label": "Shots on target", "position": "1372740", "team": "home", "visibility": "not shown"}, {"gameTime": "2 - 23:40", "label": "Foul", "position": "1420350", "team": "home", "visibility": "visible"}, {"gameTime": "2 - 24:14", "label": "Substitution", "position": "1454870", "team": "home", "visibility": "visible"}, {"gameTime": "2 - 24:34", "label": "Indirect free-kick", "position": "1474240", "team": "home", "visibility": "visible"}, {"gameTime": "2 - 24:43", "label": "Ball out of play", "position": "1483942", "team": "away", "visibility": "visible"}, {"gameTime": "2 - 25:21", "label": "Throw-in", "position": "1521870", "team": "not applicable", "visibility": "visible"}, {"gameTime": "2 - 25:36", "label": "Ball out of play", "position": "1536280", "team": "home", "visibility": "not shown"}, {"gameTime": "2 - 26:06", "label": "Throw-in", "position": "1566380", "team": "not applicable", "visibility": "visible"}, {"gameTime": "2 - 26:19", "label": "Yellow card", "position": "1579472", "team": "away", "visibility": "visible"}, {"gameTime": "2 - 26:54", "label": "Indirect free-kick", "position": "1614280", "team": "home", "visibility": "visible"}, {"gameTime": "2 - 27:17", "label": "Ball out of play", "position": "1637248", "team": "away", "visibility": "not shown"}, {"gameTime": "2 - 28:15", "label": "Substitution", "position": "1695800", "team": "not applicable", "visibility": "visible"}, {"gameTime": "2 - 28:36", "label": "Throw-in", "position": "1716080", "team": "home", "visibility": "visible"}, {"gameTime": "2 - 28:44", "label": "Shots off target", "position": "1724876", "team": "away", "visibility": "not shown"}, {"gameTime": "2 - 29:19", "label": "Ball out of play", "position": "1759075", "team": "home", "visibility": "visible"}, {"gameTime": "2 - 29:19", "label": "Clearance", "position": "1759466", "team": "not applicable", "visibility": "visible"}, {"gameTime": "2 - 29:59", "label": "Foul", "position": "1799073", "team": "away", "visibility": "visible"}, {"gameTime": "2 - 30:02", "label": "Indirect free-kick", "position": "1802728", "team": "away", "visibility": "visible"}, {"gameTime": "2 - 30:06", "label": "Ball out of play", "position": "1806766", "team": "home", "visibility": "visible"}, {"gameTime": "2 - 30:24", "label": "Throw-in", "position": "1824734", "team": "not applicable", "visibility": "visible"}, {"gameTime": "2 - 30:32", "label": "Foul", "position": "1832008", "team": "home", "visibility": "visible"}, {"gameTime": "2 - 30:58", "label": "Indirect free-kick", "position": "1858532", "team": "home", "visibility": "visible"}, {"gameTime": "2 - 31:38", "label": "Ball out of play", "position": "1898058", "team": "away", "visibility": "visible"}, {"gameTime": "2 - 31:52", "label": "Clearance", "position": "1912832", "team": "not applicable", "visibility": "visible"}, {"gameTime": "2 - 32:23", "label": "Shots on target", "position": "1943074", "team": "home", "visibility": "not shown"}, {"gameTime": "2 - 32:40", "label": "Ball out of play", "position": "1960796", "team": "home", "visibility": "visible"}, {"gameTime": "2 - 32:42", "label": "Corner", "position": "1962234", "team": "not applicable", "visibility": "visible"}, {"gameTime": "2 - 33:01", "label": "Foul", "position": "1981971", "team": "home", "visibility": "not shown"}, {"gameTime": "2 - 33:10", "label": "Substitution", "position": "1990065", "team": "home", "visibility": "visible"}, {"gameTime": "2 - 34:07", "label": "Indirect free-kick", "position": "2047240", "team": "away", "visibility": "visible"}, {"gameTime": "2 - 34:17", "label": "Foul", "position": "2057664", "team": "away", "visibility": "not shown"}, {"gameTime": "2 - 34:26", "label": "Yellow card", "position": "2066464", "team": "home", "visibility": "visible"}, {"gameTime": "2 - 34:30", "label": "Indirect free-kick", "position": "2070880", "team": "home", "visibility": "visible"}, {"gameTime": "2 - 34:57", "label": "Foul", "position": "2097140", "team": "away", "visibility": "visible"}, {"gameTime": "2 - 35:11", "label": "Indirect free-kick", "position": "2111382", "team": "away", "visibility": "visible"}, {"gameTime": "2 - 35:37", "label": "Ball out of play", "position": "2137704", "team": "home", "visibility": "visible"}, {"gameTime": "2 - 36:06", "label": "Throw-in", "position": "2166596", "team": "not applicable", "visibility": "visible"}, {"gameTime": "2 - 36:22", "label": "Ball out of play", "position": "2182636", "team": "away", "visibility": "visible"}, {"gameTime": "2 - 37:14", "label": "Throw-in", "position": "2234832", "team": "not applicable", "visibility": "visible"}, {"gameTime": "2 - 37:20", "label": "Foul", "position": "2240132", "team": "away", "visibility": "visible"}, {"gameTime": "2 - 37:34", "label": "Yellow card", "position": "2254848", "team": "away", "visibility": "visible"}, {"gameTime": "2 - 37:40", "label": "Indirect free-kick", "position": "2260000", "team": "away", "visibility": "visible"}, {"gameTime": "2 - 38:17", "label": "Shots on target", "position": "2297654", "team": "home", "visibility": "visible"}, {"gameTime": "2 - 40:51", "label": "Ball out of play", "position": "2451668", "team": "home", "visibility": "visible"}, {"gameTime": "2 - 41:30", "label": "Substitution", "position": "2490730", "team": "not applicable", "visibility": "visible"}, {"gameTime": "2 - 42:13", "label": "Throw-in", "position": "2533520", "team": "away", "visibility": "visible"}, {"gameTime": "2 - 42:27", "label": "Foul", "position": "2547552", "team": "home", "visibility": "visible"}, {"gameTime": "2 - 43:05", "label": "Indirect free-kick", "position": "2585936", "team": "away", "visibility": "visible"}, {"gameTime": "2 - 43:35", "label": "Foul", "position": "2615434", "team": "home", "visibility": "visible"}, {"gameTime": "2 - 44:54", "label": "Indirect free-kick", "position": "2694574", "team": "home", "visibility": "visible"}, {"gameTime": "2 - 45:09", "label": "Ball out of play", "position": "2709650", "team": "away", "visibility": "visible"}, {"gameTime": "2 - 45:44", "label": "Yellow card", "position": "2744622", "team": "not applicable", "visibility": "visible"}, {"gameTime": "2 - 45:52", "label": "Yellow->red card", "position": "2752000", "team": "home", "visibility": "visible"}, {"gameTime": "2 - 46:00", "label": "Clearance", "position": "2760160", "team": "home", "visibility": "visible"}, {"gameTime": "2 - 46:26", "label": "Clearance", "position": "2786147", "team": "away", "visibility": "not shown"}], "gameAwayTeam": "Barcelona", "gameDate": "25/04/2015 - 17:00", "gameHomeTeam": "Espanyol", "gameScore": "0 - 2"}