{"UrlLocal": "italy_serie-a/2016-2017/2016-10-29 - 21-45 Juventus 2 - 1 Napoli/", "UrlYoutube": "", "annotations": [{"gameTime": "1 - 00:00", "label": "Ball out of play", "position": "17", "team": "home", "visibility": "not shown"}, {"gameTime": "1 - 00:05", "label": "Throw-in", "position": "5587", "team": "not applicable", "visibility": "visible"}, {"gameTime": "1 - 00:15", "label": "Offside", "position": "15427", "team": "home", "visibility": "visible"}, {"gameTime": "1 - 00:38", "label": "Indirect free-kick", "position": "38676", "team": "home", "visibility": "not shown"}, {"gameTime": "1 - 01:02", "label": "Foul", "position": "62699", "team": "away", "visibility": "visible"}, {"gameTime": "1 - 01:17", "label": "Indirect free-kick", "position": "77690", "team": "away", "visibility": "visible"}, {"gameTime": "1 - 01:22", "label": "Foul", "position": "82624", "team": "home", "visibility": "not shown"}, {"gameTime": "1 - 01:44", "label": "Indirect free-kick", "position": "104341", "team": "home", "visibility": "visible"}, {"gameTime": "1 - 01:59", "label": "Offside", "position": "119077", "team": "away", "visibility": "not shown"}, {"gameTime": "1 - 02:41", "label": "Indirect free-kick", "position": "161569", "team": "home", "visibility": "visible"}, {"gameTime": "1 - 02:44", "label": "Ball out of play", "position": "164086", "team": "away", "visibility": "visible"}, {"gameTime": "1 - 03:05", "label": "Throw-in", "position": "185580", "team": "not applicable", "visibility": "visible"}, {"gameTime": "1 - 03:11", "label": "Ball out of play", "position": "191725", "team": "away", "visibility": "visible"}, {"gameTime": "1 - 03:34", "label": "Clearance", "position": "214743", "team": "not applicable", "visibility": "visible"}, {"gameTime": "1 - 03:58", "label": "Foul", "position": "238152", "team": "home", "visibility": "not shown"}, {"gameTime": "1 - 05:03", "label": "Direct free-kick", "position": "303312", "team": "away", "visibility": "visible"}, {"gameTime": "1 - 06:03", "label": "Ball out of play", "position": "363508", "team": "home", "visibility": "visible"}, {"gameTime": "1 - 07:02", "label": "Throw-in", "position": "422556", "team": "not applicable", "visibility": "visible"}, {"gameTime": "1 - 07:06", "label": "Ball out of play", "position": "426944", "team": "home", "visibility": "visible"}, {"gameTime": "1 - 07:20", "label": "Throw-in", "position": "440029", "team": "not applicable", "visibility": "visible"}, {"gameTime": "1 - 07:37", "label": "Ball out of play", "position": "457208", "team": "away", "visibility": "visible"}, {"gameTime": "1 - 08:41", "label": "Throw-in", "position": "521516", "team": "not applicable", "visibility": "visible"}, {"gameTime": "1 - 08:55", "label": "Ball out of play", "position": "535714", "team": "away", "visibility": "visible"}, {"gameTime": "1 - 09:11", "label": "Throw-in", "position": "551791", "team": "not applicable", "visibility": "visible"}, {"gameTime": "1 - 09:15", "label": "Foul", "position": "555362", "team": "home", "visibility": "not shown"}, {"gameTime": "1 - 09:22", "label": "Indirect free-kick", "position": "562676", "team": "away", "visibility": "visible"}, {"gameTime": "1 - 09:47", "label": "Shots off target", "position": "587891", "team": "home", "visibility": "not shown"}, {"gameTime": "1 - 10:08", "label": "Ball out of play", "position": "608067", "team": "away", "visibility": "visible"}, {"gameTime": "1 - 10:10", "label": "Throw-in", "position": "610036", "team": "not applicable", "visibility": "visible"}, {"gameTime": "1 - 10:16", "label": "Ball out of play", "position": "616724", "team": "away", "visibility": "visible"}, {"gameTime": "1 - 10:19", "label": "Throw-in", "position": "619643", "team": "not applicable", "visibility": "visible"}, {"gameTime": "1 - 10:23", "label": "Offside", "position": "623207", "team": "home", "visibility": "not shown"}, {"gameTime": "1 - 12:21", "label": "Indirect free-kick", "position": "741293", "team": "away", "visibility": "visible"}, {"gameTime": "1 - 12:37", "label": "Shots on target", "position": "757257", "team": "home", "visibility": "not shown"}, {"gameTime": "1 - 13:09", "label": "Shots on target", "position": "789761", "team": "home", "visibility": "visible"}, {"gameTime": "1 - 14:35", "label": "Ball out of play", "position": "875191", "team": "away", "visibility": "visible"}, {"gameTime": "1 - 15:22", "label": "Throw-in", "position": "922975", "team": "not applicable", "visibility": "visible"}, {"gameTime": "1 - 15:39", "label": "Ball out of play", "position": "939366", "team": "away", "visibility": "visible"}, {"gameTime": "1 - 16:25", "label": "Throw-in", "position": "985371", "team": "not applicable", "visibility": "visible"}, {"gameTime": "1 - 16:26", "label": "Ball out of play", "position": "986767", "team": "away", "visibility": "not shown"}, {"gameTime": "1 - 16:31", "label": "Throw-in", "position": "991011", "team": "not applicable", "visibility": "visible"}, {"gameTime": "1 - 16:39", "label": "Ball out of play", "position": "999969", "team": "home", "visibility": "not shown"}, {"gameTime": "1 - 17:35", "label": "Clearance", "position": "1055909", "team": "not applicable", "visibility": "visible"}, {"gameTime": "1 - 17:52", "label": "Offside", "position": "1072648", "team": "away", "visibility": "not shown"}, {"gameTime": "1 - 17:58", "label": "Indirect free-kick", "position": "1078970", "team": "away", "visibility": "visible"}, {"gameTime": "1 - 18:15", "label": "Shots off target", "position": "1095270", "team": "home", "visibility": "not shown"}, {"gameTime": "1 - 19:10", "label": "Ball out of play", "position": "1150100", "team": "home", "visibility": "visible"}, {"gameTime": "1 - 19:10", "label": "Clearance", "position": "1150751", "team": "not applicable", "visibility": "visible"}, {"gameTime": "1 - 19:41", "label": "Foul", "position": "1181189", "team": "away", "visibility": "visible"}, {"gameTime": "1 - 20:10", "label": "Yellow card", "position": "1210793", "team": "home", "visibility": "visible"}, {"gameTime": "1 - 20:15", "label": "Indirect free-kick", "position": "1215943", "team": "home", "visibility": "visible"}, {"gameTime": "1 - 20:39", "label": "Foul", "position": "1239179", "team": "away", "visibility": "visible"}, {"gameTime": "1 - 20:59", "label": "Yellow card", "position": "1259918", "team": "home", "visibility": "visible"}, {"gameTime": "1 - 21:02", "label": "Indirect free-kick", "position": "1262833", "team": "home", "visibility": "visible"}, {"gameTime": "1 - 21:43", "label": "Ball out of play", "position": "1303520", "team": "away", "visibility": "visible"}, {"gameTime": "1 - 21:52", "label": "Throw-in", "position": "1312553", "team": "not applicable", "visibility": "visible"}, {"gameTime": "1 - 21:56", "label": "Ball out of play", "position": "1316215", "team": "home", "visibility": "not shown"}, {"gameTime": "1 - 22:40", "label": "Clearance", "position": "1360329", "team": "not applicable", "visibility": "visible"}, {"gameTime": "1 - 22:59", "label": "Ball out of play", "position": "1379190", "team": "home", "visibility": "not shown"}, {"gameTime": "1 - 23:29", "label": "Corner", "position": "1409692", "team": "not applicable", "visibility": "visible"}, {"gameTime": "1 - 24:01", "label": "Shots on target", "position": "1441261", "team": "home", "visibility": "visible"}, {"gameTime": "1 - 24:40", "label": "Ball out of play", "position": "1480319", "team": "away", "visibility": "visible"}, {"gameTime": "1 - 24:41", "label": "Corner", "position": "1481911", "team": "not applicable", "visibility": "visible"}, {"gameTime": "1 - 25:15", "label": "Foul", "position": "1515161", "team": "away", "visibility": "visible"}, {"gameTime": "1 - 25:21", "label": "Indirect free-kick", "position": "1521999", "team": "away", "visibility": "visible"}, {"gameTime": "1 - 25:28", "label": "Foul", "position": "1528925", "team": "home", "visibility": "not shown"}, {"gameTime": "1 - 26:29", "label": "Indirect free-kick", "position": "1589451", "team": "home", "visibility": "visible"}, {"gameTime": "1 - 26:47", "label": "Ball out of play", "position": "1607144", "team": "away", "visibility": "not shown"}, {"gameTime": "1 - 27:42", "label": "Throw-in", "position": "1662766", "team": "not applicable", "visibility": "visible"}, {"gameTime": "1 - 27:52", "label": "Ball out of play", "position": "1672680", "team": "away", "visibility": "visible"}, {"gameTime": "1 - 27:58", "label": "Throw-in", "position": "1678441", "team": "not applicable", "visibility": "visible"}, {"gameTime": "1 - 28:12", "label": "Shots on target", "position": "1692788", "team": "home", "visibility": "visible"}, {"gameTime": "1 - 29:01", "label": "Foul", "position": "1741142", "team": "away", "visibility": "visible"}, {"gameTime": "1 - 29:39", "label": "Yellow card", "position": "1779312", "team": "away", "visibility": "visible"}, {"gameTime": "1 - 29:45", "label": "Direct free-kick", "position": "1785581", "team": "away", "visibility": "visible"}, {"gameTime": "1 - 30:37", "label": "Foul", "position": "1837358", "team": "home", "visibility": "visible"}, {"gameTime": "1 - 32:45", "label": "Indirect free-kick", "position": "1965681", "team": "home", "visibility": "visible"}, {"gameTime": "1 - 33:04", "label": "Ball out of play", "position": "1984567", "team": "away", "visibility": "visible"}, {"gameTime": "1 - 37:25", "label": "Substitution", "position": "2245308", "team": "not applicable", "visibility": "visible"}, {"gameTime": "1 - 38:33", "label": "Foul", "position": "2313713", "team": "home", "visibility": "visible"}, {"gameTime": "1 - 39:18", "label": "Indirect free-kick", "position": "2358617", "team": "home", "visibility": "visible"}, {"gameTime": "1 - 40:54", "label": "Foul", "position": "2454154", "team": "away", "visibility": "visible"}, {"gameTime": "1 - 41:32", "label": "Indirect free-kick", "position": "2492624", "team": "away", "visibility": "visible"}, {"gameTime": "1 - 41:43", "label": "Foul", "position": "2503006", "team": "home", "visibility": "visible"}, {"gameTime": "1 - 42:47", "label": "Shots off target", "position": "2567864", "team": "home", "visibility": "visible"}, {"gameTime": "1 - 44:12", "label": "Direct free-kick", "position": "2652789", "team": "away", "visibility": "visible"}, {"gameTime": "1 - 44:12", "label": "Ball out of play", "position": "2652789", "team": "away", "visibility": "visible"}, {"gameTime": "1 - 44:13", "label": "Clearance", "position": "2653928", "team": "not applicable", "visibility": "visible"}, {"gameTime": "1 - 44:31", "label": "Ball out of play", "position": "2671398", "team": "home", "visibility": "visible"}, {"gameTime": "1 - 44:37", "label": "Throw-in", "position": "2677915", "team": "not applicable", "visibility": "visible"}, {"gameTime": "1 - 44:40", "label": "Ball out of play", "position": "2680717", "team": "home", "visibility": "not shown"}, {"gameTime": "1 - 44:56", "label": "Ball out of play", "position": "2696234", "team": "not applicable", "visibility": "visible"}, {"gameTime": "2 - 00:00", "label": "Ball out of play", "position": "584", "team": "away", "visibility": "not shown"}, {"gameTime": "2 - 00:09", "label": "Throw-in", "position": "9688", "team": "not applicable", "visibility": "not shown"}, {"gameTime": "2 - 00:17", "label": "Ball out of play", "position": "17332", "team": "home", "visibility": "visible"}, {"gameTime": "2 - 01:04", "label": "Throw-in", "position": "64635", "team": "not applicable", "visibility": "visible"}, {"gameTime": "2 - 01:19", "label": "Shots off target", "position": "79161", "team": "away", "visibility": "visible"}, {"gameTime": "2 - 02:25", "label": "Ball out of play", "position": "145592", "team": "home", "visibility": "visible"}, {"gameTime": "2 - 03:32", "label": "Corner", "position": "212342", "team": "not applicable", "visibility": "visible"}, {"gameTime": "2 - 04:01", "label": "Shots on target", "position": "241950", "team": "home", "visibility": "visible"}, {"gameTime": "2 - 04:08", "label": "Goal", "position": "248856", "team": "home", "visibility": "visible"}, {"gameTime": "2 - 04:09", "label": "Kick-off", "position": "249266", "team": "home", "visibility": "visible"}, {"gameTime": "2 - 05:01", "label": "Shots on target", "position": "301723", "team": "away", "visibility": "visible"}, {"gameTime": "2 - 05:32", "label": "Ball out of play", "position": "332164", "team": "home", "visibility": "visible"}, {"gameTime": "2 - 05:47", "label": "Corner", "position": "347402", "team": "not applicable", "visibility": "visible"}, {"gameTime": "2 - 06:36", "label": "Shots on target", "position": "396656", "team": "away", "visibility": "visible"}, {"gameTime": "2 - 06:42", "label": "Ball out of play", "position": "402100", "team": "away", "visibility": "visible"}, {"gameTime": "2 - 06:43", "label": "Corner", "position": "403917", "team": "not applicable", "visibility": "visible"}, {"gameTime": "2 - 07:25", "label": "Ball out of play", "position": "445053", "team": "away", "visibility": "visible"}, {"gameTime": "2 - 08:14", "label": "Throw-in", "position": "494156", "team": "not applicable", "visibility": "visible"}, {"gameTime": "2 - 08:15", "label": "Shots on target", "position": "495457", "team": "away", "visibility": "visible"}, {"gameTime": "2 - 08:27", "label": "Goal", "position": "507465", "team": "away", "visibility": "visible"}, {"gameTime": "2 - 08:27", "label": "Kick-off", "position": "507898", "team": "away", "visibility": "visible"}, {"gameTime": "2 - 09:19", "label": "Shots on target", "position": "559982", "team": "home", "visibility": "visible"}, {"gameTime": "2 - 11:32", "label": "Shots on target", "position": "692476", "team": "home", "visibility": "visible"}, {"gameTime": "2 - 13:15", "label": "Ball out of play", "position": "795408", "team": "away", "visibility": "visible"}, {"gameTime": "2 - 13:48", "label": "Throw-in", "position": "828269", "team": "not applicable", "visibility": "visible"}, {"gameTime": "2 - 13:57", "label": "Shots off target", "position": "837931", "team": "home", "visibility": "not shown"}, {"gameTime": "2 - 15:01", "label": "Ball out of play", "position": "901542", "team": "away", "visibility": "visible"}, {"gameTime": "2 - 15:02", "label": "Substitution", "position": "902732", "team": "not applicable", "visibility": "visible"}, {"gameTime": "2 - 15:29", "label": "Clearance", "position": "929936", "team": "away", "visibility": "visible"}, {"gameTime": "2 - 15:39", "label": "Foul", "position": "939790", "team": "home", "visibility": "not shown"}, {"gameTime": "2 - 15:51", "label": "Yellow card", "position": "951004", "team": "home", "visibility": "visible"}, {"gameTime": "2 - 15:53", "label": "Indirect free-kick", "position": "953471", "team": "home", "visibility": "visible"}, {"gameTime": "2 - 16:14", "label": "Ball out of play", "position": "974387", "team": "away", "visibility": "not shown"}, {"gameTime": "2 - 16:22", "label": "Throw-in", "position": "982074", "team": "not applicable", "visibility": "visible"}, {"gameTime": "2 - 16:26", "label": "Ball out of play", "position": "986022", "team": "home", "visibility": "visible"}, {"gameTime": "2 - 16:57", "label": "Throw-in", "position": "1017825", "team": "not applicable", "visibility": "visible"}, {"gameTime": "2 - 17:12", "label": "Offside", "position": "1032479", "team": "away", "visibility": "not shown"}, {"gameTime": "2 - 17:33", "label": "Indirect free-kick", "position": "1053241", "team": "away", "visibility": "visible"}, {"gameTime": "2 - 17:47", "label": "Ball out of play", "position": "1067097", "team": "home", "visibility": "not shown"}, {"gameTime": "2 - 20:33", "label": "Throw-in", "position": "1233061", "team": "not applicable", "visibility": "visible"}, {"gameTime": "2 - 20:38", "label": "Ball out of play", "position": "1238297", "team": "home", "visibility": "visible"}, {"gameTime": "2 - 21:25", "label": "Throw-in", "position": "1285875", "team": "not applicable", "visibility": "visible"}, {"gameTime": "2 - 21:44", "label": "Ball out of play", "position": "1304139", "team": "away", "visibility": "visible"}, {"gameTime": "2 - 21:46", "label": "Substitution", "position": "1306828", "team": "not applicable", "visibility": "visible"}, {"gameTime": "2 - 22:08", "label": "Throw-in", "position": "1328653", "team": "home", "visibility": "visible"}, {"gameTime": "2 - 22:16", "label": "Shots on target", "position": "1336337", "team": "away", "visibility": "visible"}, {"gameTime": "2 - 23:17", "label": "Shots off target", "position": "1397894", "team": "home", "visibility": "visible"}, {"gameTime": "2 - 23:19", "label": "Ball out of play", "position": "1399980", "team": "home", "visibility": "visible"}, {"gameTime": "2 - 23:21", "label": "Clearance", "position": "1401336", "team": "not applicable", "visibility": "visible"}, {"gameTime": "2 - 23:30", "label": "Ball out of play", "position": "1410820", "team": "away", "visibility": "not shown"}, {"gameTime": "2 - 24:16", "label": "Throw-in", "position": "1456076", "team": "not applicable", "visibility": "visible"}, {"gameTime": "2 - 24:21", "label": "Ball out of play", "position": "1461632", "team": "home", "visibility": "not shown"}, {"gameTime": "2 - 24:42", "label": "Throw-in", "position": "1482202", "team": "not applicable", "visibility": "not shown"}, {"gameTime": "2 - 24:49", "label": "Shots on target", "position": "1489386", "team": "home", "visibility": "visible"}, {"gameTime": "2 - 24:58", "label": "Goal", "position": "1498556", "team": "home", "visibility": "visible"}, {"gameTime": "2 - 24:59", "label": "Kick-off", "position": "1499119", "team": "home", "visibility": "visible"}, {"gameTime": "2 - 25:54", "label": "Ball out of play", "position": "1554171", "team": "away", "visibility": "not shown"}, {"gameTime": "2 - 26:51", "label": "Throw-in", "position": "1611240", "team": "not applicable", "visibility": "visible"}, {"gameTime": "2 - 26:54", "label": "Shots off target", "position": "1614288", "team": "away", "visibility": "visible"}, {"gameTime": "2 - 27:35", "label": "Ball out of play", "position": "1655746", "team": "away", "visibility": "visible"}, {"gameTime": "2 - 27:36", "label": "Clearance", "position": "1656687", "team": "not applicable", "visibility": "visible"}, {"gameTime": "2 - 28:04", "label": "Ball out of play", "position": "1684832", "team": "home", "visibility": "visible"}, {"gameTime": "2 - 28:24", "label": "Throw-in", "position": "1704629", "team": "not applicable", "visibility": "visible"}, {"gameTime": "2 - 28:44", "label": "Ball out of play", "position": "1724028", "team": "home", "visibility": "visible"}, {"gameTime": "2 - 29:23", "label": "Corner", "position": "1763957", "team": "not applicable", "visibility": "visible"}, {"gameTime": "2 - 30:02", "label": "Ball out of play", "position": "1802466", "team": "home", "visibility": "visible"}, {"gameTime": "2 - 30:07", "label": "Substitution", "position": "1807094", "team": "not applicable", "visibility": "visible"}, {"gameTime": "2 - 30:40", "label": "Substitution", "position": "1840919", "team": "home", "visibility": "visible"}, {"gameTime": "2 - 30:49", "label": "Throw-in", "position": "1849543", "team": "away", "visibility": "visible"}, {"gameTime": "2 - 30:57", "label": "Foul", "position": "1857237", "team": "home", "visibility": "not shown"}, {"gameTime": "2 - 32:17", "label": "Indirect free-kick", "position": "1937257", "team": "home", "visibility": "visible"}, {"gameTime": "2 - 33:22", "label": "Ball out of play", "position": "2002168", "team": "away", "visibility": "visible"}, {"gameTime": "2 - 33:27", "label": "Throw-in", "position": "2007378", "team": "not applicable", "visibility": "visible"}, {"gameTime": "2 - 33:38", "label": "Shots off target", "position": "2018840", "team": "home", "visibility": "visible"}, {"gameTime": "2 - 36:11", "label": "Ball out of play", "position": "2171644", "team": "home", "visibility": "visible"}, {"gameTime": "2 - 36:13", "label": "Substitution", "position": "2173359", "team": "not applicable", "visibility": "visible"}, {"gameTime": "2 - 36:41", "label": "Clearance", "position": "2201593", "team": "away", "visibility": "visible"}, {"gameTime": "2 - 36:59", "label": "Foul", "position": "2219871", "team": "away", "visibility": "visible"}, {"gameTime": "2 - 37:18", "label": "Indirect free-kick", "position": "2238331", "team": "away", "visibility": "visible"}, {"gameTime": "2 - 37:43", "label": "Ball out of play", "position": "2263284", "team": "home", "visibility": "visible"}, {"gameTime": "2 - 38:04", "label": "Throw-in", "position": "2284500", "team": "not applicable", "visibility": "visible"}, {"gameTime": "2 - 38:12", "label": "Ball out of play", "position": "2292570", "team": "away", "visibility": "visible"}, {"gameTime": "2 - 38:31", "label": "Throw-in", "position": "2311724", "team": "not applicable", "visibility": "not shown"}, {"gameTime": "2 - 38:44", "label": "Foul", "position": "2324708", "team": "away", "visibility": "visible"}, {"gameTime": "2 - 39:44", "label": "Yellow card", "position": "2384433", "team": "home", "visibility": "visible"}, {"gameTime": "2 - 39:49", "label": "Direct free-kick", "position": "2389833", "team": "home", "visibility": "visible"}, {"gameTime": "2 - 40:47", "label": "Ball out of play", "position": "2447677", "team": "away", "visibility": "visible"}, {"gameTime": "2 - 40:49", "label": "Corner", "position": "2449562", "team": "not applicable", "visibility": "visible"}, {"gameTime": "2 - 41:14", "label": "Shots off target", "position": "2474054", "team": "away", "visibility": "visible"}, {"gameTime": "2 - 41:19", "label": "Ball out of play", "position": "2479304", "team": "away", "visibility": "not shown"}, {"gameTime": "2 - 41:19", "label": "Clearance", "position": "2479811", "team": "not applicable", "visibility": "not shown"}, {"gameTime": "2 - 41:41", "label": "Ball out of play", "position": "2501502", "team": "home", "visibility": "not shown"}, {"gameTime": "2 - 43:14", "label": "Throw-in", "position": "2594207", "team": "not applicable", "visibility": "visible"}, {"gameTime": "2 - 43:15", "label": "Shots off target", "position": "2595856", "team": "away", "visibility": "not shown"}, {"gameTime": "2 - 43:42", "label": "Ball out of play", "position": "2622785", "team": "away", "visibility": "visible"}, {"gameTime": "2 - 43:43", "label": "Clearance", "position": "2623849", "team": "not applicable", "visibility": "visible"}, {"gameTime": "2 - 44:06", "label": "Foul", "position": "2646529", "team": "home", "visibility": "visible"}, {"gameTime": "2 - 44:14", "label": "Foul", "position": "2654400", "team": "away", "visibility": "visible"}], "gameAwayTeam": "Napoli", "gameDate": "29/10/2016 - 21:45", "gameHomeTeam": "Juventus", "gameScore": "2 - 1"}