{"UrlLocal": "italy_serie-a/2016-2017/2016-09-16 - 21-45 Sampdoria 0 - 1 AC Milan/", "UrlYoutube": "", "annotations": [{"gameTime": "1 - 00:02", "label": "Ball out of play", "position": "2631", "team": "away", "visibility": "visible"}, {"gameTime": "1 - 00:35", "label": "Throw-in", "position": "35502", "team": "not applicable", "visibility": "visible"}, {"gameTime": "1 - 00:40", "label": "Ball out of play", "position": "40734", "team": "home", "visibility": "visible"}, {"gameTime": "1 - 01:30", "label": "Throw-in", "position": "90428", "team": "not applicable", "visibility": "visible"}, {"gameTime": "1 - 01:44", "label": "Foul", "position": "104925", "team": "away", "visibility": "visible"}, {"gameTime": "1 - 01:53", "label": "Indirect free-kick", "position": "113383", "team": "home", "visibility": "visible"}, {"gameTime": "1 - 02:10", "label": "Ball out of play", "position": "130169", "team": "away", "visibility": "visible"}, {"gameTime": "1 - 02:29", "label": "Throw-in", "position": "149752", "team": "not applicable", "visibility": "visible"}, {"gameTime": "1 - 02:38", "label": "Ball out of play", "position": "158609", "team": "home", "visibility": "visible"}, {"gameTime": "1 - 03:15", "label": "Clearance", "position": "195505", "team": "not applicable", "visibility": "visible"}, {"gameTime": "1 - 03:33", "label": "Foul", "position": "213630", "team": "home", "visibility": "visible"}, {"gameTime": "1 - 03:39", "label": "Indirect free-kick", "position": "219767", "team": "away", "visibility": "visible"}, {"gameTime": "1 - 03:45", "label": "Foul", "position": "225000", "team": "home", "visibility": "not shown"}, {"gameTime": "1 - 04:21", "label": "Indirect free-kick", "position": "261725", "team": "away", "visibility": "visible"}, {"gameTime": "1 - 04:42", "label": "Ball out of play", "position": "282264", "team": "home", "visibility": "not shown"}, {"gameTime": "1 - 05:04", "label": "Throw-in", "position": "304897", "team": "not applicable", "visibility": "visible"}, {"gameTime": "1 - 05:12", "label": "Shots off target", "position": "312893", "team": "home", "visibility": "visible"}, {"gameTime": "1 - 05:19", "label": "Ball out of play", "position": "319899", "team": "home", "visibility": "visible"}, {"gameTime": "1 - 05:20", "label": "Clearance", "position": "320779", "team": "not applicable", "visibility": "visible"}, {"gameTime": "1 - 05:36", "label": "Ball out of play", "position": "336504", "team": "away", "visibility": "not shown"}, {"gameTime": "1 - 05:47", "label": "Throw-in", "position": "347479", "team": "not applicable", "visibility": "visible"}, {"gameTime": "1 - 05:54", "label": "Ball out of play", "position": "354031", "team": "away", "visibility": "visible"}, {"gameTime": "1 - 05:55", "label": "Throw-in", "position": "355618", "team": "not applicable", "visibility": "visible"}, {"gameTime": "1 - 06:03", "label": "Foul", "position": "363182", "team": "away", "visibility": "visible"}, {"gameTime": "1 - 06:22", "label": "Indirect free-kick", "position": "382090", "team": "home", "visibility": "visible"}, {"gameTime": "1 - 06:25", "label": "Ball out of play", "position": "385531", "team": "away", "visibility": "not shown"}, {"gameTime": "1 - 07:09", "label": "Throw-in", "position": "429508", "team": "not applicable", "visibility": "visible"}, {"gameTime": "1 - 07:14", "label": "Ball out of play", "position": "434168", "team": "away", "visibility": "not shown"}, {"gameTime": "1 - 07:49", "label": "Corner", "position": "469475", "team": "not applicable", "visibility": "visible"}, {"gameTime": "1 - 08:19", "label": "Ball out of play", "position": "499267", "team": "away", "visibility": "visible"}, {"gameTime": "1 - 08:37", "label": "Clearance", "position": "517765", "team": "not applicable", "visibility": "visible"}, {"gameTime": "1 - 08:54", "label": "Ball out of play", "position": "534098", "team": "home", "visibility": "visible"}, {"gameTime": "1 - 09:26", "label": "Clearance", "position": "566138", "team": "not applicable", "visibility": "visible"}, {"gameTime": "1 - 09:32", "label": "Shots off target", "position": "572716", "team": "away", "visibility": "visible"}, {"gameTime": "1 - 10:30", "label": "Ball out of play", "position": "630172", "team": "home", "visibility": "visible"}, {"gameTime": "1 - 10:31", "label": "Corner", "position": "631180", "team": "not applicable", "visibility": "visible"}, {"gameTime": "1 - 11:04", "label": "Shots off target", "position": "664215", "team": "home", "visibility": "not shown"}, {"gameTime": "1 - 11:10", "label": "Ball out of play", "position": "670824", "team": "home", "visibility": "visible"}, {"gameTime": "1 - 11:11", "label": "Clearance", "position": "671897", "team": "not applicable", "visibility": "visible"}, {"gameTime": "1 - 11:28", "label": "Foul", "position": "688871", "team": "away", "visibility": "visible"}, {"gameTime": "1 - 13:59", "label": "Indirect free-kick", "position": "839780", "team": "away", "visibility": "visible"}, {"gameTime": "1 - 14:16", "label": "Ball out of play", "position": "856301", "team": "home", "visibility": "visible"}, {"gameTime": "1 - 14:42", "label": "Throw-in", "position": "882736", "team": "not applicable", "visibility": "visible"}, {"gameTime": "1 - 14:52", "label": "Offside", "position": "892377", "team": "away", "visibility": "visible"}, {"gameTime": "1 - 14:57", "label": "Indirect free-kick", "position": "897434", "team": "away", "visibility": "visible"}, {"gameTime": "1 - 15:17", "label": "Ball out of play", "position": "917835", "team": "home", "visibility": "not shown"}, {"gameTime": "1 - 15:48", "label": "Throw-in", "position": "948024", "team": "not applicable", "visibility": "visible"}, {"gameTime": "1 - 16:01", "label": "Foul", "position": "961504", "team": "home", "visibility": "visible"}, {"gameTime": "1 - 16:34", "label": "Indirect free-kick", "position": "994620", "team": "away", "visibility": "visible"}, {"gameTime": "1 - 17:02", "label": "Foul", "position": "1022968", "team": "home", "visibility": "visible"}, {"gameTime": "1 - 17:23", "label": "Indirect free-kick", "position": "1043739", "team": "home", "visibility": "visible"}, {"gameTime": "1 - 17:51", "label": "Foul", "position": "1071830", "team": "away", "visibility": "visible"}, {"gameTime": "1 - 17:55", "label": "Indirect free-kick", "position": "1075239", "team": "away", "visibility": "visible"}, {"gameTime": "1 - 18:14", "label": "Ball out of play", "position": "1094665", "team": "home", "visibility": "visible"}, {"gameTime": "1 - 18:49", "label": "Corner", "position": "1129142", "team": "not applicable", "visibility": "visible"}, {"gameTime": "1 - 19:19", "label": "Shots off target", "position": "1159917", "team": "away", "visibility": "visible"}, {"gameTime": "1 - 20:12", "label": "Ball out of play", "position": "1212106", "team": "home", "visibility": "visible"}, {"gameTime": "1 - 20:13", "label": "Clearance", "position": "1213791", "team": "not applicable", "visibility": "visible"}, {"gameTime": "1 - 20:33", "label": "Foul", "position": "1233324", "team": "away", "visibility": "not shown"}, {"gameTime": "1 - 20:43", "label": "Indirect free-kick", "position": "1243733", "team": "away", "visibility": "visible"}, {"gameTime": "1 - 21:04", "label": "Ball out of play", "position": "1264241", "team": "home", "visibility": "not shown"}, {"gameTime": "1 - 21:15", "label": "Throw-in", "position": "1275611", "team": "not applicable", "visibility": "visible"}, {"gameTime": "1 - 21:36", "label": "Ball out of play", "position": "1296569", "team": "home", "visibility": "visible"}, {"gameTime": "1 - 22:04", "label": "Throw-in", "position": "1324214", "team": "not applicable", "visibility": "visible"}, {"gameTime": "1 - 22:09", "label": "Ball out of play", "position": "1329071", "team": "home", "visibility": "not shown"}, {"gameTime": "1 - 22:57", "label": "Throw-in", "position": "1377769", "team": "not applicable", "visibility": "visible"}, {"gameTime": "1 - 23:01", "label": "Ball out of play", "position": "1381932", "team": "home", "visibility": "not shown"}, {"gameTime": "1 - 23:20", "label": "Throw-in", "position": "1400064", "team": "not applicable", "visibility": "visible"}, {"gameTime": "1 - 23:30", "label": "Ball out of play", "position": "1410648", "team": "away", "visibility": "not shown"}, {"gameTime": "1 - 23:55", "label": "Throw-in", "position": "1435318", "team": "not applicable", "visibility": "visible"}, {"gameTime": "1 - 24:23", "label": "Ball out of play", "position": "1463998", "team": "home", "visibility": "visible"}, {"gameTime": "1 - 24:50", "label": "Corner", "position": "1490178", "team": "not applicable", "visibility": "not shown"}, {"gameTime": "1 - 25:16", "label": "Shots off target", "position": "1516752", "team": "away", "visibility": "visible"}, {"gameTime": "1 - 25:23", "label": "Ball out of play", "position": "1523206", "team": "away", "visibility": "visible"}, {"gameTime": "1 - 25:24", "label": "Clearance", "position": "1524397", "team": "not applicable", "visibility": "visible"}, {"gameTime": "1 - 25:34", "label": "Foul", "position": "1534312", "team": "home", "visibility": "not shown"}, {"gameTime": "1 - 26:34", "label": "Indirect free-kick", "position": "1594297", "team": "away", "visibility": "visible"}, {"gameTime": "1 - 27:13", "label": "Shots off target", "position": "1633228", "team": "home", "visibility": "visible"}, {"gameTime": "1 - 28:04", "label": "Ball out of play", "position": "1684710", "team": "away", "visibility": "visible"}, {"gameTime": "1 - 28:05", "label": "Substitution", "position": "1685193", "team": "not applicable", "visibility": "visible"}, {"gameTime": "1 - 30:15", "label": "Clearance", "position": "1815637", "team": "home", "visibility": "visible"}, {"gameTime": "1 - 30:30", "label": "Ball out of play", "position": "1830263", "team": "home", "visibility": "visible"}, {"gameTime": "1 - 30:59", "label": "Throw-in", "position": "1859245", "team": "not applicable", "visibility": "visible"}, {"gameTime": "1 - 31:07", "label": "Ball out of play", "position": "1867925", "team": "away", "visibility": "visible"}, {"gameTime": "1 - 31:13", "label": "Throw-in", "position": "1873197", "team": "not applicable", "visibility": "visible"}, {"gameTime": "1 - 31:19", "label": "Ball out of play", "position": "1879248", "team": "away", "visibility": "visible"}, {"gameTime": "1 - 32:13", "label": "Foul", "position": "1933909", "team": "not applicable", "visibility": "visible"}, {"gameTime": "1 - 33:07", "label": "Indirect free-kick", "position": "1987962", "team": "away", "visibility": "visible"}, {"gameTime": "1 - 33:38", "label": "Ball out of play", "position": "2018289", "team": "home", "visibility": "visible"}, {"gameTime": "1 - 34:01", "label": "Throw-in", "position": "2041301", "team": "not applicable", "visibility": "not shown"}, {"gameTime": "1 - 34:15", "label": "Ball out of play", "position": "2055111", "team": "home", "visibility": "visible"}, {"gameTime": "1 - 34:26", "label": "Throw-in", "position": "2066268", "team": "not applicable", "visibility": "visible"}, {"gameTime": "1 - 34:31", "label": "Ball out of play", "position": "2071157", "team": "away", "visibility": "visible"}, {"gameTime": "1 - 34:35", "label": "Throw-in", "position": "2075846", "team": "not applicable", "visibility": "visible"}, {"gameTime": "1 - 34:52", "label": "Ball out of play", "position": "2092514", "team": "away", "visibility": "visible"}, {"gameTime": "1 - 34:55", "label": "Throw-in", "position": "2095749", "team": "not applicable", "visibility": "visible"}, {"gameTime": "1 - 35:16", "label": "Offside", "position": "2116363", "team": "home", "visibility": "visible"}, {"gameTime": "1 - 35:18", "label": "Indirect free-kick", "position": "2118343", "team": "away", "visibility": "visible"}, {"gameTime": "1 - 35:31", "label": "Ball out of play", "position": "2131335", "team": "home", "visibility": "visible"}, {"gameTime": "1 - 36:06", "label": "Corner", "position": "2166852", "team": "not applicable", "visibility": "visible"}, {"gameTime": "1 - 36:37", "label": "Foul", "position": "2197826", "team": "home", "visibility": "visible"}, {"gameTime": "1 - 36:43", "label": "Shots on target", "position": "2203509", "team": "away", "visibility": "visible"}, {"gameTime": "1 - 37:47", "label": "Direct free-kick", "position": "2267679", "team": "home", "visibility": "visible"}, {"gameTime": "1 - 37:47", "label": "Foul", "position": "2267679", "team": "home", "visibility": "visible"}, {"gameTime": "1 - 37:47", "label": "Yellow card", "position": "2267887", "team": "away", "visibility": "visible"}, {"gameTime": "1 - 38:00", "label": "Shots on target", "position": "2280604", "team": "away", "visibility": "visible"}, {"gameTime": "1 - 39:41", "label": "Direct free-kick", "position": "2381260", "team": "home", "visibility": "visible"}, {"gameTime": "1 - 39:41", "label": "Shots off target", "position": "2381509", "team": "home", "visibility": "visible"}, {"gameTime": "1 - 40:35", "label": "Ball out of play", "position": "2435559", "team": "home", "visibility": "visible"}, {"gameTime": "1 - 40:36", "label": "Clearance", "position": "2436819", "team": "not applicable", "visibility": "visible"}, {"gameTime": "1 - 41:01", "label": "Ball out of play", "position": "2461591", "team": "away", "visibility": "not shown"}, {"gameTime": "1 - 41:30", "label": "Throw-in", "position": "2490443", "team": "not applicable", "visibility": "visible"}, {"gameTime": "1 - 41:34", "label": "Ball out of play", "position": "2494165", "team": "away", "visibility": "visible"}, {"gameTime": "1 - 42:17", "label": "Throw-in", "position": "2537866", "team": "not applicable", "visibility": "visible"}, {"gameTime": "1 - 42:21", "label": "Ball out of play", "position": "2541632", "team": "away", "visibility": "not shown"}, {"gameTime": "1 - 42:42", "label": "Throw-in", "position": "2562585", "team": "not applicable", "visibility": "visible"}, {"gameTime": "1 - 42:56", "label": "Shots on target", "position": "2576305", "team": "home", "visibility": "not shown"}, {"gameTime": "1 - 43:09", "label": "Ball out of play", "position": "2589349", "team": "home", "visibility": "visible"}, {"gameTime": "1 - 43:10", "label": "Corner", "position": "2590992", "team": "not applicable", "visibility": "visible"}, {"gameTime": "1 - 43:50", "label": "Corner", "position": "2630345", "team": "home", "visibility": "visible"}, {"gameTime": "2 - 00:01", "label": "Ball out of play", "position": "1044", "team": "home", "visibility": "visible"}, {"gameTime": "2 - 00:09", "label": "Throw-in", "position": "9755", "team": "not applicable", "visibility": "visible"}, {"gameTime": "2 - 00:40", "label": "Foul", "position": "40207", "team": "away", "visibility": "visible"}, {"gameTime": "2 - 01:29", "label": "Yellow card", "position": "89432", "team": "away", "visibility": "visible"}, {"gameTime": "2 - 01:33", "label": "Indirect free-kick", "position": "93980", "team": "away", "visibility": "visible"}, {"gameTime": "2 - 01:57", "label": "Ball out of play", "position": "117097", "team": "home", "visibility": "not shown"}, {"gameTime": "2 - 02:17", "label": "Throw-in", "position": "137899", "team": "not applicable", "visibility": "visible"}, {"gameTime": "2 - 02:26", "label": "Foul", "position": "146326", "team": "home", "visibility": "visible"}, {"gameTime": "2 - 02:57", "label": "Indirect free-kick", "position": "177634", "team": "home", "visibility": "visible"}, {"gameTime": "2 - 03:48", "label": "Ball out of play", "position": "228320", "team": "away", "visibility": "visible"}, {"gameTime": "2 - 04:01", "label": "Throw-in", "position": "241187", "team": "not applicable", "visibility": "visible"}, {"gameTime": "2 - 04:06", "label": "Ball out of play", "position": "246102", "team": "home", "visibility": "visible"}, {"gameTime": "2 - 04:31", "label": "Clearance", "position": "271077", "team": "not applicable", "visibility": "visible"}, {"gameTime": "2 - 04:44", "label": "Ball out of play", "position": "284296", "team": "away", "visibility": "visible"}, {"gameTime": "2 - 06:14", "label": "Corner", "position": "374839", "team": "not applicable", "visibility": "visible"}, {"gameTime": "2 - 06:52", "label": "Ball out of play", "position": "412323", "team": "away", "visibility": "visible"}, {"gameTime": "2 - 07:12", "label": "Throw-in", "position": "432751", "team": "not applicable", "visibility": "visible"}, {"gameTime": "2 - 08:36", "label": "Foul", "position": "516442", "team": "home", "visibility": "visible"}, {"gameTime": "2 - 09:13", "label": "Indirect free-kick", "position": "553225", "team": "home", "visibility": "visible"}, {"gameTime": "2 - 09:21", "label": "Foul", "position": "561162", "team": "away", "visibility": "not shown"}, {"gameTime": "2 - 09:37", "label": "Indirect free-kick", "position": "577434", "team": "away", "visibility": "visible"}, {"gameTime": "2 - 09:49", "label": "Ball out of play", "position": "589477", "team": "home", "visibility": "not shown"}, {"gameTime": "2 - 10:25", "label": "Clearance", "position": "625446", "team": "not applicable", "visibility": "visible"}, {"gameTime": "2 - 10:40", "label": "Foul", "position": "640173", "team": "home", "visibility": "not shown"}, {"gameTime": "2 - 10:47", "label": "Indirect free-kick", "position": "647248", "team": "home", "visibility": "visible"}, {"gameTime": "2 - 11:02", "label": "Ball out of play", "position": "662273", "team": "away", "visibility": "visible"}, {"gameTime": "2 - 11:09", "label": "Substitution", "position": "669467", "team": "not applicable", "visibility": "visible"}, {"gameTime": "2 - 11:45", "label": "Ball out of play", "position": "705000", "team": "away", "visibility": "visible"}, {"gameTime": "2 - 12:29", "label": "Throw-in", "position": "749483", "team": "not applicable", "visibility": "not shown"}, {"gameTime": "2 - 12:45", "label": "Foul", "position": "765090", "team": "home", "visibility": "visible"}, {"gameTime": "2 - 12:48", "label": "Indirect free-kick", "position": "768993", "team": "home", "visibility": "visible"}, {"gameTime": "2 - 13:02", "label": "Shots on target", "position": "782786", "team": "away", "visibility": "visible"}, {"gameTime": "2 - 13:21", "label": "Foul", "position": "801686", "team": "away", "visibility": "visible"}, {"gameTime": "2 - 14:04", "label": "Indirect free-kick", "position": "844830", "team": "home", "visibility": "visible"}, {"gameTime": "2 - 14:36", "label": "Ball out of play", "position": "876670", "team": "away", "visibility": "not shown"}, {"gameTime": "2 - 15:06", "label": "Throw-in", "position": "906271", "team": "not applicable", "visibility": "visible"}, {"gameTime": "2 - 15:09", "label": "Foul", "position": "909457", "team": "home", "visibility": "visible"}, {"gameTime": "2 - 16:16", "label": "Indirect free-kick", "position": "976542", "team": "away", "visibility": "visible"}, {"gameTime": "2 - 17:02", "label": "Ball out of play", "position": "1022656", "team": "home", "visibility": "visible"}, {"gameTime": "2 - 17:06", "label": "Clearance", "position": "1026059", "team": "not applicable", "visibility": "visible"}, {"gameTime": "2 - 17:13", "label": "Ball out of play", "position": "1033284", "team": "away", "visibility": "visible"}, {"gameTime": "2 - 18:11", "label": "Substitution", "position": "1091004", "team": "not applicable", "visibility": "visible"}, {"gameTime": "2 - 18:28", "label": "Throw-in", "position": "1108776", "team": "away", "visibility": "visible"}, {"gameTime": "2 - 18:38", "label": "Ball out of play", "position": "1118121", "team": "home", "visibility": "visible"}, {"gameTime": "2 - 18:42", "label": "Throw-in", "position": "1122718", "team": "not applicable", "visibility": "visible"}, {"gameTime": "2 - 18:54", "label": "Offside", "position": "1134762", "team": "home", "visibility": "visible"}, {"gameTime": "2 - 18:56", "label": "Indirect free-kick", "position": "1136535", "team": "home", "visibility": "visible"}, {"gameTime": "2 - 19:21", "label": "Ball out of play", "position": "1161776", "team": "away", "visibility": "not shown"}, {"gameTime": "2 - 19:44", "label": "Clearance", "position": "1184383", "team": "not applicable", "visibility": "visible"}, {"gameTime": "2 - 19:58", "label": "Offside", "position": "1198784", "team": "home", "visibility": "not shown"}, {"gameTime": "2 - 20:26", "label": "Indirect free-kick", "position": "1226156", "team": "away", "visibility": "visible"}, {"gameTime": "2 - 20:46", "label": "Ball out of play", "position": "1246794", "team": "home", "visibility": "visible"}, {"gameTime": "2 - 21:20", "label": "Throw-in", "position": "1280352", "team": "not applicable", "visibility": "visible"}, {"gameTime": "2 - 21:33", "label": "Ball out of play", "position": "1293948", "team": "away", "visibility": "visible"}, {"gameTime": "2 - 21:48", "label": "Throw-in", "position": "1308503", "team": "not applicable", "visibility": "visible"}, {"gameTime": "2 - 22:01", "label": "Ball out of play", "position": "1321207", "team": "home", "visibility": "visible"}, {"gameTime": "2 - 22:19", "label": "Throw-in", "position": "1339762", "team": "not applicable", "visibility": "visible"}, {"gameTime": "2 - 22:36", "label": "Ball out of play", "position": "1356117", "team": "home", "visibility": "visible"}, {"gameTime": "2 - 22:54", "label": "Substitution", "position": "1374803", "team": "not applicable", "visibility": "visible"}, {"gameTime": "2 - 23:35", "label": "Corner", "position": "1415653", "team": "home", "visibility": "visible"}, {"gameTime": "2 - 23:58", "label": "Offside", "position": "1438411", "team": "home", "visibility": "visible"}, {"gameTime": "2 - 24:02", "label": "Indirect free-kick", "position": "1442056", "team": "home", "visibility": "visible"}, {"gameTime": "2 - 24:26", "label": "Ball out of play", "position": "1466895", "team": "away", "visibility": "visible"}, {"gameTime": "2 - 24:57", "label": "Throw-in", "position": "1497630", "team": "not applicable", "visibility": "visible"}, {"gameTime": "2 - 25:03", "label": "Foul", "position": "1503879", "team": "away", "visibility": "visible"}, {"gameTime": "2 - 25:14", "label": "Yellow card", "position": "1514410", "team": "home", "visibility": "visible"}, {"gameTime": "2 - 25:18", "label": "Indirect free-kick", "position": "1518500", "team": "home", "visibility": "visible"}, {"gameTime": "2 - 26:07", "label": "Ball out of play", "position": "1567150", "team": "away", "visibility": "visible"}, {"gameTime": "2 - 26:08", "label": "Clearance", "position": "1568853", "team": "not applicable", "visibility": "visible"}, {"gameTime": "2 - 26:37", "label": "Offside", "position": "1597923", "team": "home", "visibility": "not shown"}, {"gameTime": "2 - 27:09", "label": "Indirect free-kick", "position": "1629778", "team": "away", "visibility": "visible"}, {"gameTime": "2 - 27:40", "label": "Ball out of play", "position": "1660288", "team": "home", "visibility": "not shown"}, {"gameTime": "2 - 27:48", "label": "Throw-in", "position": "1668080", "team": "not applicable", "visibility": "visible"}, {"gameTime": "2 - 28:00", "label": "Shots on target", "position": "1680972", "team": "away", "visibility": "not shown"}, {"gameTime": "2 - 28:20", "label": "Ball out of play", "position": "1700768", "team": "away", "visibility": "visible"}, {"gameTime": "2 - 28:26", "label": "Throw-in", "position": "1706338", "team": "not applicable", "visibility": "not shown"}, {"gameTime": "2 - 28:29", "label": "Ball out of play", "position": "1709480", "team": "away", "visibility": "visible"}, {"gameTime": "2 - 28:52", "label": "Throw-in", "position": "1732871", "team": "not applicable", "visibility": "visible"}, {"gameTime": "2 - 28:58", "label": "Throw-in", "position": "1738820", "team": "away", "visibility": "visible"}, {"gameTime": "2 - 29:08", "label": "Shots on target", "position": "1748469", "team": "away", "visibility": "not shown"}, {"gameTime": "2 - 29:28", "label": "Ball out of play", "position": "1768055", "team": "away", "visibility": "visible"}, {"gameTime": "2 - 29:29", "label": "Corner", "position": "1769360", "team": "not applicable", "visibility": "visible"}, {"gameTime": "2 - 29:50", "label": "Ball out of play", "position": "1790647", "team": "away", "visibility": "visible"}, {"gameTime": "2 - 30:14", "label": "Throw-in", "position": "1814698", "team": "not applicable", "visibility": "visible"}, {"gameTime": "2 - 30:20", "label": "Ball out of play", "position": "1820937", "team": "away", "visibility": "visible"}, {"gameTime": "2 - 30:47", "label": "Clearance", "position": "1847120", "team": "not applicable", "visibility": "visible"}, {"gameTime": "2 - 31:18", "label": "Ball out of play", "position": "1878356", "team": "home", "visibility": "not shown"}, {"gameTime": "2 - 32:09", "label": "Corner", "position": "1929542", "team": "not applicable", "visibility": "not shown"}, {"gameTime": "2 - 32:27", "label": "Foul", "position": "1947559", "team": "away", "visibility": "visible"}, {"gameTime": "2 - 32:35", "label": "Indirect free-kick", "position": "1955916", "team": "home", "visibility": "visible"}, {"gameTime": "2 - 33:50", "label": "Shots on target", "position": "2030442", "team": "away", "visibility": "not shown"}, {"gameTime": "2 - 34:07", "label": "Ball out of play", "position": "2047810", "team": "home", "visibility": "visible"}, {"gameTime": "2 - 34:17", "label": "Throw-in", "position": "2057428", "team": "not applicable", "visibility": "visible"}, {"gameTime": "2 - 34:34", "label": "Shots off target", "position": "2074952", "team": "away", "visibility": "not shown"}, {"gameTime": "2 - 35:12", "label": "Ball out of play", "position": "2112937", "team": "away", "visibility": "visible"}, {"gameTime": "2 - 35:19", "label": "Throw-in", "position": "2119386", "team": "not applicable", "visibility": "visible"}, {"gameTime": "2 - 35:28", "label": "Ball out of play", "position": "2128403", "team": "home", "visibility": "visible"}, {"gameTime": "2 - 36:23", "label": "Throw-in", "position": "2183611", "team": "not applicable", "visibility": "visible"}, {"gameTime": "2 - 36:33", "label": "Ball out of play", "position": "2193674", "team": "away", "visibility": "visible"}, {"gameTime": "2 - 37:20", "label": "Throw-in", "position": "2240240", "team": "not applicable", "visibility": "visible"}, {"gameTime": "2 - 37:33", "label": "Ball out of play", "position": "2253236", "team": "home", "visibility": "visible"}, {"gameTime": "2 - 37:47", "label": "Throw-in", "position": "2267515", "team": "not applicable", "visibility": "not shown"}, {"gameTime": "2 - 38:06", "label": "Foul", "position": "2286988", "team": "home", "visibility": "visible"}, {"gameTime": "2 - 38:16", "label": "Yellow card", "position": "2296087", "team": "home", "visibility": "visible"}, {"gameTime": "2 - 38:22", "label": "Indirect free-kick", "position": "2302000", "team": "home", "visibility": "visible"}, {"gameTime": "2 - 39:03", "label": "Shots on target", "position": "2343897", "team": "away", "visibility": "visible"}, {"gameTime": "2 - 39:36", "label": "Goal", "position": "2376865", "team": "away", "visibility": "visible"}, {"gameTime": "2 - 39:37", "label": "Kick-off", "position": "2377659", "team": "away", "visibility": "visible"}, {"gameTime": "2 - 40:52", "label": "Ball out of play", "position": "2452103", "team": "home", "visibility": "visible"}, {"gameTime": "2 - 41:19", "label": "Throw-in", "position": "2479151", "team": "not applicable", "visibility": "visible"}, {"gameTime": "2 - 41:37", "label": "Ball out of play", "position": "2497211", "team": "home", "visibility": "visible"}, {"gameTime": "2 - 41:57", "label": "Ball out of play", "position": "2517691", "team": "not applicable", "visibility": "visible"}, {"gameTime": "2 - 41:57", "label": "Throw-in", "position": "2517866", "team": "not applicable", "visibility": "visible"}, {"gameTime": "2 - 42:17", "label": "Substitution", "position": "2537976", "team": "away", "visibility": "not shown"}, {"gameTime": "2 - 42:18", "label": "Foul", "position": "2538622", "team": "home", "visibility": "visible"}, {"gameTime": "2 - 42:33", "label": "Indirect free-kick", "position": "2553027", "team": "home", "visibility": "visible"}, {"gameTime": "2 - 43:07", "label": "Offside", "position": "2587537", "team": "away", "visibility": "visible"}, {"gameTime": "2 - 43:10", "label": "Indirect free-kick", "position": "2590247", "team": "away", "visibility": "visible"}, {"gameTime": "2 - 43:13", "label": "Foul", "position": "2593672", "team": "home", "visibility": "not shown"}, {"gameTime": "2 - 44:39", "label": "Substitution", "position": "2679579", "team": "away", "visibility": "visible"}, {"gameTime": "2 - 45:25", "label": "Shots on target", "position": "2725000", "team": "away", "visibility": "visible"}, {"gameTime": "2 - 46:20", "label": "Direct free-kick", "position": "2780687", "team": "home", "visibility": "visible"}, {"gameTime": "2 - 46:20", "label": "Ball out of play", "position": "2780687", "team": "home", "visibility": "visible"}, {"gameTime": "2 - 46:25", "label": "Throw-in", "position": "2785884", "team": "not applicable", "visibility": "visible"}, {"gameTime": "2 - 46:37", "label": "Ball out of play", "position": "2797263", "team": "home", "visibility": "visible"}, {"gameTime": "2 - 46:41", "label": "Corner", "position": "2801197", "team": "not applicable", "visibility": "visible"}, {"gameTime": "2 - 46:57", "label": "Foul", "position": "2817987", "team": "home", "visibility": "visible"}, {"gameTime": "2 - 47:12", "label": "Indirect free-kick", "position": "2832007", "team": "home", "visibility": "visible"}, {"gameTime": "2 - 48:39", "label": "Ball out of play", "position": "2919654", "team": "away", "visibility": "not shown"}, {"gameTime": "2 - 49:06", "label": "Corner", "position": "2946246", "team": "not applicable", "visibility": "visible"}, {"gameTime": "2 - 49:21", "label": "Ball out of play", "position": "2961024", "team": "home", "visibility": "visible"}, {"gameTime": "2 - 49:27", "label": "Corner", "position": "2967594", "team": "not applicable", "visibility": "visible"}, {"gameTime": "2 - 49:43", "label": "Ball out of play", "position": "2983972", "team": "home", "visibility": "visible"}, {"gameTime": "2 - 49:45", "label": "Yellow card", "position": "2985887", "team": "not applicable", "visibility": "visible"}, {"gameTime": "2 - 50:11", "label": "Clearance", "position": "3011000", "team": "away", "visibility": "visible"}, {"gameTime": "2 - 50:26", "label": "Ball out of play", "position": "3026014", "team": "away", "visibility": "not shown"}, {"gameTime": "2 - 50:37", "label": "Yellow card", "position": "3037405", "team": "not applicable", "visibility": "visible"}, {"gameTime": "2 - 50:43", "label": "Throw-in", "position": "3043686", "team": "away", "visibility": "visible"}, {"gameTime": "2 - 50:54", "label": "Foul", "position": "3054764", "team": "away", "visibility": "visible"}, {"gameTime": "2 - 50:56", "label": "Indirect free-kick", "position": "3056572", "team": "away", "visibility": "visible"}, {"gameTime": "2 - 51:10", "label": "Indirect free-kick", "position": "3070469", "team": "home", "visibility": "visible"}], "gameAwayTeam": "AC Milan", "gameDate": "16/09/2016 - 21:45", "gameHomeTeam": "Sampdoria", "gameScore": "0 - 1"}