{"UrlLocal": "france_ligue-1/2015-2016/2015-11-07 - 19-00 Paris SG 5 - 0 Toulouse/", "UrlYoutube": "", "annotations": [{"gameTime": "1 - 00:00", "label": "Ball out of play", "position": "36", "team": "away", "visibility": "visible"}, {"gameTime": "1 - 01:12", "label": "Throw-in", "position": "72421", "team": "not applicable", "visibility": "visible"}, {"gameTime": "1 - 01:20", "label": "Ball out of play", "position": "80531", "team": "home", "visibility": "visible"}, {"gameTime": "1 - 03:30", "label": "Throw-in", "position": "210269", "team": "not applicable", "visibility": "not shown"}, {"gameTime": "1 - 03:40", "label": "Foul", "position": "220545", "team": "away", "visibility": "not shown"}, {"gameTime": "1 - 04:33", "label": "Direct free-kick", "position": "273745", "team": "away", "visibility": "visible"}, {"gameTime": "1 - 05:42", "label": "Shots on target", "position": "342875", "team": "home", "visibility": "visible"}, {"gameTime": "1 - 05:42", "label": "Goal", "position": "342875", "team": "home", "visibility": "visible"}, {"gameTime": "1 - 05:44", "label": "Kick-off", "position": "344576", "team": "home", "visibility": "visible"}, {"gameTime": "1 - 06:27", "label": "Ball out of play", "position": "387601", "team": "away", "visibility": "not shown"}, {"gameTime": "1 - 07:10", "label": "Throw-in", "position": "430179", "team": "not applicable", "visibility": "visible"}, {"gameTime": "1 - 07:22", "label": "Ball out of play", "position": "442875", "team": "away", "visibility": "not shown"}, {"gameTime": "1 - 08:02", "label": "Throw-in", "position": "482562", "team": "not applicable", "visibility": "visible"}, {"gameTime": "1 - 08:10", "label": "Ball out of play", "position": "490240", "team": "home", "visibility": "visible"}, {"gameTime": "1 - 08:11", "label": "Throw-in", "position": "491563", "team": "not applicable", "visibility": "visible"}, {"gameTime": "1 - 08:23", "label": "Shots off target", "position": "503521", "team": "away", "visibility": "visible"}, {"gameTime": "1 - 08:43", "label": "Ball out of play", "position": "523861", "team": "home", "visibility": "visible"}, {"gameTime": "1 - 08:45", "label": "Clearance", "position": "525116", "team": "not applicable", "visibility": "visible"}, {"gameTime": "1 - 09:06", "label": "Shots on target", "position": "546296", "team": "away", "visibility": "visible"}, {"gameTime": "1 - 10:00", "label": "Ball out of play", "position": "600990", "team": "home", "visibility": "visible"}, {"gameTime": "1 - 11:12", "label": "Throw-in", "position": "672190", "team": "not applicable", "visibility": "visible"}, {"gameTime": "1 - 11:18", "label": "Foul", "position": "678388", "team": "home", "visibility": "visible"}, {"gameTime": "1 - 11:23", "label": "Indirect free-kick", "position": "683217", "team": "home", "visibility": "visible"}, {"gameTime": "1 - 11:44", "label": "Ball out of play", "position": "704105", "team": "away", "visibility": "not shown"}, {"gameTime": "1 - 12:21", "label": "Throw-in", "position": "741818", "team": "not applicable", "visibility": "visible"}, {"gameTime": "1 - 12:24", "label": "Shots off target", "position": "744984", "team": "away", "visibility": "not shown"}, {"gameTime": "1 - 12:44", "label": "Ball out of play", "position": "764764", "team": "away", "visibility": "visible"}, {"gameTime": "1 - 12:46", "label": "Clearance", "position": "766579", "team": "not applicable", "visibility": "visible"}, {"gameTime": "1 - 12:56", "label": "Ball out of play", "position": "776201", "team": "home", "visibility": "not shown"}, {"gameTime": "1 - 13:52", "label": "Throw-in", "position": "832308", "team": "not applicable", "visibility": "visible"}, {"gameTime": "1 - 14:04", "label": "Ball out of play", "position": "844404", "team": "home", "visibility": "visible"}, {"gameTime": "1 - 14:37", "label": "Throw-in", "position": "877272", "team": "not applicable", "visibility": "visible"}, {"gameTime": "1 - 14:48", "label": "Foul", "position": "888783", "team": "away", "visibility": "not shown"}, {"gameTime": "1 - 14:51", "label": "Indirect free-kick", "position": "891500", "team": "home", "visibility": "not shown"}, {"gameTime": "1 - 15:04", "label": "Ball out of play", "position": "904350", "team": "away", "visibility": "visible"}, {"gameTime": "1 - 15:28", "label": "Throw-in", "position": "928880", "team": "not applicable", "visibility": "visible"}, {"gameTime": "1 - 15:35", "label": "Foul", "position": "935393", "team": "home", "visibility": "not shown"}, {"gameTime": "1 - 15:43", "label": "Indirect free-kick", "position": "943761", "team": "away", "visibility": "visible"}, {"gameTime": "1 - 15:48", "label": "Ball out of play", "position": "948828", "team": "home", "visibility": "visible"}, {"gameTime": "1 - 16:32", "label": "Throw-in", "position": "992696", "team": "not applicable", "visibility": "visible"}, {"gameTime": "1 - 16:48", "label": "Goal", "position": "1008198", "team": "away", "visibility": "visible"}, {"gameTime": "1 - 17:12", "label": "Shots on target", "position": "1032000", "team": "home", "visibility": "visible"}, {"gameTime": "1 - 17:12", "label": "Goal", "position": "1032800", "team": "home", "visibility": "visible"}, {"gameTime": "1 - 17:13", "label": "Kick-off", "position": "1033006", "team": "home", "visibility": "visible"}, {"gameTime": "1 - 17:51", "label": "Foul", "position": "1071115", "team": "away", "visibility": "not shown"}, {"gameTime": "1 - 18:23", "label": "Direct free-kick", "position": "1103297", "team": "home", "visibility": "visible"}, {"gameTime": "1 - 20:25", "label": "Shots off target", "position": "1225838", "team": "away", "visibility": "visible"}, {"gameTime": "1 - 20:26", "label": "Shots off target", "position": "1226518", "team": "away", "visibility": "visible"}, {"gameTime": "1 - 20:28", "label": "Ball out of play", "position": "1228743", "team": "away", "visibility": "visible"}, {"gameTime": "1 - 20:29", "label": "Clearance", "position": "1229783", "team": "not applicable", "visibility": "visible"}, {"gameTime": "1 - 21:04", "label": "Shots off target", "position": "1264873", "team": "home", "visibility": "not shown"}, {"gameTime": "1 - 21:43", "label": "Ball out of play", "position": "1303703", "team": "home", "visibility": "visible"}, {"gameTime": "1 - 21:45", "label": "Clearance", "position": "1305834", "team": "not applicable", "visibility": "visible"}, {"gameTime": "1 - 22:03", "label": "Foul", "position": "1323990", "team": "away", "visibility": "visible"}, {"gameTime": "1 - 22:07", "label": "Indirect free-kick", "position": "1327674", "team": "away", "visibility": "visible"}, {"gameTime": "1 - 22:12", "label": "Ball out of play", "position": "1332557", "team": "home", "visibility": "not shown"}, {"gameTime": "1 - 23:15", "label": "Throw-in", "position": "1395451", "team": "not applicable", "visibility": "visible"}, {"gameTime": "1 - 23:20", "label": "Shots on target", "position": "1400364", "team": "home", "visibility": "visible"}, {"gameTime": "1 - 23:53", "label": "Ball out of play", "position": "1433577", "team": "home", "visibility": "visible"}, {"gameTime": "1 - 24:21", "label": "Foul", "position": "1461981", "team": "not applicable", "visibility": "visible"}, {"gameTime": "1 - 24:49", "label": "Indirect free-kick", "position": "1489821", "team": "away", "visibility": "visible"}, {"gameTime": "1 - 24:54", "label": "Shots off target", "position": "1494939", "team": "home", "visibility": "not shown"}, {"gameTime": "1 - 26:04", "label": "Ball out of play", "position": "1564986", "team": "away", "visibility": "visible"}, {"gameTime": "1 - 26:06", "label": "Clearance", "position": "1566506", "team": "not applicable", "visibility": "visible"}, {"gameTime": "1 - 26:35", "label": "Foul", "position": "1595877", "team": "home", "visibility": "not shown"}, {"gameTime": "1 - 26:45", "label": "Direct free-kick", "position": "1605381", "team": "away", "visibility": "not shown"}, {"gameTime": "1 - 27:10", "label": "Ball out of play", "position": "1630739", "team": "home", "visibility": "visible"}, {"gameTime": "1 - 27:22", "label": "Clearance", "position": "1642382", "team": "not applicable", "visibility": "visible"}, {"gameTime": "1 - 27:41", "label": "Ball out of play", "position": "1661019", "team": "away", "visibility": "not shown"}, {"gameTime": "1 - 28:46", "label": "Throw-in", "position": "1726057", "team": "not applicable", "visibility": "visible"}, {"gameTime": "1 - 29:00", "label": "Foul", "position": "1740005", "team": "away", "visibility": "visible"}, {"gameTime": "1 - 29:51", "label": "Direct free-kick", "position": "1791903", "team": "away", "visibility": "visible"}, {"gameTime": "1 - 30:34", "label": "Shots off target", "position": "1834874", "team": "home", "visibility": "visible"}, {"gameTime": "1 - 31:27", "label": "Ball out of play", "position": "1887534", "team": "home", "visibility": "visible"}, {"gameTime": "1 - 31:28", "label": "Clearance", "position": "1888220", "team": "not applicable", "visibility": "visible"}, {"gameTime": "1 - 31:53", "label": "Ball out of play", "position": "1913303", "team": "away", "visibility": "not shown"}, {"gameTime": "1 - 32:30", "label": "Clearance", "position": "1950353", "team": "not applicable", "visibility": "visible"}, {"gameTime": "1 - 32:50", "label": "Foul", "position": "1970531", "team": "away", "visibility": "visible"}, {"gameTime": "1 - 33:10", "label": "Yellow card", "position": "1990325", "team": "away", "visibility": "visible"}, {"gameTime": "1 - 33:35", "label": "Indirect free-kick", "position": "2015158", "team": "away", "visibility": "visible"}, {"gameTime": "1 - 33:53", "label": "Ball out of play", "position": "2033323", "team": "home", "visibility": "visible"}, {"gameTime": "1 - 34:22", "label": "Clearance", "position": "2062487", "team": "not applicable", "visibility": "visible"}, {"gameTime": "1 - 34:43", "label": "Ball out of play", "position": "2083731", "team": "away", "visibility": "not shown"}, {"gameTime": "1 - 34:50", "label": "Throw-in", "position": "2090211", "team": "not applicable", "visibility": "visible"}, {"gameTime": "1 - 35:02", "label": "Ball out of play", "position": "2102472", "team": "away", "visibility": "visible"}, {"gameTime": "1 - 36:16", "label": "Throw-in", "position": "2176211", "team": "not applicable", "visibility": "visible"}, {"gameTime": "1 - 36:24", "label": "Ball out of play", "position": "2184219", "team": "home", "visibility": "visible"}, {"gameTime": "1 - 36:33", "label": "Throw-in", "position": "2193564", "team": "not applicable", "visibility": "visible"}, {"gameTime": "1 - 36:38", "label": "Ball out of play", "position": "2198392", "team": "home", "visibility": "not shown"}, {"gameTime": "1 - 37:06", "label": "Throw-in", "position": "2226976", "team": "not applicable", "visibility": "not shown"}, {"gameTime": "1 - 37:22", "label": "Foul", "position": "2242020", "team": "away", "visibility": "visible"}, {"gameTime": "1 - 39:35", "label": "Indirect free-kick", "position": "2375798", "team": "home", "visibility": "visible"}, {"gameTime": "1 - 40:01", "label": "Ball out of play", "position": "2401307", "team": "away", "visibility": "visible"}, {"gameTime": "1 - 40:05", "label": "Throw-in", "position": "2405971", "team": "not applicable", "visibility": "visible"}, {"gameTime": "1 - 40:14", "label": "Ball out of play", "position": "2414458", "team": "away", "visibility": "visible"}, {"gameTime": "1 - 41:30", "label": "Clearance", "position": "2490013", "team": "not applicable", "visibility": "visible"}, {"gameTime": "1 - 41:50", "label": "Ball out of play", "position": "2510014", "team": "home", "visibility": "visible"}, {"gameTime": "1 - 42:10", "label": "Throw-in", "position": "2530289", "team": "not applicable", "visibility": "visible"}, {"gameTime": "1 - 42:20", "label": "Ball out of play", "position": "2540881", "team": "home", "visibility": "not shown"}, {"gameTime": "1 - 43:40", "label": "Throw-in", "position": "2620147", "team": "not applicable", "visibility": "visible"}, {"gameTime": "1 - 43:44", "label": "Ball out of play", "position": "2624682", "team": "home", "visibility": "not shown"}, {"gameTime": "1 - 44:39", "label": "Corner", "position": "2679352", "team": "not applicable", "visibility": "visible"}, {"gameTime": "1 - 45:00", "label": "Corner", "position": "2700003", "team": "home", "visibility": "not shown"}, {"gameTime": "2 - 00:00", "label": "Ball out of play", "position": "4", "team": "home", "visibility": "visible"}, {"gameTime": "2 - 00:43", "label": "Corner", "position": "43084", "team": "not applicable", "visibility": "visible"}, {"gameTime": "2 - 00:54", "label": "Foul", "position": "54022", "team": "home", "visibility": "visible"}, {"gameTime": "2 - 02:30", "label": "Indirect free-kick", "position": "150362", "team": "home", "visibility": "visible"}, {"gameTime": "2 - 02:55", "label": "Shots on target", "position": "175204", "team": "away", "visibility": "visible"}, {"gameTime": "2 - 04:44", "label": "Offside", "position": "284265", "team": "home", "visibility": "visible"}, {"gameTime": "2 - 05:52", "label": "Indirect free-kick", "position": "352457", "team": "away", "visibility": "visible"}, {"gameTime": "2 - 06:05", "label": "Ball out of play", "position": "365556", "team": "home", "visibility": "not shown"}, {"gameTime": "2 - 06:36", "label": "Throw-in", "position": "396309", "team": "not applicable", "visibility": "visible"}, {"gameTime": "2 - 06:48", "label": "Ball out of play", "position": "408447", "team": "away", "visibility": "not shown"}, {"gameTime": "2 - 08:03", "label": "Throw-in", "position": "483663", "team": "not applicable", "visibility": "visible"}, {"gameTime": "2 - 08:09", "label": "Ball out of play", "position": "489639", "team": "away", "visibility": "visible"}, {"gameTime": "2 - 08:21", "label": "Throw-in", "position": "501551", "team": "not applicable", "visibility": "visible"}, {"gameTime": "2 - 08:25", "label": "Foul", "position": "505484", "team": "home", "visibility": "visible"}, {"gameTime": "2 - 08:47", "label": "Indirect free-kick", "position": "527542", "team": "away", "visibility": "visible"}, {"gameTime": "2 - 08:59", "label": "Foul", "position": "539144", "team": "home", "visibility": "not shown"}, {"gameTime": "2 - 09:49", "label": "Indirect free-kick", "position": "589623", "team": "home", "visibility": "visible"}, {"gameTime": "2 - 10:14", "label": "Ball out of play", "position": "614032", "team": "away", "visibility": "visible"}, {"gameTime": "2 - 10:18", "label": "Throw-in", "position": "618484", "team": "not applicable", "visibility": "visible"}, {"gameTime": "2 - 10:31", "label": "Ball out of play", "position": "631001", "team": "away", "visibility": "visible"}, {"gameTime": "2 - 10:42", "label": "Throw-in", "position": "642712", "team": "not applicable", "visibility": "visible"}, {"gameTime": "2 - 10:50", "label": "Ball out of play", "position": "650145", "team": "away", "visibility": "not shown"}, {"gameTime": "2 - 10:57", "label": "Throw-in", "position": "657470", "team": "not applicable", "visibility": "visible"}, {"gameTime": "2 - 11:10", "label": "Foul", "position": "670430", "team": "away", "visibility": "visible"}, {"gameTime": "2 - 11:22", "label": "Indirect free-kick", "position": "682029", "team": "away", "visibility": "visible"}, {"gameTime": "2 - 11:31", "label": "Ball out of play", "position": "691615", "team": "home", "visibility": "visible"}, {"gameTime": "2 - 11:46", "label": "Throw-in", "position": "706396", "team": "not applicable", "visibility": "visible"}, {"gameTime": "2 - 11:51", "label": "Shots off target", "position": "711502", "team": "home", "visibility": "visible"}, {"gameTime": "2 - 12:29", "label": "Ball out of play", "position": "749358", "team": "home", "visibility": "visible"}, {"gameTime": "2 - 12:30", "label": "Clearance", "position": "750428", "team": "not applicable", "visibility": "visible"}, {"gameTime": "2 - 12:51", "label": "Ball out of play", "position": "771544", "team": "away", "visibility": "not shown"}, {"gameTime": "2 - 14:31", "label": "Throw-in", "position": "871684", "team": "not applicable", "visibility": "visible"}, {"gameTime": "2 - 14:36", "label": "Ball out of play", "position": "876481", "team": "away", "visibility": "not shown"}, {"gameTime": "2 - 15:47", "label": "Corner", "position": "947146", "team": "not applicable", "visibility": "visible"}, {"gameTime": "2 - 16:14", "label": "Shots off target", "position": "974945", "team": "home", "visibility": "visible"}, {"gameTime": "2 - 16:16", "label": "Ball out of play", "position": "976980", "team": "home", "visibility": "visible"}, {"gameTime": "2 - 16:41", "label": "Throw-in", "position": "1001218", "team": "not applicable", "visibility": "visible"}, {"gameTime": "2 - 16:47", "label": "Shots off target", "position": "1007240", "team": "away", "visibility": "visible"}, {"gameTime": "2 - 16:58", "label": "Ball out of play", "position": "1018666", "team": "away", "visibility": "visible"}, {"gameTime": "2 - 17:00", "label": "Substitution", "position": "1020430", "team": "not applicable", "visibility": "visible"}, {"gameTime": "2 - 17:37", "label": "Substitution", "position": "1057503", "team": "home", "visibility": "visible"}, {"gameTime": "2 - 17:51", "label": "Clearance", "position": "1071431", "team": "home", "visibility": "visible"}, {"gameTime": "2 - 18:04", "label": "Ball out of play", "position": "1084870", "team": "home", "visibility": "not shown"}, {"gameTime": "2 - 18:32", "label": "Throw-in", "position": "1112362", "team": "not applicable", "visibility": "not shown"}, {"gameTime": "2 - 18:36", "label": "Foul", "position": "1116818", "team": "home", "visibility": "visible"}, {"gameTime": "2 - 18:55", "label": "Indirect free-kick", "position": "1135947", "team": "home", "visibility": "visible"}, {"gameTime": "2 - 19:16", "label": "Ball out of play", "position": "1156320", "team": "away", "visibility": "not shown"}, {"gameTime": "2 - 19:47", "label": "Clearance", "position": "1187116", "team": "not applicable", "visibility": "visible"}, {"gameTime": "2 - 19:57", "label": "Ball out of play", "position": "1197637", "team": "home", "visibility": "not shown"}, {"gameTime": "2 - 20:27", "label": "Throw-in", "position": "1227590", "team": "not applicable", "visibility": "visible"}, {"gameTime": "2 - 20:37", "label": "Shots on target", "position": "1237790", "team": "home", "visibility": "visible"}, {"gameTime": "2 - 20:52", "label": "Goal", "position": "1252969", "team": "home", "visibility": "visible"}, {"gameTime": "2 - 20:53", "label": "Substitution", "position": "1253625", "team": "home", "visibility": "visible"}, {"gameTime": "2 - 21:47", "label": "Kick-off", "position": "1307386", "team": "away", "visibility": "not shown"}, {"gameTime": "2 - 21:52", "label": "Ball out of play", "position": "1312316", "team": "away", "visibility": "not shown"}, {"gameTime": "2 - 23:52", "label": "Throw-in", "position": "1432039", "team": "not applicable", "visibility": "visible"}, {"gameTime": "2 - 24:05", "label": "Foul", "position": "1445949", "team": "away", "visibility": "visible"}, {"gameTime": "2 - 24:46", "label": "Indirect free-kick", "position": "1486006", "team": "away", "visibility": "visible"}, {"gameTime": "2 - 25:49", "label": "Shots off target", "position": "1549428", "team": "home", "visibility": "visible"}, {"gameTime": "2 - 26:21", "label": "Foul", "position": "1581372", "team": "away", "visibility": "visible"}, {"gameTime": "2 - 26:33", "label": "Indirect free-kick", "position": "1593966", "team": "away", "visibility": "visible"}, {"gameTime": "2 - 26:46", "label": "Ball out of play", "position": "1606871", "team": "home", "visibility": "visible"}, {"gameTime": "2 - 28:07", "label": "Throw-in", "position": "1687858", "team": "not applicable", "visibility": "visible"}, {"gameTime": "2 - 28:12", "label": "Shots on target", "position": "1692512", "team": "home", "visibility": "not shown"}, {"gameTime": "2 - 29:05", "label": "Shots on target", "position": "1745608", "team": "home", "visibility": "visible"}, {"gameTime": "2 - 29:07", "label": "Goal", "position": "1747304", "team": "home", "visibility": "visible"}, {"gameTime": "2 - 29:08", "label": "Kick-off", "position": "1748432", "team": "home", "visibility": "visible"}, {"gameTime": "2 - 30:12", "label": "Foul", "position": "1812155", "team": "away", "visibility": "not shown"}, {"gameTime": "2 - 31:08", "label": "Substitution", "position": "1868716", "team": "away", "visibility": "visible"}, {"gameTime": "2 - 31:39", "label": "Substitution", "position": "1899702", "team": "away", "visibility": "visible"}, {"gameTime": "2 - 32:04", "label": "Substitution", "position": "1924668", "team": "away", "visibility": "visible"}, {"gameTime": "2 - 32:11", "label": "Indirect free-kick", "position": "1931740", "team": "home", "visibility": "visible"}, {"gameTime": "2 - 32:30", "label": "Shots on target", "position": "1950622", "team": "home", "visibility": "not shown"}, {"gameTime": "2 - 32:34", "label": "Goal", "position": "1954491", "team": "home", "visibility": "visible"}, {"gameTime": "2 - 32:35", "label": "Kick-off", "position": "1955051", "team": "home", "visibility": "visible"}, {"gameTime": "2 - 33:19", "label": "Foul", "position": "1999601", "team": "away", "visibility": "not shown"}, {"gameTime": "2 - 34:27", "label": "Indirect free-kick", "position": "2067174", "team": "away", "visibility": "visible"}, {"gameTime": "2 - 34:45", "label": "Ball out of play", "position": "2085965", "team": "home", "visibility": "visible"}, {"gameTime": "2 - 34:59", "label": "Corner", "position": "2099597", "team": "not applicable", "visibility": "visible"}, {"gameTime": "2 - 35:16", "label": "Ball out of play", "position": "2116012", "team": "home", "visibility": "not shown"}, {"gameTime": "2 - 36:06", "label": "Throw-in", "position": "2166148", "team": "not applicable", "visibility": "visible"}, {"gameTime": "2 - 36:18", "label": "Foul", "position": "2178421", "team": "away", "visibility": "visible"}, {"gameTime": "2 - 36:22", "label": "Indirect free-kick", "position": "2182694", "team": "home", "visibility": "visible"}, {"gameTime": "2 - 36:28", "label": "Ball out of play", "position": "2188020", "team": "away", "visibility": "visible"}, {"gameTime": "2 - 37:35", "label": "Throw-in", "position": "2255985", "team": "not applicable", "visibility": "visible"}, {"gameTime": "2 - 37:41", "label": "Foul", "position": "2261756", "team": "away", "visibility": "visible"}, {"gameTime": "2 - 37:43", "label": "Direct free-kick", "position": "2263060", "team": "home", "visibility": "visible"}, {"gameTime": "2 - 38:25", "label": "Ball out of play", "position": "2305402", "team": "away", "visibility": "visible"}, {"gameTime": "2 - 39:27", "label": "Corner", "position": "2367514", "team": "not applicable", "visibility": "visible"}, {"gameTime": "2 - 39:54", "label": "Ball out of play", "position": "2394554", "team": "home", "visibility": "visible"}, {"gameTime": "2 - 40:05", "label": "Throw-in", "position": "2405322", "team": "not applicable", "visibility": "visible"}, {"gameTime": "2 - 40:14", "label": "Foul", "position": "2414236", "team": "home", "visibility": "not shown"}, {"gameTime": "2 - 41:39", "label": "Yellow card", "position": "2499857", "team": "home", "visibility": "visible"}, {"gameTime": "2 - 42:06", "label": "Indirect free-kick", "position": "2526381", "team": "home", "visibility": "visible"}, {"gameTime": "2 - 42:27", "label": "Foul", "position": "2547314", "team": "away", "visibility": "not shown"}, {"gameTime": "2 - 42:35", "label": "Indirect free-kick", "position": "2555431", "team": "home", "visibility": "visible"}, {"gameTime": "2 - 42:41", "label": "Shots off target", "position": "2561727", "team": "away", "visibility": "visible"}, {"gameTime": "2 - 42:56", "label": "Ball out of play", "position": "2576252", "team": "away", "visibility": "visible"}, {"gameTime": "2 - 42:57", "label": "Clearance", "position": "2577652", "team": "not applicable", "visibility": "visible"}, {"gameTime": "2 - 43:13", "label": "Ball out of play", "position": "2593012", "team": "home", "visibility": "not shown"}, {"gameTime": "2 - 43:27", "label": "Throw-in", "position": "2607805", "team": "not applicable", "visibility": "not shown"}, {"gameTime": "2 - 43:57", "label": "Foul", "position": "2637588", "team": "away", "visibility": "visible"}, {"gameTime": "2 - 44:10", "label": "Yellow card", "position": "2650541", "team": "home", "visibility": "visible"}, {"gameTime": "2 - 44:31", "label": "Indirect free-kick", "position": "2671390", "team": "home", "visibility": "visible"}, {"gameTime": "2 - 44:41", "label": "Indirect free-kick", "position": "2681251", "team": "away", "visibility": "not shown"}], "gameAwayTeam": "Toulouse", "gameDate": "07/11/2015 - 19:00", "gameHomeTeam": "Paris SG", "gameScore": "5 - 0"}