{"UrlLocal": "italy_serie-a/2016-2017/2016-09-17 - 21-45 Napoli 3 - 1 Bologna/", "UrlYoutube": "", "annotations": [{"gameTime": "1 - 00:29", "label": "Kick-off", "position": "29910", "team": "not applicable", "visibility": "visible"}, {"gameTime": "1 - 00:35", "label": "Ball out of play", "position": "35559", "team": "away", "visibility": "not shown"}, {"gameTime": "1 - 00:52", "label": "Throw-in", "position": "52990", "team": "not applicable", "visibility": "visible"}, {"gameTime": "1 - 00:59", "label": "Ball out of play", "position": "59979", "team": "away", "visibility": "visible"}, {"gameTime": "1 - 01:11", "label": "Throw-in", "position": "71688", "team": "not applicable", "visibility": "visible"}, {"gameTime": "1 - 01:15", "label": "Ball out of play", "position": "75573", "team": "home", "visibility": "not shown"}, {"gameTime": "1 - 02:37", "label": "Throw-in", "position": "157878", "team": "not applicable", "visibility": "visible"}, {"gameTime": "1 - 02:40", "label": "Ball out of play", "position": "160488", "team": "home", "visibility": "visible"}, {"gameTime": "1 - 03:15", "label": "Throw-in", "position": "195588", "team": "away", "visibility": "visible"}, {"gameTime": "1 - 03:17", "label": "Shots on target", "position": "197295", "team": "not applicable", "visibility": "visible"}, {"gameTime": "1 - 03:34", "label": "Ball out of play", "position": "214654", "team": "away", "visibility": "visible"}, {"gameTime": "1 - 03:41", "label": "Corner", "position": "221346", "team": "not applicable", "visibility": "visible"}, {"gameTime": "1 - 03:58", "label": "Ball out of play", "position": "238092", "team": "home", "visibility": "visible"}, {"gameTime": "1 - 04:33", "label": "Clearance", "position": "273890", "team": "away", "visibility": "visible"}, {"gameTime": "1 - 04:52", "label": "Foul", "position": "292171", "team": "home", "visibility": "visible"}, {"gameTime": "1 - 05:26", "label": "Indirect free-kick", "position": "326274", "team": "not applicable", "visibility": "visible"}, {"gameTime": "1 - 05:41", "label": "Ball out of play", "position": "341076", "team": "away", "visibility": "visible"}, {"gameTime": "1 - 06:30", "label": "Clearance", "position": "390585", "team": "away", "visibility": "visible"}, {"gameTime": "1 - 06:39", "label": "Offside", "position": "399999", "team": "home", "visibility": "not shown"}, {"gameTime": "1 - 08:44", "label": "Indirect free-kick", "position": "524675", "team": "not applicable", "visibility": "visible"}, {"gameTime": "1 - 09:25", "label": "Ball out of play", "position": "565099", "team": "away", "visibility": "visible"}, {"gameTime": "1 - 09:43", "label": "Clearance", "position": "583518", "team": "away", "visibility": "visible"}, {"gameTime": "1 - 09:48", "label": "Foul", "position": "588000", "team": "away", "visibility": "visible"}, {"gameTime": "1 - 10:38", "label": "Yellow card", "position": "638344", "team": "home", "visibility": "visible"}, {"gameTime": "1 - 11:42", "label": "Indirect free-kick", "position": "702032", "team": "home", "visibility": "visible"}, {"gameTime": "1 - 11:42", "label": "Shots off target", "position": "702951", "team": "not applicable", "visibility": "visible"}, {"gameTime": "1 - 12:01", "label": "Ball out of play", "position": "721671", "team": "away", "visibility": "not shown"}, {"gameTime": "1 - 12:15", "label": "Clearance", "position": "735926", "team": "home", "visibility": "visible"}, {"gameTime": "1 - 12:32", "label": "Foul", "position": "752148", "team": "away", "visibility": "not shown"}, {"gameTime": "1 - 12:50", "label": "Indirect free-kick", "position": "770473", "team": "away", "visibility": "visible"}, {"gameTime": "1 - 12:59", "label": "Offside", "position": "779538", "team": "home", "visibility": "not shown"}, {"gameTime": "1 - 13:08", "label": "Indirect free-kick", "position": "788371", "team": "home", "visibility": "visible"}, {"gameTime": "1 - 13:09", "label": "Shots on target", "position": "789010", "team": "home", "visibility": "visible"}, {"gameTime": "1 - 13:51", "label": "Goal", "position": "831846", "team": "away", "visibility": "visible"}, {"gameTime": "1 - 14:07", "label": "Kick-off", "position": "847040", "team": "away", "visibility": "visible"}, {"gameTime": "1 - 14:36", "label": "Throw-in", "position": "876409", "team": "away", "visibility": "visible"}, {"gameTime": "1 - 15:38", "label": "Indirect free-kick", "position": "938501", "team": "not applicable", "visibility": "not shown"}, {"gameTime": "1 - 16:13", "label": "Ball out of play", "position": "973254", "team": "home", "visibility": "visible"}, {"gameTime": "1 - 16:13", "label": "Corner", "position": "973263", "team": "home", "visibility": "visible"}, {"gameTime": "1 - 16:23", "label": "Foul", "position": "983558", "team": "away", "visibility": "visible"}, {"gameTime": "1 - 18:02", "label": "Indirect free-kick", "position": "1082340", "team": "not applicable", "visibility": "visible"}, {"gameTime": "1 - 18:08", "label": "Ball out of play", "position": "1088654", "team": "home", "visibility": "not shown"}, {"gameTime": "1 - 18:32", "label": "Throw-in", "position": "1112340", "team": "not applicable", "visibility": "visible"}, {"gameTime": "1 - 18:37", "label": "Ball out of play", "position": "1117371", "team": "home", "visibility": "not shown"}, {"gameTime": "1 - 18:48", "label": "Throw-in", "position": "1128252", "team": "home", "visibility": "visible"}, {"gameTime": "1 - 18:48", "label": "Shots on target", "position": "1128964", "team": "not applicable", "visibility": "visible"}, {"gameTime": "1 - 19:31", "label": "Ball out of play", "position": "1171878", "team": "home", "visibility": "visible"}, {"gameTime": "1 - 19:33", "label": "Corner", "position": "1173086", "team": "not applicable", "visibility": "visible"}, {"gameTime": "1 - 19:50", "label": "Ball out of play", "position": "1190725", "team": "away", "visibility": "visible"}, {"gameTime": "1 - 20:22", "label": "Clearance", "position": "1222139", "team": "not applicable", "visibility": "visible"}, {"gameTime": "1 - 20:53", "label": "Ball out of play", "position": "1253838", "team": "away", "visibility": "visible"}, {"gameTime": "1 - 21:33", "label": "Clearance", "position": "1293060", "team": "home", "visibility": "visible"}, {"gameTime": "1 - 24:02", "label": "Shots on target", "position": "1442561", "team": "home", "visibility": "visible"}, {"gameTime": "1 - 24:03", "label": "Shots off target", "position": "1443655", "team": "not applicable", "visibility": "visible"}, {"gameTime": "1 - 24:34", "label": "Ball out of play", "position": "1474652", "team": "away", "visibility": "visible"}, {"gameTime": "1 - 24:54", "label": "Clearance", "position": "1494486", "team": "not applicable", "visibility": "visible"}, {"gameTime": "1 - 24:59", "label": "Ball out of play", "position": "1499755", "team": "home", "visibility": "visible"}, {"gameTime": "1 - 25:18", "label": "Throw-in", "position": "1518567", "team": "not applicable", "visibility": "visible"}, {"gameTime": "1 - 25:21", "label": "Ball out of play", "position": "1521392", "team": "home", "visibility": "visible"}, {"gameTime": "1 - 26:17", "label": "Throw-in", "position": "1577967", "team": "home", "visibility": "visible"}, {"gameTime": "1 - 26:38", "label": "Offside", "position": "1598217", "team": "away", "visibility": "not shown"}, {"gameTime": "1 - 27:28", "label": "Indirect free-kick", "position": "1648596", "team": "not applicable", "visibility": "visible"}, {"gameTime": "1 - 27:45", "label": "Ball out of play", "position": "1665921", "team": "home", "visibility": "visible"}, {"gameTime": "1 - 28:29", "label": "Clearance", "position": "1709887", "team": "home", "visibility": "visible"}, {"gameTime": "1 - 29:31", "label": "Foul", "position": "1771428", "team": "away", "visibility": "visible"}, {"gameTime": "1 - 29:35", "label": "Indirect free-kick", "position": "1775654", "team": "not applicable", "visibility": "visible"}, {"gameTime": "1 - 29:47", "label": "Ball out of play", "position": "1787950", "team": "away", "visibility": "not shown"}, {"gameTime": "1 - 30:13", "label": "Throw-in", "position": "1813755", "team": "not applicable", "visibility": "visible"}, {"gameTime": "1 - 30:25", "label": "Ball out of play", "position": "1825582", "team": "home", "visibility": "visible"}, {"gameTime": "1 - 31:22", "label": "Throw-in", "position": "1882884", "team": "home", "visibility": "visible"}, {"gameTime": "1 - 31:39", "label": "Foul", "position": "1899025", "team": "away", "visibility": "visible"}, {"gameTime": "1 - 31:47", "label": "Indirect free-kick", "position": "1907983", "team": "not applicable", "visibility": "visible"}, {"gameTime": "1 - 31:52", "label": "Ball out of play", "position": "1912711", "team": "home", "visibility": "visible"}, {"gameTime": "1 - 32:15", "label": "Throw-in", "position": "1935205", "team": "not applicable", "visibility": "visible"}, {"gameTime": "1 - 32:45", "label": "Ball out of play", "position": "1965115", "team": "home", "visibility": "visible"}, {"gameTime": "1 - 34:08", "label": "Corner", "position": "2048899", "team": "away", "visibility": "visible"}, {"gameTime": "1 - 34:21", "label": "Foul", "position": "2061476", "team": "home", "visibility": "not shown"}, {"gameTime": "1 - 34:32", "label": "Indirect free-kick", "position": "2072549", "team": "not applicable", "visibility": "visible"}, {"gameTime": "1 - 34:39", "label": "Ball out of play", "position": "2079638", "team": "away", "visibility": "visible"}, {"gameTime": "1 - 35:46", "label": "Throw-in", "position": "2146220", "team": "not applicable", "visibility": "visible"}, {"gameTime": "1 - 36:04", "label": "Ball out of play", "position": "2164033", "team": "away", "visibility": "visible"}, {"gameTime": "1 - 36:11", "label": "Clearance", "position": "2171344", "team": "not applicable", "visibility": "visible"}, {"gameTime": "1 - 36:30", "label": "Ball out of play", "position": "2190395", "team": "away", "visibility": "visible"}, {"gameTime": "1 - 37:26", "label": "Clearance", "position": "2246866", "team": "home", "visibility": "visible"}, {"gameTime": "1 - 37:33", "label": "Foul", "position": "2253896", "team": "away", "visibility": "visible"}, {"gameTime": "1 - 37:41", "label": "Indirect free-kick", "position": "2261997", "team": "away", "visibility": "visible"}, {"gameTime": "1 - 37:49", "label": "Offside", "position": "2269135", "team": "home", "visibility": "not shown"}, {"gameTime": "1 - 38:23", "label": "Indirect free-kick", "position": "2303891", "team": "not applicable", "visibility": "visible"}, {"gameTime": "1 - 38:32", "label": "Ball out of play", "position": "2312983", "team": "home", "visibility": "not shown"}, {"gameTime": "1 - 39:08", "label": "Throw-in", "position": "2348527", "team": "not applicable", "visibility": "visible"}, {"gameTime": "1 - 39:26", "label": "Ball out of play", "position": "2366548", "team": "away", "visibility": "not shown"}, {"gameTime": "1 - 39:33", "label": "Corner", "position": "2373646", "team": "not applicable", "visibility": "visible"}, {"gameTime": "1 - 39:52", "label": "Ball out of play", "position": "2392331", "team": "away", "visibility": "visible"}, {"gameTime": "1 - 40:04", "label": "Corner", "position": "2404042", "team": "away", "visibility": "visible"}, {"gameTime": "1 - 40:15", "label": "Foul", "position": "2415092", "team": "home", "visibility": "visible"}, {"gameTime": "1 - 41:06", "label": "Indirect free-kick", "position": "2466393", "team": "away", "visibility": "visible"}, {"gameTime": "1 - 42:21", "label": "Foul", "position": "2541015", "team": "home", "visibility": "visible"}, {"gameTime": "1 - 42:25", "label": "Direct free-kick", "position": "2545747", "team": "not applicable", "visibility": "visible"}, {"gameTime": "1 - 42:33", "label": "Ball out of play", "position": "2553049", "team": "home", "visibility": "visible"}, {"gameTime": "1 - 42:41", "label": "Throw-in", "position": "2561293", "team": "home", "visibility": "visible"}, {"gameTime": "1 - 44:10", "label": "Shots on target", "position": "2650425", "team": "not applicable", "visibility": "visible"}, {"gameTime": "1 - 44:26", "label": "Ball out of play", "position": "2666813", "team": "away", "visibility": "visible"}, {"gameTime": "1 - 44:40", "label": "Throw-in", "position": "2680656", "team": "home", "visibility": "visible"}, {"gameTime": "2 - 00:04", "label": "Kick-off", "position": "4375", "team": "not applicable", "visibility": "visible"}, {"gameTime": "2 - 00:12", "label": "Ball out of play", "position": "12718", "team": "away", "visibility": "visible"}, {"gameTime": "2 - 01:14", "label": "Throw-in", "position": "74624", "team": "not applicable", "visibility": "visible"}, {"gameTime": "2 - 01:19", "label": "Ball out of play", "position": "79881", "team": "home", "visibility": "not shown"}, {"gameTime": "2 - 02:10", "label": "Throw-in", "position": "130009", "team": "not applicable", "visibility": "visible"}, {"gameTime": "2 - 02:17", "label": "Ball out of play", "position": "137823", "team": "home", "visibility": "visible"}, {"gameTime": "2 - 03:34", "label": "Throw-in", "position": "214943", "team": "away", "visibility": "visible"}, {"gameTime": "2 - 04:13", "label": "Shots on target", "position": "253977", "team": "not applicable", "visibility": "visible"}, {"gameTime": "2 - 04:38", "label": "Ball out of play", "position": "278693", "team": "home", "visibility": "visible"}, {"gameTime": "2 - 04:54", "label": "Throw-in", "position": "294914", "team": "home", "visibility": "visible"}, {"gameTime": "2 - 05:55", "label": "Shots on target", "position": "355021", "team": "away", "visibility": "visible"}, {"gameTime": "2 - 06:29", "label": "Offside", "position": "389830", "team": "home", "visibility": "visible"}, {"gameTime": "2 - 07:21", "label": "Indirect free-kick", "position": "441710", "team": "not applicable", "visibility": "visible"}, {"gameTime": "2 - 07:41", "label": "Ball out of play", "position": "461178", "team": "home", "visibility": "visible"}, {"gameTime": "2 - 07:49", "label": "Throw-in", "position": "469548", "team": "home", "visibility": "visible"}, {"gameTime": "2 - 08:15", "label": "Foul", "position": "495970", "team": "away", "visibility": "visible"}, {"gameTime": "2 - 09:22", "label": "Indirect free-kick", "position": "562198", "team": "home", "visibility": "visible"}, {"gameTime": "2 - 10:26", "label": "Shots on target", "position": "626730", "team": "not applicable", "visibility": "visible"}, {"gameTime": "2 - 10:28", "label": "Ball out of play", "position": "628296", "team": "away", "visibility": "visible"}, {"gameTime": "2 - 10:52", "label": "Throw-in", "position": "652552", "team": "away", "visibility": "visible"}, {"gameTime": "2 - 10:53", "label": "Shots on target", "position": "653686", "team": "away", "visibility": "visible"}, {"gameTime": "2 - 12:06", "label": "Goal", "position": "726447", "team": "home", "visibility": "visible"}, {"gameTime": "2 - 12:33", "label": "Kick-off", "position": "753861", "team": "home", "visibility": "visible"}, {"gameTime": "2 - 13:00", "label": "Shots on target", "position": "780124", "team": "away", "visibility": "visible"}, {"gameTime": "2 - 13:09", "label": "Offside", "position": "789187", "team": "home", "visibility": "not shown"}, {"gameTime": "2 - 13:30", "label": "Indirect free-kick", "position": "810636", "team": "not applicable", "visibility": "visible"}, {"gameTime": "2 - 13:35", "label": "Ball out of play", "position": "815297", "team": "home", "visibility": "visible"}, {"gameTime": "2 - 13:56", "label": "Throw-in", "position": "836427", "team": "not applicable", "visibility": "visible"}, {"gameTime": "2 - 14:03", "label": "Ball out of play", "position": "843106", "team": "home", "visibility": "not shown"}, {"gameTime": "2 - 15:14", "label": "Throw-in", "position": "914998", "team": "not applicable", "visibility": "visible"}, {"gameTime": "2 - 15:31", "label": "Ball out of play", "position": "931000", "team": "away", "visibility": "visible"}, {"gameTime": "2 - 15:47", "label": "Substitution", "position": "947600", "team": "home", "visibility": "visible"}, {"gameTime": "2 - 15:55", "label": "Substitution", "position": "955606", "team": "away", "visibility": "not shown"}, {"gameTime": "2 - 16:15", "label": "Throw-in", "position": "975777", "team": "not applicable", "visibility": "visible"}, {"gameTime": "2 - 16:23", "label": "Ball out of play", "position": "983906", "team": "away", "visibility": "visible"}, {"gameTime": "2 - 16:40", "label": "Throw-in", "position": "1000049", "team": "not applicable", "visibility": "visible"}, {"gameTime": "2 - 17:15", "label": "Ball out of play", "position": "1035850", "team": "not applicable", "visibility": "visible"}, {"gameTime": "2 - 17:41", "label": "Ball out of play", "position": "1061700", "team": "home", "visibility": "visible"}, {"gameTime": "2 - 17:45", "label": "Corner", "position": "1065610", "team": "home", "visibility": "visible"}, {"gameTime": "2 - 18:12", "label": "Shots off target", "position": "1092443", "team": "home", "visibility": "visible"}, {"gameTime": "2 - 18:43", "label": "Clearance", "position": "1123666", "team": "not applicable", "visibility": "visible"}, {"gameTime": "2 - 18:46", "label": "Ball out of play", "position": "1126834", "team": "away", "visibility": "visible"}, {"gameTime": "2 - 19:34", "label": "Throw-in", "position": "1174887", "team": "not applicable", "visibility": "visible"}, {"gameTime": "2 - 19:58", "label": "Ball out of play", "position": "1198371", "team": "away", "visibility": "visible"}, {"gameTime": "2 - 21:02", "label": "Throw-in", "position": "1262838", "team": "away", "visibility": "visible"}, {"gameTime": "2 - 21:04", "label": "Shots off target", "position": "1264309", "team": "not applicable", "visibility": "visible"}, {"gameTime": "2 - 21:23", "label": "Ball out of play", "position": "1283000", "team": "home", "visibility": "visible"}, {"gameTime": "2 - 21:30", "label": "Substitution", "position": "1290244", "team": "home", "visibility": "visible"}, {"gameTime": "2 - 21:51", "label": "Clearance", "position": "1311424", "team": "home", "visibility": "visible"}, {"gameTime": "2 - 21:52", "label": "Shots on target", "position": "1312755", "team": "home", "visibility": "visible"}, {"gameTime": "2 - 21:53", "label": "Goal", "position": "1313000", "team": "home", "visibility": "visible"}, {"gameTime": "2 - 22:59", "label": "Goal", "position": "1379367", "team": "away", "visibility": "visible"}, {"gameTime": "2 - 23:13", "label": "Kick-off", "position": "1393737", "team": "home", "visibility": "visible"}, {"gameTime": "2 - 23:58", "label": "Offside", "position": "1438327", "team": "not applicable", "visibility": "visible"}, {"gameTime": "2 - 24:01", "label": "Ball out of play", "position": "1441411", "team": "home", "visibility": "not shown"}, {"gameTime": "2 - 24:48", "label": "Throw-in", "position": "1488284", "team": "home", "visibility": "visible"}, {"gameTime": "2 - 24:49", "label": "Shots off target", "position": "1489649", "team": "not applicable", "visibility": "visible"}, {"gameTime": "2 - 25:01", "label": "Ball out of play", "position": "1501170", "team": "away", "visibility": "visible"}, {"gameTime": "2 - 25:52", "label": "Clearance", "position": "1552705", "team": "away", "visibility": "visible"}, {"gameTime": "2 - 25:53", "label": "Shots off target", "position": "1553665", "team": "not applicable", "visibility": "visible"}, {"gameTime": "2 - 26:12", "label": "Ball out of play", "position": "1572736", "team": "home", "visibility": "visible"}, {"gameTime": "2 - 26:40", "label": "Clearance", "position": "1600112", "team": "not applicable", "visibility": "visible"}, {"gameTime": "2 - 26:47", "label": "Ball out of play", "position": "1607719", "team": "home", "visibility": "visible"}, {"gameTime": "2 - 26:56", "label": "Throw-in", "position": "1616628", "team": "home", "visibility": "visible"}, {"gameTime": "2 - 27:17", "label": "Offside", "position": "1637713", "team": "away", "visibility": "visible"}, {"gameTime": "2 - 27:27", "label": "Indirect free-kick", "position": "1647985", "team": "not applicable", "visibility": "visible"}, {"gameTime": "2 - 27:38", "label": "Ball out of play", "position": "1658647", "team": "away", "visibility": "visible"}, {"gameTime": "2 - 28:04", "label": "Throw-in", "position": "1684566", "team": "home", "visibility": "visible"}, {"gameTime": "2 - 28:30", "label": "Foul", "position": "1710000", "team": "away", "visibility": "visible"}, {"gameTime": "2 - 28:55", "label": "Substitution", "position": "1735000", "team": "home", "visibility": "visible"}, {"gameTime": "2 - 29:28", "label": "Substitution", "position": "1768932", "team": "not applicable", "visibility": "visible"}, {"gameTime": "2 - 29:36", "label": "Ball out of play", "position": "1776137", "team": "away", "visibility": "not shown"}, {"gameTime": "2 - 30:02", "label": "Clearance", "position": "1802561", "team": "home", "visibility": "visible"}, {"gameTime": "2 - 30:02", "label": "Shots off target", "position": "1802970", "team": "not applicable", "visibility": "visible"}, {"gameTime": "2 - 31:08", "label": "Ball out of play", "position": "1868325", "team": "away", "visibility": "visible"}, {"gameTime": "2 - 31:19", "label": "Shots on target", "position": "1879356", "team": "not applicable", "visibility": "visible"}, {"gameTime": "2 - 31:30", "label": "Ball out of play", "position": "1890867", "team": "home", "visibility": "visible"}, {"gameTime": "2 - 32:00", "label": "Throw-in", "position": "1920703", "team": "home", "visibility": "visible"}, {"gameTime": "2 - 32:01", "label": "Shots on target", "position": "1921516", "team": "home", "visibility": "visible"}, {"gameTime": "2 - 33:03", "label": "Goal", "position": "1983756", "team": "away", "visibility": "visible"}, {"gameTime": "2 - 34:06", "label": "Kick-off", "position": "2046832", "team": "not applicable", "visibility": "visible"}, {"gameTime": "2 - 34:30", "label": "Ball out of play", "position": "2070338", "team": "home", "visibility": "not shown"}, {"gameTime": "2 - 34:58", "label": "Throw-in", "position": "2098032", "team": "away", "visibility": "visible"}, {"gameTime": "2 - 35:02", "label": "Foul", "position": "2102000", "team": "away", "visibility": "visible"}, {"gameTime": "2 - 36:42", "label": "Red card", "position": "2202332", "team": "home", "visibility": "visible"}, {"gameTime": "2 - 36:42", "label": "Direct free-kick", "position": "2202332", "team": "home", "visibility": "visible"}, {"gameTime": "2 - 36:43", "label": "Shots off target", "position": "2203217", "team": "not applicable", "visibility": "visible"}, {"gameTime": "2 - 36:55", "label": "Ball out of play", "position": "2215951", "team": "home", "visibility": "visible"}, {"gameTime": "2 - 37:27", "label": "Corner", "position": "2247462", "team": "not applicable", "visibility": "visible"}, {"gameTime": "2 - 37:48", "label": "Ball out of play", "position": "2268000", "team": "away", "visibility": "visible"}, {"gameTime": "2 - 37:48", "label": "Substitution", "position": "2268000", "team": "away", "visibility": "visible"}, {"gameTime": "2 - 38:07", "label": "Substitution", "position": "2287200", "team": "away", "visibility": "visible"}, {"gameTime": "2 - 38:31", "label": "Clearance", "position": "2311894", "team": "not applicable", "visibility": "visible"}, {"gameTime": "2 - 38:34", "label": "Ball out of play", "position": "2314040", "team": "home", "visibility": "visible"}, {"gameTime": "2 - 39:31", "label": "Throw-in", "position": "2371358", "team": "home", "visibility": "visible"}, {"gameTime": "2 - 40:24", "label": "Foul", "position": "2424108", "team": "not applicable", "visibility": "visible"}, {"gameTime": "2 - 40:45", "label": "Ball out of play", "position": "2445045", "team": "home", "visibility": "visible"}, {"gameTime": "2 - 42:38", "label": "Corner", "position": "2558799", "team": "not applicable", "visibility": "visible"}, {"gameTime": "2 - 42:47", "label": "Ball out of play", "position": "2567374", "team": "home", "visibility": "visible"}], "gameAwayTeam": "Bologna", "gameDate": "17/09/2016 - 21:45", "gameHomeTeam": "Napoli", "gameScore": "3 - 1"}