{"UrlLocal": "france_ligue-1/2015-2016/2015-09-26 - 18-30 Nantes 1 - 4 Paris SG/", "UrlYoutube": "", "annotations": [{"gameTime": "1 - 00:00", "label": "Foul", "position": "37", "team": "away", "visibility": "not shown"}, {"gameTime": "1 - 01:07", "label": "Direct free-kick", "position": "67069", "team": "away", "visibility": "visible"}, {"gameTime": "1 - 02:11", "label": "Ball out of play", "position": "131085", "team": "home", "visibility": "visible"}, {"gameTime": "1 - 03:38", "label": "Throw-in", "position": "218739", "team": "not applicable", "visibility": "visible"}, {"gameTime": "1 - 04:02", "label": "Ball out of play", "position": "242594", "team": "home", "visibility": "visible"}, {"gameTime": "1 - 05:35", "label": "Throw-in", "position": "335266", "team": "not applicable", "visibility": "not shown"}, {"gameTime": "1 - 06:13", "label": "Shots on target", "position": "373412", "team": "away", "visibility": "visible"}, {"gameTime": "1 - 07:17", "label": "Foul", "position": "437338", "team": "home", "visibility": "visible"}, {"gameTime": "1 - 07:54", "label": "Indirect free-kick", "position": "474892", "team": "away", "visibility": "visible"}, {"gameTime": "1 - 08:22", "label": "Ball out of play", "position": "502613", "team": "home", "visibility": "visible"}, {"gameTime": "1 - 08:51", "label": "Corner", "position": "531795", "team": "not applicable", "visibility": "visible"}, {"gameTime": "1 - 09:12", "label": "Ball out of play", "position": "552647", "team": "away", "visibility": "visible"}, {"gameTime": "1 - 09:39", "label": "Corner", "position": "579575", "team": "not applicable", "visibility": "visible"}, {"gameTime": "1 - 10:05", "label": "Shots on target", "position": "605812", "team": "home", "visibility": "visible"}, {"gameTime": "1 - 10:15", "label": "Goal", "position": "615208", "team": "home", "visibility": "visible"}, {"gameTime": "1 - 10:16", "label": "Kick-off", "position": "616048", "team": "home", "visibility": "visible"}, {"gameTime": "1 - 11:13", "label": "Shots on target", "position": "673912", "team": "away", "visibility": "not shown"}, {"gameTime": "1 - 14:06", "label": "Ball out of play", "position": "846152", "team": "home", "visibility": "visible"}, {"gameTime": "1 - 16:08", "label": "Throw-in", "position": "968554", "team": "not applicable", "visibility": "visible"}, {"gameTime": "1 - 16:32", "label": "Ball out of play", "position": "992063", "team": "home", "visibility": "visible"}, {"gameTime": "1 - 16:35", "label": "Corner", "position": "995555", "team": "not applicable", "visibility": "visible"}, {"gameTime": "1 - 16:58", "label": "Offside", "position": "1018760", "team": "home", "visibility": "visible"}, {"gameTime": "1 - 17:05", "label": "Indirect free-kick", "position": "1025208", "team": "home", "visibility": "visible"}, {"gameTime": "1 - 17:08", "label": "Ball out of play", "position": "1028146", "team": "away", "visibility": "visible"}, {"gameTime": "1 - 17:39", "label": "Throw-in", "position": "1059278", "team": "not applicable", "visibility": "visible"}, {"gameTime": "1 - 17:55", "label": "Shots off target", "position": "1075683", "team": "home", "visibility": "visible"}, {"gameTime": "1 - 19:04", "label": "Shots on target", "position": "1144911", "team": "home", "visibility": "visible"}, {"gameTime": "1 - 19:38", "label": "Ball out of play", "position": "1178793", "team": "away", "visibility": "visible"}, {"gameTime": "1 - 19:47", "label": "Throw-in", "position": "1187827", "team": "not applicable", "visibility": "visible"}, {"gameTime": "1 - 20:55", "label": "Shots off target", "position": "1255551", "team": "away", "visibility": "visible"}, {"gameTime": "1 - 21:30", "label": "Ball out of play", "position": "1290840", "team": "home", "visibility": "visible"}, {"gameTime": "1 - 21:30", "label": "Clearance", "position": "1290920", "team": "not applicable", "visibility": "visible"}, {"gameTime": "1 - 22:07", "label": "Foul", "position": "1327318", "team": "away", "visibility": "not shown"}, {"gameTime": "1 - 22:41", "label": "Indirect free-kick", "position": "1361417", "team": "away", "visibility": "visible"}, {"gameTime": "1 - 23:05", "label": "Ball out of play", "position": "1385397", "team": "home", "visibility": "visible"}, {"gameTime": "1 - 23:19", "label": "Throw-in", "position": "1399797", "team": "not applicable", "visibility": "visible"}, {"gameTime": "1 - 23:29", "label": "Shots off target", "position": "1409726", "team": "away", "visibility": "not shown"}, {"gameTime": "1 - 23:49", "label": "Ball out of play", "position": "1429346", "team": "away", "visibility": "visible"}, {"gameTime": "1 - 23:50", "label": "Clearance", "position": "1430756", "team": "not applicable", "visibility": "visible"}, {"gameTime": "1 - 24:12", "label": "Ball out of play", "position": "1452140", "team": "home", "visibility": "not shown"}, {"gameTime": "1 - 24:26", "label": "Throw-in", "position": "1466308", "team": "not applicable", "visibility": "not shown"}, {"gameTime": "1 - 24:32", "label": "Ball out of play", "position": "1472055", "team": "away", "visibility": "visible"}, {"gameTime": "1 - 24:34", "label": "Throw-in", "position": "1474417", "team": "not applicable", "visibility": "visible"}, {"gameTime": "1 - 24:38", "label": "Shots on target", "position": "1478699", "team": "away", "visibility": "visible"}, {"gameTime": "1 - 24:55", "label": "Ball out of play", "position": "1495450", "team": "away", "visibility": "visible"}, {"gameTime": "1 - 24:56", "label": "Corner", "position": "1496890", "team": "not applicable", "visibility": "visible"}, {"gameTime": "1 - 25:19", "label": "Shots off target", "position": "1519757", "team": "away", "visibility": "visible"}, {"gameTime": "1 - 25:21", "label": "Shots off target", "position": "1521423", "team": "away", "visibility": "visible"}, {"gameTime": "1 - 25:23", "label": "Ball out of play", "position": "1523130", "team": "away", "visibility": "visible"}, {"gameTime": "1 - 25:32", "label": "Throw-in", "position": "1532601", "team": "not applicable", "visibility": "visible"}, {"gameTime": "1 - 25:45", "label": "Ball out of play", "position": "1545478", "team": "home", "visibility": "not shown"}, {"gameTime": "1 - 26:12", "label": "Corner", "position": "1572317", "team": "not applicable", "visibility": "visible"}, {"gameTime": "1 - 26:35", "label": "Ball out of play", "position": "1595417", "team": "away", "visibility": "visible"}, {"gameTime": "1 - 26:53", "label": "Clearance", "position": "1613824", "team": "not applicable", "visibility": "visible"}, {"gameTime": "1 - 27:20", "label": "Ball out of play", "position": "1640157", "team": "home", "visibility": "not shown"}, {"gameTime": "1 - 27:49", "label": "Clearance", "position": "1669579", "team": "not applicable", "visibility": "visible"}, {"gameTime": "1 - 28:08", "label": "Foul", "position": "1688132", "team": "home", "visibility": "not shown"}, {"gameTime": "1 - 28:24", "label": "Indirect free-kick", "position": "1704377", "team": "away", "visibility": "visible"}, {"gameTime": "1 - 28:50", "label": "Ball out of play", "position": "1730063", "team": "home", "visibility": "visible"}, {"gameTime": "1 - 29:00", "label": "Throw-in", "position": "1740549", "team": "not applicable", "visibility": "visible"}, {"gameTime": "1 - 29:23", "label": "Ball out of play", "position": "1763565", "team": "away", "visibility": "not shown"}, {"gameTime": "1 - 29:35", "label": "Throw-in", "position": "1775534", "team": "not applicable", "visibility": "visible"}, {"gameTime": "1 - 29:40", "label": "Foul", "position": "1780292", "team": "away", "visibility": "visible"}, {"gameTime": "1 - 30:10", "label": "Indirect free-kick", "position": "1810559", "team": "home", "visibility": "visible"}, {"gameTime": "1 - 30:14", "label": "Foul", "position": "1814106", "team": "away", "visibility": "visible"}, {"gameTime": "1 - 30:45", "label": "Indirect free-kick", "position": "1845172", "team": "home", "visibility": "visible"}, {"gameTime": "1 - 31:09", "label": "Foul", "position": "1869253", "team": "away", "visibility": "visible"}, {"gameTime": "1 - 31:18", "label": "Indirect free-kick", "position": "1878771", "team": "home", "visibility": "visible"}, {"gameTime": "1 - 31:31", "label": "Ball out of play", "position": "1891771", "team": "away", "visibility": "not shown"}, {"gameTime": "1 - 32:16", "label": "Throw-in", "position": "1936559", "team": "not applicable", "visibility": "visible"}, {"gameTime": "1 - 33:30", "label": "Ball out of play", "position": "2010596", "team": "away", "visibility": "not shown"}, {"gameTime": "1 - 33:37", "label": "Clearance", "position": "2017066", "team": "not applicable", "visibility": "visible"}, {"gameTime": "1 - 34:14", "label": "Ball out of play", "position": "2054042", "team": "home", "visibility": "visible"}, {"gameTime": "1 - 34:51", "label": "Throw-in", "position": "2091284", "team": "not applicable", "visibility": "visible"}, {"gameTime": "1 - 34:57", "label": "Ball out of play", "position": "2097007", "team": "home", "visibility": "visible"}, {"gameTime": "1 - 35:20", "label": "Clearance", "position": "2120645", "team": "not applicable", "visibility": "visible"}, {"gameTime": "1 - 35:28", "label": "Ball out of play", "position": "2128858", "team": "away", "visibility": "visible"}, {"gameTime": "1 - 37:03", "label": "Throw-in", "position": "2223174", "team": "not applicable", "visibility": "visible"}, {"gameTime": "1 - 37:10", "label": "Foul", "position": "2230764", "team": "away", "visibility": "visible"}, {"gameTime": "1 - 37:38", "label": "Indirect free-kick", "position": "2258445", "team": "home", "visibility": "visible"}, {"gameTime": "1 - 37:40", "label": "Ball out of play", "position": "2260580", "team": "away", "visibility": "visible"}, {"gameTime": "1 - 38:42", "label": "Throw-in", "position": "2322529", "team": "not applicable", "visibility": "visible"}, {"gameTime": "1 - 38:46", "label": "Foul", "position": "2326191", "team": "away", "visibility": "visible"}, {"gameTime": "1 - 39:09", "label": "Yellow card", "position": "2349398", "team": "home", "visibility": "visible"}, {"gameTime": "1 - 39:39", "label": "Indirect free-kick", "position": "2379953", "team": "home", "visibility": "visible"}, {"gameTime": "1 - 40:11", "label": "Offside", "position": "2411022", "team": "away", "visibility": "visible"}, {"gameTime": "1 - 40:58", "label": "Indirect free-kick", "position": "2458051", "team": "away", "visibility": "not shown"}, {"gameTime": "1 - 41:23", "label": "Foul", "position": "2483946", "team": "home", "visibility": "visible"}, {"gameTime": "1 - 42:18", "label": "Indirect free-kick", "position": "2538814", "team": "away", "visibility": "visible"}, {"gameTime": "1 - 42:40", "label": "Foul", "position": "2560814", "team": "home", "visibility": "visible"}, {"gameTime": "1 - 43:18", "label": "Direct free-kick", "position": "2598323", "team": "home", "visibility": "visible"}, {"gameTime": "1 - 44:16", "label": "Shots off target", "position": "2656605", "team": "away", "visibility": "visible"}, {"gameTime": "1 - 44:16", "label": "Ball out of play", "position": "2656605", "team": "away", "visibility": "visible"}, {"gameTime": "1 - 44:29", "label": "Ball out of play", "position": "2669248", "team": "not applicable", "visibility": "not shown"}, {"gameTime": "2 - 00:00", "label": "Ball out of play", "position": "0", "team": "home", "visibility": "visible"}, {"gameTime": "2 - 00:52", "label": "Throw-in", "position": "52218", "team": "not applicable", "visibility": "visible"}, {"gameTime": "2 - 01:02", "label": "Ball out of play", "position": "62370", "team": "home", "visibility": "not shown"}, {"gameTime": "2 - 01:21", "label": "Throw-in", "position": "81563", "team": "not applicable", "visibility": "visible"}, {"gameTime": "2 - 01:30", "label": "Ball out of play", "position": "90680", "team": "away", "visibility": "visible"}, {"gameTime": "2 - 02:02", "label": "Throw-in", "position": "122513", "team": "not applicable", "visibility": "visible"}, {"gameTime": "2 - 02:10", "label": "Shots on target", "position": "130275", "team": "away", "visibility": "visible"}, {"gameTime": "2 - 02:13", "label": "Shots on target", "position": "133909", "team": "away", "visibility": "visible"}, {"gameTime": "2 - 02:15", "label": "Goal", "position": "135404", "team": "away", "visibility": "visible"}, {"gameTime": "2 - 02:15", "label": "Kick-off", "position": "135833", "team": "away", "visibility": "visible"}, {"gameTime": "2 - 02:52", "label": "Foul", "position": "172721", "team": "home", "visibility": "not shown"}, {"gameTime": "2 - 03:00", "label": "Indirect free-kick", "position": "180475", "team": "away", "visibility": "visible"}, {"gameTime": "2 - 03:24", "label": "Shots off target", "position": "204680", "team": "home", "visibility": "visible"}, {"gameTime": "2 - 03:26", "label": "Offside", "position": "206728", "team": "home", "visibility": "visible"}, {"gameTime": "2 - 04:04", "label": "Indirect free-kick", "position": "244367", "team": "away", "visibility": "visible"}, {"gameTime": "2 - 04:28", "label": "Ball out of play", "position": "268864", "team": "home", "visibility": "not shown"}, {"gameTime": "2 - 04:41", "label": "Clearance", "position": "281990", "team": "not applicable", "visibility": "visible"}, {"gameTime": "2 - 04:56", "label": "Ball out of play", "position": "296050", "team": "away", "visibility": "not shown"}, {"gameTime": "2 - 06:01", "label": "Corner", "position": "361527", "team": "not applicable", "visibility": "visible"}, {"gameTime": "2 - 06:23", "label": "Ball out of play", "position": "383707", "team": "away", "visibility": "visible"}, {"gameTime": "2 - 06:37", "label": "Corner", "position": "397075", "team": "not applicable", "visibility": "visible"}, {"gameTime": "2 - 06:57", "label": "Ball out of play", "position": "417737", "team": "away", "visibility": "visible"}, {"gameTime": "2 - 07:49", "label": "Throw-in", "position": "469393", "team": "not applicable", "visibility": "visible"}, {"gameTime": "2 - 08:03", "label": "Ball out of play", "position": "483515", "team": "home", "visibility": "visible"}, {"gameTime": "2 - 08:14", "label": "Throw-in", "position": "494413", "team": "not applicable", "visibility": "visible"}, {"gameTime": "2 - 08:29", "label": "Foul", "position": "509349", "team": "home", "visibility": "visible"}, {"gameTime": "2 - 08:42", "label": "Indirect free-kick", "position": "522881", "team": "away", "visibility": "visible"}, {"gameTime": "2 - 08:53", "label": "Ball out of play", "position": "533645", "team": "away", "visibility": "visible"}, {"gameTime": "2 - 09:16", "label": "Throw-in", "position": "556316", "team": "not applicable", "visibility": "visible"}, {"gameTime": "2 - 09:23", "label": "Ball out of play", "position": "563324", "team": "away", "visibility": "not shown"}, {"gameTime": "2 - 10:16", "label": "Clearance", "position": "616526", "team": "not applicable", "visibility": "visible"}, {"gameTime": "2 - 10:38", "label": "Ball out of play", "position": "638789", "team": "home", "visibility": "not shown"}, {"gameTime": "2 - 10:50", "label": "Throw-in", "position": "650396", "team": "not applicable", "visibility": "visible"}, {"gameTime": "2 - 10:52", "label": "Foul", "position": "652986", "team": "home", "visibility": "visible"}, {"gameTime": "2 - 10:59", "label": "Indirect free-kick", "position": "659964", "team": "home", "visibility": "visible"}, {"gameTime": "2 - 11:10", "label": "Foul", "position": "670646", "team": "away", "visibility": "visible"}, {"gameTime": "2 - 11:40", "label": "Shots off target", "position": "700972", "team": "home", "visibility": "visible"}, {"gameTime": "2 - 12:32", "label": "Direct free-kick", "position": "752930", "team": "away", "visibility": "visible"}, {"gameTime": "2 - 12:32", "label": "Shots off target", "position": "752930", "team": "away", "visibility": "visible"}, {"gameTime": "2 - 13:57", "label": "Ball out of play", "position": "837497", "team": "away", "visibility": "visible"}, {"gameTime": "2 - 13:59", "label": "Corner", "position": "839644", "team": "not applicable", "visibility": "visible"}, {"gameTime": "2 - 14:31", "label": "Ball out of play", "position": "871226", "team": "away", "visibility": "visible"}, {"gameTime": "2 - 14:54", "label": "Throw-in", "position": "894872", "team": "not applicable", "visibility": "visible"}, {"gameTime": "2 - 15:01", "label": "Foul", "position": "901099", "team": "away", "visibility": "not shown"}, {"gameTime": "2 - 15:28", "label": "Indirect free-kick", "position": "928801", "team": "home", "visibility": "visible"}, {"gameTime": "2 - 15:54", "label": "Ball out of play", "position": "954865", "team": "away", "visibility": "not shown"}, {"gameTime": "2 - 16:01", "label": "Throw-in", "position": "961098", "team": "not applicable", "visibility": "visible"}, {"gameTime": "2 - 16:10", "label": "Ball out of play", "position": "970127", "team": "away", "visibility": "visible"}, {"gameTime": "2 - 17:01", "label": "Throw-in", "position": "1021608", "team": "not applicable", "visibility": "visible"}, {"gameTime": "2 - 17:09", "label": "Ball out of play", "position": "1029058", "team": "away", "visibility": "not shown"}, {"gameTime": "2 - 17:51", "label": "Throw-in", "position": "1071445", "team": "not applicable", "visibility": "visible"}, {"gameTime": "2 - 18:09", "label": "Shots off target", "position": "1089650", "team": "home", "visibility": "not shown"}, {"gameTime": "2 - 18:42", "label": "Ball out of play", "position": "1122856", "team": "away", "visibility": "visible"}, {"gameTime": "2 - 18:43", "label": "Clearance", "position": "1123851", "team": "not applicable", "visibility": "visible"}, {"gameTime": "2 - 19:10", "label": "Foul", "position": "1150647", "team": "home", "visibility": "visible"}, {"gameTime": "2 - 19:25", "label": "Substitution", "position": "1165741", "team": "home", "visibility": "visible"}, {"gameTime": "2 - 19:47", "label": "Substitution", "position": "1187585", "team": "away", "visibility": "visible"}, {"gameTime": "2 - 20:04", "label": "Indirect free-kick", "position": "1204027", "team": "away", "visibility": "not shown"}, {"gameTime": "2 - 20:04", "label": "Foul", "position": "1204547", "team": "away", "visibility": "not shown"}, {"gameTime": "2 - 20:37", "label": "Indirect free-kick", "position": "1237011", "team": "home", "visibility": "visible"}, {"gameTime": "2 - 20:55", "label": "Foul", "position": "1255244", "team": "home", "visibility": "not shown"}, {"gameTime": "2 - 21:05", "label": "Yellow card", "position": "1265093", "team": "away", "visibility": "visible"}, {"gameTime": "2 - 21:26", "label": "Substitution", "position": "1286272", "team": "away", "visibility": "visible"}, {"gameTime": "2 - 22:22", "label": "Indirect free-kick", "position": "1342818", "team": "home", "visibility": "visible"}, {"gameTime": "2 - 22:31", "label": "Ball out of play", "position": "1351910", "team": "home", "visibility": "not shown"}, {"gameTime": "2 - 22:38", "label": "Throw-in", "position": "1358744", "team": "not applicable", "visibility": "visible"}, {"gameTime": "2 - 22:53", "label": "Foul", "position": "1373775", "team": "home", "visibility": "visible"}, {"gameTime": "2 - 23:02", "label": "Yellow card", "position": "1382528", "team": "home", "visibility": "visible"}, {"gameTime": "2 - 23:16", "label": "Indirect free-kick", "position": "1396789", "team": "home", "visibility": "visible"}, {"gameTime": "2 - 23:33", "label": "Shots off target", "position": "1413832", "team": "away", "visibility": "visible"}, {"gameTime": "2 - 24:29", "label": "Ball out of play", "position": "1469038", "team": "away", "visibility": "visible"}, {"gameTime": "2 - 24:29", "label": "Clearance", "position": "1469972", "team": "not applicable", "visibility": "visible"}, {"gameTime": "2 - 24:58", "label": "Ball out of play", "position": "1498191", "team": "home", "visibility": "visible"}, {"gameTime": "2 - 25:46", "label": "Throw-in", "position": "1546833", "team": "not applicable", "visibility": "visible"}, {"gameTime": "2 - 25:59", "label": "Shots on target", "position": "1559332", "team": "home", "visibility": "visible"}, {"gameTime": "2 - 26:01", "label": "Foul", "position": "1561155", "team": "home", "visibility": "visible"}, {"gameTime": "2 - 26:46", "label": "Direct free-kick", "position": "1606552", "team": "home", "visibility": "visible"}, {"gameTime": "2 - 27:20", "label": "Goal", "position": "1640219", "team": "away", "visibility": "visible"}, {"gameTime": "2 - 27:21", "label": "Shots on target", "position": "1641000", "team": "away", "visibility": "visible"}, {"gameTime": "2 - 27:21", "label": "Goal", "position": "1641147", "team": "away", "visibility": "visible"}, {"gameTime": "2 - 27:21", "label": "Kick-off", "position": "1641677", "team": "away", "visibility": "visible"}, {"gameTime": "2 - 28:26", "label": "Foul", "position": "1706260", "team": "home", "visibility": "visible"}, {"gameTime": "2 - 29:03", "label": "Indirect free-kick", "position": "1743682", "team": "away", "visibility": "visible"}, {"gameTime": "2 - 29:16", "label": "Ball out of play", "position": "1756957", "team": "home", "visibility": "visible"}, {"gameTime": "2 - 29:23", "label": "Throw-in", "position": "1763377", "team": "not applicable", "visibility": "visible"}, {"gameTime": "2 - 29:26", "label": "Ball out of play", "position": "1766602", "team": "home", "visibility": "visible"}, {"gameTime": "2 - 31:12", "label": "Substitution", "position": "1872618", "team": "not applicable", "visibility": "visible"}, {"gameTime": "2 - 31:46", "label": "Corner", "position": "1906279", "team": "home", "visibility": "visible"}, {"gameTime": "2 - 32:01", "label": "Ball out of play", "position": "1921270", "team": "home", "visibility": "visible"}, {"gameTime": "2 - 32:11", "label": "Throw-in", "position": "1931521", "team": "not applicable", "visibility": "visible"}, {"gameTime": "2 - 32:22", "label": "Ball out of play", "position": "1942988", "team": "home", "visibility": "visible"}, {"gameTime": "2 - 32:50", "label": "Throw-in", "position": "1970015", "team": "not applicable", "visibility": "visible"}, {"gameTime": "2 - 32:56", "label": "Ball out of play", "position": "1976936", "team": "home", "visibility": "visible"}, {"gameTime": "2 - 33:12", "label": "Throw-in", "position": "1992722", "team": "not applicable", "visibility": "visible"}, {"gameTime": "2 - 33:31", "label": "Foul", "position": "2011142", "team": "away", "visibility": "not shown"}, {"gameTime": "2 - 33:41", "label": "Indirect free-kick", "position": "2021154", "team": "home", "visibility": "not shown"}, {"gameTime": "2 - 33:49", "label": "Shots on target", "position": "2029673", "team": "away", "visibility": "not shown"}, {"gameTime": "2 - 34:10", "label": "Goal", "position": "2050780", "team": "away", "visibility": "visible"}, {"gameTime": "2 - 34:12", "label": "Goal", "position": "2052973", "team": "away", "visibility": "visible"}, {"gameTime": "2 - 34:13", "label": "Kick-off", "position": "2053000", "team": "away", "visibility": "visible"}, {"gameTime": "2 - 35:10", "label": "Ball out of play", "position": "2110046", "team": "home", "visibility": "not shown"}, {"gameTime": "2 - 35:30", "label": "Throw-in", "position": "2130963", "team": "not applicable", "visibility": "visible"}, {"gameTime": "2 - 35:42", "label": "Ball out of play", "position": "2142617", "team": "home", "visibility": "visible"}, {"gameTime": "2 - 35:46", "label": "Throw-in", "position": "2146661", "team": "not applicable", "visibility": "visible"}, {"gameTime": "2 - 36:35", "label": "Foul", "position": "2195910", "team": "home", "visibility": "visible"}, {"gameTime": "2 - 36:39", "label": "Substitution", "position": "2199495", "team": "home", "visibility": "visible"}, {"gameTime": "2 - 37:00", "label": "Clearance", "position": "2220103", "team": "away", "visibility": "visible"}, {"gameTime": "2 - 37:23", "label": "Ball out of play", "position": "2243179", "team": "away", "visibility": "not shown"}, {"gameTime": "2 - 37:27", "label": "Throw-in", "position": "2247191", "team": "not applicable", "visibility": "not shown"}, {"gameTime": "2 - 37:37", "label": "Ball out of play", "position": "2257112", "team": "home", "visibility": "visible"}, {"gameTime": "2 - 37:58", "label": "Throw-in", "position": "2278062", "team": "not applicable", "visibility": "visible"}, {"gameTime": "2 - 38:00", "label": "Foul", "position": "2280932", "team": "away", "visibility": "visible"}, {"gameTime": "2 - 38:20", "label": "Indirect free-kick", "position": "2300875", "team": "home", "visibility": "visible"}, {"gameTime": "2 - 38:34", "label": "Foul", "position": "2314856", "team": "away", "visibility": "visible"}, {"gameTime": "2 - 38:42", "label": "Indirect free-kick", "position": "2322316", "team": "home", "visibility": "visible"}, {"gameTime": "2 - 38:49", "label": "Ball out of play", "position": "2329760", "team": "away", "visibility": "not shown"}, {"gameTime": "2 - 39:09", "label": "Clearance", "position": "2349733", "team": "not applicable", "visibility": "visible"}, {"gameTime": "2 - 39:27", "label": "Ball out of play", "position": "2367651", "team": "home", "visibility": "visible"}, {"gameTime": "2 - 40:45", "label": "Throw-in", "position": "2445396", "team": "not applicable", "visibility": "visible"}, {"gameTime": "2 - 40:57", "label": "Foul", "position": "2457812", "team": "away", "visibility": "visible"}, {"gameTime": "2 - 41:08", "label": "Indirect free-kick", "position": "2468115", "team": "home", "visibility": "visible"}, {"gameTime": "2 - 41:16", "label": "Shots on target", "position": "2476064", "team": "away", "visibility": "visible"}, {"gameTime": "2 - 42:59", "label": "Ball out of play", "position": "2579685", "team": "away", "visibility": "visible"}, {"gameTime": "2 - 44:11", "label": "Corner", "position": "2651565", "team": "not applicable", "visibility": "visible"}, {"gameTime": "2 - 44:51", "label": "Shots on target", "position": "2691048", "team": "away", "visibility": "visible"}, {"gameTime": "2 - 44:52", "label": "Goal", "position": "2692580", "team": "away", "visibility": "visible"}, {"gameTime": "2 - 44:53", "label": "Goal", "position": "2693000", "team": "away", "visibility": "visible"}, {"gameTime": "2 - 44:53", "label": "Kick-off", "position": "2693102", "team": "away", "visibility": "visible"}, {"gameTime": "2 - 45:33", "label": "Ball out of play", "position": "2733533", "team": "home", "visibility": "not shown"}, {"gameTime": "2 - 45:42", "label": "Throw-in", "position": "2742009", "team": "not applicable", "visibility": "visible"}, {"gameTime": "2 - 45:45", "label": "Throw-in", "position": "2745768", "team": "home", "visibility": "visible"}], "gameAwayTeam": "Paris SG", "gameDate": "26/09/2015 - 18:30", "gameHomeTeam": "Nantes", "gameScore": "1 - 4"}